--2026-07-11 21:40:51--  https://cindemirlaw.com/
Resolving cindemirlaw.com (cindemirlaw.com)... 162.241.252.122
Connecting to cindemirlaw.com (cindemirlaw.com)|162.241.252.122|:443... connected.
HTTP request sent, awaiting response... 200 OK
Length: unspecified [text/html]
Saving to: ‘/workspace/backups/cindemirlaw.com-20260711-214047/index.html’

     0K .......... .......... .......... .......... ..........  444K
    50K .......... .......... .......... .......... ..........  890K
   100K .......... .......... .......... .......... ..........  130M
   150K .......... .......... .......... .......... ..........  864K
   200K .......... .......... .......... .......... ..........  453M
   250K .......... .......... .......... .......... ..........  887K
   300K .......... .......... .......... .......... .......... 70.2M
   350K .......... .......... .......... .......... ..........  426M
   400K .......... .......... .......... .......... ..........  901K
   450K .......... .......... .......... .......... ..........  447M
   500K .......... .......... .......... .......... ..........  105M
   550K .......... .......... .......... .......... ..........  418M
   600K .......... .......... .......... .......... ..........  400M
   650K                                                        1.08T=0.3s

2026-07-11 21:40:52 (1.87 MB/s) - ‘/workspace/backups/cindemirlaw.com-20260711-214047/index.html’ saved [666195]

Loading robots.txt; please ignore errors.
--2026-07-11 21:40:52--  https://cindemirlaw.com/robots.txt
Reusing existing connection to cindemirlaw.com:443.
HTTP request sent, awaiting response... 200 OK
Length: 247 [text/plain]
Saving to: ‘/workspace/backups/cindemirlaw.com-20260711-214047/robots.txt’

     0K                                                       100%  396M=0s

2026-07-11 21:40:52 (396 MB/s) - ‘/workspace/backups/cindemirlaw.com-20260711-214047/robots.txt’ saved [247/247]

--2026-07-11 21:40:52--  https://cindemirlaw.com/?lang=zh-hans
Reusing existing connection to cindemirlaw.com:443.
HTTP request sent, awaiting response... 200 OK
Length: unspecified [text/html]
Saving to: ‘/workspace/backups/cindemirlaw.com-20260711-214047/index.html?lang=zh-hans.html’

     0K .......... .......... .......... .......... .......... 13.7M
    50K .......... .......... .......... .......... .......... 20.7M
   100K .......... .......... .......... .......... .......... 37.9M
   150K .......... .......... .......... .......... .......... 45.8M
   200K .......... .......... .......... .......... .......... 29.6M
   250K .......... .......... .......... .......... ..........  294M
   300K .......... .......... .......... .......... ..........  448M
   350K .......... .......... .......... .......... ..........  107M
   400K .......... .......... .......... .......... .......... 97.3M
   450K .......... .......... .......... .......... .......... 68.2M
   500K .......... .......... .......... .......... .......... 1.06M
   550K .......... .......... .......... .......... .......... 29.3M
   600K .......... .......... .......... .......... .......... 90.0M
   650K .......... .                                            541M=0.06s

2026-07-11 21:40:52 (10.7 MB/s) - ‘/workspace/backups/cindemirlaw.com-20260711-214047/index.html?lang=zh-hans.html’ saved [677319]

--2026-07-11 21:40:53--  https://cindemirlaw.com/?lang=ru
Reusing existing connection to cindemirlaw.com:443.
HTTP request sent, awaiting response... 200 OK
Length: unspecified [text/html]
Saving to: ‘/workspace/backups/cindemirlaw.com-20260711-214047/index.html?lang=ru.html’

     0K .......... .......... .......... .......... .......... 12.7M
    50K .......... .......... .......... .......... .......... 43.7M
   100K .......... .......... .......... .......... .......... 18.5M
   150K .......... .......... .......... .......... .......... 46.8M
   200K .......... .......... .......... .......... ..........  591M
   250K .......... .......... .......... .......... ..........  132M
   300K .......... .......... .......... .......... ..........  543M
   350K .......... .......... .......... .......... ..........  139M
   400K .......... .......... .......... .......... .......... 46.6M
   450K .......... .......... .......... .......... ..........  537M
   500K .......... .......... .......... .......... ..........  576M
   550K .......... .......... .......... .......... ..........  195M
   600K .......... .......... .......... .......... ..........  573M
   650K .                                                      3.43T=0.01s

2026-07-11 21:40:53 (57.3 MB/s) - ‘/workspace/backups/cindemirlaw.com-20260711-214047/index.html?lang=ru.html’ saved [667487]

--2026-07-11 21:40:53--  https://cindemirlaw.com/wp-content/themes/enfold/images/layout/loading.gif
Reusing existing connection to cindemirlaw.com:443.
HTTP request sent, awaiting response... 200 OK
Length: 2093 (2.0K) [image/gif]
Saving to: ‘/workspace/backups/cindemirlaw.com-20260711-214047/wp-content/themes/enfold/images/layout/loading.gif’

     0K ..                                                    100% 1.79G=0s

2026-07-11 21:40:54 (1.79 GB/s) - ‘/workspace/backups/cindemirlaw.com-20260711-214047/wp-content/themes/enfold/images/layout/loading.gif’ saved [2093/2093]

--2026-07-11 21:40:54--  https://cindemirlaw.com/wp-content/themes/enfold/images/layout/fake_facebook.jpg
Reusing existing connection to cindemirlaw.com:443.
HTTP request sent, awaiting response... 200 OK
Length: 23832 (23K) [image/jpeg]
Saving to: ‘/workspace/backups/cindemirlaw.com-20260711-214047/wp-content/themes/enfold/images/layout/fake_facebook.jpg’

     0K .......... .......... ...                             100%  440M=0s

2026-07-11 21:40:54 (440 MB/s) - ‘/workspace/backups/cindemirlaw.com-20260711-214047/wp-content/themes/enfold/images/layout/fake_facebook.jpg’ saved [23832/23832]

--2026-07-11 21:40:55--  https://cindemirlaw.com/wp-content/uploads/2020/10/540664430.jpg
Reusing existing connection to cindemirlaw.com:443.
HTTP request sent, awaiting response... 200 OK
Length: 97113 (95K) [image/jpeg]
Saving to: ‘/workspace/backups/cindemirlaw.com-20260711-214047/wp-content/uploads/2020/10/540664430.jpg’

     0K .......... .......... .......... .......... .......... 52%  240M 0s
    50K .......... .......... .......... .......... ....      100%  498M=0s

2026-07-11 21:40:55 (318 MB/s) - ‘/workspace/backups/cindemirlaw.com-20260711-214047/wp-content/uploads/2020/10/540664430.jpg’ saved [97113/97113]

--2026-07-11 21:40:55--  https://cindemirlaw.com/wp-content/uploads/2020/06/5295681199059.jpg
Reusing existing connection to cindemirlaw.com:443.
HTTP request sent, awaiting response... 200 OK
Length: 45833 (45K) [image/jpeg]
Saving to: ‘/workspace/backups/cindemirlaw.com-20260711-214047/wp-content/uploads/2020/06/5295681199059.jpg’

     0K .......... .......... .......... .......... ....      100% 88.4M=0s

2026-07-11 21:40:56 (88.4 MB/s) - ‘/workspace/backups/cindemirlaw.com-20260711-214047/wp-content/uploads/2020/06/5295681199059.jpg’ saved [45833/45833]

--2026-07-11 21:40:56--  https://cindemirlaw.com/wp-content/plugins/wpml-cms-nav/res/img/cms-nav-dark-s.gif
Reusing existing connection to cindemirlaw.com:443.
HTTP request sent, awaiting response... 200 OK
Length: 62 [image/gif]
Saving to: ‘/workspace/backups/cindemirlaw.com-20260711-214047/wp-content/plugins/wpml-cms-nav/res/img/cms-nav-dark-s.gif’

     0K                                                       100% 71.2M=0s

2026-07-11 21:40:56 (71.2 MB/s) - ‘/workspace/backups/cindemirlaw.com-20260711-214047/wp-content/plugins/wpml-cms-nav/res/img/cms-nav-dark-s.gif’ saved [62/62]

--2026-07-11 21:40:57--  https://cindemirlaw.com/wp-content/cache/debloat/js/bb1fbc2b3ac223bcd52153761d293537.js
Reusing existing connection to cindemirlaw.com:443.
HTTP request sent, awaiting response... 200 OK
Length: 87553 (86K) [text/javascript]
Saving to: ‘/workspace/backups/cindemirlaw.com-20260711-214047/wp-content/cache/debloat/js/bb1fbc2b3ac223bcd52153761d293537.js’

     0K .......... .......... .......... .......... .......... 58% 85.9M 0s
    50K .......... .......... .......... .....                100%  421M=0.001s

2026-07-11 21:40:57 (128 MB/s) - ‘/workspace/backups/cindemirlaw.com-20260711-214047/wp-content/cache/debloat/js/bb1fbc2b3ac223bcd52153761d293537.js’ saved [87553/87553]

--2026-07-11 21:40:57--  https://cindemirlaw.com/wp-content/uploads/2020/06/cropped-cropped-logoicon-1-1-300x300.jpg
Reusing existing connection to cindemirlaw.com:443.
HTTP request sent, awaiting response... 200 OK
Length: 22692 (22K) [image/jpeg]
Saving to: ‘/workspace/backups/cindemirlaw.com-20260711-214047/wp-content/uploads/2020/06/cropped-cropped-logoicon-1-1-300x300.jpg’

     0K .......... .......... ..                              100%  459M=0s

2026-07-11 21:40:57 (459 MB/s) - ‘/workspace/backups/cindemirlaw.com-20260711-214047/wp-content/uploads/2020/06/cropped-cropped-logoicon-1-1-300x300.jpg’ saved [22692/22692]

--2026-07-11 21:40:58--  https://cindemirlaw.com/feed/
Reusing existing connection to cindemirlaw.com:443.
HTTP request sent, awaiting response... 301 Moved Permanently
Location: https://cindemirlaw.com [following]
--2026-07-11 21:40:59--  https://cindemirlaw.com/
Reusing existing connection to cindemirlaw.com:443.
HTTP request sent, awaiting response... 200 OK
Length: unspecified [text/html]
Saving to: ‘/workspace/backups/cindemirlaw.com-20260711-214047/feed/index.html’

     0K .......... .......... .......... .......... .......... 8.55M
    50K .......... .......... .......... .......... .......... 24.6M
   100K .......... .......... .......... .......... .......... 27.6M
   150K .......... .......... .......... .......... .......... 25.3M
   200K .......... .......... .......... .......... .......... 75.6M
   250K .......... .......... .......... .......... ..........  312M
   300K .......... .......... .......... .......... ..........  181M
   350K .......... .......... .......... .......... .......... 30.7M
   400K .......... .......... .......... .......... ..........  478M
   450K .......... .......... .......... .......... ..........  433M
   500K .......... .......... .......... .......... ..........  569M
   550K .......... .......... .......... .......... ..........  170M
   600K .......... .......... .......... .......... ..........  464M
   650K                                                        1.08T=0.01s

2026-07-11 21:40:59 (43.1 MB/s) - ‘/workspace/backups/cindemirlaw.com-20260711-214047/feed/index.html’ saved [666195]

--2026-07-11 21:41:00--  https://cindemirlaw.com/xmlrpc.php
Reusing existing connection to cindemirlaw.com:443.
HTTP request sent, awaiting response... 405 Method Not Allowed
2026-07-11 21:41:00 ERROR 405: Method Not Allowed.

--2026-07-11 21:41:01--  https://cindemirlaw.com/wp-content/uploads/2020/06/cropped-cropped-logoicon-1-1-32x32.jpg
Reusing existing connection to cindemirlaw.com:443.
HTTP request sent, awaiting response... 200 OK
Length: 1208 (1.2K) [image/jpeg]
Saving to: ‘/workspace/backups/cindemirlaw.com-20260711-214047/wp-content/uploads/2020/06/cropped-cropped-logoicon-1-1-32x32.jpg’

     0K .                                                     100% 1.51G=0s

2026-07-11 21:41:01 (1.51 GB/s) - ‘/workspace/backups/cindemirlaw.com-20260711-214047/wp-content/uploads/2020/06/cropped-cropped-logoicon-1-1-32x32.jpg’ saved [1208/1208]

--2026-07-11 21:41:01--  https://cindemirlaw.com/wp-content/uploads/2020/06/cropped-cropped-logoicon-1-1-192x192.jpg
Reusing existing connection to cindemirlaw.com:443.
HTTP request sent, awaiting response... 200 OK
Length: 11572 (11K) [image/jpeg]
Saving to: ‘/workspace/backups/cindemirlaw.com-20260711-214047/wp-content/uploads/2020/06/cropped-cropped-logoicon-1-1-192x192.jpg’

     0K .......... .                                          100%  289M=0s

2026-07-11 21:41:01 (289 MB/s) - ‘/workspace/backups/cindemirlaw.com-20260711-214047/wp-content/uploads/2020/06/cropped-cropped-logoicon-1-1-192x192.jpg’ saved [11572/11572]

--2026-07-11 21:41:02--  https://cindemirlaw.com/wp-content/uploads/2020/06/cropped-cropped-logoicon-1-1-180x180.jpg
Reusing existing connection to cindemirlaw.com:443.
HTTP request sent, awaiting response... 200 OK
Length: 11064 (11K) [image/jpeg]
Saving to: ‘/workspace/backups/cindemirlaw.com-20260711-214047/wp-content/uploads/2020/06/cropped-cropped-logoicon-1-1-180x180.jpg’

     0K ..........                                            100%  299M=0s

2026-07-11 21:41:02 (299 MB/s) - ‘/workspace/backups/cindemirlaw.com-20260711-214047/wp-content/uploads/2020/06/cropped-cropped-logoicon-1-1-180x180.jpg’ saved [11064/11064]

--2026-07-11 21:41:02--  https://cindemirlaw.com/wp-content/themes/enfold/config-templatebuilder/avia-template-builder/assets/fonts/entypo-fontello-enfold/entypo-fontello-enfold.woff2
Reusing existing connection to cindemirlaw.com:443.
HTTP request sent, awaiting response... 200 OK
Length: 3472 (3.4K) [font/woff2]
Saving to: ‘/workspace/backups/cindemirlaw.com-20260711-214047/wp-content/themes/enfold/config-templatebuilder/avia-template-builder/assets/fonts/entypo-fontello-enfold/entypo-fontello-enfold.woff2’

     0K ...                                                   100% 3.06G=0s

2026-07-11 21:41:02 (3.06 GB/s) - ‘/workspace/backups/cindemirlaw.com-20260711-214047/wp-content/themes/enfold/config-templatebuilder/avia-template-builder/assets/fonts/entypo-fontello-enfold/entypo-fontello-enfold.woff2’ saved [3472/3472]

--2026-07-11 21:41:03--  https://cindemirlaw.com/wp-content/themes/enfold/config-templatebuilder/avia-template-builder/assets/fonts/entypo-fontello-enfold/entypo-fontello-enfold.woff
Reusing existing connection to cindemirlaw.com:443.
HTTP request sent, awaiting response... 200 OK
Length: 4300 (4.2K) [font/woff]
Saving to: ‘/workspace/backups/cindemirlaw.com-20260711-214047/wp-content/themes/enfold/config-templatebuilder/avia-template-builder/assets/fonts/entypo-fontello-enfold/entypo-fontello-enfold.woff’

     0K ....                                                  100% 3.30G=0s

2026-07-11 21:41:03 (3.30 GB/s) - ‘/workspace/backups/cindemirlaw.com-20260711-214047/wp-content/themes/enfold/config-templatebuilder/avia-template-builder/assets/fonts/entypo-fontello-enfold/entypo-fontello-enfold.woff’ saved [4300/4300]

--2026-07-11 21:41:03--  https://cindemirlaw.com/wp-content/themes/enfold/config-templatebuilder/avia-template-builder/assets/fonts/entypo-fontello-enfold/entypo-fontello-enfold.ttf
Reusing existing connection to cindemirlaw.com:443.
HTTP request sent, awaiting response... 200 OK
Length: 7356 (7.2K) [font/ttf]
Saving to: ‘/workspace/backups/cindemirlaw.com-20260711-214047/wp-content/themes/enfold/config-templatebuilder/avia-template-builder/assets/fonts/entypo-fontello-enfold/entypo-fontello-enfold.ttf’

     0K .......                                               100% 6.30G=0s

2026-07-11 21:41:03 (6.30 GB/s) - ‘/workspace/backups/cindemirlaw.com-20260711-214047/wp-content/themes/enfold/config-templatebuilder/avia-template-builder/assets/fonts/entypo-fontello-enfold/entypo-fontello-enfold.ttf’ saved [7356/7356]

--2026-07-11 21:41:04--  https://cindemirlaw.com/wp-content/themes/enfold/config-templatebuilder/avia-template-builder/assets/fonts/entypo-fontello-enfold/entypo-fontello-enfold.svg
Reusing existing connection to cindemirlaw.com:443.
HTTP request sent, awaiting response... 200 OK
Length: 3074 (3.0K) [image/svg+xml]
Saving to: ‘/workspace/backups/cindemirlaw.com-20260711-214047/wp-content/themes/enfold/config-templatebuilder/avia-template-builder/assets/fonts/entypo-fontello-enfold/entypo-fontello-enfold.svg’

     0K ...                                                   100% 3.41G=0s

2026-07-11 21:41:04 (3.41 GB/s) - ‘/workspace/backups/cindemirlaw.com-20260711-214047/wp-content/themes/enfold/config-templatebuilder/avia-template-builder/assets/fonts/entypo-fontello-enfold/entypo-fontello-enfold.svg’ saved [3074/3074]

--2026-07-11 21:41:04--  https://cindemirlaw.com/wp-content/themes/enfold/config-templatebuilder/avia-template-builder/assets/fonts/entypo-fontello-enfold/entypo-fontello-enfold.eot
Reusing existing connection to cindemirlaw.com:443.
HTTP request sent, awaiting response... 200 OK
Length: 7580 (7.4K) [application/vnd.ms-fontobject]
Saving to: ‘/workspace/backups/cindemirlaw.com-20260711-214047/wp-content/themes/enfold/config-templatebuilder/avia-template-builder/assets/fonts/entypo-fontello-enfold/entypo-fontello-enfold.eot’

     0K .......                                               100% 4.21G=0s

2026-07-11 21:41:04 (4.21 GB/s) - ‘/workspace/backups/cindemirlaw.com-20260711-214047/wp-content/themes/enfold/config-templatebuilder/avia-template-builder/assets/fonts/entypo-fontello-enfold/entypo-fontello-enfold.eot’ saved [7580/7580]

--2026-07-11 21:41:05--  https://cindemirlaw.com/wp-content/themes/enfold/config-templatebuilder/avia-template-builder/assets/fonts/entypo-fontello-enfold/entypo-fontello-enfold.eot?
Reusing existing connection to cindemirlaw.com:443.
HTTP request sent, awaiting response... 200 OK
Length: 7580 (7.4K) [application/vnd.ms-fontobject]
Saving to: ‘/workspace/backups/cindemirlaw.com-20260711-214047/wp-content/themes/enfold/config-templatebuilder/avia-template-builder/assets/fonts/entypo-fontello-enfold/entypo-fontello-enfold.eot?’

     0K .......                                               100% 5.60G=0s

2026-07-11 21:41:05 (5.60 GB/s) - ‘/workspace/backups/cindemirlaw.com-20260711-214047/wp-content/themes/enfold/config-templatebuilder/avia-template-builder/assets/fonts/entypo-fontello-enfold/entypo-fontello-enfold.eot?’ saved [7580/7580]

--2026-07-11 21:41:05--  https://cindemirlaw.com/wp-content/themes/enfold/config-templatebuilder/avia-template-builder/assets/fonts/entypo-fontello/entypo-fontello.woff2
Reusing existing connection to cindemirlaw.com:443.
HTTP request sent, awaiting response... 200 OK
Length: 39912 (39K) [font/woff2]
Saving to: ‘/workspace/backups/cindemirlaw.com-20260711-214047/wp-content/themes/enfold/config-templatebuilder/avia-template-builder/assets/fonts/entypo-fontello/entypo-fontello.woff2’

     0K .......... .......... .......... ........             100%  434M=0s

2026-07-11 21:41:05 (434 MB/s) - ‘/workspace/backups/cindemirlaw.com-20260711-214047/wp-content/themes/enfold/config-templatebuilder/avia-template-builder/assets/fonts/entypo-fontello/entypo-fontello.woff2’ saved [39912/39912]

--2026-07-11 21:41:06--  https://cindemirlaw.com/wp-content/themes/enfold/config-templatebuilder/avia-template-builder/assets/fonts/entypo-fontello/entypo-fontello.woff
Reusing existing connection to cindemirlaw.com:443.
HTTP request sent, awaiting response... 200 OK
Length: 48840 (48K) [font/woff]
Saving to: ‘/workspace/backups/cindemirlaw.com-20260711-214047/wp-content/themes/enfold/config-templatebuilder/avia-template-builder/assets/fonts/entypo-fontello/entypo-fontello.woff’

     0K .......... .......... .......... .......... .......   100%  109M=0s

2026-07-11 21:41:06 (109 MB/s) - ‘/workspace/backups/cindemirlaw.com-20260711-214047/wp-content/themes/enfold/config-templatebuilder/avia-template-builder/assets/fonts/entypo-fontello/entypo-fontello.woff’ saved [48840/48840]

--2026-07-11 21:41:07--  https://cindemirlaw.com/wp-content/themes/enfold/config-templatebuilder/avia-template-builder/assets/fonts/entypo-fontello/entypo-fontello.ttf
Reusing existing connection to cindemirlaw.com:443.
HTTP request sent, awaiting response... 200 OK
Length: 78736 (77K) [font/ttf]
Saving to: ‘/workspace/backups/cindemirlaw.com-20260711-214047/wp-content/themes/enfold/config-templatebuilder/avia-template-builder/assets/fonts/entypo-fontello/entypo-fontello.ttf’

     0K .......... .......... .......... .......... .......... 65% 11.3M 0s
    50K .......... .......... ......                          100%  344K=0.08s

2026-07-11 21:41:07 (933 KB/s) - ‘/workspace/backups/cindemirlaw.com-20260711-214047/wp-content/themes/enfold/config-templatebuilder/avia-template-builder/assets/fonts/entypo-fontello/entypo-fontello.ttf’ saved [78736/78736]

--2026-07-11 21:41:08--  https://cindemirlaw.com/wp-content/themes/enfold/config-templatebuilder/avia-template-builder/assets/fonts/entypo-fontello/entypo-fontello.svg
Reusing existing connection to cindemirlaw.com:443.
HTTP request sent, awaiting response... 200 OK
Length: 115002 (112K) [image/svg+xml]
Saving to: ‘/workspace/backups/cindemirlaw.com-20260711-214047/wp-content/themes/enfold/config-templatebuilder/avia-template-builder/assets/fonts/entypo-fontello/entypo-fontello.svg’

     0K .......... .......... .......... .......... .......... 44%  385M 0s
    50K .......... .......... .......... .......... .......... 89%  294M 0s
   100K .......... ..                                         100%  396M=0s

2026-07-11 21:41:08 (340 MB/s) - ‘/workspace/backups/cindemirlaw.com-20260711-214047/wp-content/themes/enfold/config-templatebuilder/avia-template-builder/assets/fonts/entypo-fontello/entypo-fontello.svg’ saved [115002/115002]

--2026-07-11 21:41:08--  https://cindemirlaw.com/wp-content/themes/enfold/config-templatebuilder/avia-template-builder/assets/fonts/entypo-fontello/entypo-fontello.eot
Reusing existing connection to cindemirlaw.com:443.
HTTP request sent, awaiting response... 200 OK
Length: 78932 (77K) [application/vnd.ms-fontobject]
Saving to: ‘/workspace/backups/cindemirlaw.com-20260711-214047/wp-content/themes/enfold/config-templatebuilder/avia-template-builder/assets/fonts/entypo-fontello/entypo-fontello.eot’

     0K .......... .......... .......... .......... .......... 64% 14.0M 0s
    50K .......... .......... .......                         100% 1.80M=0.02s

2026-07-11 21:41:09 (4.13 MB/s) - ‘/workspace/backups/cindemirlaw.com-20260711-214047/wp-content/themes/enfold/config-templatebuilder/avia-template-builder/assets/fonts/entypo-fontello/entypo-fontello.eot’ saved [78932/78932]

--2026-07-11 21:41:09--  https://cindemirlaw.com/wp-content/themes/enfold/config-templatebuilder/avia-template-builder/assets/fonts/entypo-fontello/entypo-fontello.eot?
Reusing existing connection to cindemirlaw.com:443.
HTTP request sent, awaiting response... 200 OK
Length: 78932 (77K) [application/vnd.ms-fontobject]
Saving to: ‘/workspace/backups/cindemirlaw.com-20260711-214047/wp-content/themes/enfold/config-templatebuilder/avia-template-builder/assets/fonts/entypo-fontello/entypo-fontello.eot?’

     0K .......... .......... .......... .......... .......... 64% 12.0M 0s
    50K .......... .......... .......                         100% 2.04M=0.02s

2026-07-11 21:41:09 (4.42 MB/s) - ‘/workspace/backups/cindemirlaw.com-20260711-214047/wp-content/themes/enfold/config-templatebuilder/avia-template-builder/assets/fonts/entypo-fontello/entypo-fontello.eot?’ saved [78932/78932]

--2026-07-11 21:41:10--  https://cindemirlaw.com/wp-content/plugins/sitepress-multilingual-cms/res/flags/en.png
Reusing existing connection to cindemirlaw.com:443.
HTTP request sent, awaiting response... 200 OK
Length: 600 [image/png]
Saving to: ‘/workspace/backups/cindemirlaw.com-20260711-214047/wp-content/plugins/sitepress-multilingual-cms/res/flags/en.png’

     0K                                                       100%  992M=0s

2026-07-11 21:41:10 (992 MB/s) - ‘/workspace/backups/cindemirlaw.com-20260711-214047/wp-content/plugins/sitepress-multilingual-cms/res/flags/en.png’ saved [600/600]

--2026-07-11 21:41:10--  https://cindemirlaw.com/wp-content/uploads/flags/china-flag-xs.png
Reusing existing connection to cindemirlaw.com:443.
HTTP request sent, awaiting response... 200 OK
Length: 184 [image/png]
Saving to: ‘/workspace/backups/cindemirlaw.com-20260711-214047/wp-content/uploads/flags/china-flag-xs.png’

     0K                                                       100%  284M=0s

2026-07-11 21:41:11 (284 MB/s) - ‘/workspace/backups/cindemirlaw.com-20260711-214047/wp-content/uploads/flags/china-flag-xs.png’ saved [184/184]

--2026-07-11 21:41:11--  https://cindemirlaw.com/wp-content/plugins/sitepress-multilingual-cms/res/flags/ru.png
Reusing existing connection to cindemirlaw.com:443.
HTTP request sent, awaiting response... 200 OK
Length: 241 [image/png]
Saving to: ‘/workspace/backups/cindemirlaw.com-20260711-214047/wp-content/plugins/sitepress-multilingual-cms/res/flags/ru.png’

     0K                                                       100%  422M=0s

2026-07-11 21:41:11 (422 MB/s) - ‘/workspace/backups/cindemirlaw.com-20260711-214047/wp-content/plugins/sitepress-multilingual-cms/res/flags/ru.png’ saved [241/241]

--2026-07-11 21:41:12--  https://cindemirlaw.com/wp-content/uploads/2020/06/cropped-logoicon-1-1-300x300.jpg
Reusing existing connection to cindemirlaw.com:443.
HTTP request sent, awaiting response... 200 OK
Length: 23398 (23K) [image/jpeg]
Saving to: ‘/workspace/backups/cindemirlaw.com-20260711-214047/wp-content/uploads/2020/06/cropped-logoicon-1-1-300x300.jpg’

     0K .......... .......... ..                              100%  191M=0s

2026-07-11 21:41:12 (191 MB/s) - ‘/workspace/backups/cindemirlaw.com-20260711-214047/wp-content/uploads/2020/06/cropped-logoicon-1-1-300x300.jpg’ saved [23398/23398]

--2026-07-11 21:41:12--  https://cindemirlaw.com/about-us/
Reusing existing connection to cindemirlaw.com:443.
HTTP request sent, awaiting response... 200 OK
Length: unspecified [text/html]
Saving to: ‘/workspace/backups/cindemirlaw.com-20260711-214047/about-us/index.html’

     0K .......... .......... .......... .......... .......... 14.0M
    50K .......... .......... .......... .......... .......... 2.26M
   100K .......... .......... .......... .......... .......... 2.29M
   150K .......... .......... .......... .......... ..........  438M
   200K .......... .......... .......... .......... .......... 31.0M
   250K .......... .......... .......... .......... .......... 11.4M
   300K .......... .......... .......... .......... .......... 3.15M
   350K .......... .......... .......... .......... ..........  476M
   400K .......... .......... .......... .......... ..........  598M
   450K .......... .......... .......... .......... .......... 80.8M
   500K .......... .......... .......... .......... ..........  454M
   550K .......... .......... .......... .......... .......... 64.3M
   600K .......... .......... .                                88.0M=0.07s

2026-07-11 21:41:13 (8.70 MB/s) - ‘/workspace/backups/cindemirlaw.com-20260711-214047/about-us/index.html’ saved [636139]

--2026-07-11 21:41:13--  https://cindemirlaw.com/who-is-hafiz-huseyin-husnu-efendi/
Reusing existing connection to cindemirlaw.com:443.
HTTP request sent, awaiting response... 200 OK
Length: unspecified [text/html]
Saving to: ‘/workspace/backups/cindemirlaw.com-20260711-214047/who-is-hafiz-huseyin-husnu-efendi/index.html’

     0K .......... .......... .......... .......... .......... 32.0M
    50K .......... .......... .......... .......... .......... 36.2M
   100K .......... .......... .......... .......... .......... 34.8M
   150K .......... .......... .......... .......... .......... 15.6M
   200K .......... .......... .......... .......... .......... 51.0M
   250K .......... .......... .......... .......... .......... 47.8M
   300K .......... .......... .......... .......... .......... 90.8M
   350K .......... .......... .......... .......... ..........  516M
   400K .......... .......... .......... .......... ..........  174M
   450K .......... .......... .......... .......... ..........  138M
   500K .......... .......... .......... .......... ..........  594M
   550K .......... .......... .......... .......... ..........  175M
   600K .......... .......                                      545M=0.01s

2026-07-11 21:41:14 (54.6 MB/s) - ‘/workspace/backups/cindemirlaw.com-20260711-214047/who-is-hafiz-huseyin-husnu-efendi/index.html’ saved [632527]

--2026-07-11 21:41:14--  https://cindemirlaw.com/family-heritage/
Reusing existing connection to cindemirlaw.com:443.
HTTP request sent, awaiting response... 200 OK
Length: unspecified [text/html]
Saving to: ‘/workspace/backups/cindemirlaw.com-20260711-214047/family-heritage/index.html’

     0K .......... .......... .......... .......... .......... 13.3M
    50K .......... .......... .......... .......... .......... 20.5M
   100K .......... .......... .......... .......... ..........  114M
   150K .......... .......... .......... .......... .......... 17.8M
   200K .......... .......... .......... .......... .......... 65.7M
   250K .......... .......... .......... .......... .......... 60.0M
   300K .......... .......... .......... .......... ..........  365M
   350K .......... .......... .......... .......... ..........  236M
   400K .......... .......... .......... .......... .......... 49.2M
   450K .......... .......... .......... .......... ..........  248M
   500K .......... .......... .......... .......... .......... 49.9M
   550K .......... .......... .......... .......... ..........  362M
   600K .......... ........                                     476M=0.01s

2026-07-11 21:41:14 (44.9 MB/s) - ‘/workspace/backups/cindemirlaw.com-20260711-214047/family-heritage/index.html’ saved [633347]

--2026-07-11 21:41:15--  https://cindemirlaw.com/articles/
Reusing existing connection to cindemirlaw.com:443.
HTTP request sent, awaiting response... 200 OK
Length: unspecified [text/html]
Saving to: ‘/workspace/backups/cindemirlaw.com-20260711-214047/articles/index.html’

     0K .......... .......... .......... .......... .......... 13.4M
    50K .......... .......... .......... .......... .......... 20.9M
   100K .......... .......... .......... .......... .......... 36.1M
   150K .......... .......... .......... .......... .......... 3.47M
   200K .......... .......... .......... .......... ..........  471M
   250K .......... .......... .......... .......... ..........  703M
   300K .......... .......... .......... .......... .......... 50.8M
   350K .......... .......... .......... .......... .......... 78.5M
   400K .......... .......... .......... .......... .......... 2.27M
   450K .......... .......... .......... .......... .......... 80.5M
   500K .......... .......... .......... .......... ..........  317M
   550K .......... .......... .......... .......... ..........  441M
   600K .......... .......... .......... .......... ..........  564M
   650K .......... .......... .......... .......... ..........  516M
   700K .......... .......... .......... .......... .......... 39.1M
   750K .......... .......... .......... .......... ..........  313M
   800K .......... .......... .......... .......... ..........  486M
   850K .......... .......... .......... .......... ..........  281M
   900K .......... .......... .......... .......... ..........  542M
   950K .......... .......... .......... .......... ..........  459M
  1000K .......... .......... .......... .......... ..........  552M
  1050K .......... .......... .......... .......... ..........  246M
  1100K .......... .......... .......... .......... ..........  516M
  1150K .......... .......... .......... .......... ..........  484M
  1200K .......... .......... .......... .......... ..........  566M
  1250K .......... .......... .........                         476M=0.05s

2026-07-11 21:41:15 (25.9 MB/s) - ‘/workspace/backups/cindemirlaw.com-20260711-214047/articles/index.html’ saved [1310569]

--2026-07-11 21:41:16--  https://cindemirlaw.com/services/
Reusing existing connection to cindemirlaw.com:443.
HTTP request sent, awaiting response... 200 OK
Length: unspecified [text/html]
Saving to: ‘/workspace/backups/cindemirlaw.com-20260711-214047/services/index.html’

     0K .......... .......... .......... .......... .......... 14.6M
    50K .......... .......... .......... .......... .......... 21.0M
   100K .......... .......... .......... .......... .......... 23.8M
   150K .......... .......... .......... .......... ..........  103M
   200K .......... .......... .......... .......... .......... 24.9M
   250K .......... .......... .......... .......... ..........  457M
   300K .......... .......... .......... .......... ..........  218M
   350K .......... .......... .......... .......... ..........  509M
   400K .......... .......... .......... .......... ..........  563M
   450K .......... .......... .......... .......... .......... 47.8M
   500K .......... .......... .......... .......... ..........  114M
   550K .......... .......... .......... .......... ..........  119M
   600K .......... .......... .......... .......... ..........  461M
   650K .......... .......... .......... .......... ....        494M=0.01s

2026-07-11 21:41:16 (53.3 MB/s) - ‘/workspace/backups/cindemirlaw.com-20260711-214047/services/index.html’ saved [710833]

--2026-07-11 21:41:16--  https://cindemirlaw.com/team/
Reusing existing connection to cindemirlaw.com:443.
HTTP request sent, awaiting response... 200 OK
Length: unspecified [text/html]
Saving to: ‘/workspace/backups/cindemirlaw.com-20260711-214047/team/index.html’

     0K .......... .......... .......... .......... .......... 13.3M
    50K .......... .......... .......... .......... .......... 19.9M
   100K .......... .......... .......... .......... .......... 28.6M
   150K .......... .......... .......... .......... .......... 70.0M
   200K .......... .......... .......... .......... .......... 46.2M
   250K .......... .......... .......... .......... .......... 62.0M
   300K .......... .......... .......... .......... ..........  345M
   350K .......... .......... .......... .......... ..........  268M
   400K .......... .......... .......... .......... .......... 40.1M
   450K .......... .......... .......... .......... ..........  448M
   500K .......... .......... .......... .......... .......... 7.92M
   550K .......... .......... .......... .......... ..........  344M
   600K .......... .......... .......... .......... ..........  441M
   650K ...                                                    6.99T=0.02s

2026-07-11 21:41:17 (34.6 MB/s) - ‘/workspace/backups/cindemirlaw.com-20260711-214047/team/index.html’ saved [669442]

--2026-07-11 21:41:17--  https://cindemirlaw.com/contacts/
Reusing existing connection to cindemirlaw.com:443.
HTTP request sent, awaiting response... 200 OK
Length: unspecified [text/html]
Saving to: ‘/workspace/backups/cindemirlaw.com-20260711-214047/contacts/index.html’

     0K .......... .......... .......... .......... .......... 12.5M
    50K .......... .......... .......... .......... .......... 20.3M
   100K .......... .......... .......... .......... .......... 30.6M
   150K .......... .......... .......... .......... .......... 62.8M
   200K .......... .......... .......... .......... .......... 34.0M
   250K .......... .......... .......... .......... ..........  149M
   300K .......... .......... .......... .......... ..........  127M
   350K .......... .......... .......... .......... .......... 65.5M
   400K .......... .......... .......... .......... ..........  551M
   450K .......... .......... .......... .......... .......... 42.3M
   500K .......... .......... .......... .......... ..........  539M
   550K .......... .......... .......... .......... ..........  258M
   600K .......... ........                                     559M=0.01s

2026-07-11 21:41:17 (46.0 MB/s) - ‘/workspace/backups/cindemirlaw.com-20260711-214047/contacts/index.html’ saved [633646]

--2026-07-11 21:41:17--  https://cindemirlaw.com/finding-a-nominee-director-in-turkey/
Reusing existing connection to cindemirlaw.com:443.
HTTP request sent, awaiting response... 200 OK
Length: unspecified [text/html]
Saving to: ‘/workspace/backups/cindemirlaw.com-20260711-214047/finding-a-nominee-director-in-turkey/index.html’

     0K .......... .......... .......... .......... .......... 15.4M
    50K .......... .......... .......... .......... .......... 17.9M
   100K .......... .......... .......... .......... .......... 25.5M
   150K .......... .......... .......... .......... .......... 21.6M
   200K .......... .......... .......... .......... ..........  405M
   250K .......... .......... .......... .......... ..........  211M
   300K .......... .......... .......... .......... .......... 40.8M
   350K .......... .......... .......... .......... ..........  130M
   400K .......... .......... .......... .......... ..........  486M
   450K .......... .......... .......... .......... .......... 61.4M
   500K .......... .......... .......... .......... ..........  365M
   550K .......... .......... .......... .......... ..........  417M
   600K .......... .......... .......... .......                557M=0.01s

2026-07-11 21:41:18 (47.1 MB/s) - ‘/workspace/backups/cindemirlaw.com-20260711-214047/finding-a-nominee-director-in-turkey/index.html’ saved [652358]

--2026-07-11 21:41:18--  https://cindemirlaw.com/basic-principles-of-turkish-labor-law/
Reusing existing connection to cindemirlaw.com:443.
HTTP request sent, awaiting response... 200 OK
Length: unspecified [text/html]
Saving to: ‘/workspace/backups/cindemirlaw.com-20260711-214047/basic-principles-of-turkish-labor-law/index.html’

     0K .......... .......... .......... .......... .......... 12.1M
    50K .......... .......... .......... .......... .......... 17.6M
   100K .......... .......... .......... .......... .......... 47.6M
   150K .......... .......... .......... .......... .......... 50.2M
   200K .......... .......... .......... .......... .......... 40.4M
   250K .......... .......... .......... .......... ..........  164M
   300K .......... .......... .......... .......... .......... 91.8M
   350K .......... .......... .......... .......... ..........  471M
   400K .......... .......... .......... .......... ..........  174M
   450K .......... .......... .......... .......... .......... 64.2M
   500K .......... .......... .......... .......... .......... 99.9M
   550K .......... .......... .......... .......... ..........  460M
   600K .......... .......... .......... .......... .           153M=0.01s

2026-07-11 21:41:18 (48.8 MB/s) - ‘/workspace/backups/cindemirlaw.com-20260711-214047/basic-principles-of-turkish-labor-law/index.html’ saved [657066]

--2026-07-11 21:41:19--  https://cindemirlaw.com/website-legal-services%e2%80%8b/
Reusing existing connection to cindemirlaw.com:443.
HTTP request sent, awaiting response... 200 OK
Length: unspecified [text/html]
Saving to: ‘/workspace/backups/cindemirlaw.com-20260711-214047/website-legal-services​/index.html’

     0K .......... .......... .......... .......... .......... 29.9M
    50K .......... .......... .......... .......... .......... 47.6M
   100K .......... .......... .......... .......... .......... 38.6M
   150K .......... .......... .......... .......... .......... 53.3M
   200K .......... .......... .......... .......... .......... 42.5M
   250K .......... .......... .......... .......... .......... 2.21M
   300K .......... .......... .......... .......... ..........  214M
   350K .......... .......... .......... .......... ..........  424M
   400K .......... .......... .......... .......... .......... 59.1M
   450K .......... .......... .......... .......... ..........  179M
   500K .......... .......... .......... .......... .......... 16.7M
   550K .......... .......... .......... .......... ..........  270M
   600K .......... .......... .......... ..........             678M=0.03s

2026-07-11 21:41:19 (19.1 MB/s) - ‘/workspace/backups/cindemirlaw.com-20260711-214047/website-legal-services​/index.html’ saved [656268]

--2026-07-11 21:41:20--  https://cindemirlaw.com/legal-services-for-digital-asset-businesses/
Reusing existing connection to cindemirlaw.com:443.
HTTP request sent, awaiting response... 200 OK
Length: unspecified [text/html]
Saving to: ‘/workspace/backups/cindemirlaw.com-20260711-214047/legal-services-for-digital-asset-businesses/index.html’

     0K .......... .......... .......... .......... .......... 13.3M
    50K .......... .......... .......... .......... .......... 33.8M
   100K .......... .......... .......... .......... .......... 24.8M
   150K .......... .......... .......... .......... .......... 23.0M
   200K .......... .......... .......... .......... .......... 29.2M
   250K .......... .......... .......... .......... .......... 69.2M
   300K .......... .......... .......... .......... ..........  128M
   350K .......... .......... .......... .......... ..........  113M
   400K .......... .......... .......... .......... .......... 64.1M
   450K .......... .......... .......... .......... ..........  158M
   500K .......... .......... .......... .......... ..........  487M
   550K .......... .......... .......... .......... ..........  141M
   600K .......... .......... .......                           600M=0.01s

2026-07-11 21:41:20 (43.9 MB/s) - ‘/workspace/backups/cindemirlaw.com-20260711-214047/legal-services-for-digital-asset-businesses/index.html’ saved [642928]

--2026-07-11 21:41:20--  https://cindemirlaw.com/software-account-services/
Reusing existing connection to cindemirlaw.com:443.
HTTP request sent, awaiting response... 200 OK
Length: unspecified [text/html]
Saving to: ‘/workspace/backups/cindemirlaw.com-20260711-214047/software-account-services/index.html’

     0K .......... .......... .......... .......... .......... 12.4M
    50K .......... .......... .......... .......... .......... 24.2M
   100K .......... .......... .......... .......... .......... 26.1M
   150K .......... .......... .......... .......... .......... 77.2M
   200K .......... .......... .......... .......... .......... 44.4M
   250K .......... .......... .......... .......... ..........  138M
   300K .......... .......... .......... .......... ..........  156M
   350K .......... .......... .......... .......... .......... 81.4M
   400K .......... .......... .......... .......... .......... 59.8M
   450K .......... .......... .......... .......... ..........  169M
   500K .......... .......... .......... .......... ..........  500M
   550K .......... .......... .......... .......... ..........  373M
   600K .......... .......... .......... .                     72.0M=0.01s

2026-07-11 21:41:20 (49.0 MB/s) - ‘/workspace/backups/cindemirlaw.com-20260711-214047/software-account-services/index.html’ saved [646158]

--2026-07-11 21:41:21--  https://cindemirlaw.com/transferring-a-tiktok-account-with-escrow/
Reusing existing connection to cindemirlaw.com:443.
HTTP request sent, awaiting response... 200 OK
Length: unspecified [text/html]
Saving to: ‘/workspace/backups/cindemirlaw.com-20260711-214047/transferring-a-tiktok-account-with-escrow/index.html’

     0K .......... .......... .......... .......... .......... 13.6M
    50K .......... .......... .......... .......... .......... 24.5M
   100K .......... .......... .......... .......... .......... 27.1M
   150K .......... .......... .......... .......... .......... 69.6M
   200K .......... .......... .......... .......... .......... 37.4M
   250K .......... .......... .......... .......... ..........  247M
   300K .......... .......... .......... .......... ..........  174M
   350K .......... .......... .......... .......... ..........  119M
   400K .......... .......... .......... .......... ..........  230M
   450K .......... .......... .......... .......... .......... 71.1M
   500K .......... .......... .......... .......... .......... 92.0M
   550K .......... .......... .......... .......... ..........  242M
   600K .......... .......... .......... ...                    364M=0.01s

2026-07-11 21:41:21 (51.6 MB/s) - ‘/workspace/backups/cindemirlaw.com-20260711-214047/transferring-a-tiktok-account-with-escrow/index.html’ saved [648835]

--2026-07-11 21:41:21--  https://cindemirlaw.com/escrow-account-turkey/
Reusing existing connection to cindemirlaw.com:443.
HTTP request sent, awaiting response... 200 OK
Length: unspecified [text/html]
Saving to: ‘/workspace/backups/cindemirlaw.com-20260711-214047/escrow-account-turkey/index.html’

     0K .......... .......... .......... .......... .......... 13.0M
    50K .......... .......... .......... .......... .......... 27.5M
   100K .......... .......... .......... .......... .......... 23.7M
   150K .......... .......... .......... .......... .......... 52.1M
   200K .......... .......... .......... .......... .......... 59.2M
   250K .......... .......... .......... .......... ..........  180M
   300K .......... .......... .......... .......... ..........  124M
   350K .......... .......... .......... .......... ..........  158M
   400K .......... .......... .......... .......... ..........  541M
   450K .......... .......... .......... .......... .......... 42.0M
   500K .......... .......... .......... .......... ..........  131M
   550K .......... .......... .......... .......... ..........  496M
   600K .......... .......... .......... ........               241M=0.01s

2026-07-11 21:41:22 (51.0 MB/s) - ‘/workspace/backups/cindemirlaw.com-20260711-214047/escrow-account-turkey/index.html’ saved [653352]

--2026-07-11 21:41:22--  https://cindemirlaw.com/understanding-the-role-and-responsibilities-of-a-commercial-agent/
Reusing existing connection to cindemirlaw.com:443.
HTTP request sent, awaiting response... 200 OK
Length: unspecified [text/html]
Saving to: ‘/workspace/backups/cindemirlaw.com-20260711-214047/understanding-the-role-and-responsibilities-of-a-commercial-agent/index.html’

     0K .......... .......... .......... .......... .......... 11.9M
    50K .......... .......... .......... .......... .......... 21.5M
   100K .......... .......... .......... .......... .......... 21.3M
   150K .......... .......... .......... .......... .......... 29.9M
   200K .......... .......... .......... .......... .......... 73.7M
   250K .......... .......... .......... .......... ..........  113M
   300K .......... .......... .......... .......... .......... 66.7M
   350K .......... .......... .......... .......... .......... 66.4M
   400K .......... .......... .......... .......... ..........  403M
   450K .......... .......... .......... .......... ..........  189M
   500K .......... .......... .......... .......... ..........  230M
   550K .......... .......... .......... .......... .......... 87.8M
   600K .......... .......... .......... .......... ..........  607M
   650K                                                         741G=0.01s

2026-07-11 21:41:22 (45.1 MB/s) - ‘/workspace/backups/cindemirlaw.com-20260711-214047/understanding-the-role-and-responsibilities-of-a-commercial-agent/index.html’ saved [665998]

--2026-07-11 21:41:23--  https://cindemirlaw.com/unfair-competition-in-turkey-understanding-the-issues-and-finding-solutions/
Reusing existing connection to cindemirlaw.com:443.
HTTP request sent, awaiting response... 200 OK
Length: unspecified [text/html]
Saving to: ‘/workspace/backups/cindemirlaw.com-20260711-214047/unfair-competition-in-turkey-understanding-the-issues-and-finding-solutions/index.html’

     0K .......... .......... .......... .......... .......... 21.4M
    50K .......... .......... .......... .......... .......... 67.8M
   100K .......... .......... .......... .......... .......... 36.1M
   150K .......... .......... .......... .......... .......... 21.7M
   200K .......... .......... .......... .......... .......... 49.5M
   250K .......... .......... .......... .......... ..........  139M
   300K .......... .......... .......... .......... ..........  714M
   350K .......... .......... .......... .......... .......... 48.6M
   400K .......... .......... .......... .......... ..........  546M
   450K .......... .......... .......... .......... ..........  629M
   500K .......... .......... .......... .......... ..........  606M
   550K .......... .......... .......... .......... ..........  513M
   600K .......... .......... .......... ........              53.7M=0.01s

2026-07-11 21:41:23 (62.0 MB/s) - ‘/workspace/backups/cindemirlaw.com-20260711-214047/unfair-competition-in-turkey-understanding-the-issues-and-finding-solutions/index.html’ saved [653530]

--2026-07-11 21:41:24--  https://cindemirlaw.com/insurance-arbitration-and-compensation-claims-regarding-car-accidents-in-turkey/
Reusing existing connection to cindemirlaw.com:443.
HTTP request sent, awaiting response... 200 OK
Length: unspecified [text/html]
Saving to: ‘/workspace/backups/cindemirlaw.com-20260711-214047/insurance-arbitration-and-compensation-claims-regarding-car-accidents-in-turkey/index.html’

     0K .......... .......... .......... .......... .......... 9.97M
    50K .......... .......... .......... .......... .......... 7.69M
   100K .......... .......... .......... .......... .......... 14.9M
   150K .......... .......... .......... .......... .......... 15.2M
   200K .......... .......... .......... .......... ..........  142M
   250K .......... .......... .......... .......... .......... 7.98M
   300K .......... .......... .......... .......... ..........  513M
   350K .......... .......... .......... .......... ..........  211M
   400K .......... .......... .......... .......... ..........  409M
   450K .......... .......... .......... .......... .......... 23.0M
   500K .......... .......... .......... .......... ..........  119M
   550K .......... .......... .......... .......... ..........  425M
   600K .......... .......... .......... .........              671M=0.03s

2026-07-11 21:41:24 (22.8 MB/s) - ‘/workspace/backups/cindemirlaw.com-20260711-214047/insurance-arbitration-and-compensation-claims-regarding-car-accidents-in-turkey/index.html’ saved [655052]

--2026-07-11 21:41:24--  https://cindemirlaw.com/principle-of-family-unity-deportation-procedures-and-protection-of-family-unity-for-deportees/
Reusing existing connection to cindemirlaw.com:443.
HTTP request sent, awaiting response... 200 OK
Length: unspecified [text/html]
Saving to: ‘/workspace/backups/cindemirlaw.com-20260711-214047/principle-of-family-unity-deportation-procedures-and-protection-of-family-unity-for-deportees/index.html’

     0K .......... .......... .......... .......... .......... 13.2M
    50K .......... .......... .......... .......... .......... 21.2M
   100K .......... .......... .......... .......... .......... 17.0M
   150K .......... .......... .......... .......... .......... 12.8M
   200K .......... .......... .......... .......... ..........  318M
   250K .......... .......... .......... .......... .......... 25.5M
   300K .......... .......... .......... .......... ..........  394M
   350K .......... .......... .......... .......... ..........  101M
   400K .......... .......... .......... .......... ..........  245M
   450K .......... .......... .......... .......... ..........  143M
   500K .......... .......... .......... .......... ..........  318M
   550K .......... .......... .......... .......... .......... 44.5M
   600K .......... .......... .......... .........              366M=0.02s

2026-07-11 21:41:24 (36.2 MB/s) - ‘/workspace/backups/cindemirlaw.com-20260711-214047/principle-of-family-unity-deportation-procedures-and-protection-of-family-unity-for-deportees/index.html’ saved [654835]

--2026-07-11 21:41:25--  https://cindemirlaw.com/tort-law-in-turkey/
Reusing existing connection to cindemirlaw.com:443.
HTTP request sent, awaiting response... 200 OK
Length: unspecified [text/html]
Saving to: ‘/workspace/backups/cindemirlaw.com-20260711-214047/tort-law-in-turkey/index.html’

     0K .......... .......... .......... .......... .......... 21.6M
    50K .......... .......... .......... .......... .......... 46.5M
   100K .......... .......... .......... .......... .......... 15.9M
   150K .......... .......... .......... .......... .......... 23.9M
   200K .......... .......... .......... .......... .......... 25.3M
   250K .......... .......... .......... .......... .......... 56.0M
   300K .......... .......... .......... .......... .......... 77.5M
   350K .......... .......... .......... .......... .......... 85.2M
   400K .......... .......... .......... .......... ..........  181M
   450K .......... .......... .......... .......... ..........  124M
   500K .......... .......... .......... .......... .......... 91.4M
   550K .......... .......... .......... .......... ..........  148M
   600K .......... .......... .......... ..........             360M=0.01s

2026-07-11 21:41:25 (44.5 MB/s) - ‘/workspace/backups/cindemirlaw.com-20260711-214047/tort-law-in-turkey/index.html’ saved [655947]

--2026-07-11 21:41:26--  https://cindemirlaw.com/some-notes-about-opening-a-bank-account-for-a-foreign-company-in-turkey/
Reusing existing connection to cindemirlaw.com:443.
HTTP request sent, awaiting response... 200 OK
Length: unspecified [text/html]
Saving to: ‘/workspace/backups/cindemirlaw.com-20260711-214047/some-notes-about-opening-a-bank-account-for-a-foreign-company-in-turkey/index.html’

     0K .......... .......... .......... .......... .......... 11.4M
    50K .......... .......... .......... .......... .......... 34.9M
   100K .......... .......... .......... .......... .......... 52.1M
   150K .......... .......... .......... .......... .......... 27.8M
   200K .......... .......... .......... .......... .......... 31.0M
   250K .......... .......... .......... .......... ..........  153M
   300K .......... .......... .......... .......... ..........  263M
   350K .......... .......... .......... .......... .......... 75.6M
   400K .......... .......... .......... .......... ..........  324M
   450K .......... .......... .......... .......... .......... 51.6M
   500K .......... .......... .......... .......... ..........  169M
   550K .......... .......... .......... .......... ..........  353M
   600K .......... .......... .......... ......                 377M=0.01s

2026-07-11 21:41:26 (48.8 MB/s) - ‘/workspace/backups/cindemirlaw.com-20260711-214047/some-notes-about-opening-a-bank-account-for-a-foreign-company-in-turkey/index.html’ saved [651549]

--2026-07-11 21:41:26--  https://cindemirlaw.com/turkish-lawyer-online-consultancy/
Reusing existing connection to cindemirlaw.com:443.
HTTP request sent, awaiting response... 200 OK
Length: unspecified [text/html]
Saving to: ‘/workspace/backups/cindemirlaw.com-20260711-214047/turkish-lawyer-online-consultancy/index.html’

     0K .......... .......... .......... .......... .......... 12.1M
    50K .......... .......... .......... .......... .......... 54.3M
   100K .......... .......... .......... .......... .......... 20.7M
   150K .......... .......... .......... .......... ..........  447M
   200K .......... .......... .......... .......... .......... 30.2M
   250K .......... .......... .......... .......... .......... 59.5M
   300K .......... .......... .......... .......... ..........  525M
   350K .......... .......... .......... .......... ..........  439M
   400K .......... .......... .......... .......... ..........  553M
   450K .......... .......... .......... .......... ..........  116M
   500K .......... .......... .......... .......... ..........  551M
   550K .......... .......... .......... .......... ..........  395M
   600K .......... .......... .......... ......                 485M=0.01s

2026-07-11 21:41:27 (57.4 MB/s) - ‘/workspace/backups/cindemirlaw.com-20260711-214047/turkish-lawyer-online-consultancy/index.html’ saved [651755]

--2026-07-11 21:41:27--  https://cindemirlaw.com/opening-a-company-in-turkey-for-foreigners/
Reusing existing connection to cindemirlaw.com:443.
HTTP request sent, awaiting response... 200 OK
Length: unspecified [text/html]
Saving to: ‘/workspace/backups/cindemirlaw.com-20260711-214047/opening-a-company-in-turkey-for-foreigners/index.html’

     0K .......... .......... .......... .......... .......... 13.0M
    50K .......... .......... .......... .......... .......... 23.4M
   100K .......... .......... .......... .......... .......... 25.3M
   150K .......... .......... .......... .......... .......... 46.0M
   200K .......... .......... .......... .......... ..........  128M
   250K .......... .......... .......... .......... .......... 13.8M
   300K .......... .......... .......... .......... .......... 96.6M
   350K .......... .......... .......... .......... ..........  444M
   400K .......... .......... .......... .......... ..........  691M
   450K .......... .......... .......... .......... ..........  234M
   500K .......... .......... .......... .......... .......... 13.3M
   550K .......... .......... .......... .......... ..........  508M
   600K .......... .......... .......... ..                     452M=0.02s

2026-07-11 21:41:27 (35.4 MB/s) - ‘/workspace/backups/cindemirlaw.com-20260711-214047/opening-a-company-in-turkey-for-foreigners/index.html’ saved [647412]

--2026-07-11 21:41:28--  https://cindemirlaw.com/getting-criminal-record-in-turkey/
Reusing existing connection to cindemirlaw.com:443.
HTTP request sent, awaiting response... 200 OK
Length: unspecified [text/html]
Saving to: ‘/workspace/backups/cindemirlaw.com-20260711-214047/getting-criminal-record-in-turkey/index.html’

     0K .......... .......... .......... .......... .......... 14.1M
    50K .......... .......... .......... .......... .......... 25.6M
   100K .......... .......... .......... .......... .......... 25.0M
   150K .......... .......... .......... .......... .......... 89.0M
   200K .......... .......... .......... .......... ..........  148M
   250K .......... .......... .......... .......... .......... 40.9M
   300K .......... .......... .......... .......... ..........  471M
   350K .......... .......... .......... .......... ..........  179M
   400K .......... .......... .......... .......... ..........  561M
   450K .......... .......... .......... .......... .......... 66.7M
   500K .......... .......... .......... .......... ..........  147M
   550K .......... .......... .......... .......... ..........  102M
   600K .......... .......... .......... .........              518M=0.01s

2026-07-11 21:41:28 (54.4 MB/s) - ‘/workspace/backups/cindemirlaw.com-20260711-214047/getting-criminal-record-in-turkey/index.html’ saved [654372]

--2026-07-11 21:41:28--  https://cindemirlaw.com/humanitarian-residence-permit-application-in-turkey/
Reusing existing connection to cindemirlaw.com:443.
HTTP request sent, awaiting response... 200 OK
Length: unspecified [text/html]
Saving to: ‘/workspace/backups/cindemirlaw.com-20260711-214047/humanitarian-residence-permit-application-in-turkey/index.html’

     0K .......... .......... .......... .......... .......... 10.1M
    50K .......... .......... .......... .......... ..........  151M
   100K .......... .......... .......... .......... .......... 54.5M
   150K .......... .......... .......... .......... .......... 50.2M
   200K .......... .......... .......... .......... ..........  121M
   250K .......... .......... .......... .......... ..........  515M
   300K .......... .......... .......... .......... .......... 34.7M
   350K .......... .......... .......... .......... ..........  555M
   400K .......... .......... .......... .......... ..........  524M
   450K .......... .......... .......... .......... ..........  536M
   500K .......... .......... .......... .......... ..........  606M
   550K .......... .......... .......... .......... ..........  461M
   600K .......... .......... .........                         579M=0.009s

2026-07-11 21:41:29 (65.1 MB/s) - ‘/workspace/backups/cindemirlaw.com-20260711-214047/humanitarian-residence-permit-application-in-turkey/index.html’ saved [644277]

--2026-07-11 21:41:29--  https://cindemirlaw.com/wp-content/cache/debloat/js/d373f3bb895643def11fdc2f1a428545.js
Reusing existing connection to cindemirlaw.com:443.
HTTP request sent, awaiting response... 200 OK
Length: 7890 (7.7K) [text/javascript]
Saving to: ‘/workspace/backups/cindemirlaw.com-20260711-214047/wp-content/cache/debloat/js/d373f3bb895643def11fdc2f1a428545.js’

     0K .......                                               100%  242M=0s

2026-07-11 21:41:29 (242 MB/s) - ‘/workspace/backups/cindemirlaw.com-20260711-214047/wp-content/cache/debloat/js/d373f3bb895643def11fdc2f1a428545.js’ saved [7890/7890]

--2026-07-11 21:41:30--  https://cindemirlaw.com/wp-content/cache/debloat/js/0f6f5ecb7725572edb50da9e949fadda.js
Reusing existing connection to cindemirlaw.com:443.
HTTP request sent, awaiting response... 200 OK
Length: 287586 (281K) [text/javascript]
Saving to: ‘/workspace/backups/cindemirlaw.com-20260711-214047/wp-content/cache/debloat/js/0f6f5ecb7725572edb50da9e949fadda.js’

     0K .......... .......... .......... .......... .......... 17%  342M 0s
    50K .......... .......... .......... .......... .......... 35% 81.9M 0s
   100K .......... .......... .......... .......... .......... 53%  307M 0s
   150K .......... .......... .......... .......... .......... 71%  648M 0s
   200K .......... .......... .......... .......... .......... 89%  504M 0s
   250K .......... .......... ..........                      100%  629M=0.001s

2026-07-11 21:41:30 (245 MB/s) - ‘/workspace/backups/cindemirlaw.com-20260711-214047/wp-content/cache/debloat/js/0f6f5ecb7725572edb50da9e949fadda.js’ saved [287586/287586]

--2026-07-11 21:41:30--  https://cindemirlaw.com/wp-content/plugins/debloat/inc/delay-load/js/delay-load.min.js?ver=1.3.0
Reusing existing connection to cindemirlaw.com:443.
HTTP request sent, awaiting response... 200 OK
Length: 3299 (3.2K) [text/javascript]
Saving to: ‘/workspace/backups/cindemirlaw.com-20260711-214047/wp-content/plugins/debloat/inc/delay-load/js/delay-load.min.js?ver=1.3.0’

     0K ...                                                   100% 2.57G=0s

2026-07-11 21:41:30 (2.57 GB/s) - ‘/workspace/backups/cindemirlaw.com-20260711-214047/wp-content/plugins/debloat/inc/delay-load/js/delay-load.min.js?ver=1.3.0’ saved [3299/3299]

--2026-07-11 21:41:31--  https://cindemirlaw.com/wp-content/uploads/2020/06/540664430.jpg
Reusing existing connection to cindemirlaw.com:443.
HTTP request sent, awaiting response... 200 OK
Length: 67158 (66K) [image/jpeg]
Saving to: ‘/workspace/backups/cindemirlaw.com-20260711-214047/wp-content/uploads/2020/06/540664430.jpg’

     0K .......... .......... .......... .......... .......... 76%  280M 0s
    50K .......... .....                                      100%  413M=0s

2026-07-11 21:41:31 (303 MB/s) - ‘/workspace/backups/cindemirlaw.com-20260711-214047/wp-content/uploads/2020/06/540664430.jpg’ saved [67158/67158]

--2026-07-11 21:41:31--  https://cindemirlaw.com/wp-content/cache/debloat/js/52cfc7c025d5d6e450402891822f93ef.js
Reusing existing connection to cindemirlaw.com:443.
HTTP request sent, awaiting response... 200 OK
Length: 409 [text/javascript]
Saving to: ‘/workspace/backups/cindemirlaw.com-20260711-214047/wp-content/cache/debloat/js/52cfc7c025d5d6e450402891822f93ef.js’

     0K                                                       100%  542M=0s

2026-07-11 21:41:31 (542 MB/s) - ‘/workspace/backups/cindemirlaw.com-20260711-214047/wp-content/cache/debloat/js/52cfc7c025d5d6e450402891822f93ef.js’ saved [409/409]

--2026-07-11 21:41:32--  https://cindemirlaw.com/wp-content/cache/debloat/js/f395d15cb8d6e02076e76ca7d31a5d34.js
Reusing existing connection to cindemirlaw.com:443.
HTTP request sent, awaiting response... 200 OK
Length: 1964 (1.9K) [text/javascript]
Saving to: ‘/workspace/backups/cindemirlaw.com-20260711-214047/wp-content/cache/debloat/js/f395d15cb8d6e02076e76ca7d31a5d34.js’

     0K .                                                     100% 2.08G=0s

2026-07-11 21:41:32 (2.08 GB/s) - ‘/workspace/backups/cindemirlaw.com-20260711-214047/wp-content/cache/debloat/js/f395d15cb8d6e02076e76ca7d31a5d34.js’ saved [1964/1964]

--2026-07-11 21:41:32--  https://cindemirlaw.com/feed/?lang=zh-hans
Reusing existing connection to cindemirlaw.com:443.
HTTP request sent, awaiting response... 301 Moved Permanently
Location: https://cindemirlaw.com/?lang=zh-hans [following]
--2026-07-11 21:41:33--  https://cindemirlaw.com/?lang=zh-hans
Reusing existing connection to cindemirlaw.com:443.
HTTP request sent, awaiting response... 200 OK
Length: unspecified [text/html]
Saving to: ‘/workspace/backups/cindemirlaw.com-20260711-214047/feed/index.html?lang=zh-hans.html’

     0K .......... .......... .......... .......... .......... 26.8M
    50K .......... .......... .......... .......... .......... 23.5M
   100K .......... .......... .......... .......... ..........  288M
   150K .......... .......... .......... .......... .......... 22.7M
   200K .......... .......... .......... .......... .......... 25.8M
   250K .......... .......... .......... .......... ..........  284M
   300K .......... .......... .......... .......... ..........  703M
   350K .......... .......... .......... .......... .......... 43.1M
   400K .......... .......... .......... .......... ..........  500M
   450K .......... .......... .......... .......... .......... 68.6M
   500K .......... .......... .......... .......... ..........  198M
   550K .......... .......... .......... .......... ..........  444M
   600K .......... .......... .......... .......... ..........  543M
   650K .......... .                                            631M=0.01s

2026-07-11 21:41:33 (60.0 MB/s) - ‘/workspace/backups/cindemirlaw.com-20260711-214047/feed/index.html?lang=zh-hans.html’ saved [677319]

--2026-07-11 21:41:34--  https://cindemirlaw.com/wp-content/themes/enfold/images/layout/logo.png
Reusing existing connection to cindemirlaw.com:443.
HTTP request sent, awaiting response... 200 OK
Length: 3487 (3.4K) [image/png]
Saving to: ‘/workspace/backups/cindemirlaw.com-20260711-214047/wp-content/themes/enfold/images/layout/logo.png’

     0K ...                                                   100% 3.35G=0s

2026-07-11 21:41:34 (3.35 GB/s) - ‘/workspace/backups/cindemirlaw.com-20260711-214047/wp-content/themes/enfold/images/layout/logo.png’ saved [3487/3487]

--2026-07-11 21:41:34--  https://cindemirlaw.com/about-us/?lang=zh-hans
Reusing existing connection to cindemirlaw.com:443.
HTTP request sent, awaiting response... 200 OK
Length: unspecified [text/html]
Saving to: ‘/workspace/backups/cindemirlaw.com-20260711-214047/about-us/index.html?lang=zh-hans.html’

     0K .......... .......... .......... .......... .......... 13.9M
    50K .......... .......... .......... .......... .......... 19.2M
   100K .......... .......... .......... .......... .......... 23.6M
   150K .......... .......... .......... .......... .......... 27.8M
   200K .......... .......... .......... .......... ..........  170M
   250K .......... .......... .......... .......... ..........  176M
   300K .......... .......... .......... .......... .......... 32.2M
   350K .......... .......... .......... .......... .......... 86.3M
   400K .......... .......... .......... .......... ..........  487M
   450K .......... .......... .......... .......... ..........  381M
   500K .......... .......... .......... .......... ..........  452M
   550K .......... .......... .......... .......... ..........  398M
   600K .......... ...                                          625M=0.01s

2026-07-11 21:41:35 (46.1 MB/s) - ‘/workspace/backups/cindemirlaw.com-20260711-214047/about-us/index.html?lang=zh-hans.html’ saved [628249]

--2026-07-11 21:41:35--  https://cindemirlaw.com/articles/?lang=zh-hans
Reusing existing connection to cindemirlaw.com:443.
HTTP request sent, awaiting response... 200 OK
Length: unspecified [text/html]
Saving to: ‘/workspace/backups/cindemirlaw.com-20260711-214047/articles/index.html?lang=zh-hans.html’

     0K .......... .......... .......... .......... .......... 12.3M
    50K .......... .......... .......... .......... .......... 19.2M
   100K .......... .......... .......... .......... .......... 31.0M
   150K .......... .......... .......... .......... .......... 1.14M
   200K .......... .......... .......... .......... ..........  300M
   250K .......... .......... .......... .......... ..........  221M
   300K .......... .......... .......... .......... .......... 40.6M
   350K .......... .......... .......... .......... .......... 78.9M
   400K .......... .......... .......... .......... ..........  569M
   450K .......... .......... .......... .......... ..........  151M
   500K .......... .......... .......... .......... ..........  432M
   550K .......... .......... .......... .......... .......... 51.3M
   600K .......... ..                                          23.8M=0.06s

2026-07-11 21:41:35 (10.8 MB/s) - ‘/workspace/backups/cindemirlaw.com-20260711-214047/articles/index.html?lang=zh-hans.html’ saved [626725]

--2026-07-11 21:41:36--  https://cindemirlaw.com/services/?lang=zh-hans
Reusing existing connection to cindemirlaw.com:443.
HTTP request sent, awaiting response... 200 OK
Length: unspecified [text/html]
Saving to: ‘/workspace/backups/cindemirlaw.com-20260711-214047/services/index.html?lang=zh-hans.html’

     0K .......... .......... .......... .......... .......... 12.9M
    50K .......... .......... .......... .......... .......... 21.3M
   100K .......... .......... .......... .......... .......... 4.00M
   150K .......... .......... .......... .......... ..........  300M
   200K .......... .......... .......... .......... .......... 23.8M
   250K .......... .......... .......... .......... ..........  166M
   300K .......... .......... .......... .......... .......... 8.97M
   350K .......... .......... .......... .......... ..........  560M
   400K .......... .......... .......... .......... ..........  178M
   450K .......... .......... .......... .......... ..........  450M
   500K .......... .......... .......... .......... .......... 9.79M
   550K .......... .......... .......... .......... ..........  392M
   600K .......... .......... ........                         69.5M=0.03s

2026-07-11 21:41:36 (19.1 MB/s) - ‘/workspace/backups/cindemirlaw.com-20260711-214047/services/index.html?lang=zh-hans.html’ saved [643960]

--2026-07-11 21:41:36--  https://cindemirlaw.com/team/?lang=zh-hans
Reusing existing connection to cindemirlaw.com:443.
HTTP request sent, awaiting response... 200 OK
Length: unspecified [text/html]
Saving to: ‘/workspace/backups/cindemirlaw.com-20260711-214047/team/index.html?lang=zh-hans.html’

     0K .......... .......... .......... .......... .......... 13.5M
    50K .......... .......... .......... .......... .......... 23.8M
   100K .......... .......... .......... .......... .......... 28.9M
   150K .......... .......... .......... .......... .......... 57.4M
   200K .......... .......... .......... .......... .......... 42.1M
   250K .......... .......... .......... .......... ..........  280M
   300K .......... .......... .......... .......... .......... 60.8M
   350K .......... .......... .......... .......... ..........  414M
   400K .......... .......... .......... .......... .......... 98.2M
   450K .......... .......... .......... .......... .......... 49.0M
   500K .......... .......... .......... .......... ..........  610M
   550K .......... .......... .......... .......... ..........  490M
   600K .......... .......... ......                            569M=0.01s

2026-07-11 21:41:36 (50.2 MB/s) - ‘/workspace/backups/cindemirlaw.com-20260711-214047/team/index.html?lang=zh-hans.html’ saved [641672]

--2026-07-11 21:41:37--  https://cindemirlaw.com/wp-content/uploads/2020/06/5295681199059-300x135.jpg
Reusing existing connection to cindemirlaw.com:443.
HTTP request sent, awaiting response... 200 OK
Length: 30828 (30K) [image/jpeg]
Saving to: ‘/workspace/backups/cindemirlaw.com-20260711-214047/wp-content/uploads/2020/06/5295681199059-300x135.jpg’

     0K .......... .......... ..........                      100%  420M=0s

2026-07-11 21:41:37 (420 MB/s) - ‘/workspace/backups/cindemirlaw.com-20260711-214047/wp-content/uploads/2020/06/5295681199059-300x135.jpg’ saved [30828/30828]

--2026-07-11 21:41:38--  https://cindemirlaw.com/wp-content/uploads/2020/06/5295681199059-768x346.jpg
Reusing existing connection to cindemirlaw.com:443.
HTTP request sent, awaiting response... 200 OK
Length: 150797 (147K) [image/jpeg]
Saving to: ‘/workspace/backups/cindemirlaw.com-20260711-214047/wp-content/uploads/2020/06/5295681199059-768x346.jpg’

     0K .......... .......... .......... .......... .......... 33% 84.9M 0s
    50K .......... .......... .......... .......... .......... 67%  493M 0s
   100K .......... .......... .......... .......... .......   100%  118M=0.001s

2026-07-11 21:41:38 (135 MB/s) - ‘/workspace/backups/cindemirlaw.com-20260711-214047/wp-content/uploads/2020/06/5295681199059-768x346.jpg’ saved [150797/150797]

--2026-07-11 21:41:38--  https://cindemirlaw.com/wp-content/uploads/2020/06/5295681199059-705x318.jpg
Reusing existing connection to cindemirlaw.com:443.
HTTP request sent, awaiting response... 200 OK
Length: 130741 (128K) [image/jpeg]
Saving to: ‘/workspace/backups/cindemirlaw.com-20260711-214047/wp-content/uploads/2020/06/5295681199059-705x318.jpg’

     0K .......... .......... .......... .......... .......... 39%  292M 0s
    50K .......... .......... .......... .......... .......... 78%  482M 0s
   100K .......... .......... .......                         100%  198M=0s

2026-07-11 21:41:38 (308 MB/s) - ‘/workspace/backups/cindemirlaw.com-20260711-214047/wp-content/uploads/2020/06/5295681199059-705x318.jpg’ saved [130741/130741]

--2026-07-11 21:41:39--  https://cindemirlaw.com/wp-content/uploads/2020/06/5244720168412.jpg
Reusing existing connection to cindemirlaw.com:443.
HTTP request sent, awaiting response... 200 OK
Length: 42849 (42K) [image/jpeg]
Saving to: ‘/workspace/backups/cindemirlaw.com-20260711-214047/wp-content/uploads/2020/06/5244720168412.jpg’

     0K .......... .......... .......... .......... .         100%  348M=0s

2026-07-11 21:41:39 (348 MB/s) - ‘/workspace/backups/cindemirlaw.com-20260711-214047/wp-content/uploads/2020/06/5244720168412.jpg’ saved [42849/42849]

--2026-07-11 21:41:39--  https://cindemirlaw.com/wp-content/uploads/2020/06/5244720168412-300x135.jpg
Reusing existing connection to cindemirlaw.com:443.
HTTP request sent, awaiting response... 200 OK
Length: 34271 (33K) [image/jpeg]
Saving to: ‘/workspace/backups/cindemirlaw.com-20260711-214047/wp-content/uploads/2020/06/5244720168412-300x135.jpg’

     0K .......... .......... .......... ...                  100% 75.0M=0s

2026-07-11 21:41:39 (75.0 MB/s) - ‘/workspace/backups/cindemirlaw.com-20260711-214047/wp-content/uploads/2020/06/5244720168412-300x135.jpg’ saved [34271/34271]

--2026-07-11 21:41:40--  https://cindemirlaw.com/wp-content/uploads/2020/06/5244720168412-768x346.jpg
Reusing existing connection to cindemirlaw.com:443.
HTTP request sent, awaiting response... 200 OK
Length: 181024 (177K) [image/jpeg]
Saving to: ‘/workspace/backups/cindemirlaw.com-20260711-214047/wp-content/uploads/2020/06/5244720168412-768x346.jpg’

     0K .......... .......... .......... .......... .......... 28%  346M 0s
    50K .......... .......... .......... .......... .......... 56%  211M 0s
   100K .......... .......... .......... .......... .......... 84%  605M 0s
   150K .......... .......... ......                          100%  744M=0s

2026-07-11 21:41:40 (353 MB/s) - ‘/workspace/backups/cindemirlaw.com-20260711-214047/wp-content/uploads/2020/06/5244720168412-768x346.jpg’ saved [181024/181024]

--2026-07-11 21:41:40--  https://cindemirlaw.com/wp-content/uploads/2020/06/5244720168412-705x318.jpg
Connecting to cindemirlaw.com (cindemirlaw.com)|162.241.252.122|:443... connected.
HTTP request sent, awaiting response... 200 OK
Length: 155959 (152K) [image/jpeg]
Saving to: ‘/workspace/backups/cindemirlaw.com-20260711-214047/wp-content/uploads/2020/06/5244720168412-705x318.jpg’

     0K .......... .......... .......... .......... .......... 32%  447K 0s
    50K .......... .......... .......... .......... .......... 65%  976K 0s
   100K .......... .......... .......... .......... .......... 98% 9.96M 0s
   150K ..                                                    100% 4.29T=0.2s

2026-07-11 21:41:41 (906 KB/s) - ‘/workspace/backups/cindemirlaw.com-20260711-214047/wp-content/uploads/2020/06/5244720168412-705x318.jpg’ saved [155959/155959]

--2026-07-11 21:41:41--  https://cindemirlaw.com/wp-content/uploads/2020/06/1250986877.jpg
Reusing existing connection to cindemirlaw.com:443.
HTTP request sent, awaiting response... 200 OK
Length: 35606 (35K) [image/jpeg]
Saving to: ‘/workspace/backups/cindemirlaw.com-20260711-214047/wp-content/uploads/2020/06/1250986877.jpg’

     0K .......... .......... .......... ....                 100%  449M=0s

2026-07-11 21:41:41 (449 MB/s) - ‘/workspace/backups/cindemirlaw.com-20260711-214047/wp-content/uploads/2020/06/1250986877.jpg’ saved [35606/35606]

--2026-07-11 21:41:42--  https://cindemirlaw.com/wp-content/uploads/2020/06/1250986877-300x135.jpg
Reusing existing connection to cindemirlaw.com:443.
HTTP request sent, awaiting response... 200 OK
Length: 34745 (34K) [image/jpeg]
Saving to: ‘/workspace/backups/cindemirlaw.com-20260711-214047/wp-content/uploads/2020/06/1250986877-300x135.jpg’

     0K .......... .......... .......... ...                  100% 81.5M=0s

2026-07-11 21:41:42 (81.5 MB/s) - ‘/workspace/backups/cindemirlaw.com-20260711-214047/wp-content/uploads/2020/06/1250986877-300x135.jpg’ saved [34745/34745]

--2026-07-11 21:41:42--  https://cindemirlaw.com/wp-content/uploads/2020/06/1250986877-768x346.jpg
Reusing existing connection to cindemirlaw.com:443.
HTTP request sent, awaiting response... 200 OK
Length: 144029 (141K) [image/jpeg]
Saving to: ‘/workspace/backups/cindemirlaw.com-20260711-214047/wp-content/uploads/2020/06/1250986877-768x346.jpg’

     0K .......... .......... .......... .......... .......... 35% 66.3M 0s
    50K .......... .......... .......... .......... .......... 71%  478M 0s
   100K .......... .......... .......... ..........           100%  419M=0.001s

2026-07-11 21:41:42 (147 MB/s) - ‘/workspace/backups/cindemirlaw.com-20260711-214047/wp-content/uploads/2020/06/1250986877-768x346.jpg’ saved [144029/144029]

--2026-07-11 21:41:43--  https://cindemirlaw.com/wp-content/uploads/2020/06/1250986877-705x318.jpg
Reusing existing connection to cindemirlaw.com:443.
HTTP request sent, awaiting response... 200 OK
Length: 127505 (125K) [image/jpeg]
Saving to: ‘/workspace/backups/cindemirlaw.com-20260711-214047/wp-content/uploads/2020/06/1250986877-705x318.jpg’

     0K .......... .......... .......... .......... .......... 40%  332M 0s
    50K .......... .......... .......... .......... .......... 80%  525M 0s
   100K .......... .......... ....                            100%  518M=0s

2026-07-11 21:41:43 (425 MB/s) - ‘/workspace/backups/cindemirlaw.com-20260711-214047/wp-content/uploads/2020/06/1250986877-705x318.jpg’ saved [127505/127505]

--2026-07-11 21:41:43--  https://cindemirlaw.com/wp-content/uploads/2020/06/540664430-300x135.jpg
Reusing existing connection to cindemirlaw.com:443.
HTTP request sent, awaiting response... 200 OK
Length: 53636 (52K) [image/jpeg]
Saving to: ‘/workspace/backups/cindemirlaw.com-20260711-214047/wp-content/uploads/2020/06/540664430-300x135.jpg’

     0K .......... .......... .......... .......... .......... 95%  382M 0s
    50K ..                                                    100% 4.43T=0s

2026-07-11 21:41:43 (400 MB/s) - ‘/workspace/backups/cindemirlaw.com-20260711-214047/wp-content/uploads/2020/06/540664430-300x135.jpg’ saved [53636/53636]

--2026-07-11 21:41:44--  https://cindemirlaw.com/wp-content/uploads/2020/06/540664430-768x346.jpg
Reusing existing connection to cindemirlaw.com:443.
HTTP request sent, awaiting response... 200 OK
Length: 260432 (254K) [image/jpeg]
Saving to: ‘/workspace/backups/cindemirlaw.com-20260711-214047/wp-content/uploads/2020/06/540664430-768x346.jpg’

     0K .......... .......... .......... .......... .......... 19%  207M 0s
    50K .......... .......... .......... .......... .......... 39%  183M 0s
   100K .......... .......... .......... .......... .......... 58%  477M 0s
   150K .......... .......... .......... .......... .......... 78%  314M 0s
   200K .......... .......... .......... .......... .......... 98%  469M 0s
   250K ....                                                  100% 8.06T=0.001s

2026-07-11 21:41:44 (287 MB/s) - ‘/workspace/backups/cindemirlaw.com-20260711-214047/wp-content/uploads/2020/06/540664430-768x346.jpg’ saved [260432/260432]

--2026-07-11 21:41:44--  https://cindemirlaw.com/wp-content/uploads/2020/06/540664430-705x318.jpg
Reusing existing connection to cindemirlaw.com:443.
HTTP request sent, awaiting response... 200 OK
Length: 226515 (221K) [image/jpeg]
Saving to: ‘/workspace/backups/cindemirlaw.com-20260711-214047/wp-content/uploads/2020/06/540664430-705x318.jpg’

     0K .......... .......... .......... .......... .......... 22%  386M 0s
    50K .......... .......... .......... .......... .......... 45%  401M 0s
   100K .......... .......... .......... .......... .......... 67%  444M 0s
   150K .......... .......... .......... .......... .......... 90%  463M 0s
   200K .......... .......... .                               100%  364M=0.001s

2026-07-11 21:41:44 (415 MB/s) - ‘/workspace/backups/cindemirlaw.com-20260711-214047/wp-content/uploads/2020/06/540664430-705x318.jpg’ saved [226515/226515]

--2026-07-11 21:41:44--  https://cindemirlaw.com/wp-content/uploads/2020/06/455473935-1446x630.jpg
Reusing existing connection to cindemirlaw.com:443.
HTTP request sent, awaiting response... 200 OK
Length: 77694 (76K) [image/jpeg]
Saving to: ‘/workspace/backups/cindemirlaw.com-20260711-214047/wp-content/uploads/2020/06/455473935-1446x630.jpg’

     0K .......... .......... .......... .......... .......... 65%  472M 0s
    50K .......... .......... .....                           100%  426M=0s

2026-07-11 21:41:44 (455 MB/s) - ‘/workspace/backups/cindemirlaw.com-20260711-214047/wp-content/uploads/2020/06/455473935-1446x630.jpg’ saved [77694/77694]

--2026-07-11 21:41:45--  https://cindemirlaw.com/wp-content/uploads/2020/06/533113363.jpg
Reusing existing connection to cindemirlaw.com:443.
HTTP request sent, awaiting response... 200 OK
Length: 34414 (34K) [image/jpeg]
Saving to: ‘/workspace/backups/cindemirlaw.com-20260711-214047/wp-content/uploads/2020/06/533113363.jpg’

     0K .......... .......... .......... ...                  100%  283M=0s

2026-07-11 21:41:45 (283 MB/s) - ‘/workspace/backups/cindemirlaw.com-20260711-214047/wp-content/uploads/2020/06/533113363.jpg’ saved [34414/34414]

--2026-07-11 21:41:45--  https://cindemirlaw.com/wp-content/uploads/2020/06/533113363-300x135.jpg
Reusing existing connection to cindemirlaw.com:443.
HTTP request sent, awaiting response... 200 OK
Length: 28628 (28K) [image/jpeg]
Saving to: ‘/workspace/backups/cindemirlaw.com-20260711-214047/wp-content/uploads/2020/06/533113363-300x135.jpg’

     0K .......... .......... .......                         100%  254M=0s

2026-07-11 21:41:45 (254 MB/s) - ‘/workspace/backups/cindemirlaw.com-20260711-214047/wp-content/uploads/2020/06/533113363-300x135.jpg’ saved [28628/28628]

--2026-07-11 21:41:46--  https://cindemirlaw.com/wp-content/uploads/2020/06/533113363-768x346.jpg
Reusing existing connection to cindemirlaw.com:443.
HTTP request sent, awaiting response... 200 OK
Length: 123563 (121K) [image/jpeg]
Saving to: ‘/workspace/backups/cindemirlaw.com-20260711-214047/wp-content/uploads/2020/06/533113363-768x346.jpg’

     0K .......... .......... .......... .......... .......... 41% 63.3M 0s
    50K .......... .......... .......... .......... .......... 82%  302M 0s
   100K .......... ..........                                 100%  267M=0.001s

2026-07-11 21:41:46 (117 MB/s) - ‘/workspace/backups/cindemirlaw.com-20260711-214047/wp-content/uploads/2020/06/533113363-768x346.jpg’ saved [123563/123563]

--2026-07-11 21:41:47--  https://cindemirlaw.com/wp-content/uploads/2020/06/533113363-705x318.jpg
Reusing existing connection to cindemirlaw.com:443.
HTTP request sent, awaiting response... 200 OK
Length: 108767 (106K) [image/jpeg]
Saving to: ‘/workspace/backups/cindemirlaw.com-20260711-214047/wp-content/uploads/2020/06/533113363-705x318.jpg’

     0K .......... .......... .......... .......... .......... 47% 53.0M 0s
    50K .......... .......... .......... .......... .......... 94%  114M 0s
   100K ......                                                100%  228M=0.001s

2026-07-11 21:41:47 (75.3 MB/s) - ‘/workspace/backups/cindemirlaw.com-20260711-214047/wp-content/uploads/2020/06/533113363-705x318.jpg’ saved [108767/108767]

--2026-07-11 21:41:47--  https://cindemirlaw.com/wp-content/uploads/2020/09/Hakan_Cindemir_AttorneyatLaw1.jpg
Reusing existing connection to cindemirlaw.com:443.
HTTP request sent, awaiting response... 200 OK
Length: 10071 (9.8K) [image/jpeg]
Saving to: ‘/workspace/backups/cindemirlaw.com-20260711-214047/wp-content/uploads/2020/09/Hakan_Cindemir_AttorneyatLaw1.jpg’

     0K .........                                             100%  248M=0s

2026-07-11 21:41:48 (248 MB/s) - ‘/workspace/backups/cindemirlaw.com-20260711-214047/wp-content/uploads/2020/09/Hakan_Cindemir_AttorneyatLaw1.jpg’ saved [10071/10071]

--2026-07-11 21:41:48--  https://cindemirlaw.com/wp-content/uploads/2020/09/Gokhan_Cindemir_AttorneyAtLaw2.jpg
Reusing existing connection to cindemirlaw.com:443.
HTTP request sent, awaiting response... 200 OK
Length: 9669 (9.4K) [image/jpeg]
Saving to: ‘/workspace/backups/cindemirlaw.com-20260711-214047/wp-content/uploads/2020/09/Gokhan_Cindemir_AttorneyAtLaw2.jpg’

     0K .........                                             100%  200M=0s

2026-07-11 21:41:48 (200 MB/s) - ‘/workspace/backups/cindemirlaw.com-20260711-214047/wp-content/uploads/2020/09/Gokhan_Cindemir_AttorneyAtLaw2.jpg’ saved [9669/9669]

--2026-07-11 21:41:49--  https://cindemirlaw.com/wp-content/cache/debloat/js/ee837dae86d76068cc6ddce90aefca46.js
Reusing existing connection to cindemirlaw.com:443.
HTTP request sent, awaiting response... 200 OK
Length: 19 [text/javascript]
Saving to: ‘/workspace/backups/cindemirlaw.com-20260711-214047/wp-content/cache/debloat/js/ee837dae86d76068cc6ddce90aefca46.js’

     0K                                                       100% 25.2M=0s

2026-07-11 21:41:49 (25.2 MB/s) - ‘/workspace/backups/cindemirlaw.com-20260711-214047/wp-content/cache/debloat/js/ee837dae86d76068cc6ddce90aefca46.js’ saved [19/19]

--2026-07-11 21:41:49--  https://cindemirlaw.com/wp-content/cache/debloat/js/5e372cbf17cdecee078f8b93e3bba513.js
Reusing existing connection to cindemirlaw.com:443.
HTTP request sent, awaiting response... 200 OK
Length: 326 [text/javascript]
Saving to: ‘/workspace/backups/cindemirlaw.com-20260711-214047/wp-content/cache/debloat/js/5e372cbf17cdecee078f8b93e3bba513.js’

     0K                                                       100%  376M=0s

2026-07-11 21:41:49 (376 MB/s) - ‘/workspace/backups/cindemirlaw.com-20260711-214047/wp-content/cache/debloat/js/5e372cbf17cdecee078f8b93e3bba513.js’ saved [326/326]

--2026-07-11 21:41:50--  https://cindemirlaw.com/wp-content/cache/debloat/js/164f7b07059167a8a325dbf20ed564ac.js
Reusing existing connection to cindemirlaw.com:443.
HTTP request sent, awaiting response... 200 OK
Length: 686 [text/javascript]
Saving to: ‘/workspace/backups/cindemirlaw.com-20260711-214047/wp-content/cache/debloat/js/164f7b07059167a8a325dbf20ed564ac.js’

     0K                                                       100%  624M=0s

2026-07-11 21:41:50 (624 MB/s) - ‘/workspace/backups/cindemirlaw.com-20260711-214047/wp-content/cache/debloat/js/164f7b07059167a8a325dbf20ed564ac.js’ saved [686/686]

--2026-07-11 21:41:51--  https://cindemirlaw.com/wp-content/cache/debloat/js/007e7991ac0374cb0f603887ce53474b.js
Reusing existing connection to cindemirlaw.com:443.
HTTP request sent, awaiting response... 200 OK
Length: 11451 (11K) [text/javascript]
Saving to: ‘/workspace/backups/cindemirlaw.com-20260711-214047/wp-content/cache/debloat/js/007e7991ac0374cb0f603887ce53474b.js’

     0K .......... .                                          100%  329M=0s

2026-07-11 21:41:51 (329 MB/s) - ‘/workspace/backups/cindemirlaw.com-20260711-214047/wp-content/cache/debloat/js/007e7991ac0374cb0f603887ce53474b.js’ saved [11451/11451]

--2026-07-11 21:41:51--  https://cindemirlaw.com/wp-content/cache/debloat/js/7a427311292e12e473430ac48835c670.js
Reusing existing connection to cindemirlaw.com:443.
HTTP request sent, awaiting response... 200 OK
Length: 19012 (19K) [text/javascript]
Saving to: ‘/workspace/backups/cindemirlaw.com-20260711-214047/wp-content/cache/debloat/js/7a427311292e12e473430ac48835c670.js’

     0K .......... ........                                   100% 65.4M=0s

2026-07-11 21:41:51 (65.4 MB/s) - ‘/workspace/backups/cindemirlaw.com-20260711-214047/wp-content/cache/debloat/js/7a427311292e12e473430ac48835c670.js’ saved [19012/19012]

--2026-07-11 21:41:52--  https://cindemirlaw.com/wp-content/cache/debloat/js/95adfba3db26fc11202c84ff78b12f1e.js
Reusing existing connection to cindemirlaw.com:443.
HTTP request sent, awaiting response... 200 OK
Length: 24314 (24K) [text/javascript]
Saving to: ‘/workspace/backups/cindemirlaw.com-20260711-214047/wp-content/cache/debloat/js/95adfba3db26fc11202c84ff78b12f1e.js’

     0K .......... .......... ...                             100%  269M=0s

2026-07-11 21:41:52 (269 MB/s) - ‘/workspace/backups/cindemirlaw.com-20260711-214047/wp-content/cache/debloat/js/95adfba3db26fc11202c84ff78b12f1e.js’ saved [24314/24314]

--2026-07-11 21:41:52--  https://cindemirlaw.com/wp-content/cache/debloat/js/d07215f6a56b9c2489ad44e50fdb75a4.js
Reusing existing connection to cindemirlaw.com:443.
HTTP request sent, awaiting response... 200 OK
Length: 6301 (6.2K) [text/javascript]
Saving to: ‘/workspace/backups/cindemirlaw.com-20260711-214047/wp-content/cache/debloat/js/d07215f6a56b9c2489ad44e50fdb75a4.js’

     0K ......                                                100% 5.68G=0s

2026-07-11 21:41:52 (5.68 GB/s) - ‘/workspace/backups/cindemirlaw.com-20260711-214047/wp-content/cache/debloat/js/d07215f6a56b9c2489ad44e50fdb75a4.js’ saved [6301/6301]

--2026-07-11 21:41:53--  https://cindemirlaw.com/wp-content/cache/debloat/js/a1c18ca540e7d5195f94b02cc2df8586.js
Reusing existing connection to cindemirlaw.com:443.
HTTP request sent, awaiting response... 200 OK
Length: 87478 (85K) [text/javascript]
Saving to: ‘/workspace/backups/cindemirlaw.com-20260711-214047/wp-content/cache/debloat/js/a1c18ca540e7d5195f94b02cc2df8586.js’

     0K .......... .......... .......... .......... .......... 58% 68.4M 0s
    50K .......... .......... .......... .....                100%  523M=0.001s

2026-07-11 21:41:53 (107 MB/s) - ‘/workspace/backups/cindemirlaw.com-20260711-214047/wp-content/cache/debloat/js/a1c18ca540e7d5195f94b02cc2df8586.js’ saved [87478/87478]

--2026-07-11 21:41:53--  https://cindemirlaw.com/wp-content/cache/debloat/js/cec08c835f9d33a8bd5c66f1bcc50e2c.js
Reusing existing connection to cindemirlaw.com:443.
HTTP request sent, awaiting response... 200 OK
Length: 131016 (128K) [text/javascript]
Saving to: ‘/workspace/backups/cindemirlaw.com-20260711-214047/wp-content/cache/debloat/js/cec08c835f9d33a8bd5c66f1bcc50e2c.js’

     0K .......... .......... .......... .......... .......... 39%  274M 0s
    50K .......... .......... .......... .......... .......... 78%  224M 0s
   100K .......... .......... .......                         100%  421M=0s

2026-07-11 21:41:53 (271 MB/s) - ‘/workspace/backups/cindemirlaw.com-20260711-214047/wp-content/cache/debloat/js/cec08c835f9d33a8bd5c66f1bcc50e2c.js’ saved [131016/131016]

--2026-07-11 21:41:54--  https://cindemirlaw.com/feed/?lang=ru
Reusing existing connection to cindemirlaw.com:443.
HTTP request sent, awaiting response... 301 Moved Permanently
Location: https://cindemirlaw.com/?lang=ru [following]
--2026-07-11 21:41:55--  https://cindemirlaw.com/?lang=ru
Reusing existing connection to cindemirlaw.com:443.
HTTP request sent, awaiting response... 200 OK
Length: unspecified [text/html]
Saving to: ‘/workspace/backups/cindemirlaw.com-20260711-214047/feed/index.html?lang=ru.html’

     0K .......... .......... .......... .......... .......... 11.7M
    50K .......... .......... .......... .......... .......... 24.7M
   100K .......... .......... .......... .......... .......... 29.9M
   150K .......... .......... .......... .......... .......... 56.1M
   200K .......... .......... .......... .......... .......... 34.8M
   250K .......... .......... .......... .......... ..........  221M
   300K .......... .......... .......... .......... ..........  123M
   350K .......... .......... .......... .......... ..........  161M
   400K .......... .......... .......... .......... ..........  455M
   450K .......... .......... .......... .......... ..........  461M
   500K .......... .......... .......... .......... .......... 1.04M
   550K .......... .......... .......... .......... .......... 26.6M
   600K .......... .......... .......... .......... ..........  145M
   650K .                                                      3.43T=0.06s

2026-07-11 21:41:55 (10.6 MB/s) - ‘/workspace/backups/cindemirlaw.com-20260711-214047/feed/index.html?lang=ru.html’ saved [667487]

--2026-07-11 21:41:55--  https://cindemirlaw.com/about-us/?lang=ru
Reusing existing connection to cindemirlaw.com:443.
HTTP request sent, awaiting response... 200 OK
Length: unspecified [text/html]
Saving to: ‘/workspace/backups/cindemirlaw.com-20260711-214047/about-us/index.html?lang=ru.html’

     0K .......... .......... .......... .......... .......... 12.0M
    50K .......... .......... .......... .......... .......... 21.6M
   100K .......... .......... .......... .......... .......... 24.7M
   150K .......... .......... .......... .......... .......... 70.7M
   200K .......... .......... .......... .......... .......... 44.7M
   250K .......... .......... .......... .......... .......... 88.6M
   300K .......... .......... .......... .......... ..........  171M
   350K .......... .......... .......... .......... ..........  128M
   400K .......... .......... .......... .......... ..........  444M
   450K .......... .......... .......... .......... .......... 62.7M
   500K .......... .......... .......... .......... ..........  138M
   550K .......... .......... .......... .......... ..........  300M
   600K .......... .........                                    184M=0.01s

2026-07-11 21:41:56 (47.2 MB/s) - ‘/workspace/backups/cindemirlaw.com-20260711-214047/about-us/index.html?lang=ru.html’ saved [634252]

--2026-07-11 21:41:56--  https://cindemirlaw.com/articles/?lang=ru
Reusing existing connection to cindemirlaw.com:443.
HTTP request sent, awaiting response... 200 OK
Length: unspecified [text/html]
Saving to: ‘/workspace/backups/cindemirlaw.com-20260711-214047/articles/index.html?lang=ru.html’

     0K .......... .......... .......... .......... .......... 13.8M
    50K .......... .......... .......... .......... .......... 20.9M
   100K .......... .......... .......... .......... .......... 32.3M
   150K .......... .......... .......... .......... .......... 64.2M
   200K .......... .......... .......... .......... .......... 44.1M
   250K .......... .......... .......... .......... .......... 52.1M
   300K .......... .......... .......... .......... ..........  467M
   350K .......... .......... .......... .......... ..........  328M
   400K .......... .......... .......... .......... ..........  284M
   450K .......... .......... .......... .......... .......... 47.5M
   500K .......... .......... .......... .......... ..........  116M
   550K .......... .......... .......... .......... ..........  124M
   600K .......... .......... .......... .......... ..........  467M
   650K .......... .......... .......... .......... ..........  114M
   700K .......... .......... .......... .......... ..........  383M
   750K .......... .......... .......... .......... ..........  359M
   800K .......... .......... .......... .......... ..........  521M
   850K .......... .......... .......... .......... ..........  530M
   900K .......... .......... .......... .......... ...         451M=0.01s

2026-07-11 21:41:56 (68.1 MB/s) - ‘/workspace/backups/cindemirlaw.com-20260711-214047/articles/index.html?lang=ru.html’ saved [966329]

--2026-07-11 21:41:57--  https://cindemirlaw.com/services/?lang=ru
Reusing existing connection to cindemirlaw.com:443.
HTTP request sent, awaiting response... 200 OK
Length: unspecified [text/html]
Saving to: ‘/workspace/backups/cindemirlaw.com-20260711-214047/services/index.html?lang=ru.html’

     0K .......... .......... .......... .......... .......... 14.7M
    50K .......... .......... .......... .......... .......... 21.5M
   100K .......... .......... .......... .......... .......... 6.25M
   150K .......... .......... .......... .......... .......... 40.6M
   200K .......... .......... .......... .......... ..........  183M
   250K .......... .......... .......... .......... ..........  111M
   300K .......... .......... .......... .......... .......... 27.6M
   350K .......... .......... .......... .......... ..........  305M
   400K .......... .......... .......... .......... ..........  277M
   450K .......... .......... .......... .......... ..........  366M
   500K .......... .......... .......... .......... ..........  389M
   550K .......... .......... .......... .......... .......... 42.8M
   600K .......... .......... .......... .......... ......      471M=0.02s

2026-07-11 21:41:57 (33.4 MB/s) - ‘/workspace/backups/cindemirlaw.com-20260711-214047/services/index.html?lang=ru.html’ saved [662128]

--2026-07-11 21:41:57--  https://cindemirlaw.com/team/?lang=ru
Reusing existing connection to cindemirlaw.com:443.
HTTP request sent, awaiting response... 200 OK
Length: unspecified [text/html]
Saving to: ‘/workspace/backups/cindemirlaw.com-20260711-214047/team/index.html?lang=ru.html’

     0K .......... .......... .......... .......... .......... 28.8M
    50K .......... .......... .......... .......... .......... 2.57M
   100K .......... .......... .......... .......... ..........  421M
   150K .......... .......... .......... .......... .......... 36.6M
   200K .......... .......... .......... .......... .......... 21.7M
   250K .......... .......... .......... .......... ..........  426M
   300K .......... .......... .......... .......... ..........  521M
   350K .......... .......... .......... .......... ..........  107M
   400K .......... .......... .......... .......... .......... 37.9M
   450K .......... .......... .......... .......... .......... 70.9M
   500K .......... .......... .......... .......... ..........  383M
   550K .......... .......... .......... .......... ..........  472M
   600K .......... .......... .......... .......... ......      648M=0.03s

2026-07-11 21:41:58 (23.1 MB/s) - ‘/workspace/backups/cindemirlaw.com-20260711-214047/team/index.html?lang=ru.html’ saved [662428]

--2026-07-11 21:41:58--  https://cindemirlaw.com/contacts/?lang=ru
Reusing existing connection to cindemirlaw.com:443.
HTTP request sent, awaiting response... 200 OK
Length: unspecified [text/html]
Saving to: ‘/workspace/backups/cindemirlaw.com-20260711-214047/contacts/index.html?lang=ru.html’

     0K .......... .......... .......... .......... .......... 34.8M
    50K .......... .......... .......... .......... .......... 24.6M
   100K .......... .......... .......... .......... .......... 52.0M
   150K .......... .......... .......... .......... .......... 3.53M
   200K .......... .......... .......... .......... ..........  555M
   250K .......... .......... .......... .......... ..........  312M
   300K .......... .......... .......... .......... .......... 53.7M
   350K .......... .......... .......... .......... .......... 43.5M
   400K .......... .......... .......... .......... ..........  440M
   450K .......... .......... .......... .......... ..........  387M
   500K .......... .......... .......... .......... ..........  389M
   550K .......... .......... .......... .......... .......... 53.0M
   600K .......... .......                                      423M=0.02s

2026-07-11 21:41:58 (27.7 MB/s) - ‘/workspace/backups/cindemirlaw.com-20260711-214047/contacts/index.html?lang=ru.html’ saved [632419]

--2026-07-11 21:41:58--  https://cindemirlaw.com/%d1%80%d0%b5%d0%bf%d0%b0%d1%82%d1%80%d0%b8%d0%b0%d1%86%d0%b8%d1%8f-%d0%b0%d0%ba%d1%82%d0%b8%d0%b2%d0%be%d0%b2-%d0%b2-%d1%82%d1%83%d1%80%d1%86%d0%b8%d1%8e-%d0%b2-2026-%d0%b3%d0%be%d0%b4%d1%83-%d0%bf/?lang=ru
Reusing existing connection to cindemirlaw.com:443.
HTTP request sent, awaiting response... 200 OK
Length: unspecified [text/html]
Saving to: ‘/workspace/backups/cindemirlaw.com-20260711-214047/репатриация-активов-в-турцию-в-2026-году-п/index.html?lang=ru.html’

     0K .......... .......... .......... .......... .......... 13.0M
    50K .......... .......... .......... .......... .......... 22.8M
   100K .......... .......... .......... .......... .......... 34.9M
   150K .......... .......... .......... .......... ..........  144M
   200K .......... .......... .......... .......... .......... 24.7M
   250K .......... .......... .......... .......... .......... 88.2M
   300K .......... .......... .......... .......... ..........  519M
   350K .......... .......... .......... .......... ..........  307M
   400K .......... .......... .......... .......... ..........  327M
   450K .......... .......... .......... .......... ..........  411M
   500K .......... .......... .......... .......... .......... 60.6M
   550K .......... .......... .......... .......... ..........  325M
   600K .......... .......... .......... .......... ..........  230M
   650K .......... .......... .......... .........              383M=0.01s

2026-07-11 21:41:58 (56.3 MB/s) - ‘/workspace/backups/cindemirlaw.com-20260711-214047/репатриация-активов-в-турцию-в-2026-году-п/index.html?lang=ru.html’ saved [705967]

--2026-07-11 21:41:59--  https://cindemirlaw.com/eu-ai-act-prohibited-practices-and-compliance-obligations/
Reusing existing connection to cindemirlaw.com:443.
HTTP request sent, awaiting response... 200 OK
Length: unspecified [text/html]
Saving to: ‘/workspace/backups/cindemirlaw.com-20260711-214047/eu-ai-act-prohibited-practices-and-compliance-obligations/index.html’

     0K .......... .......... .......... .......... .......... 15.2M
    50K .......... .......... .......... .......... .......... 20.5M
   100K .......... .......... .......... .......... .......... 21.3M
   150K .......... .......... .......... .......... ..........  321M
   200K .......... .......... .......... .......... .......... 29.8M
   250K .......... .......... .......... .......... ..........  168M
   300K .......... .......... .......... .......... ..........  353M
   350K .......... .......... .......... .......... ..........  155M
   400K .......... .......... .......... .......... ..........  379M
   450K .......... .......... .......... .......... .......... 58.7M
   500K .......... .......... .......... .......... ..........  286M
   550K .......... .......... .......... .......... ..........  166M
   600K .......... .......... ........                          405M=0.01s

2026-07-11 21:41:59 (51.5 MB/s) - ‘/workspace/backups/cindemirlaw.com-20260711-214047/eu-ai-act-prohibited-practices-and-compliance-obligations/index.html’ saved [643898]

--2026-07-11 21:42:00--  https://cindemirlaw.com/nominee-directory-services-in-turkey/
Reusing existing connection to cindemirlaw.com:443.
HTTP request sent, awaiting response... 200 OK
Length: unspecified [text/html]
Saving to: ‘/workspace/backups/cindemirlaw.com-20260711-214047/nominee-directory-services-in-turkey/index.html’

     0K .......... .......... .......... .......... .......... 14.7M
    50K .......... .......... .......... .......... .......... 21.9M
   100K .......... .......... .......... .......... .......... 20.9M
   150K .......... .......... .......... .......... .......... 6.62M
   200K .......... .......... .......... .......... ..........  197M
   250K .......... .......... .......... .......... .......... 29.1M
   300K .......... .......... .......... .......... ..........  179M
   350K .......... .......... .......... .......... ..........  111M
   400K .......... .......... .......... .......... ..........  445M
   450K .......... .......... .......... .......... ..........  416M
   500K .......... .......... .......... .......... .......... 37.1M
   550K .......... .......... .......... .......... .......... 10.2M
   600K .......... .......... .......... ..                     468M=0.02s

2026-07-11 21:42:00 (25.4 MB/s) - ‘/workspace/backups/cindemirlaw.com-20260711-214047/nominee-directory-services-in-turkey/index.html’ saved [647367]

--2026-07-11 21:42:00--  https://cindemirlaw.com/interim-injunctions-in-turkish-law/
Reusing existing connection to cindemirlaw.com:443.
HTTP request sent, awaiting response... 200 OK
Length: unspecified [text/html]
Saving to: ‘/workspace/backups/cindemirlaw.com-20260711-214047/interim-injunctions-in-turkish-law/index.html’

     0K .......... .......... .......... .......... .......... 14.4M
    50K .......... .......... .......... .......... .......... 19.9M
   100K .......... .......... .......... .......... .......... 36.6M
   150K .......... .......... .......... .......... .......... 49.1M
   200K .......... .......... .......... .......... .......... 78.6M
   250K .......... .......... .......... .......... .......... 75.8M
   300K .......... .......... .......... .......... ..........  103M
   350K .......... .......... .......... .......... ..........  497M
   400K .......... .......... .......... .......... ..........  255M
   450K .......... .......... .......... .......... .......... 42.6M
   500K .......... .......... .......... .......... ..........  102M
   550K .......... .......... .......... .......... ..........  288M
   600K .......... .......... .......... ..........             335M=0.01s

2026-07-11 21:42:00 (51.6 MB/s) - ‘/workspace/backups/cindemirlaw.com-20260711-214047/interim-injunctions-in-turkish-law/index.html’ saved [656155]

--2026-07-11 21:42:01--  https://cindemirlaw.com/p91/
Reusing existing connection to cindemirlaw.com:443.
HTTP request sent, awaiting response... 200 OK
Length: unspecified [text/html]
Saving to: ‘/workspace/backups/cindemirlaw.com-20260711-214047/p91/index.html’

     0K .......... .......... .......... .......... .......... 15.1M
    50K .......... .......... .......... .......... .......... 20.4M
   100K .......... .......... .......... .......... .......... 33.9M
   150K .......... .......... .......... .......... .......... 65.8M
   200K .......... .......... .......... .......... .......... 51.5M
   250K .......... .......... .......... .......... .......... 79.3M
   300K .......... .......... .......... .......... ..........  328M
   350K .......... .......... .......... .......... ..........  125M
   400K .......... .......... .......... .......... ..........  290M
   450K .......... .......... .......... .......... .......... 78.2M
   500K .......... .......... .......... .......... .......... 71.9M
   550K .......... .......... .......... .......... ..........  130M
   600K .......... .......... .......... .......... ..........  548M
   650K ..                                                     4.04T=0.01s

2026-07-11 21:42:01 (53.7 MB/s) - ‘/workspace/backups/cindemirlaw.com-20260711-214047/p91/index.html’ saved [667821]

--2026-07-11 21:42:02--  https://cindemirlaw.com/wp-content/uploads/2023/11/efendi-300x300.jpg
Reusing existing connection to cindemirlaw.com:443.
HTTP request sent, awaiting response... 200 OK
Length: 54427 (53K) [image/jpeg]
Saving to: ‘/workspace/backups/cindemirlaw.com-20260711-214047/wp-content/uploads/2023/11/efendi-300x300.jpg’

     0K .......... .......... .......... .......... .......... 94%  466M 0s
    50K ...                                                   100% 5.87T=0s

2026-07-11 21:42:02 (496 MB/s) - ‘/workspace/backups/cindemirlaw.com-20260711-214047/wp-content/uploads/2023/11/efendi-300x300.jpg’ saved [54427/54427]

--2026-07-11 21:42:02--  https://cindemirlaw.com/wp-content/uploads/2023/11/efendi-80x80.jpg
Reusing existing connection to cindemirlaw.com:443.
HTTP request sent, awaiting response... 200 OK
Length: 6316 (6.2K) [image/jpeg]
Saving to: ‘/workspace/backups/cindemirlaw.com-20260711-214047/wp-content/uploads/2023/11/efendi-80x80.jpg’

     0K ......                                                100% 7.31G=0s

2026-07-11 21:42:02 (7.31 GB/s) - ‘/workspace/backups/cindemirlaw.com-20260711-214047/wp-content/uploads/2023/11/efendi-80x80.jpg’ saved [6316/6316]

--2026-07-11 21:42:03--  https://cindemirlaw.com/wp-content/uploads/2023/11/efendi-768x768.jpg
Reusing existing connection to cindemirlaw.com:443.
HTTP request sent, awaiting response... 200 OK
Length: 275249 (269K) [image/jpeg]
Saving to: ‘/workspace/backups/cindemirlaw.com-20260711-214047/wp-content/uploads/2023/11/efendi-768x768.jpg’

     0K .......... .......... .......... .......... .......... 18% 93.3M 0s
    50K .......... .......... .......... .......... .......... 37% 72.2M 0s
   100K .......... .......... .......... .......... .......... 55%  372M 0s
   150K .......... .......... .......... .......... .......... 74%  442M 0s
   200K .......... .......... .......... .......... .......... 93%  456M 0s
   250K .......... ........                                   100%  351M=0.002s

2026-07-11 21:42:03 (164 MB/s) - ‘/workspace/backups/cindemirlaw.com-20260711-214047/wp-content/uploads/2023/11/efendi-768x768.jpg’ saved [275249/275249]

--2026-07-11 21:42:04--  https://cindemirlaw.com/wp-content/uploads/2023/11/efendi-36x36.jpg
Reusing existing connection to cindemirlaw.com:443.
HTTP request sent, awaiting response... 200 OK
Length: 2028 (2.0K) [image/jpeg]
Saving to: ‘/workspace/backups/cindemirlaw.com-20260711-214047/wp-content/uploads/2023/11/efendi-36x36.jpg’

     0K .                                                     100% 2.33G=0s

2026-07-11 21:42:04 (2.33 GB/s) - ‘/workspace/backups/cindemirlaw.com-20260711-214047/wp-content/uploads/2023/11/efendi-36x36.jpg’ saved [2028/2028]

--2026-07-11 21:42:04--  https://cindemirlaw.com/wp-content/uploads/2023/11/efendi-180x180.jpg
Reusing existing connection to cindemirlaw.com:443.
HTTP request sent, awaiting response... 200 OK
Length: 23898 (23K) [image/jpeg]
Saving to: ‘/workspace/backups/cindemirlaw.com-20260711-214047/wp-content/uploads/2023/11/efendi-180x180.jpg’

     0K .......... .......... ...                             100%  307M=0s

2026-07-11 21:42:04 (307 MB/s) - ‘/workspace/backups/cindemirlaw.com-20260711-214047/wp-content/uploads/2023/11/efendi-180x180.jpg’ saved [23898/23898]

--2026-07-11 21:42:05--  https://cindemirlaw.com/wp-content/uploads/2023/11/efendi-705x705.jpg
Reusing existing connection to cindemirlaw.com:443.
HTTP request sent, awaiting response... 200 OK
Length: 245679 (240K) [image/jpeg]
Saving to: ‘/workspace/backups/cindemirlaw.com-20260711-214047/wp-content/uploads/2023/11/efendi-705x705.jpg’

     0K .......... .......... .......... .......... .......... 20% 77.3M 0s
    50K .......... .......... .......... .......... .......... 41%  439M 0s
   100K .......... .......... .......... .......... .......... 62%  638M 0s
   150K .......... .......... .......... .......... .......... 83%  822M 0s
   200K .......... .......... .......... .........            100%  585M=0.001s

2026-07-11 21:42:05 (248 MB/s) - ‘/workspace/backups/cindemirlaw.com-20260711-214047/wp-content/uploads/2023/11/efendi-705x705.jpg’ saved [245679/245679]

--2026-07-11 21:42:06--  https://cindemirlaw.com/wp-content/uploads/2023/11/efendi.jpg
Reusing existing connection to cindemirlaw.com:443.
HTTP request sent, awaiting response... 200 OK
Length: 65872 (64K) [image/jpeg]
Saving to: ‘/workspace/backups/cindemirlaw.com-20260711-214047/wp-content/uploads/2023/11/efendi.jpg’

     0K .......... .......... .......... .......... .......... 77%  442M 0s
    50K .......... ....                                       100%  442M=0s

2026-07-11 21:42:06 (442 MB/s) - ‘/workspace/backups/cindemirlaw.com-20260711-214047/wp-content/uploads/2023/11/efendi.jpg’ saved [65872/65872]

--2026-07-11 21:42:06--  https://cindemirlaw.com/online-appointment-booking/
Reusing existing connection to cindemirlaw.com:443.
HTTP request sent, awaiting response... 200 OK
Length: unspecified [text/html]
Saving to: ‘/workspace/backups/cindemirlaw.com-20260711-214047/online-appointment-booking/index.html’

     0K .......... .......... .......... .......... .......... 32.5M
    50K .......... .......... .......... .......... .......... 38.4M
   100K .......... .......... .......... .......... .......... 50.6M
   150K .......... .......... .......... .......... ..........  262M
   200K .......... .......... .......... .......... .......... 67.7M
   250K .......... .......... .......... .......... ..........  179M
   300K .......... .......... .......... .......... ..........  307M
   350K .......... .......... .......... .......... ..........  333M
   400K .......... .......... .......... .......... ..........  388M
   450K .......... .......... .......... .......... ..........  102M
   500K .......... .......... .......... .......... ..........  247M
   550K .......... .......... .......... .......... ..........  327M
   600K .......... ...                                          574M=0.006s

2026-07-11 21:42:06 (96.6 MB/s) - ‘/workspace/backups/cindemirlaw.com-20260711-214047/online-appointment-booking/index.html’ saved [627772]

--2026-07-11 21:42:07--  https://cindemirlaw.com/inheritance-rights-for-divorced-spouses/
Reusing existing connection to cindemirlaw.com:443.
HTTP request sent, awaiting response... 200 OK
Length: unspecified [text/html]
Saving to: ‘/workspace/backups/cindemirlaw.com-20260711-214047/inheritance-rights-for-divorced-spouses/index.html’

     0K .......... .......... .......... .......... .......... 13.0M
    50K .......... .......... .......... .......... .......... 31.8M
   100K .......... .......... .......... .......... .......... 21.8M
   150K .......... .......... .......... .......... .......... 2.71M
   200K .......... .......... .......... .......... ..........  492M
   250K .......... .......... .......... .......... ..........  292M
   300K .......... .......... .......... .......... .......... 40.7M
   350K .......... .......... .......... .......... .......... 2.41M
   400K .......... .......... .......... .......... ..........  435M
   450K .......... .......... .......... .......... ..........  344M
   500K .......... .......... .......... .......... ..........  401M
   550K .......... .......... .......... .......... .......... 6.89M
   600K .......... .......... .......... .......                120M=0.06s

2026-07-11 21:42:07 (11.3 MB/s) - ‘/workspace/backups/cindemirlaw.com-20260711-214047/inheritance-rights-for-divorced-spouses/index.html’ saved [653087]

--2026-07-11 21:42:08--  https://cindemirlaw.com/wp-content/uploads/2023/11/2e20a321-6694-44e0-ae3e-8a1a551ccdbb-300x171.webp
Reusing existing connection to cindemirlaw.com:443.
HTTP request sent, awaiting response... 200 OK
Length: 10466 (10K) [image/webp]
Saving to: ‘/workspace/backups/cindemirlaw.com-20260711-214047/wp-content/uploads/2023/11/2e20a321-6694-44e0-ae3e-8a1a551ccdbb-300x171.webp’

     0K ..........                                            100%  209M=0s

2026-07-11 21:42:08 (209 MB/s) - ‘/workspace/backups/cindemirlaw.com-20260711-214047/wp-content/uploads/2023/11/2e20a321-6694-44e0-ae3e-8a1a551ccdbb-300x171.webp’ saved [10466/10466]

--2026-07-11 21:42:08--  https://cindemirlaw.com/wp-content/uploads/2023/11/2e20a321-6694-44e0-ae3e-8a1a551ccdbb-1030x589.webp
Reusing existing connection to cindemirlaw.com:443.
HTTP request sent, awaiting response... 200 OK
Length: 86668 (85K) [image/webp]
Saving to: ‘/workspace/backups/cindemirlaw.com-20260711-214047/wp-content/uploads/2023/11/2e20a321-6694-44e0-ae3e-8a1a551ccdbb-1030x589.webp’

     0K .......... .......... .......... .......... .......... 59% 12.8M 0s
    50K .......... .......... .......... ....                 100% 37.4M=0.005s

2026-07-11 21:42:08 (17.5 MB/s) - ‘/workspace/backups/cindemirlaw.com-20260711-214047/wp-content/uploads/2023/11/2e20a321-6694-44e0-ae3e-8a1a551ccdbb-1030x589.webp’ saved [86668/86668]

--2026-07-11 21:42:09--  https://cindemirlaw.com/wp-content/uploads/2023/11/2e20a321-6694-44e0-ae3e-8a1a551ccdbb-768x439.webp
Reusing existing connection to cindemirlaw.com:443.
HTTP request sent, awaiting response... 200 OK
Length: 50872 (50K) [image/webp]
Saving to: ‘/workspace/backups/cindemirlaw.com-20260711-214047/wp-content/uploads/2023/11/2e20a321-6694-44e0-ae3e-8a1a551ccdbb-768x439.webp’

     0K .......... .......... .......... .......... ......... 100% 33.6M=0.001s

2026-07-11 21:42:09 (33.6 MB/s) - ‘/workspace/backups/cindemirlaw.com-20260711-214047/wp-content/uploads/2023/11/2e20a321-6694-44e0-ae3e-8a1a551ccdbb-768x439.webp’ saved [50872/50872]

--2026-07-11 21:42:09--  https://cindemirlaw.com/wp-content/uploads/2023/11/2e20a321-6694-44e0-ae3e-8a1a551ccdbb-1536x878.webp
Reusing existing connection to cindemirlaw.com:443.
HTTP request sent, awaiting response... 200 OK
Length: 180778 (177K) [image/webp]
Saving to: ‘/workspace/backups/cindemirlaw.com-20260711-214047/wp-content/uploads/2023/11/2e20a321-6694-44e0-ae3e-8a1a551ccdbb-1536x878.webp’

     0K .......... .......... .......... .......... .......... 28% 15.1M 0s
    50K .......... .......... .......... .......... .......... 56% 10.2M 0s
   100K .......... .......... .......... .......... .......... 84% 53.7M 0s
   150K .......... .......... ......                          100% 14.4M=0.01s

2026-07-11 21:42:10 (16.0 MB/s) - ‘/workspace/backups/cindemirlaw.com-20260711-214047/wp-content/uploads/2023/11/2e20a321-6694-44e0-ae3e-8a1a551ccdbb-1536x878.webp’ saved [180778/180778]

--2026-07-11 21:42:10--  https://cindemirlaw.com/wp-content/uploads/2023/11/2e20a321-6694-44e0-ae3e-8a1a551ccdbb-1500x857.webp
Reusing existing connection to cindemirlaw.com:443.
HTTP request sent, awaiting response... 200 OK
Length: 172402 (168K) [image/webp]
Saving to: ‘/workspace/backups/cindemirlaw.com-20260711-214047/wp-content/uploads/2023/11/2e20a321-6694-44e0-ae3e-8a1a551ccdbb-1500x857.webp’

     0K .......... .......... .......... .......... .......... 29% 23.6M 0s
    50K .......... .......... .......... .......... .......... 59% 16.7M 0s
   100K .......... .......... .......... .......... .......... 89% 44.2M 0s
   150K .......... ........                                   100% 12.5M=0.008s

2026-07-11 21:42:10 (21.8 MB/s) - ‘/workspace/backups/cindemirlaw.com-20260711-214047/wp-content/uploads/2023/11/2e20a321-6694-44e0-ae3e-8a1a551ccdbb-1500x857.webp’ saved [172402/172402]

--2026-07-11 21:42:10--  https://cindemirlaw.com/wp-content/uploads/2023/11/2e20a321-6694-44e0-ae3e-8a1a551ccdbb-705x403.webp
Reusing existing connection to cindemirlaw.com:443.
HTTP request sent, awaiting response... 200 OK
Length: 43790 (43K) [image/webp]
Saving to: ‘/workspace/backups/cindemirlaw.com-20260711-214047/wp-content/uploads/2023/11/2e20a321-6694-44e0-ae3e-8a1a551ccdbb-705x403.webp’

     0K .......... .......... .......... .......... ..        100% 10.6M=0.004s

2026-07-11 21:42:10 (10.6 MB/s) - ‘/workspace/backups/cindemirlaw.com-20260711-214047/wp-content/uploads/2023/11/2e20a321-6694-44e0-ae3e-8a1a551ccdbb-705x403.webp’ saved [43790/43790]

--2026-07-11 21:42:11--  https://cindemirlaw.com/wp-content/uploads/2023/11/2e20a321-6694-44e0-ae3e-8a1a551ccdbb.webp
Reusing existing connection to cindemirlaw.com:443.
HTTP request sent, awaiting response... 200 OK
Length: 311590 (304K) [image/webp]
Saving to: ‘/workspace/backups/cindemirlaw.com-20260711-214047/wp-content/uploads/2023/11/2e20a321-6694-44e0-ae3e-8a1a551ccdbb.webp’

     0K .......... .......... .......... .......... .......... 16% 11.4M 0s
    50K .......... .......... .......... .......... .......... 32% 8.69M 0s
   100K .......... .......... .......... .......... .......... 49% 41.7M 0s
   150K .......... .......... .......... .......... .......... 65% 39.5M 0s
   200K .......... .......... .......... .......... .......... 82%  169M 0s
   250K .......... .......... .......... .......... .......... 98%  229M 0s
   300K ....                                                  100%  162M=0.01s

2026-07-11 21:42:11 (23.2 MB/s) - ‘/workspace/backups/cindemirlaw.com-20260711-214047/wp-content/uploads/2023/11/2e20a321-6694-44e0-ae3e-8a1a551ccdbb.webp’ saved [311590/311590]

--2026-07-11 21:42:12--  https://cindemirlaw.com/foreigners-and-international-protection-in-turkey/
Reusing existing connection to cindemirlaw.com:443.
HTTP request sent, awaiting response... 200 OK
Length: unspecified [text/html]
Saving to: ‘/workspace/backups/cindemirlaw.com-20260711-214047/foreigners-and-international-protection-in-turkey/index.html’

     0K .......... .......... .......... .......... .......... 28.1M
    50K .......... .......... .......... .......... .......... 28.0M
   100K .......... .......... .......... .......... .......... 89.0M
   150K .......... .......... .......... .......... .......... 25.4M
   200K .......... .......... .......... .......... .......... 73.0M
   250K .......... .......... .......... .......... .......... 46.5M
   300K .......... .......... .......... .......... .......... 58.7M
   350K .......... .......... .......... .......... ..........  329M
   400K .......... .......... .......... .......... .......... 53.9M
   450K .......... .......... .......... .......... ..........  133M
   500K .......... .......... .......... .......... ..........  354M
   550K .......... .......... .......... .......... ..........  322M
   600K .......... .......... .......... ..........            29.0M=0.01s

2026-07-11 21:42:12 (54.0 MB/s) - ‘/workspace/backups/cindemirlaw.com-20260711-214047/foreigners-and-international-protection-in-turkey/index.html’ saved [655809]

--2026-07-11 21:42:12--  https://cindemirlaw.com/wp-content/cache/wp-includes/js/mediaelement/mejs-controls.svg
Reusing existing connection to cindemirlaw.com:443.
HTTP request sent, awaiting response... 404 Not Found
2026-07-11 21:42:12 ERROR 404: Not Found.

--2026-07-11 21:42:13--  https://cindemirlaw.com/cisg-%D0%B2-%D1%82%D1%83%D1%80%D1%86%D0%B8%D0%B8-%D0%BC%D0%B5%D0%B6%D0%B4%D1%83%D0%BD%D0%B0%D1%80%D0%BE%D0%B4%D0%BD%D0%B0%D1%8F-%D0%BA%D1%83%D0%BF%D0%BB%D1%8F-%D0%BF%D1%80%D0%BE%D0%B4%D0%B0%D0%B6/
Reusing existing connection to cindemirlaw.com:443.
HTTP request sent, awaiting response... 200 OK
Length: unspecified [text/html]
Saving to: ‘/workspace/backups/cindemirlaw.com-20260711-214047/cisg-в-турции-международная-купля-продаж/index.html’

     0K .......... .......... .......... .......... .......... 1.67M
    50K .......... .......... .......... .......... .......... 24.0M
   100K .......... .......... .......... .......... .......... 29.9M
   150K .......... .......... .......... .......... .......... 46.7M
   200K .......... .......... .......... .......... .......... 54.9M
   250K .......... .......... .......... .......... ..........  161M
   300K .......... .......... .......... .......... ..........  629M
   350K .......... .......... .......... .......... ..........  107M
   400K .......... .......... .......... .......... .......... 35.8M
   450K .......... .......... .......... .......... ..........  148M
   500K .......... .......... .......... .......... ..........  584M
   550K .......... .......... .......... .......... ..........  426M
   600K .......... .......... .......... .......... ..........  521M
   650K .......... .......... ..........                        459M=0.04s

2026-07-11 21:42:13 (17.6 MB/s) - ‘/workspace/backups/cindemirlaw.com-20260711-214047/cisg-в-турции-международная-купля-продаж/index.html’ saved [696758]

--2026-07-11 21:42:13--  https://cindemirlaw.com/cisg-in-turkey-international-sale-of-goods-disputes-and-legal-framework/
Reusing existing connection to cindemirlaw.com:443.
HTTP request sent, awaiting response... 200 OK
Length: unspecified [text/html]
Saving to: ‘/workspace/backups/cindemirlaw.com-20260711-214047/cisg-in-turkey-international-sale-of-goods-disputes-and-legal-framework/index.html’

     0K .......... .......... .......... .......... .......... 13.8M
    50K .......... .......... .......... .......... .......... 19.9M
   100K .......... .......... .......... .......... .......... 30.9M
   150K .......... .......... .......... .......... ..........  426M
   200K .......... .......... .......... .......... .......... 21.6M
   250K .......... .......... .......... .......... ..........  321M
   300K .......... .......... .......... .......... ..........  409M
   350K .......... .......... .......... .......... ..........  285M
   400K .......... .......... .......... .......... ..........  370M
   450K .......... .......... .......... .......... .......... 58.6M
   500K .......... .......... .......... .......... ..........  145M
   550K .......... .......... .......... .......... ..........  171M
   600K .......... .......... .......... .......... .           449M=0.01s

2026-07-11 21:42:13 (51.9 MB/s) - ‘/workspace/backups/cindemirlaw.com-20260711-214047/cisg-in-turkey-international-sale-of-goods-disputes-and-legal-framework/index.html’ saved [656861]

--2026-07-11 21:42:14--  https://cindemirlaw.com/international-apostille-services-in-turkey/
Reusing existing connection to cindemirlaw.com:443.
HTTP request sent, awaiting response... 200 OK
Length: unspecified [text/html]
Saving to: ‘/workspace/backups/cindemirlaw.com-20260711-214047/international-apostille-services-in-turkey/index.html’

     0K .......... .......... .......... .......... .......... 20.5M
    50K .......... .......... .......... .......... .......... 25.4M
   100K .......... .......... .......... .......... .......... 25.4M
   150K .......... .......... .......... .......... ..........  252M
   200K .......... .......... .......... .......... ..........  404M
   250K .......... .......... .......... .......... ..........  519M
   300K .......... .......... .......... .......... .......... 51.0M
   350K .......... .......... .......... .......... ..........  110M
   400K .......... .......... .......... .......... ..........  393M
   450K .......... .......... .......... .......... ..........  394M
   500K .......... .......... .......... .......... .......... 75.0M
   550K .......... .......... .......... .......... ..........  124M
   600K .......... .......... .......... .......... .           389M=0.009s

2026-07-11 21:42:14 (66.4 MB/s) - ‘/workspace/backups/cindemirlaw.com-20260711-214047/international-apostille-services-in-turkey/index.html’ saved [656997]

--2026-07-11 21:42:15--  https://cindemirlaw.com/ottoman-title-deeds-in-turkiye-inheritance-registration-and-land-search/
Reusing existing connection to cindemirlaw.com:443.
HTTP request sent, awaiting response... 200 OK
Length: unspecified [text/html]
Saving to: ‘/workspace/backups/cindemirlaw.com-20260711-214047/ottoman-title-deeds-in-turkiye-inheritance-registration-and-land-search/index.html’

     0K .......... .......... .......... .......... .......... 11.4M
    50K .......... .......... .......... .......... .......... 24.1M
   100K .......... .......... .......... .......... ..........  412M
   150K .......... .......... .......... .......... .......... 18.7M
   200K .......... .......... .......... .......... .......... 30.9M
   250K .......... .......... .......... .......... ..........  122M
   300K .......... .......... .......... .......... ..........  386M
   350K .......... .......... .......... .......... ..........  100M
   400K .......... .......... .......... .......... ..........  317M
   450K .......... .......... .......... .......... .......... 36.0M
   500K .......... .......... .......... .......... ..........  376M
   550K .......... .......... .......... .......... ..........  318M
   600K .......... .......... .......... .....                  430M=0.01s

2026-07-11 21:42:15 (46.0 MB/s) - ‘/workspace/backups/cindemirlaw.com-20260711-214047/ottoman-title-deeds-in-turkiye-inheritance-registration-and-land-search/index.html’ saved [650602]

--2026-07-11 21:42:15--  https://cindemirlaw.com/crypto-market-manipulation-and-its-legal-implications-under-turkish-law/
Reusing existing connection to cindemirlaw.com:443.
HTTP request sent, awaiting response... 200 OK
Length: unspecified [text/html]
Saving to: ‘/workspace/backups/cindemirlaw.com-20260711-214047/crypto-market-manipulation-and-its-legal-implications-under-turkish-law/index.html’

     0K .......... .......... .......... .......... .......... 14.9M
    50K .......... .......... .......... .......... .......... 22.6M
   100K .......... .......... .......... .......... .......... 22.5M
   150K .......... .......... .......... .......... .......... 30.8M
   200K .......... .......... .......... .......... ..........  177M
   250K .......... .......... .......... .......... ..........  286M
   300K .......... .......... .......... .......... ..........  135M
   350K .......... .......... .......... .......... .......... 43.3M
   400K .......... .......... .......... .......... .......... 76.8M
   450K .......... .......... .......... .......... ..........  308M
   500K .......... .......... .......... .......... ..........  387M
   550K .......... .......... .......... .......... ..........  299M
   600K .......... .......... .......... .......... ..........  392M
   650K                                                        1.61T=0.01s

2026-07-11 21:42:15 (51.5 MB/s) - ‘/workspace/backups/cindemirlaw.com-20260711-214047/crypto-market-manipulation-and-its-legal-implications-under-turkish-law/index.html’ saved [666485]

--2026-07-11 21:42:16--  https://cindemirlaw.com/how-to-apply-to-the-european-court-of-human-rights-echr-legal-conditions-and-procedure/
Reusing existing connection to cindemirlaw.com:443.
HTTP request sent, awaiting response... 200 OK
Length: unspecified [text/html]
Saving to: ‘/workspace/backups/cindemirlaw.com-20260711-214047/how-to-apply-to-the-european-court-of-human-rights-echr-legal-conditions-and-procedure/index.html’

     0K .......... .......... .......... .......... .......... 15.1M
    50K .......... .......... .......... .......... .......... 1.65M
   100K .......... .......... .......... .......... ..........  313M
   150K .......... .......... .......... .......... .......... 25.5M
   200K .......... .......... .......... .......... ..........  415M
   250K .......... .......... .......... .......... .......... 35.8M
   300K .......... .......... .......... .......... ..........  325M
   350K .......... .......... .......... .......... .......... 51.1M
   400K .......... .......... .......... .......... ..........  494M
   450K .......... .......... .......... .......... ..........  469M
   500K .......... .......... .......... .......... ..........  508M
   550K .......... .......... .......... .......... .......... 3.09M
   600K .......... .......... .......... ..                    20.4M=0.06s

2026-07-11 21:42:16 (11.2 MB/s) - ‘/workspace/backups/cindemirlaw.com-20260711-214047/how-to-apply-to-the-european-court-of-human-rights-echr-legal-conditions-and-procedure/index.html’ saved [647327]

--2026-07-11 21:42:16--  https://cindemirlaw.com/%D1%82%D1%83%D1%80%D0%B8%D1%81%D1%82%D0%B8%D1%87%D0%B5%D1%81%D0%BA%D0%BE%D0%B5-%D0%BF%D1%80%D0%B0%D0%B2%D0%BE-%D0%B2-%D1%82%D1%83%D1%80%D1%86%D0%B8%D0%B8/
Reusing existing connection to cindemirlaw.com:443.
HTTP request sent, awaiting response... 200 OK
Length: unspecified [text/html]
Saving to: ‘/workspace/backups/cindemirlaw.com-20260711-214047/туристическое-право-в-турции/index.html’

     0K .......... .......... .......... .......... .......... 12.5M
    50K .......... .......... .......... .......... .......... 28.7M
   100K .......... .......... .......... .......... .......... 20.4M
   150K .......... .......... .......... .......... .......... 31.4M
   200K .......... .......... .......... .......... .......... 20.8M
   250K .......... .......... .......... .......... .......... 15.2M
   300K .......... .......... .......... .......... .......... 13.0M
   350K .......... .......... .......... .......... .......... 24.5M
   400K .......... .......... .......... .......... .......... 1.75M
   450K .......... .......... .......... .......... ..........  307M
   500K .......... .......... .......... .......... ..........  333M
   550K .......... .......... .......... .......... .......... 32.5M
   600K .......... .......... .......... .......... .......... 3.32M
   650K .......... .......... .......... .........              430M=0.07s

2026-07-11 21:42:16 (10.3 MB/s) - ‘/workspace/backups/cindemirlaw.com-20260711-214047/туристическое-право-в-турции/index.html’ saved [706557]

--2026-07-11 21:42:17--  https://cindemirlaw.com/tourism-law-in-turkey/
Reusing existing connection to cindemirlaw.com:443.
HTTP request sent, awaiting response... 200 OK
Length: unspecified [text/html]
Saving to: ‘/workspace/backups/cindemirlaw.com-20260711-214047/tourism-law-in-turkey/index.html’

     0K .......... .......... .......... .......... .......... 15.0M
    50K .......... .......... .......... .......... .......... 3.12M
   100K .......... .......... .......... .......... .......... 37.8M
   150K .......... .......... .......... .......... .......... 1.81M
   200K .......... .......... .......... .......... .......... 2.97M
   250K .......... .......... .......... .......... ..........  321M
   300K .......... .......... .......... .......... ..........  150M
   350K .......... .......... .......... .......... ..........  508M
   400K .......... .......... .......... .......... .......... 27.7M
   450K .......... .......... .......... .......... ..........  436M
   500K .......... .......... .......... .......... ..........  668M
   550K .......... .......... .......... .......... ..........  426M
   600K .......... .......... .......... .......... ...        15.3M=0.07s

2026-07-11 21:42:17 (9.12 MB/s) - ‘/workspace/backups/cindemirlaw.com-20260711-214047/tourism-law-in-turkey/index.html’ saved [659120]

--2026-07-11 21:42:17--  https://cindemirlaw.com/turkey-asset-repatriation-2026-legal-framework-for-bringing-foreign-assets-to-turkey/
Reusing existing connection to cindemirlaw.com:443.
HTTP request sent, awaiting response... 200 OK
Length: unspecified [text/html]
Saving to: ‘/workspace/backups/cindemirlaw.com-20260711-214047/turkey-asset-repatriation-2026-legal-framework-for-bringing-foreign-assets-to-turkey/index.html’

     0K .......... .......... .......... .......... .......... 34.1M
    50K .......... .......... .......... .......... ..........  464K
   100K .......... .......... .......... .......... ..........  336M
   150K .......... .......... .......... .......... ..........  693K
   200K .......... .......... .......... .......... .......... 67.1M
   250K .......... .......... .......... .......... ..........  114M
   300K .......... .......... .......... .......... .......... 6.71M
   350K .......... .......... .......... .......... .......... 1.52M
   400K .......... .......... .......... .......... ..........  284M
   450K .......... .......... .......... .......... ..........  510M
   500K .......... .......... .......... .......... .......... 83.6M
   550K .......... .......... .......... .......... .......... 3.43M
   600K .......... .......... .......... .......... .......    15.4M=0.2s

2026-07-11 21:42:18 (2.63 MB/s) - ‘/workspace/backups/cindemirlaw.com-20260711-214047/turkey-asset-repatriation-2026-legal-framework-for-bringing-foreign-assets-to-turkey/index.html’ saved [662953]

--2026-07-11 21:42:19--  https://cindemirlaw.com/airport-detention-in-turkey-legal-risks-for-foreign-travellers-and-how-to-respond/
Reusing existing connection to cindemirlaw.com:443.
HTTP request sent, awaiting response... 200 OK
Length: unspecified [text/html]
Saving to: ‘/workspace/backups/cindemirlaw.com-20260711-214047/airport-detention-in-turkey-legal-risks-for-foreign-travellers-and-how-to-respond/index.html’

     0K .......... .......... .......... .......... .......... 30.9M
    50K .......... .......... .......... .......... .......... 5.97M
   100K .......... .......... .......... .......... .......... 21.8M
   150K .......... .......... .......... .......... .......... 39.5M
   200K .......... .......... .......... .......... .......... 33.9M
   250K .......... .......... .......... .......... ..........  106M
   300K .......... .......... .......... .......... .......... 84.5M
   350K .......... .......... .......... .......... ..........  345M
   400K .......... .......... .......... .......... ..........  457M
   450K .......... .......... .......... .......... ..........  369M
   500K .......... .......... .......... .......... ..........  498M
   550K .......... .......... .......... .......... ..........  101M
   600K .......... .......... .......... .......... ..........  261M
   650K ........                                                378M=0.02s

2026-07-11 21:42:19 (38.1 MB/s) - ‘/workspace/backups/cindemirlaw.com-20260711-214047/airport-detention-in-turkey-legal-risks-for-foreign-travellers-and-how-to-respond/index.html’ saved [674167]

--2026-07-11 21:42:19--  https://cindemirlaw.com/child-abduction-and-retention-under-turkish-law/
Reusing existing connection to cindemirlaw.com:443.
HTTP request sent, awaiting response... 200 OK
Length: unspecified [text/html]
Saving to: ‘/workspace/backups/cindemirlaw.com-20260711-214047/child-abduction-and-retention-under-turkish-law/index.html’

     0K .......... .......... .......... .......... .......... 1.85M
    50K .......... .......... .......... .......... .......... 9.15M
   100K .......... .......... .......... .......... ..........  354M
   150K .......... .......... .......... .......... .......... 28.2M
   200K .......... .......... .......... .......... ..........  486M
   250K .......... .......... .......... .......... ..........  449M
   300K .......... .......... .......... .......... .......... 85.9M
   350K .......... .......... .......... .......... ..........  516M
   400K .......... .......... .......... .......... ..........  125M
   450K .......... .......... .......... .......... ..........  292M
   500K .......... .......... .......... .......... ..........  148M
   550K .......... .......... .......... .......... ..........  123M
   600K .......... .......... .......... .......... .           426M=0.04s

2026-07-11 21:42:19 (17.5 MB/s) - ‘/workspace/backups/cindemirlaw.com-20260711-214047/child-abduction-and-retention-under-turkish-law/index.html’ saved [657086]

--2026-07-11 21:42:20--  https://cindemirlaw.com/enforcement-of-promissory-notes-bills-of-exchange-and-cheques-in-turkey/
Reusing existing connection to cindemirlaw.com:443.
HTTP request sent, awaiting response... 200 OK
Length: unspecified [text/html]
Saving to: ‘/workspace/backups/cindemirlaw.com-20260711-214047/enforcement-of-promissory-notes-bills-of-exchange-and-cheques-in-turkey/index.html’

     0K .......... .......... .......... .......... .......... 6.68M
    50K .......... .......... .......... .......... .......... 5.21M
   100K .......... .......... .......... .......... .......... 16.9M
   150K .......... .......... .......... .......... .......... 1.63M
   200K .......... .......... .......... .......... ..........  121M
   250K .......... .......... .......... .......... ..........  385M
   300K .......... .......... .......... .......... .......... 42.5M
   350K .......... .......... .......... .......... ..........  262M
   400K .......... .......... .......... .......... ..........  153M
   450K .......... .......... .......... .......... ..........  289M
   500K .......... .......... .......... .......... ..........  255M
   550K .......... .......... .......... .......... ..........  258M
   600K .......... .......... .......... .......... .........   280M=0.05s

2026-07-11 21:42:20 (12.1 MB/s) - ‘/workspace/backups/cindemirlaw.com-20260711-214047/enforcement-of-promissory-notes-bills-of-exchange-and-cheques-in-turkey/index.html’ saved [665533]

--2026-07-11 21:42:20--  https://cindemirlaw.com/legal-opinion-and-expert-opinion-in-turkey-why-the-distinction-matters/
Reusing existing connection to cindemirlaw.com:443.
HTTP request sent, awaiting response... 200 OK
Length: unspecified [text/html]
Saving to: ‘/workspace/backups/cindemirlaw.com-20260711-214047/legal-opinion-and-expert-opinion-in-turkey-why-the-distinction-matters/index.html’

     0K .......... .......... .......... .......... .......... 29.6M
    50K .......... .......... .......... .......... .......... 2.39M
   100K .......... .......... .......... .......... ..........  340M
   150K .......... .......... .......... .......... .......... 58.8M
   200K .......... .......... .......... .......... ..........  267M
   250K .......... .......... .......... .......... ..........  244M
   300K .......... .......... .......... .......... .......... 68.8M
   350K .......... .......... .......... .......... ..........  237M
   400K .......... .......... .......... .......... ..........  283M
   450K .......... .......... .......... .......... ..........  283M
   500K .......... .......... .......... .......... ..........  306M
   550K .......... .......... .......... .......... .......... 13.5M
   600K .......... .......... .......... .......... ..........  232M
   650K .                                                      3.17T=0.03s

2026-07-11 21:42:20 (22.2 MB/s) - ‘/workspace/backups/cindemirlaw.com-20260711-214047/legal-opinion-and-expert-opinion-in-turkey-why-the-distinction-matters/index.html’ saved [667342]

--2026-07-11 21:42:21--  https://cindemirlaw.com/exit-bans-in-turkey-a-critical-exploration-of-judicial-control/
Reusing existing connection to cindemirlaw.com:443.
HTTP request sent, awaiting response... 200 OK
Length: unspecified [text/html]
Saving to: ‘/workspace/backups/cindemirlaw.com-20260711-214047/exit-bans-in-turkey-a-critical-exploration-of-judicial-control/index.html’

     0K .......... .......... .......... .......... .......... 94.9M
    50K .......... .......... .......... .......... .......... 38.3M
   100K .......... .......... .......... .......... .......... 47.0M
   150K .......... .......... .......... .......... ..........  322M
   200K .......... .......... .......... .......... .......... 40.0M
   250K .......... .......... .......... .......... ..........  201M
   300K .......... .......... .......... .......... .......... 2.78M
   350K .......... .......... .......... .......... ..........  212M
   400K .......... .......... .......... .......... ..........  321M
   450K .......... .......... .......... .......... ..........  393M
   500K .......... .......... .......... .......... ..........  387M
   550K .......... .......... .......... .......... ..........  315M
   600K .......... .......... ..........                       7.12M=0.03s

2026-07-11 21:42:21 (22.8 MB/s) - ‘/workspace/backups/cindemirlaw.com-20260711-214047/exit-bans-in-turkey-a-critical-exploration-of-judicial-control/index.html’ saved [645196]

--2026-07-11 21:42:22--  https://cindemirlaw.com/legal-rights-of-foreign-nationals-in-police-custody-in-istanbul/
Reusing existing connection to cindemirlaw.com:443.
HTTP request sent, awaiting response... 200 OK
Length: unspecified [text/html]
Saving to: ‘/workspace/backups/cindemirlaw.com-20260711-214047/legal-rights-of-foreign-nationals-in-police-custody-in-istanbul/index.html’

     0K .......... .......... .......... .......... .......... 14.0M
    50K .......... .......... .......... .......... .......... 25.5M
   100K .......... .......... .......... .......... .......... 28.0M
   150K .......... .......... .......... .......... .......... 71.2M
   200K .......... .......... .......... .......... .......... 59.4M
   250K .......... .......... .......... .......... .......... 76.6M
   300K .......... .......... .......... .......... .......... 92.4M
   350K .......... .......... .......... .......... ..........  433M
   400K .......... .......... .......... .......... ..........  599M
   450K .......... .......... .......... .......... .......... 60.6M
   500K .......... .......... .......... .......... ..........  101M
   550K .......... .......... .......... .......... ..........  414M
   600K .......... .......... ......                            488M=0.01s

2026-07-11 21:42:22 (53.3 MB/s) - ‘/workspace/backups/cindemirlaw.com-20260711-214047/legal-rights-of-foreign-nationals-in-police-custody-in-istanbul/index.html’ saved [641482]

--2026-07-11 21:42:22--  https://cindemirlaw.com/intentional-injury-resulting-in-death-under-turkish-criminal-law/
Reusing existing connection to cindemirlaw.com:443.
HTTP request sent, awaiting response... 200 OK
Length: unspecified [text/html]
Saving to: ‘/workspace/backups/cindemirlaw.com-20260711-214047/intentional-injury-resulting-in-death-under-turkish-criminal-law/index.html’

     0K .......... .......... .......... .......... .......... 12.3M
    50K .......... .......... .......... .......... .......... 17.7M
   100K .......... .......... .......... .......... .......... 32.2M
   150K .......... .......... .......... .......... .......... 47.6M
   200K .......... .......... .......... .......... .......... 31.2M
   250K .......... .......... .......... .......... ..........  138M
   300K .......... .......... .......... .......... ..........  250M
   350K .......... .......... .......... .......... ..........  195M
   400K .......... .......... .......... .......... .......... 88.9M
   450K .......... .......... .......... .......... .......... 46.1M
   500K .......... .......... .......... .......... ..........  344M
   550K .......... .......... .......... .......... ..........  406M
   600K .......... .......... .......... ....                   498M=0.01s

2026-07-11 21:42:23 (45.7 MB/s) - ‘/workspace/backups/cindemirlaw.com-20260711-214047/intentional-injury-resulting-in-death-under-turkish-criminal-law/index.html’ saved [649319]

--2026-07-11 21:42:23--  https://cindemirlaw.com/turkish-companies-before-the-court-of-justice-of-the-european-union/
Reusing existing connection to cindemirlaw.com:443.
HTTP request sent, awaiting response... 200 OK
Length: unspecified [text/html]
Saving to: ‘/workspace/backups/cindemirlaw.com-20260711-214047/turkish-companies-before-the-court-of-justice-of-the-european-union/index.html’

     0K .......... .......... .......... .......... .......... 22.5M
    50K .......... .......... .......... .......... .......... 2.50M
   100K .......... .......... .......... .......... .......... 21.3M
   150K .......... .......... .......... .......... ..........  216M
   200K .......... .......... .......... .......... .......... 77.5M
   250K .......... .......... .......... .......... ..........  344M
   300K .......... .......... .......... .......... ..........  136M
   350K .......... .......... .......... .......... ..........  327M
   400K .......... .......... .......... .......... .......... 96.5M
   450K .......... .......... .......... .......... ..........  318M
   500K .......... .......... .......... .......... ..........  373M
   550K .......... .......... .......... .......... ..........  386M
   600K .......... .......... ..........                        464M=0.03s

2026-07-11 21:42:23 (23.3 MB/s) - ‘/workspace/backups/cindemirlaw.com-20260711-214047/turkish-companies-before-the-court-of-justice-of-the-european-union/index.html’ saved [646110]

--2026-07-11 21:42:24--  https://cindemirlaw.com/legal-status-of-late-registered-turkish-citizens-concerning-military-service-obligations-under-law-no-7179/
Reusing existing connection to cindemirlaw.com:443.
HTTP request sent, awaiting response... 200 OK
Length: unspecified [text/html]
Saving to: ‘/workspace/backups/cindemirlaw.com-20260711-214047/legal-status-of-late-registered-turkish-citizens-concerning-military-service-obligations-under-law-no-7179/index.html’

     0K .......... .......... .......... .......... .......... 6.32M
    50K .......... .......... .......... .......... .......... 25.0M
   100K .......... .......... .......... .......... .......... 30.3M
   150K .......... .......... .......... .......... .......... 31.1M
   200K .......... .......... .......... .......... ..........  115M
   250K .......... .......... .......... .......... ..........  122M
   300K .......... .......... .......... .......... ..........  364M
   350K .......... .......... .......... .......... .......... 39.8M
   400K .......... .......... .......... .......... ..........  132M
   450K .......... .......... .......... .......... ..........  414M
   500K .......... .......... .......... .......... ..........  148M
   550K .......... .......... .......... .......... ..........  569M
   600K .......... .......... .......... ......                 577M=0.02s

2026-07-11 21:42:24 (38.8 MB/s) - ‘/workspace/backups/cindemirlaw.com-20260711-214047/legal-status-of-late-registered-turkish-citizens-concerning-military-service-obligations-under-law-no-7179/index.html’ saved [651831]

--2026-07-11 21:42:25--  https://cindemirlaw.com/understanding-spks-introduction-guide-for-information-systems-independent-audit/
Reusing existing connection to cindemirlaw.com:443.
HTTP request sent, awaiting response... 200 OK
Length: unspecified [text/html]
Saving to: ‘/workspace/backups/cindemirlaw.com-20260711-214047/understanding-spks-introduction-guide-for-information-systems-independent-audit/index.html’

     0K .......... .......... .......... .......... .......... 12.3M
    50K .......... .......... .......... .......... .......... 26.9M
   100K .......... .......... .......... .......... .......... 19.6M
   150K .......... .......... .......... .......... .......... 29.3M
   200K .......... .......... .......... .......... .......... 24.3M
   250K .......... .......... .......... .......... .......... 54.2M
   300K .......... .......... .......... .......... .......... 42.5M
   350K .......... .......... .......... .......... .......... 66.1M
   400K .......... .......... .......... .......... ..........  447M
   450K .......... .......... .......... .......... ..........  208M
   500K .......... .......... .......... .......... ..........  134M
   550K .......... .......... .......... .......... .......... 35.1M
   600K .......... .......... .......... .......... .......     386M=0.02s

2026-07-11 21:42:25 (37.3 MB/s) - ‘/workspace/backups/cindemirlaw.com-20260711-214047/understanding-spks-introduction-guide-for-information-systems-independent-audit/index.html’ saved [662734]

--2026-07-11 21:42:25--  https://cindemirlaw.com/a-practical-overview-of-crypto-asset-service-providers-and-platforms-in-turkiye/
Reusing existing connection to cindemirlaw.com:443.
HTTP request sent, awaiting response... 200 OK
Length: unspecified [text/html]
Saving to: ‘/workspace/backups/cindemirlaw.com-20260711-214047/a-practical-overview-of-crypto-asset-service-providers-and-platforms-in-turkiye/index.html’

     0K .......... .......... .......... .......... .......... 14.2M
    50K .......... .......... .......... .......... .......... 20.2M
   100K .......... .......... .......... .......... .......... 36.1M
   150K .......... .......... .......... .......... .......... 63.8M
   200K .......... .......... .......... .......... .......... 45.5M
   250K .......... .......... .......... .......... .......... 49.9M
   300K .......... .......... .......... .......... ..........  385M
   350K .......... .......... .......... .......... ..........  313M
   400K .......... .......... .......... .......... ..........  382M
   450K .......... .......... .......... .......... .......... 42.7M
   500K .......... .......... .......... .......... .......... 56.0M
   550K .......... .......... .......... .......... ..........  361M
   600K .......... .......... .........                         664M=0.01s

2026-07-11 21:42:26 (48.7 MB/s) - ‘/workspace/backups/cindemirlaw.com-20260711-214047/a-practical-overview-of-crypto-asset-service-providers-and-platforms-in-turkiye/index.html’ saved [644988]

--2026-07-11 21:42:26--  https://cindemirlaw.com/%D0%BF%D1%80%D0%B5%D1%81%D1%82%D1%83%D0%BF%D0%BB%D0%B5%D0%BD%D0%B8%D1%8F-%D1%81-%D0%BA%D1%80%D0%B8%D0%BF%D1%82%D0%BE%D0%B2%D0%B0%D0%BB%D1%8E%D1%82%D0%BE%D0%B9-%D0%B2-%D1%82%D1%83%D1%80%D1%86%D0%B8/
Reusing existing connection to cindemirlaw.com:443.
HTTP request sent, awaiting response... 200 OK
Length: unspecified [text/html]
Saving to: ‘/workspace/backups/cindemirlaw.com-20260711-214047/преступления-с-криптовалютой-в-турци/index.html’

     0K .......... .......... .......... .......... .......... 13.3M
    50K .......... .......... .......... .......... .......... 18.0M
   100K .......... .......... .......... .......... .......... 35.6M
   150K .......... .......... .......... .......... .......... 66.2M
   200K .......... .......... .......... .......... .......... 41.2M
   250K .......... .......... .......... .......... .......... 75.3M
   300K .......... .......... .......... .......... ..........  112M
   350K .......... .......... .......... .......... ..........  167M
   400K .......... .......... .......... .......... .......... 43.9M
   450K .......... .......... .......... .......... ..........  159M
   500K .......... .......... .......... .......... ..........  386M
   550K .......... .......... .......... .......... ..........  307M
   600K .......... .......... .......... .......... .....       480M=0.01s

2026-07-11 21:42:26 (49.1 MB/s) - ‘/workspace/backups/cindemirlaw.com-20260711-214047/преступления-с-криптовалютой-в-турци/index.html’ saved [661069]

--2026-07-11 21:42:27--  https://cindemirlaw.com/turkey-crypto-crimes-legal-landscape-enforcement-and-investor-protection/
Reusing existing connection to cindemirlaw.com:443.
HTTP request sent, awaiting response... 200 OK
Length: unspecified [text/html]
Saving to: ‘/workspace/backups/cindemirlaw.com-20260711-214047/turkey-crypto-crimes-legal-landscape-enforcement-and-investor-protection/index.html’

     0K .......... .......... .......... .......... .......... 23.9M
    50K .......... .......... .......... .......... .......... 3.24M
   100K .......... .......... .......... .......... ..........  350M
   150K .......... .......... .......... .......... .......... 48.4M
   200K .......... .......... .......... .......... ..........  409M
   250K .......... .......... .......... .......... .......... 44.6M
   300K .......... .......... .......... .......... ..........  393M
   350K .......... .......... .......... .......... ..........  415M
   400K .......... .......... .......... .......... ..........  500M
   450K .......... .......... .......... .......... ..........  488M
   500K .......... .......... .......... .......... ..........  110M
   550K .......... .......... .......... .......... ..........  168M
   600K .......... .......... .......... ........               463M=0.02s

2026-07-11 21:42:27 (30.1 MB/s) - ‘/workspace/backups/cindemirlaw.com-20260711-214047/turkey-crypto-crimes-legal-landscape-enforcement-and-investor-protection/index.html’ saved [653536]

--2026-07-11 21:42:28--  https://cindemirlaw.com/crypto-assets-status-a-perspective-following-turkeys-stance-on-crypto-use/
Connecting to cindemirlaw.com (cindemirlaw.com)|162.241.252.122|:443... connected.
HTTP request sent, awaiting response... 200 OK
Length: unspecified [text/html]
Saving to: ‘/workspace/backups/cindemirlaw.com-20260711-214047/crypto-assets-status-a-perspective-following-turkeys-stance-on-crypto-use/index.html’

     0K .......... .......... .......... .......... ..........  447K
    50K .......... .......... .......... .......... ..........  894K
   100K .......... .......... .......... .......... .......... 32.1M
   150K .......... .......... .......... .......... ..........  912K
   200K .......... .......... .......... .......... ..........  132M
   250K .......... .......... .......... .......... ..........  401M
   300K .......... .......... .......... .......... .......... 32.4M
   350K .......... .......... .......... .......... ..........  923K
   400K .......... .......... .......... .......... ..........  339M
   450K .......... .......... .......... .......... ..........  426M
   500K .......... .......... .......... .......... ..........  363M
   550K .......... .......... .......... .......... ..........  366M
   600K .......... .......... .......... ......                 325M=0.3s

2026-07-11 21:42:28 (2.21 MB/s) - ‘/workspace/backups/cindemirlaw.com-20260711-214047/crypto-assets-status-a-perspective-following-turkeys-stance-on-crypto-use/index.html’ saved [651773]

--2026-07-11 21:42:29--  https://cindemirlaw.com/%D1%80%D0%B0%D1%81%D1%81%D0%BB%D0%B5%D0%B4%D0%BE%D0%B2%D0%B0%D0%BD%D0%B8%D0%B5-%D0%BD%D0%B0%D1%81%D0%BB%D0%B5%D0%B4%D1%81%D1%82%D0%B2%D0%B0-%D0%B2-%D1%82%D1%83%D1%80%D1%86%D0%B8%D0%B8-%D1%8E%D1%80/
Reusing existing connection to cindemirlaw.com:443.
HTTP request sent, awaiting response... 200 OK
Length: unspecified [text/html]
Saving to: ‘/workspace/backups/cindemirlaw.com-20260711-214047/расследование-наследства-в-турции-юр/index.html’

     0K .......... .......... .......... .......... .......... 33.6M
    50K .......... .......... .......... .......... .......... 29.7M
   100K .......... .......... .......... .......... .......... 21.1M
   150K .......... .......... .......... .......... ..........  203M
   200K .......... .......... .......... .......... .......... 30.5M
   250K .......... .......... .......... .......... ..........  384M
   300K .......... .......... .......... .......... .......... 31.5M
   350K .......... .......... .......... .......... ..........  322M
   400K .......... .......... .......... .......... ..........  435M
   450K .......... .......... .......... .......... ..........  381M
   500K .......... .......... .......... .......... .......... 37.8M
   550K .......... .......... .......... .......... .......... 1.08M
   600K .......... .......... .......... .......... ........   50.2M=0.06s

2026-07-11 21:42:29 (11.2 MB/s) - ‘/workspace/backups/cindemirlaw.com-20260711-214047/расследование-наследства-в-турции-юр/index.html’ saved [664171]

--2026-07-11 21:42:29--  https://cindemirlaw.com/inheritance-investigation-in-turkey-guiding-international-heirs-through-a-complex-process/
Reusing existing connection to cindemirlaw.com:443.
HTTP request sent, awaiting response... 200 OK
Length: unspecified [text/html]
Saving to: ‘/workspace/backups/cindemirlaw.com-20260711-214047/inheritance-investigation-in-turkey-guiding-international-heirs-through-a-complex-process/index.html’

     0K .......... .......... .......... .......... .......... 14.2M
    50K .......... .......... .......... .......... .......... 19.3M
   100K .......... .......... .......... .......... .......... 31.8M
   150K .......... .......... .......... .......... .......... 48.8M
   200K .......... .......... .......... .......... .......... 31.5M
   250K .......... .......... .......... .......... ..........  373M
   300K .......... .......... .......... .......... ..........  111M
   350K .......... .......... .......... .......... ..........  145M
   400K .......... .......... .......... .......... .......... 41.4M
   450K .......... .......... .......... .......... ..........  119M
   500K .......... .......... .......... .......... ..........  451M
   550K .......... .......... .......... .......... ..........  314M
   600K .......... .......... .......... ......                 444M=0.01s

2026-07-11 21:42:29 (48.2 MB/s) - ‘/workspace/backups/cindemirlaw.com-20260711-214047/inheritance-investigation-in-turkey-guiding-international-heirs-through-a-complex-process/index.html’ saved [651686]

--2026-07-11 21:42:30--  https://cindemirlaw.com/eu-legal-representative-services-for-ai-companies-outside-the-european-union/
Reusing existing connection to cindemirlaw.com:443.
HTTP request sent, awaiting response... 200 OK
Length: unspecified [text/html]
Saving to: ‘/workspace/backups/cindemirlaw.com-20260711-214047/eu-legal-representative-services-for-ai-companies-outside-the-european-union/index.html’

     0K .......... .......... .......... .......... .......... 12.6M
    50K .......... .......... .......... .......... .......... 26.5M
   100K .......... .......... .......... .......... .......... 19.2M
   150K .......... .......... .......... .......... .......... 84.3M
   200K .......... .......... .......... .......... .......... 36.6M
   250K .......... .......... .......... .......... ..........  348M
   300K .......... .......... .......... .......... ..........  234M
   350K .......... .......... .......... .......... .......... 73.8M
   400K .......... .......... .......... .......... .......... 69.3M
   450K .......... .......... .......... .......... .......... 95.0M
   500K .......... .......... .......... .......... ..........  356M
   550K .......... .......... .......... .......... ..........  361M
   600K .......... .......... ..........                        549M=0.01s

2026-07-11 21:42:30 (48.4 MB/s) - ‘/workspace/backups/cindemirlaw.com-20260711-214047/eu-legal-representative-services-for-ai-companies-outside-the-european-union/index.html’ saved [645701]

--2026-07-11 21:42:30--  https://cindemirlaw.com/financial-rights-of-daughters-under-turkish-social-security-law/
Reusing existing connection to cindemirlaw.com:443.
HTTP request sent, awaiting response... 200 OK
Length: unspecified [text/html]
Saving to: ‘/workspace/backups/cindemirlaw.com-20260711-214047/financial-rights-of-daughters-under-turkish-social-security-law/index.html’

     0K .......... .......... .......... .......... .......... 29.1M
    50K .......... .......... .......... .......... .......... 21.9M
   100K .......... .......... .......... .......... .......... 26.6M
   150K .......... .......... .......... .......... .......... 55.1M
   200K .......... .......... .......... .......... .......... 46.8M
   250K .......... .......... .......... .......... ..........  452M
   300K .......... .......... .......... .......... .......... 5.60M
   350K .......... .......... .......... .......... ..........  447M
   400K .......... .......... .......... .......... ..........  697M
   450K .......... .......... .......... .......... ..........  539M
   500K .......... .......... .......... .......... ..........  498M
   550K .......... .......... .......... .......... ..........  448M
   600K .......... .......... .......... .....                  565M=0.02s

2026-07-11 21:42:30 (36.4 MB/s) - ‘/workspace/backups/cindemirlaw.com-20260711-214047/financial-rights-of-daughters-under-turkish-social-security-law/index.html’ saved [651160]

--2026-07-11 21:42:31--  https://cindemirlaw.com/survivor-pension-for-spouses-of-deceased-turkish-citizens/
Reusing existing connection to cindemirlaw.com:443.
HTTP request sent, awaiting response... 200 OK
Length: unspecified [text/html]
Saving to: ‘/workspace/backups/cindemirlaw.com-20260711-214047/survivor-pension-for-spouses-of-deceased-turkish-citizens/index.html’

     0K .......... .......... .......... .......... .......... 13.8M
    50K .......... .......... .......... .......... .......... 20.2M
   100K .......... .......... .......... .......... .......... 32.8M
   150K .......... .......... .......... .......... .......... 40.7M
   200K .......... .......... .......... .......... .......... 57.6M
   250K .......... .......... .......... .......... .......... 62.5M
   300K .......... .......... .......... .......... ..........  141M
   350K .......... .......... .......... .......... ..........  123M
   400K .......... .......... .......... .......... ..........  427M
   450K .......... .......... .......... .......... .......... 67.1M
   500K .......... .......... .......... .......... .......... 79.2M
   550K .......... .......... .......... .......... ..........  443M
   600K .......... .......... .......... .                      700M=0.01s

2026-07-11 21:42:31 (48.8 MB/s) - ‘/workspace/backups/cindemirlaw.com-20260711-214047/survivor-pension-for-spouses-of-deceased-turkish-citizens/index.html’ saved [646429]

--2026-07-11 21:42:31--  https://cindemirlaw.com/title-deeds-in-turkey-a-legal-and-historical-overview/
Reusing existing connection to cindemirlaw.com:443.
HTTP request sent, awaiting response... 200 OK
Length: unspecified [text/html]
Saving to: ‘/workspace/backups/cindemirlaw.com-20260711-214047/title-deeds-in-turkey-a-legal-and-historical-overview/index.html’

     0K .......... .......... .......... .......... .......... 12.5M
    50K .......... .......... .......... .......... .......... 24.5M
   100K .......... .......... .......... .......... .......... 33.9M
   150K .......... .......... .......... .......... .......... 49.1M
   200K .......... .......... .......... .......... .......... 41.4M
   250K .......... .......... .......... .......... ..........  105M
   300K .......... .......... .......... .......... .......... 95.5M
   350K .......... .......... .......... .......... ..........  209M
   400K .......... .......... .......... .......... ..........  439M
   450K .......... .......... .......... .......... .......... 54.0M
   500K .......... .......... .......... .......... ..........  477M
   550K .......... .......... .......... .......... .......... 79.0M
   600K .......... .......... .......... ....                   469M=0.01s

2026-07-11 21:42:32 (49.4 MB/s) - ‘/workspace/backups/cindemirlaw.com-20260711-214047/title-deeds-in-turkey-a-legal-and-historical-overview/index.html’ saved [649234]

--2026-07-11 21:42:32--  https://cindemirlaw.com/crypto-asset-fraud-common-schemes-legal-analysis-what-victims-should-do/
Reusing existing connection to cindemirlaw.com:443.
HTTP request sent, awaiting response... 200 OK
Length: unspecified [text/html]
Saving to: ‘/workspace/backups/cindemirlaw.com-20260711-214047/crypto-asset-fraud-common-schemes-legal-analysis-what-victims-should-do/index.html’

     0K .......... .......... .......... .......... .......... 13.3M
    50K .......... .......... .......... .......... .......... 24.3M
   100K .......... .......... .......... .......... .......... 78.2M
   150K .......... .......... .......... .......... .......... 18.7M
   200K .......... .......... .......... .......... .......... 37.2M
   250K .......... .......... .......... .......... .......... 99.7M
   300K .......... .......... .......... .......... .......... 87.7M
   350K .......... .......... .......... .......... ..........  426M
   400K .......... .......... .......... .......... ..........  118M
   450K .......... .......... .......... .......... .......... 54.0M
   500K .......... .......... .......... .......... ..........  130M
   550K .......... .......... .......... .......... ..........  446M
   600K .......... .......... .......... ........               580M=0.01s

2026-07-11 21:42:32 (47.0 MB/s) - ‘/workspace/backups/cindemirlaw.com-20260711-214047/crypto-asset-fraud-common-schemes-legal-analysis-what-victims-should-do/index.html’ saved [654314]

--2026-07-11 21:42:33--  https://cindemirlaw.com/crypto-asset-fraud-in-turkey-legal-perspective/
Reusing existing connection to cindemirlaw.com:443.
HTTP request sent, awaiting response... 200 OK
Length: unspecified [text/html]
Saving to: ‘/workspace/backups/cindemirlaw.com-20260711-214047/crypto-asset-fraud-in-turkey-legal-perspective/index.html’

     0K .......... .......... .......... .......... .......... 14.3M
    50K .......... .......... .......... .......... .......... 19.2M
   100K .......... .......... .......... .......... .......... 34.5M
   150K .......... .......... .......... .......... .......... 57.5M
   200K .......... .......... .......... .......... .......... 36.0M
   250K .......... .......... .......... .......... ..........  306M
   300K .......... .......... .......... .......... ..........  177M
   350K .......... .......... .......... .......... ..........  196M
   400K .......... .......... .......... .......... ..........  350M
   450K .......... .......... .......... .......... .......... 43.1M
   500K .......... .......... .......... .......... ..........  337M
   550K .......... .......... .......... .......... ..........  302M
   600K .......... .......... ........                          404M=0.01s

2026-07-11 21:42:33 (51.6 MB/s) - ‘/workspace/backups/cindemirlaw.com-20260711-214047/crypto-asset-fraud-in-turkey-legal-perspective/index.html’ saved [643833]

--2026-07-11 21:42:34--  https://cindemirlaw.com/airport-customs-seizures-and-smuggling-offences-under-turkish-law/
Reusing existing connection to cindemirlaw.com:443.
HTTP request sent, awaiting response... 200 OK
Length: unspecified [text/html]
Saving to: ‘/workspace/backups/cindemirlaw.com-20260711-214047/airport-customs-seizures-and-smuggling-offences-under-turkish-law/index.html’

     0K .......... .......... .......... .......... .......... 12.3M
    50K .......... .......... .......... .......... .......... 17.6M
   100K .......... .......... .......... .......... .......... 45.8M
   150K .......... .......... .......... .......... .......... 56.2M
   200K .......... .......... .......... .......... .......... 46.6M
   250K .......... .......... .......... .......... .......... 47.0M
   300K .......... .......... .......... .......... ..........  347M
   350K .......... .......... .......... .......... ..........  294M
   400K .......... .......... .......... .......... .......... 55.6M
   450K .......... .......... .......... .......... ..........  137M
   500K .......... .......... .......... .......... ..........  379M
   550K .......... .......... .......... .......... .......... 3.02M
   600K .......... .......... .......... ....                   279M=0.03s

2026-07-11 21:42:34 (21.5 MB/s) - ‘/workspace/backups/cindemirlaw.com-20260711-214047/airport-customs-seizures-and-smuggling-offences-under-turkish-law/index.html’ saved [649721]

--2026-07-11 21:42:34--  https://cindemirlaw.com/turk-hukukunda-kripto-varliklarin-duzenlenmesi/
Reusing existing connection to cindemirlaw.com:443.
HTTP request sent, awaiting response... 200 OK
Length: unspecified [text/html]
Saving to: ‘/workspace/backups/cindemirlaw.com-20260711-214047/turk-hukukunda-kripto-varliklarin-duzenlenmesi/index.html’

     0K .......... .......... .......... .......... .......... 12.9M
    50K .......... .......... .......... .......... .......... 22.3M
   100K .......... .......... .......... .......... .......... 33.6M
   150K .......... .......... .......... .......... .......... 60.7M
   200K .......... .......... .......... .......... .......... 36.1M
   250K .......... .......... .......... .......... ..........  286M
   300K .......... .......... .......... .......... .......... 75.2M
   350K .......... .......... .......... .......... .......... 71.0M
   400K .......... .......... .......... .......... ..........  119M
   450K .......... .......... .......... .......... ..........  113M
   500K .......... .......... .......... .......... ..........  317M
   550K .......... .......... .......... .......... ..........  275M
   600K .......... .......... ........                          367M=0.01s

2026-07-11 21:42:34 (49.8 MB/s) - ‘/workspace/backups/cindemirlaw.com-20260711-214047/turk-hukukunda-kripto-varliklarin-duzenlenmesi/index.html’ saved [643364]

--2026-07-11 21:42:35--  https://cindemirlaw.com/humanitarian-residence-permit-in-turkey-legal-insights-by-cindemir-law-office/
Reusing existing connection to cindemirlaw.com:443.
HTTP request sent, awaiting response... 200 OK
Length: unspecified [text/html]
Saving to: ‘/workspace/backups/cindemirlaw.com-20260711-214047/humanitarian-residence-permit-in-turkey-legal-insights-by-cindemir-law-office/index.html’

     0K .......... .......... .......... .......... .......... 14.7M
    50K .......... .......... .......... .......... .......... 24.3M
   100K .......... .......... .......... .......... .......... 31.7M
   150K .......... .......... .......... .......... .......... 44.7M
   200K .......... .......... .......... .......... .......... 51.9M
   250K .......... .......... .......... .......... .......... 89.8M
   300K .......... .......... .......... .......... ..........  402M
   350K .......... .......... .......... .......... .......... 96.3M
   400K .......... .......... .......... .......... .......... 54.5M
   450K .......... .......... .......... .......... ..........  112M
   500K .......... .......... .......... .......... ..........  138M
   550K .......... .......... .......... .......... ..........  337M
   600K .......... .......... .......... .                      232M=0.01s

2026-07-11 21:42:35 (51.2 MB/s) - ‘/workspace/backups/cindemirlaw.com-20260711-214047/humanitarian-residence-permit-in-turkey-legal-insights-by-cindemir-law-office/index.html’ saved [646978]

--2026-07-11 21:42:36--  https://cindemirlaw.com/ottoman-archival-documents-and-their-role-in-legal-and-historical-investigations/
Reusing existing connection to cindemirlaw.com:443.
HTTP request sent, awaiting response... 200 OK
Length: unspecified [text/html]
Saving to: ‘/workspace/backups/cindemirlaw.com-20260711-214047/ottoman-archival-documents-and-their-role-in-legal-and-historical-investigations/index.html’

     0K .......... .......... .......... .......... .......... 13.4M
    50K .......... .......... .......... .......... .......... 17.4M
   100K .......... .......... .......... .......... .......... 37.4M
   150K .......... .......... .......... .......... .......... 77.3M
   200K .......... .......... .......... .......... .......... 31.0M
   250K .......... .......... .......... .......... ..........  230M
   300K .......... .......... .......... .......... ..........  113M
   350K .......... .......... .......... .......... .......... 76.3M
   400K .......... .......... .......... .......... ..........  318M
   450K .......... .......... .......... .......... .......... 70.1M
   500K .......... .......... .......... .......... ..........  159M
   550K .......... .......... .......... .......... ..........  245M
   600K .......... .......... ..........                        529M=0.01s

2026-07-11 21:42:36 (48.7 MB/s) - ‘/workspace/backups/cindemirlaw.com-20260711-214047/ottoman-archival-documents-and-their-role-in-legal-and-historical-investigations/index.html’ saved [645280]

--2026-07-11 21:42:36--  https://cindemirlaw.com/eu-representative-services-for-non-eu-companies-under-the-gdpr/
Reusing existing connection to cindemirlaw.com:443.
HTTP request sent, awaiting response... 200 OK
Length: unspecified [text/html]
Saving to: ‘/workspace/backups/cindemirlaw.com-20260711-214047/eu-representative-services-for-non-eu-companies-under-the-gdpr/index.html’

     0K .......... .......... .......... .......... .......... 11.5M
    50K .......... .......... .......... .......... ..........  258M
   100K .......... .......... .......... .......... .......... 72.7M
   150K .......... .......... .......... .......... ..........  124M
   200K .......... .......... .......... .......... .......... 58.8M
   250K .......... .......... .......... .......... .......... 26.1M
   300K .......... .......... .......... .......... ..........  245M
   350K .......... .......... .......... .......... ..........  238M
   400K .......... .......... .......... .......... ..........  328M
   450K .......... .......... .......... .......... ..........  417M
   500K .......... .......... .......... .......... .......... 23.1M
   550K .......... .......... .......... .......... .......... 78.2M
   600K .......... .......... ......                            366M=0.01s

2026-07-11 21:42:36 (52.4 MB/s) - ‘/workspace/backups/cindemirlaw.com-20260711-214047/eu-representative-services-for-non-eu-companies-under-the-gdpr/index.html’ saved [641563]

--2026-07-11 21:42:37--  https://cindemirlaw.com/legal-assistance-for-foreign-lawyers-visiting-prisoners-in-turkey/
Reusing existing connection to cindemirlaw.com:443.
HTTP request sent, awaiting response... 200 OK
Length: unspecified [text/html]
Saving to: ‘/workspace/backups/cindemirlaw.com-20260711-214047/legal-assistance-for-foreign-lawyers-visiting-prisoners-in-turkey/index.html’

     0K .......... .......... .......... .......... .......... 13.3M
    50K .......... .......... .......... .......... .......... 24.8M
   100K .......... .......... .......... .......... .......... 18.9M
   150K .......... .......... .......... .......... .......... 91.9M
   200K .......... .......... .......... .......... ..........  465M
   250K .......... .......... .......... .......... .......... 30.4M
   300K .......... .......... .......... .......... ..........  458M
   350K .......... .......... .......... .......... ..........  209M
   400K .......... .......... .......... .......... ..........  105M
   450K .......... .......... .......... .......... ..........  172M
   500K .......... .......... .......... .......... ..........  104M
   550K .......... .......... .......... .......... .......... 58.6M
   600K .......... .......... ..........                        412M=0.01s

2026-07-11 21:42:37 (47.6 MB/s) - ‘/workspace/backups/cindemirlaw.com-20260711-214047/legal-assistance-for-foreign-lawyers-visiting-prisoners-in-turkey/index.html’ saved [645761]

--2026-07-11 21:42:38--  https://cindemirlaw.com/legal-alert-new-regulation-on-timeshare-rights-in-turkey-7-day-minimum-period-introduced/
Reusing existing connection to cindemirlaw.com:443.
HTTP request sent, awaiting response... 200 OK
Length: unspecified [text/html]
Saving to: ‘/workspace/backups/cindemirlaw.com-20260711-214047/legal-alert-new-regulation-on-timeshare-rights-in-turkey-7-day-minimum-period-introduced/index.html’

     0K .......... .......... .......... .......... .......... 14.9M
    50K .......... .......... .......... .......... .......... 19.6M
   100K .......... .......... .......... .......... .......... 33.0M
   150K .......... .......... .......... .......... .......... 71.0M
   200K .......... .......... .......... .......... .......... 40.0M
   250K .......... .......... .......... .......... ..........  110M
   300K .......... .......... .......... .......... ..........  110M
   350K .......... .......... .......... .......... ..........  350M
   400K .......... .......... .......... .......... ..........  159M
   450K .......... .......... .......... .......... .......... 44.4M
   500K .......... .......... .......... .......... ..........  329M
   550K .......... .......... .......... .......... ..........  104M
   600K .......... .......... .......... ......                 151M=0.01s

2026-07-11 21:42:38 (49.9 MB/s) - ‘/workspace/backups/cindemirlaw.com-20260711-214047/legal-alert-new-regulation-on-timeshare-rights-in-turkey-7-day-minimum-period-introduced/index.html’ saved [651719]

--2026-07-11 21:42:38--  https://cindemirlaw.com/criminal-record-deletion-in-turkey-for-foreign-nationals/
Reusing existing connection to cindemirlaw.com:443.
HTTP request sent, awaiting response... 200 OK
Length: unspecified [text/html]
Saving to: ‘/workspace/backups/cindemirlaw.com-20260711-214047/criminal-record-deletion-in-turkey-for-foreign-nationals/index.html’

     0K .......... .......... .......... .......... .......... 12.0M
    50K .......... .......... .......... .......... .......... 28.0M
   100K .......... .......... .......... .......... .......... 23.8M
   150K .......... .......... .......... .......... .......... 57.4M
   200K .......... .......... .......... .......... .......... 56.0M
   250K .......... .......... .......... .......... .......... 93.9M
   300K .......... .......... .......... .......... ..........  182M
   350K .......... .......... .......... .......... ..........  144M
   400K .......... .......... .......... .......... ..........  386M
   450K .......... .......... .......... .......... .......... 59.6M
   500K .......... .......... .......... .......... ..........  449M
   550K .......... .......... .......... .......... .......... 59.9M
   600K .......... .......... .......... ......                 383M=0.01s

2026-07-11 21:42:38 (49.0 MB/s) - ‘/workspace/backups/cindemirlaw.com-20260711-214047/criminal-record-deletion-in-turkey-for-foreign-nationals/index.html’ saved [651308]

--2026-07-11 21:42:39--  https://cindemirlaw.com/assistance-for-foreign-families-supporting-inmates-in-turkish-prisons/
Reusing existing connection to cindemirlaw.com:443.
HTTP request sent, awaiting response... 200 OK
Length: unspecified [text/html]
Saving to: ‘/workspace/backups/cindemirlaw.com-20260711-214047/assistance-for-foreign-families-supporting-inmates-in-turkish-prisons/index.html’

     0K .......... .......... .......... .......... .......... 15.2M
    50K .......... .......... .......... .......... .......... 25.4M
   100K .......... .......... .......... .......... .......... 25.6M
   150K .......... .......... .......... .......... .......... 22.8M
   200K .......... .......... .......... .......... .......... 38.9M
   250K .......... .......... .......... .......... .......... 29.7M
   300K .......... .......... .......... .......... .......... 40.1M
   350K .......... .......... .......... .......... .......... 25.9M
   400K .......... .......... .......... .......... ..........  160M
   450K .......... .......... .......... .......... ..........  174M
   500K .......... .......... .......... .......... .......... 37.9M
   550K .......... .......... .......... .......... ..........  251M
   600K .......... .......... .......... ...                    177M=0.02s

2026-07-11 21:42:39 (35.4 MB/s) - ‘/workspace/backups/cindemirlaw.com-20260711-214047/assistance-for-foreign-families-supporting-inmates-in-turkish-prisons/index.html’ saved [648490]

--2026-07-11 21:42:39--  https://cindemirlaw.com/yabanci-uyruklu-hukumlu-ve-tutuklularin-ziyareti-hakkinda-bilgilendirme/
Reusing existing connection to cindemirlaw.com:443.
HTTP request sent, awaiting response... 200 OK
Length: unspecified [text/html]
Saving to: ‘/workspace/backups/cindemirlaw.com-20260711-214047/yabanci-uyruklu-hukumlu-ve-tutuklularin-ziyareti-hakkinda-bilgilendirme/index.html’

     0K .......... .......... .......... .......... .......... 15.1M
    50K .......... .......... .......... .......... .......... 24.2M
   100K .......... .......... .......... .......... .......... 28.8M
   150K .......... .......... .......... .......... .......... 23.1M
   200K .......... .......... .......... .......... .......... 22.5M
   250K .......... .......... .......... .......... ..........  268M
   300K .......... .......... .......... .......... ..........  139M
   350K .......... .......... .......... .......... ..........  164M
   400K .......... .......... .......... .......... .......... 43.7M
   450K .......... .......... .......... .......... ..........  181M
   500K .......... .......... .......... .......... ..........  138M
   550K .......... .......... .......... .......... ..........  285M
   600K .......... .......... .......... ...                   27.4M=0.02s

2026-07-11 21:42:39 (40.8 MB/s) - ‘/workspace/backups/cindemirlaw.com-20260711-214047/yabanci-uyruklu-hukumlu-ve-tutuklularin-ziyareti-hakkinda-bilgilendirme/index.html’ saved [648883]

--2026-07-11 21:42:40--  https://cindemirlaw.com/legal-support-for-visiting-foreign-nationals-in-turkish-prisons/
Reusing existing connection to cindemirlaw.com:443.
HTTP request sent, awaiting response... 200 OK
Length: unspecified [text/html]
Saving to: ‘/workspace/backups/cindemirlaw.com-20260711-214047/legal-support-for-visiting-foreign-nationals-in-turkish-prisons/index.html’

     0K .......... .......... .......... .......... .......... 12.6M
    50K .......... .......... .......... .......... .......... 42.6M
   100K .......... .......... .......... .......... .......... 59.4M
   150K .......... .......... .......... .......... .......... 4.70M
   200K .......... .......... .......... .......... ..........  466M
   250K .......... .......... .......... .......... .......... 37.7M
   300K .......... .......... .......... .......... ..........  394M
   350K .......... .......... .......... .......... .......... 61.6M
   400K .......... .......... .......... .......... ..........  353M
   450K .......... .......... .......... .......... ..........  382M
   500K .......... .......... .......... .......... ..........  407M
   550K .......... .......... .......... .......... ..........  405M
   600K .......... .......... .......... ....                  61.4M=0.02s

2026-07-11 21:42:40 (31.6 MB/s) - ‘/workspace/backups/cindemirlaw.com-20260711-214047/legal-support-for-visiting-foreign-nationals-in-turkish-prisons/index.html’ saved [649263]

--2026-07-11 21:42:40--  https://cindemirlaw.com/legal-visits-in-prison-lawyer-services-for-detainees-and-convicts-in-turkey/
Reusing existing connection to cindemirlaw.com:443.
HTTP request sent, awaiting response... 200 OK
Length: unspecified [text/html]
Saving to: ‘/workspace/backups/cindemirlaw.com-20260711-214047/legal-visits-in-prison-lawyer-services-for-detainees-and-convicts-in-turkey/index.html’

     0K .......... .......... .......... .......... .......... 13.0M
    50K .......... .......... .......... .......... .......... 24.0M
   100K .......... .......... .......... .......... .......... 30.6M
   150K .......... .......... .......... .......... .......... 94.0M
   200K .......... .......... .......... .......... .......... 48.5M
   250K .......... .......... .......... .......... .......... 99.0M
   300K .......... .......... .......... .......... .......... 72.5M
   350K .......... .......... .......... .......... ..........  392M
   400K .......... .......... .......... .......... ..........  421M
   450K .......... .......... .......... .......... .......... 10.6M
   500K .......... .......... .......... .......... ..........  416M
   550K .......... .......... .......... .......... ..........  433M
   600K .......... .......... .......... .........              431M=0.02s

2026-07-11 21:42:41 (41.0 MB/s) - ‘/workspace/backups/cindemirlaw.com-20260711-214047/legal-visits-in-prison-lawyer-services-for-detainees-and-convicts-in-turkey/index.html’ saved [655200]

--2026-07-11 21:42:41--  https://cindemirlaw.com/legal-risks-in-token-launches-how-crypto-startups-can-stay-compliant-across-jurisdictions/
Reusing existing connection to cindemirlaw.com:443.
HTTP request sent, awaiting response... 200 OK
Length: unspecified [text/html]
Saving to: ‘/workspace/backups/cindemirlaw.com-20260711-214047/legal-risks-in-token-launches-how-crypto-startups-can-stay-compliant-across-jurisdictions/index.html’

     0K .......... .......... .......... .......... .......... 12.2M
    50K .......... .......... .......... .......... .......... 24.6M
   100K .......... .......... .......... .......... .......... 25.8M
   150K .......... .......... .......... .......... .......... 92.7M
   200K .......... .......... .......... .......... .......... 37.1M
   250K .......... .......... .......... .......... ..........  102M
   300K .......... .......... .......... .......... ..........  141M
   350K .......... .......... .......... .......... ..........  374M
   400K .......... .......... .......... .......... ..........  158M
   450K .......... .......... .......... .......... .......... 44.6M
   500K .......... .......... .......... .......... ..........  230M
   550K .......... .......... .......... .......... ..........  240M
   600K .......... .......... .......... ...                    347M=0.01s

2026-07-11 21:42:41 (49.1 MB/s) - ‘/workspace/backups/cindemirlaw.com-20260711-214047/legal-risks-in-token-launches-how-crypto-startups-can-stay-compliant-across-jurisdictions/index.html’ saved [648332]

--2026-07-11 21:42:42--  https://cindemirlaw.com/new-spk-decision-on-crypto-assets-a-comprehensive-overview-of-regulatory-amendments/
Reusing existing connection to cindemirlaw.com:443.
HTTP request sent, awaiting response... 200 OK
Length: unspecified [text/html]
Saving to: ‘/workspace/backups/cindemirlaw.com-20260711-214047/new-spk-decision-on-crypto-assets-a-comprehensive-overview-of-regulatory-amendments/index.html’

     0K .......... .......... .......... .......... .......... 11.4M
    50K .......... .......... .......... .......... .......... 21.6M
   100K .......... .......... .......... .......... .......... 30.6M
   150K .......... .......... .......... .......... ..........  129M
   200K .......... .......... .......... .......... .......... 27.9M
   250K .......... .......... .......... .......... .......... 51.5M
   300K .......... .......... .......... .......... ..........  294M
   350K .......... .......... .......... .......... ..........  295M
   400K .......... .......... .......... .......... ..........  308M
   450K .......... .......... .......... .......... .......... 54.0M
   500K .......... .......... .......... .......... ..........  238M
   550K .......... .......... .......... .......... ..........  281M
   600K .......... .......... .......... ...                    296M=0.01s

2026-07-11 21:42:42 (47.2 MB/s) - ‘/workspace/backups/cindemirlaw.com-20260711-214047/new-spk-decision-on-crypto-assets-a-comprehensive-overview-of-regulatory-amendments/index.html’ saved [648659]

--2026-07-11 21:42:42--  https://cindemirlaw.com/administration-of-crypto-assets-under-turkish-law/
Reusing existing connection to cindemirlaw.com:443.
HTTP request sent, awaiting response... 200 OK
Length: unspecified [text/html]
Saving to: ‘/workspace/backups/cindemirlaw.com-20260711-214047/administration-of-crypto-assets-under-turkish-law/index.html’

     0K .......... .......... .......... .......... .......... 14.0M
    50K .......... .......... .......... .......... .......... 29.7M
   100K .......... .......... .......... .......... .......... 52.9M
   150K .......... .......... .......... .......... .......... 29.0M
   200K .......... .......... .......... .......... ..........  110M
   250K .......... .......... .......... .......... .......... 55.1M
   300K .......... .......... .......... .......... .......... 67.9M
   350K .......... .......... .......... .......... ..........  154M
   400K .......... .......... .......... .......... ..........  270M
   450K .......... .......... .......... .......... .......... 82.1M
   500K .......... .......... .......... .......... .......... 88.5M
   550K .......... .......... .......... .......... .......... 96.9M
   600K .......... .......... .......... .......                562M=0.01s

2026-07-11 21:42:42 (51.9 MB/s) - ‘/workspace/backups/cindemirlaw.com-20260711-214047/administration-of-crypto-assets-under-turkish-law/index.html’ saved [653227]

--2026-07-11 21:42:43--  https://cindemirlaw.com/crypto-asset-issuers-under-turkish-law/
Reusing existing connection to cindemirlaw.com:443.
HTTP request sent, awaiting response... 200 OK
Length: unspecified [text/html]
Saving to: ‘/workspace/backups/cindemirlaw.com-20260711-214047/crypto-asset-issuers-under-turkish-law/index.html’

     0K .......... .......... .......... .......... .......... 28.2M
    50K .......... .......... .......... .......... .......... 70.7M
   100K .......... .......... .......... .......... .......... 21.5M
   150K .......... .......... .......... .......... .......... 15.6M
   200K .......... .......... .......... .......... ..........  452M
   250K .......... .......... .......... .......... .......... 43.5M
   300K .......... .......... .......... .......... ..........  516M
   350K .......... .......... .......... .......... ..........  430M
   400K .......... .......... .......... .......... ..........  161M
   450K .......... .......... .......... .......... .......... 94.3M
   500K .......... .......... .......... .......... ..........  466M
   550K .......... .......... .......... .......... .......... 33.6M
   600K .......... .......... .......... ....                   295M=0.01s

2026-07-11 21:42:43 (52.7 MB/s) - ‘/workspace/backups/cindemirlaw.com-20260711-214047/crypto-asset-issuers-under-turkish-law/index.html’ saved [649678]

--2026-07-11 21:42:43--  https://cindemirlaw.com/market-abuse-in-the-crypto-asset-market-in-turkey/
Reusing existing connection to cindemirlaw.com:443.
HTTP request sent, awaiting response... 200 OK
Length: unspecified [text/html]
Saving to: ‘/workspace/backups/cindemirlaw.com-20260711-214047/market-abuse-in-the-crypto-asset-market-in-turkey/index.html’

     0K .......... .......... .......... .......... .......... 12.1M
    50K .......... .......... .......... .......... .......... 25.8M
   100K .......... .......... .......... .......... .......... 29.5M
   150K .......... .......... .......... .......... .......... 50.5M
   200K .......... .......... .......... .......... ..........  146M
   250K .......... .......... .......... .......... .......... 41.3M
   300K .......... .......... .......... .......... ..........  211M
   350K .......... .......... .......... .......... ..........  335M
   400K .......... .......... .......... .......... ..........  464M
   450K .......... .......... .......... .......... .......... 51.4M
   500K .......... .......... .......... .......... ..........  132M
   550K .......... .......... .......... .......... ..........  370M
   600K .......... .......... .........                         537M=0.01s

2026-07-11 21:42:44 (51.1 MB/s) - ‘/workspace/backups/cindemirlaw.com-20260711-214047/market-abuse-in-the-crypto-asset-market-in-turkey/index.html’ saved [645082]

--2026-07-11 21:42:44--  https://cindemirlaw.com/new-crypto-asset-regulation-of-turkey-and-understanding-provisions-related-to-crypto-asset-service-providers-casps/
Reusing existing connection to cindemirlaw.com:443.
HTTP request sent, awaiting response... 200 OK
Length: unspecified [text/html]
Saving to: ‘/workspace/backups/cindemirlaw.com-20260711-214047/new-crypto-asset-regulation-of-turkey-and-understanding-provisions-related-to-crypto-asset-service-providers-casps/index.html’

     0K .......... .......... .......... .......... .......... 34.8M
    50K .......... .......... .......... .......... .......... 63.6M
   100K .......... .......... .......... .......... .......... 29.9M
   150K .......... .......... .......... .......... .......... 31.3M
   200K .......... .......... .......... .......... ..........  457M
   250K .......... .......... .......... .......... .......... 87.2M
   300K .......... .......... .......... .......... ..........  455M
   350K .......... .......... .......... .......... .......... 19.4M
   400K .......... .......... .......... .......... ..........  435M
   450K .......... .......... .......... .......... ..........  433M
   500K .......... .......... .......... .......... ..........  365M
   550K .......... .......... .......... .......... ..........  424M
   600K .......... .......... .......... .....                  425M=0.009s

2026-07-11 21:42:44 (67.3 MB/s) - ‘/workspace/backups/cindemirlaw.com-20260711-214047/new-crypto-asset-regulation-of-turkey-and-understanding-provisions-related-to-crypto-asset-service-providers-casps/index.html’ saved [650742]

--2026-07-11 21:42:45--  https://cindemirlaw.com/regulatory-landscape-for-crypto-asset-trading-platforms-in-turkey/
Reusing existing connection to cindemirlaw.com:443.
HTTP request sent, awaiting response... 200 OK
Length: unspecified [text/html]
Saving to: ‘/workspace/backups/cindemirlaw.com-20260711-214047/regulatory-landscape-for-crypto-asset-trading-platforms-in-turkey/index.html’

     0K .......... .......... .......... .......... .......... 37.1M
    50K .......... .......... .......... .......... .......... 28.4M
   100K .......... .......... .......... .......... .......... 18.3M
   150K .......... .......... .......... .......... .......... 26.7M
   200K .......... .......... .......... .......... ..........  333M
   250K .......... .......... .......... .......... .......... 63.0M
   300K .......... .......... .......... .......... .......... 76.0M
   350K .......... .......... .......... .......... ..........  106M
   400K .......... .......... .......... .......... ..........  264M
   450K .......... .......... .......... .......... ..........  419M
   500K .......... .......... .......... .......... ..........  146M
   550K .......... .......... .......... .......... ..........  144M
   600K .......... .......... .......... .....                  434M=0.01s

2026-07-11 21:42:45 (58.5 MB/s) - ‘/workspace/backups/cindemirlaw.com-20260711-214047/regulatory-landscape-for-crypto-asset-trading-platforms-in-turkey/index.html’ saved [651028]

--2026-07-11 21:42:46--  https://cindemirlaw.com/legal-affidavit-preparation-in-turkey/
Reusing existing connection to cindemirlaw.com:443.
HTTP request sent, awaiting response... 200 OK
Length: unspecified [text/html]
Saving to: ‘/workspace/backups/cindemirlaw.com-20260711-214047/legal-affidavit-preparation-in-turkey/index.html’

     0K .......... .......... .......... .......... .......... 14.3M
    50K .......... .......... .......... .......... .......... 22.2M
   100K .......... .......... .......... .......... .......... 30.0M
   150K .......... .......... .......... .......... .......... 99.1M
   200K .......... .......... .......... .......... .......... 29.9M
   250K .......... .......... .......... .......... ..........  277M
   300K .......... .......... .......... .......... ..........  129M
   350K .......... .......... .......... .......... ..........  110M
   400K .......... .......... .......... .......... ..........  163M
   450K .......... .......... .......... .......... .......... 53.2M
   500K .......... .......... .......... .......... ..........  251M
   550K .......... .......... .......... .......... ..........  275M
   600K .......... .......... ........                          341M=0.01s

2026-07-11 21:42:46 (51.0 MB/s) - ‘/workspace/backups/cindemirlaw.com-20260711-214047/legal-affidavit-preparation-in-turkey/index.html’ saved [643585]

--2026-07-11 21:42:46--  https://cindemirlaw.com/international-death-certificate-form-c-and-procedures-for-obtaining-in-turkey/
Reusing existing connection to cindemirlaw.com:443.
HTTP request sent, awaiting response... 200 OK
Length: unspecified [text/html]
Saving to: ‘/workspace/backups/cindemirlaw.com-20260711-214047/international-death-certificate-form-c-and-procedures-for-obtaining-in-turkey/index.html’

     0K .......... .......... .......... .......... .......... 13.8M
    50K .......... .......... .......... .......... .......... 23.8M
   100K .......... .......... .......... .......... .......... 26.6M
   150K .......... .......... .......... .......... .......... 80.6M
   200K .......... .......... .......... .......... .......... 31.1M
   250K .......... .......... .......... .......... ..........  301M
   300K .......... .......... .......... .......... ..........  220M
   350K .......... .......... .......... .......... ..........  235M
   400K .......... .......... .......... .......... ..........  260M
   450K .......... .......... .......... .......... .......... 47.5M
   500K .......... .......... .......... .......... ..........  107M
   550K .......... .......... .......... .......... ..........  301M
   600K .......... .......... .......... .......... ..........  371M
   650K .......                                                 352M=0.01s

2026-07-11 21:42:47 (52.7 MB/s) - ‘/workspace/backups/cindemirlaw.com-20260711-214047/international-death-certificate-form-c-and-procedures-for-obtaining-in-turkey/index.html’ saved [673374]

--2026-07-11 21:42:47--  https://cindemirlaw.com/international-marriage-certificate-form-b-turkey-marriage-records/
Reusing existing connection to cindemirlaw.com:443.
HTTP request sent, awaiting response... 200 OK
Length: unspecified [text/html]
Saving to: ‘/workspace/backups/cindemirlaw.com-20260711-214047/international-marriage-certificate-form-b-turkey-marriage-records/index.html’

     0K .......... .......... .......... .......... .......... 14.8M
    50K .......... .......... .......... .......... .......... 25.6M
   100K .......... .......... .......... .......... .......... 31.3M
   150K .......... .......... .......... .......... .......... 22.5M
   200K .......... .......... .......... .......... .......... 84.9M
   250K .......... .......... .......... .......... .......... 1.31M
   300K .......... .......... .......... .......... ..........  362M
   350K .......... .......... .......... .......... ..........  230M
   400K .......... .......... .......... .......... ..........  275M
   450K .......... .......... .......... .......... .......... 4.51M
   500K .......... .......... .......... .......... ..........  348M
   550K .......... .......... .......... .......... ..........  353M
   600K .......... .......... .......... .......... ...         505M=0.06s

2026-07-11 21:42:47 (10.7 MB/s) - ‘/workspace/backups/cindemirlaw.com-20260711-214047/international-marriage-certificate-form-b-turkey-marriage-records/index.html’ saved [659065]

--2026-07-11 21:42:48--  https://cindemirlaw.com/form-a-document-legal-proof-of-birth-in-turkey-and-application-procedures/
Reusing existing connection to cindemirlaw.com:443.
HTTP request sent, awaiting response... 200 OK
Length: unspecified [text/html]
Saving to: ‘/workspace/backups/cindemirlaw.com-20260711-214047/form-a-document-legal-proof-of-birth-in-turkey-and-application-procedures/index.html’

     0K .......... .......... .......... .......... .......... 12.6M
    50K .......... .......... .......... .......... .......... 1.20M
   100K .......... .......... .......... .......... .......... 29.6M
   150K .......... .......... .......... .......... .......... 20.8M
   200K .......... .......... .......... .......... .......... 1.13M
   250K .......... .......... .......... .......... ..........  371M
   300K .......... .......... .......... .......... ..........  102M
   350K .......... .......... .......... .......... .......... 36.0M
   400K .......... .......... .......... .......... ..........  249K
   450K .......... .......... .......... .......... ..........  328M
   500K .......... .......... .......... .......... .......... 67.4M
   550K .......... .......... .......... .......... .......... 68.7M
   600K .......... .......... ......                            351K=0.4s

2026-07-11 21:42:49 (1.64 MB/s) - ‘/workspace/backups/cindemirlaw.com-20260711-214047/form-a-document-legal-proof-of-birth-in-turkey-and-application-procedures/index.html’ saved [642024]

--2026-07-11 21:42:49--  https://cindemirlaw.com/starting-a-company-in-turkey-a-comprehensive-guide-for-entrepreneurs/
Reusing existing connection to cindemirlaw.com:443.
HTTP request sent, awaiting response... 200 OK
Length: unspecified [text/html]
Saving to: ‘/workspace/backups/cindemirlaw.com-20260711-214047/starting-a-company-in-turkey-a-comprehensive-guide-for-entrepreneurs/index.html’

     0K .......... .......... .......... .......... .......... 8.86M
    50K .......... .......... .......... .......... .......... 34.6M
   100K .......... .......... .......... .......... .......... 1.80M
   150K .......... .......... .......... .......... .......... 26.0M
   200K .......... .......... .......... .......... .......... 15.6M
   250K .......... .......... .......... .......... ..........  189M
   300K .......... .......... .......... .......... .......... 2.86M
   350K .......... .......... .......... .......... ..........  181M
   400K .......... .......... .......... .......... ..........  339M
   450K .......... .......... .......... .......... ..........  467M
   500K .......... .......... .......... .......... .......... 2.00M
   550K .......... .......... .......... .......... ..........  288M
   600K .......... .......... .......                          1.23M=0.1s

2026-07-11 21:42:49 (5.92 MB/s) - ‘/workspace/backups/cindemirlaw.com-20260711-214047/starting-a-company-in-turkey-a-comprehensive-guide-for-entrepreneurs/index.html’ saved [642709]

--2026-07-11 21:42:50--  https://cindemirlaw.com/overcoming-the-5-year-entry-ban-in-turkey-a-path-to-redemption/
Reusing existing connection to cindemirlaw.com:443.
HTTP request sent, awaiting response... 200 OK
Length: unspecified [text/html]
Saving to: ‘/workspace/backups/cindemirlaw.com-20260711-214047/overcoming-the-5-year-entry-ban-in-turkey-a-path-to-redemption/index.html’

     0K .......... .......... .......... .......... .......... 21.6M
    50K .......... .......... .......... .......... .......... 60.5M
   100K .......... .......... .......... .......... .......... 37.5M
   150K .......... .......... .......... .......... .......... 57.5M
   200K .......... .......... .......... .......... ..........  313M
   250K .......... .......... .......... .......... ..........  269M
   300K .......... .......... .......... .......... ..........  107M
   350K .......... .......... .......... .......... ..........  107M
   400K .......... .......... .......... .......... ..........  354M
   450K .......... .......... .......... .......... ..........  305M
   500K .......... .......... .......... .......... ..........  363M
   550K .......... .......... .......... .......... ..........  424M
   600K .......... .......... .......... ..........             475M=0.007s

2026-07-11 21:42:50 (88.1 MB/s) - ‘/workspace/backups/cindemirlaw.com-20260711-214047/overcoming-the-5-year-entry-ban-in-turkey-a-path-to-redemption/index.html’ saved [655757]

--2026-07-11 21:42:51--  https://cindemirlaw.com/inheritance-contracts-under-turkish-civil-code/
Reusing existing connection to cindemirlaw.com:443.
HTTP request sent, awaiting response... 200 OK
Length: unspecified [text/html]
Saving to: ‘/workspace/backups/cindemirlaw.com-20260711-214047/inheritance-contracts-under-turkish-civil-code/index.html’

     0K .......... .......... .......... .......... .......... 12.4M
    50K .......... .......... .......... .......... .......... 20.3M
   100K .......... .......... .......... .......... .......... 39.5M
   150K .......... .......... .......... .......... .......... 1.75M
   200K .......... .......... .......... .......... ..........  291M
   250K .......... .......... .......... .......... .......... 30.2M
   300K .......... .......... .......... .......... .......... 12.8M
   350K .......... .......... .......... .......... ..........  142M
   400K .......... .......... .......... .......... ..........  456M
   450K .......... .......... .......... .......... ..........  455M
   500K .......... .......... .......... .......... .......... 7.26M
   550K .......... .......... .......... .......... ..........  144M
   600K .......... .......... .......... ..........            8.26M=0.05s

2026-07-11 21:42:51 (11.7 MB/s) - ‘/workspace/backups/cindemirlaw.com-20260711-214047/inheritance-contracts-under-turkish-civil-code/index.html’ saved [656037]

--2026-07-11 21:42:51--  https://cindemirlaw.com/can-russian-establish-a-company-in-turkey/
Reusing existing connection to cindemirlaw.com:443.
HTTP request sent, awaiting response... 200 OK
Length: unspecified [text/html]
Saving to: ‘/workspace/backups/cindemirlaw.com-20260711-214047/can-russian-establish-a-company-in-turkey/index.html’

     0K .......... .......... .......... .......... .......... 14.2M
    50K .......... .......... .......... .......... .......... 30.0M
   100K .......... .......... .......... .......... .......... 19.3M
   150K .......... .......... .......... .......... .......... 22.7M
   200K .......... .......... .......... .......... ..........  412M
   250K .......... .......... .......... .......... .......... 49.7M
   300K .......... .......... .......... .......... ..........  439M
   350K .......... .......... .......... .......... .......... 47.1M
   400K .......... .......... .......... .......... ..........  485M
   450K .......... .......... .......... .......... ..........  214M
   500K .......... .......... .......... .......... ..........  404M
   550K .......... .......... .......... .......... ..........  365M
   600K .......... .......... .......... .......... ..          464M=0.01s

2026-07-11 21:42:51 (49.5 MB/s) - ‘/workspace/backups/cindemirlaw.com-20260711-214047/can-russian-establish-a-company-in-turkey/index.html’ saved [657695]

--2026-07-11 21:42:52--  https://cindemirlaw.com/compulsory-earthquake-insurance-in-turkey-compensation-claim/
Reusing existing connection to cindemirlaw.com:443.
HTTP request sent, awaiting response... 200 OK
Length: unspecified [text/html]
Saving to: ‘/workspace/backups/cindemirlaw.com-20260711-214047/compulsory-earthquake-insurance-in-turkey-compensation-claim/index.html’

     0K .......... .......... .......... .......... .......... 13.7M
    50K .......... .......... .......... .......... .......... 21.8M
   100K .......... .......... .......... .......... .......... 33.4M
   150K .......... .......... .......... .......... .......... 23.5M
   200K .......... .......... .......... .......... ..........  216M
   250K .......... .......... .......... .......... ..........  136M
   300K .......... .......... .......... .......... ..........  170M
   350K .......... .......... .......... .......... .......... 35.6M
   400K .......... .......... .......... .......... ..........  518M
   450K .......... .......... .......... .......... ..........  446M
   500K .......... .......... .......... .......... .......... 77.3M
   550K .......... .......... .......... .......... ..........  313M
   600K .......... .......... .......... .......... ....        366M=0.01s

2026-07-11 21:42:52 (49.6 MB/s) - ‘/workspace/backups/cindemirlaw.com-20260711-214047/compulsory-earthquake-insurance-in-turkey-compensation-claim/index.html’ saved [660422]

--2026-07-11 21:42:52--  https://cindemirlaw.com/institutionalized-nominee-director/
Reusing existing connection to cindemirlaw.com:443.
HTTP request sent, awaiting response... 200 OK
Length: unspecified [text/html]
Saving to: ‘/workspace/backups/cindemirlaw.com-20260711-214047/institutionalized-nominee-director/index.html’

     0K .......... .......... .......... .......... .......... 15.9M
    50K .......... .......... .......... .......... .......... 19.2M
   100K .......... .......... .......... .......... .......... 36.3M
   150K .......... .......... .......... .......... .......... 74.6M
   200K .......... .......... .......... .......... ..........  306M
   250K .......... .......... .......... .......... .......... 20.2M
   300K .......... .......... .......... .......... ..........  167M
   350K .......... .......... .......... .......... ..........  191M
   400K .......... .......... .......... .......... ..........  231M
   450K .......... .......... .......... .......... ..........  212M
   500K .......... .......... .......... .......... ..........  179M
   550K .......... .......... .......... .......... ..........  171M
   600K .......... .......... .......... ......                 355M=0.01s

2026-07-11 21:42:53 (52.5 MB/s) - ‘/workspace/backups/cindemirlaw.com-20260711-214047/institutionalized-nominee-director/index.html’ saved [651650]

--2026-07-11 21:42:53--  https://cindemirlaw.com/how-to-establish-a-limited-partnership-in-turkey/
Reusing existing connection to cindemirlaw.com:443.
HTTP request sent, awaiting response... 200 OK
Length: unspecified [text/html]
Saving to: ‘/workspace/backups/cindemirlaw.com-20260711-214047/how-to-establish-a-limited-partnership-in-turkey/index.html’

     0K .......... .......... .......... .......... .......... 14.2M
    50K .......... .......... .......... .......... .......... 17.0M
   100K .......... .......... .......... .......... .......... 31.0M
   150K .......... .......... .......... .......... .......... 44.1M
   200K .......... .......... .......... .......... .......... 50.4M
   250K .......... .......... .......... .......... ..........  120M
   300K .......... .......... .......... .......... .......... 89.9M
   350K .......... .......... .......... .......... ..........  182M
   400K .......... .......... .......... .......... ..........  344M
   450K .......... .......... .......... .......... .......... 57.8M
   500K .......... .......... .......... .......... ..........  439M
   550K .......... .......... .......... .......... .......... 98.8M
   600K .......... .......... ........                          241M=0.01s

2026-07-11 21:42:53 (47.6 MB/s) - ‘/workspace/backups/cindemirlaw.com-20260711-214047/how-to-establish-a-limited-partnership-in-turkey/index.html’ saved [643662]

--2026-07-11 21:42:53--  https://cindemirlaw.com/free-trade-zone-company-in-turkey/
Reusing existing connection to cindemirlaw.com:443.
HTTP request sent, awaiting response... 200 OK
Length: unspecified [text/html]
Saving to: ‘/workspace/backups/cindemirlaw.com-20260711-214047/free-trade-zone-company-in-turkey/index.html’

     0K .......... .......... .......... .......... .......... 29.2M
    50K .......... .......... .......... .......... .......... 34.3M
   100K .......... .......... .......... .......... .......... 19.8M
   150K .......... .......... .......... .......... .......... 26.4M
   200K .......... .......... .......... .......... .......... 50.1M
   250K .......... .......... .......... .......... .......... 41.6M
   300K .......... .......... .......... .......... ..........  214M
   350K .......... .......... .......... .......... .......... 61.8M
   400K .......... .......... .......... .......... .......... 58.4M
   450K .......... .......... .......... .......... ..........  213M
   500K .......... .......... .......... .......... .......... 87.7M
   550K .......... .......... .......... .......... .......... 30.3M
   600K .......... .......... .......... .......... ....        282M=0.01s

2026-07-11 21:42:53 (45.0 MB/s) - ‘/workspace/backups/cindemirlaw.com-20260711-214047/free-trade-zone-company-in-turkey/index.html’ saved [659732]

--2026-07-11 21:42:54--  https://cindemirlaw.com/obtaining-a-criminal-record-certificate-in-turkey-a-step-by-step-guide/
Reusing existing connection to cindemirlaw.com:443.
HTTP request sent, awaiting response... 200 OK
Length: unspecified [text/html]
Saving to: ‘/workspace/backups/cindemirlaw.com-20260711-214047/obtaining-a-criminal-record-certificate-in-turkey-a-step-by-step-guide/index.html’

     0K .......... .......... .......... .......... .......... 11.2M
    50K .......... .......... .......... .......... .......... 18.2M
   100K .......... .......... .......... .......... .......... 31.3M
   150K .......... .......... .......... .......... .......... 64.4M
   200K .......... .......... .......... .......... .......... 28.6M
   250K .......... .......... .......... .......... ..........  180M
   300K .......... .......... .......... .......... ..........  144M
   350K .......... .......... .......... .......... .......... 68.2M
   400K .......... .......... .......... .......... .......... 74.8M
   450K .......... .......... .......... .......... ..........  106M
   500K .......... .......... .......... .......... ..........  527M
   550K .......... .......... .......... .......... ..........  441M
   600K .......... .......... .......... .......... .....       341M=0.01s

2026-07-11 21:42:54 (45.5 MB/s) - ‘/workspace/backups/cindemirlaw.com-20260711-214047/obtaining-a-criminal-record-certificate-in-turkey-a-step-by-step-guide/index.html’ saved [660968]

--2026-07-11 21:42:55--  https://cindemirlaw.com/liquidation-in-turkey/
Reusing existing connection to cindemirlaw.com:443.
HTTP request sent, awaiting response... 200 OK
Length: unspecified [text/html]
Saving to: ‘/workspace/backups/cindemirlaw.com-20260711-214047/liquidation-in-turkey/index.html’

     0K .......... .......... .......... .......... .......... 12.0M
    50K .......... .......... .......... .......... .......... 26.6M
   100K .......... .......... .......... .......... .......... 22.1M
   150K .......... .......... .......... .......... .......... 74.4M
   200K .......... .......... .......... .......... .......... 38.1M
   250K .......... .......... .......... .......... .......... 61.8M
   300K .......... .......... .......... .......... ..........  424M
   350K .......... .......... .......... .......... ..........  171M
   400K .......... .......... .......... .......... .......... 65.3M
   450K .......... .......... .......... .......... .......... 94.9M
   500K .......... .......... .......... .......... ..........  149M
   550K .......... .......... .......... .......... .......... 99.1M
   600K .......... .......... .......... ........               404M=0.01s

2026-07-11 21:42:55 (46.5 MB/s) - ‘/workspace/backups/cindemirlaw.com-20260711-214047/liquidation-in-turkey/index.html’ saved [654212]

--2026-07-11 21:42:55--  https://cindemirlaw.com/nft-law-in-turkey/
Reusing existing connection to cindemirlaw.com:443.
HTTP request sent, awaiting response... 200 OK
Length: unspecified [text/html]
Saving to: ‘/workspace/backups/cindemirlaw.com-20260711-214047/nft-law-in-turkey/index.html’

     0K .......... .......... .......... .......... .......... 13.4M
    50K .......... .......... .......... .......... .......... 22.2M
   100K .......... .......... .......... .......... .......... 30.2M
   150K .......... .......... .......... .......... .......... 65.9M
   200K .......... .......... .......... .......... .......... 53.7M
   250K .......... .......... .......... .......... .......... 51.2M
   300K .......... .......... .......... .......... ..........  373M
   350K .......... .......... .......... .......... .......... 85.4M
   400K .......... .......... .......... .......... ..........  111M
   450K .......... .......... .......... .......... .......... 91.1M
   500K .......... .......... .......... .......... ..........  349M
   550K .......... .......... .......... .......... ..........  147M
   600K .......... .......... .......... .......                362M=0.01s

2026-07-11 21:42:55 (50.6 MB/s) - ‘/workspace/backups/cindemirlaw.com-20260711-214047/nft-law-in-turkey/index.html’ saved [652342]

--2026-07-11 21:42:56--  https://cindemirlaw.com/escrow-in-turkey/
Reusing existing connection to cindemirlaw.com:443.
HTTP request sent, awaiting response... 200 OK
Length: unspecified [text/html]
Saving to: ‘/workspace/backups/cindemirlaw.com-20260711-214047/escrow-in-turkey/index.html’

     0K .......... .......... .......... .......... .......... 13.7M
    50K .......... .......... .......... .......... .......... 27.6M
   100K .......... .......... .......... .......... .......... 26.1M
   150K .......... .......... .......... .......... .......... 28.3M
   200K .......... .......... .......... .......... ..........  163M
   250K .......... .......... .......... .......... ..........  102M
   300K .......... .......... .......... .......... ..........  161M
   350K .......... .......... .......... .......... .......... 52.0M
   400K .......... .......... .......... .......... .......... 67.5M
   450K .......... .......... .......... .......... ..........  326M
   500K .......... .......... .......... .......... ..........  230M
   550K .......... .......... .......... .......... ..........  253M
   600K .......... .......... ........                          295M=0.01s

2026-07-11 21:42:56 (49.8 MB/s) - ‘/workspace/backups/cindemirlaw.com-20260711-214047/escrow-in-turkey/index.html’ saved [643450]

--2026-07-11 21:42:57--  https://cindemirlaw.com/nominee-director-in-turkey/
Reusing existing connection to cindemirlaw.com:443.
HTTP request sent, awaiting response... 200 OK
Length: unspecified [text/html]
Saving to: ‘/workspace/backups/cindemirlaw.com-20260711-214047/nominee-director-in-turkey/index.html’

     0K .......... .......... .......... .......... .......... 13.6M
    50K .......... .......... .......... .......... .......... 20.4M
   100K .......... .......... .......... .......... .......... 30.6M
   150K .......... .......... .......... .......... ..........  239M
   200K .......... .......... .......... .......... .......... 26.2M
   250K .......... .......... .......... .......... ..........  113M
   300K .......... .......... .......... .......... ..........  374M
   350K .......... .......... .......... .......... ..........  129M
   400K .......... .......... .......... .......... ..........  461M
   450K .......... .......... .......... .......... .......... 37.6M
   500K .......... .......... .......... .......... ..........  176M
   550K .......... .......... .......... .......... ..........  279M
   600K .......... .......... .......... ..                     440M=0.01s

2026-07-11 21:42:57 (49.4 MB/s) - ‘/workspace/backups/cindemirlaw.com-20260711-214047/nominee-director-in-turkey/index.html’ saved [647970]

--2026-07-11 21:42:57--  https://cindemirlaw.com/bank-account-opening-in-turkey-for-russian-companies/
Reusing existing connection to cindemirlaw.com:443.
HTTP request sent, awaiting response... 200 OK
Length: unspecified [text/html]
Saving to: ‘/workspace/backups/cindemirlaw.com-20260711-214047/bank-account-opening-in-turkey-for-russian-companies/index.html’

     0K .......... .......... .......... .......... .......... 27.4M
    50K .......... .......... .......... .......... .......... 50.1M
   100K .......... .......... .......... .......... .......... 47.9M
   150K .......... .......... .......... .......... .......... 73.3M
   200K .......... .......... .......... .......... .......... 60.3M
   250K .......... .......... .......... .......... ..........  418M
   300K .......... .......... .......... .......... ..........  460M
   350K .......... .......... .......... .......... ..........  457M
   400K .......... .......... .......... .......... .......... 66.0M
   450K .......... .......... .......... .......... ..........  507M
   500K .......... .......... .......... .......... ..........  519M
   550K .......... .......... .......... .......... ..........  483M
   600K .......... .......... ......                            386M=0.007s

2026-07-11 21:42:57 (91.5 MB/s) - ‘/workspace/backups/cindemirlaw.com-20260711-214047/bank-account-opening-in-turkey-for-russian-companies/index.html’ saved [641024]

--2026-07-11 21:42:58--  https://cindemirlaw.com/sexual-assault-in-turkey/
Reusing existing connection to cindemirlaw.com:443.
HTTP request sent, awaiting response... 200 OK
Length: unspecified [text/html]
Saving to: ‘/workspace/backups/cindemirlaw.com-20260711-214047/sexual-assault-in-turkey/index.html’

     0K .......... .......... .......... .......... .......... 15.3M
    50K .......... .......... .......... .......... .......... 21.7M
   100K .......... .......... .......... .......... .......... 30.4M
   150K .......... .......... .......... .......... .......... 53.7M
   200K .......... .......... .......... .......... .......... 40.9M
   250K .......... .......... .......... .......... ..........  136M
   300K .......... .......... .......... .......... ..........  159M
   350K .......... .......... .......... .......... .......... 78.5M
   400K .......... .......... .......... .......... ..........  201M
   450K .......... .......... .......... .......... ..........  106M
   500K .......... .......... .......... .......... .......... 90.3M
   550K .......... .......... .......... .......... ..........  278M
   600K .......... .......... .......... ........               328M=0.01s

2026-07-11 21:42:58 (52.1 MB/s) - ‘/workspace/backups/cindemirlaw.com-20260711-214047/sexual-assault-in-turkey/index.html’ saved [654301]

--2026-07-11 21:42:59--  https://cindemirlaw.com/offences-of-bodily-harm-under-turkish-law/
Reusing existing connection to cindemirlaw.com:443.
HTTP request sent, awaiting response... 200 OK
Length: unspecified [text/html]
Saving to: ‘/workspace/backups/cindemirlaw.com-20260711-214047/offences-of-bodily-harm-under-turkish-law/index.html’

     0K .......... .......... .......... .......... .......... 14.6M
    50K .......... .......... .......... .......... .......... 20.8M
   100K .......... .......... .......... .......... .......... 26.7M
   150K .......... .......... .......... .......... .......... 72.7M
   200K .......... .......... .......... .......... .......... 31.9M
   250K .......... .......... .......... .......... ..........  150M
   300K .......... .......... .......... .......... .......... 81.3M
   350K .......... .......... .......... .......... ..........  379M
   400K .......... .......... .......... .......... ..........  534M
   450K .......... .......... .......... .......... .......... 68.3M
   500K .......... .......... .......... .......... .......... 77.2M
   550K .......... .......... .......... .......... ..........  352M
   600K .......... .......... .......... ......                 458M=0.01s

2026-07-11 21:42:59 (50.0 MB/s) - ‘/workspace/backups/cindemirlaw.com-20260711-214047/offences-of-bodily-harm-under-turkish-law/index.html’ saved [651903]

--2026-07-11 21:42:59--  https://cindemirlaw.com/labor-contract-termination-with-just-cause/
Reusing existing connection to cindemirlaw.com:443.
HTTP request sent, awaiting response... 200 OK
Length: unspecified [text/html]
Saving to: ‘/workspace/backups/cindemirlaw.com-20260711-214047/labor-contract-termination-with-just-cause/index.html’

     0K .......... .......... .......... .......... .......... 15.1M
    50K .......... .......... .......... .......... .......... 9.35M
   100K .......... .......... .......... .......... .......... 27.6M
   150K .......... .......... .......... .......... .......... 11.1M
   200K .......... .......... .......... .......... ..........  257M
   250K .......... .......... .......... .......... .......... 35.6M
   300K .......... .......... .......... .......... ..........  165M
   350K .......... .......... .......... .......... ..........  128M
   400K .......... .......... .......... .......... ..........  752M
   450K .......... .......... .......... .......... ..........  697M
   500K .......... .......... .......... .......... .......... 40.4M
   550K .......... .......... .......... .......... .......... 93.1M
   600K .......... .......... .......... .......... ..          507M=0.02s

2026-07-11 21:42:59 (33.4 MB/s) - ‘/workspace/backups/cindemirlaw.com-20260711-214047/labor-contract-termination-with-just-cause/index.html’ saved [657447]

--2026-07-11 21:43:00--  https://cindemirlaw.com/re-employment-lawsuit/
Reusing existing connection to cindemirlaw.com:443.
HTTP request sent, awaiting response... 200 OK
Length: unspecified [text/html]
Saving to: ‘/workspace/backups/cindemirlaw.com-20260711-214047/re-employment-lawsuit/index.html’

     0K .......... .......... .......... .......... .......... 30.9M
    50K .......... .......... .......... .......... .......... 65.8M
   100K .......... .......... .......... .......... .......... 24.2M
   150K .......... .......... .......... .......... .......... 38.6M
   200K .......... .......... .......... .......... ..........  106M
   250K .......... .......... .......... .......... ..........  138M
   300K .......... .......... .......... .......... .......... 85.5M
   350K .......... .......... .......... .......... ..........  104M
   400K .......... .......... .......... .......... ..........  103M
   450K .......... .......... .......... .......... ..........  160M
   500K .......... .......... .......... .......... ..........  338M
   550K .......... .......... .......... .......... ..........  314M
   600K .......... .......... .......... .......                113M=0.009s

2026-07-11 21:43:00 (70.3 MB/s) - ‘/workspace/backups/cindemirlaw.com-20260711-214047/re-employment-lawsuit/index.html’ saved [652731]

--2026-07-11 21:43:00--  https://cindemirlaw.com/termination-of-employment-under-turkish-law/
Reusing existing connection to cindemirlaw.com:443.
HTTP request sent, awaiting response... 200 OK
Length: unspecified [text/html]
Saving to: ‘/workspace/backups/cindemirlaw.com-20260711-214047/termination-of-employment-under-turkish-law/index.html’

     0K .......... .......... .......... .......... .......... 11.8M
    50K .......... .......... .......... .......... .......... 22.4M
   100K .......... .......... .......... .......... .......... 29.7M
   150K .......... .......... .......... .......... .......... 72.0M
   200K .......... .......... .......... .......... .......... 37.6M
   250K .......... .......... .......... .......... .......... 59.6M
   300K .......... .......... .......... .......... ..........  513M
   350K .......... .......... .......... .......... ..........  172M
   400K .......... .......... .......... .......... .......... 54.6M
   450K .......... .......... .......... .......... .......... 98.4M
   500K .......... .......... .......... .......... ..........  114M
   550K .......... .......... .......... .......... ..........  321M
   600K .......... .......... .......... .........              405M=0.01s

2026-07-11 21:43:00 (47.3 MB/s) - ‘/workspace/backups/cindemirlaw.com-20260711-214047/termination-of-employment-under-turkish-law/index.html’ saved [655131]

--2026-07-11 21:43:01--  https://cindemirlaw.com/intentional-killing-under-turkish-law/
Reusing existing connection to cindemirlaw.com:443.
HTTP request sent, awaiting response... 200 OK
Length: unspecified [text/html]
Saving to: ‘/workspace/backups/cindemirlaw.com-20260711-214047/intentional-killing-under-turkish-law/index.html’

     0K .......... .......... .......... .......... .......... 11.8M
    50K .......... .......... .......... .......... .......... 20.2M
   100K .......... .......... .......... .......... .......... 25.3M
   150K .......... .......... .......... .......... .......... 36.7M
   200K .......... .......... .......... .......... .......... 52.0M
   250K .......... .......... .......... .......... ..........  103M
   300K .......... .......... .......... .......... ..........  191M
   350K .......... .......... .......... .......... .......... 74.6M
   400K .......... .......... .......... .......... ..........  307M
   450K .......... .......... .......... .......... .......... 89.4M
   500K .......... .......... .......... .......... ..........  294M
   550K .......... .......... .......... .......... .......... 68.1M
   600K .......... .......... .......... .......... ..........  305M
   650K .......... ......                                       305M=0.01s

2026-07-11 21:43:01 (46.7 MB/s) - ‘/workspace/backups/cindemirlaw.com-20260711-214047/intentional-killing-under-turkish-law/index.html’ saved [682332]

--2026-07-11 21:43:01--  https://cindemirlaw.com/migrant-smuggling-and-human-trafficking-under-turkish-law/
Reusing existing connection to cindemirlaw.com:443.
HTTP request sent, awaiting response... 200 OK
Length: unspecified [text/html]
Saving to: ‘/workspace/backups/cindemirlaw.com-20260711-214047/migrant-smuggling-and-human-trafficking-under-turkish-law/index.html’

     0K .......... .......... .......... .......... .......... 14.1M
    50K .......... .......... .......... .......... .......... 24.2M
   100K .......... .......... .......... .......... .......... 32.3M
   150K .......... .......... .......... .......... .......... 50.0M
   200K .......... .......... .......... .......... .......... 9.38M
   250K .......... .......... .......... .......... ..........  441M
   300K .......... .......... .......... .......... .......... 35.5M
   350K .......... .......... .......... .......... ..........  188M
   400K .......... .......... .......... .......... ..........  163M
   450K .......... .......... .......... .......... ..........  483M
   500K .......... .......... .......... .......... ..........  455M
   550K .......... .......... .......... .......... .......... 50.2M
   600K .......... .......... .....                             491M=0.02s

2026-07-11 21:43:02 (37.2 MB/s) - ‘/workspace/backups/cindemirlaw.com-20260711-214047/migrant-smuggling-and-human-trafficking-under-turkish-law/index.html’ saved [640453]

--2026-07-11 21:43:02--  https://cindemirlaw.com/privacy-policy-in-turkish-law/
Reusing existing connection to cindemirlaw.com:443.
HTTP request sent, awaiting response... 200 OK
Length: unspecified [text/html]
Saving to: ‘/workspace/backups/cindemirlaw.com-20260711-214047/privacy-policy-in-turkish-law/index.html’

     0K .......... .......... .......... .......... .......... 14.1M
    50K .......... .......... .......... .......... .......... 20.7M
   100K .......... .......... .......... .......... .......... 34.9M
   150K .......... .......... .......... .......... .......... 55.0M
   200K .......... .......... .......... .......... .......... 35.8M
   250K .......... .......... .......... .......... .......... 75.4M
   300K .......... .......... .......... .......... ..........  154M
   350K .......... .......... .......... .......... ..........  127M
   400K .......... .......... .......... .......... ..........  316M
   450K .......... .......... .......... .......... .......... 36.7M
   500K .......... .......... .......... .......... ..........  286M
   550K .......... .......... .......... .......... ..........  298M
   600K .......... .......... .......... ....                   310M=0.01s

2026-07-11 21:43:02 (48.6 MB/s) - ‘/workspace/backups/cindemirlaw.com-20260711-214047/privacy-policy-in-turkish-law/index.html’ saved [649742]

--2026-07-11 21:43:03--  https://cindemirlaw.com/internet-blackmail-and-turkish-criminal-law/
Reusing existing connection to cindemirlaw.com:443.
HTTP request sent, awaiting response... 200 OK
Length: unspecified [text/html]
Saving to: ‘/workspace/backups/cindemirlaw.com-20260711-214047/internet-blackmail-and-turkish-criminal-law/index.html’

     0K .......... .......... .......... .......... .......... 11.6M
    50K .......... .......... .......... .......... .......... 8.12M
   100K .......... .......... .......... .......... .......... 24.2M
   150K .......... .......... .......... .......... .......... 33.5M
   200K .......... .......... .......... .......... ..........  142M
   250K .......... .......... .......... .......... .......... 1.61M
   300K .......... .......... .......... .......... .......... 85.8M
   350K .......... .......... .......... .......... ..........  467M
   400K .......... .......... .......... .......... .......... 51.4M
   450K .......... .......... .......... .......... ..........  108M
   500K .......... .......... .......... .......... ..........  154M
   550K .......... .......... .......... .......... ..........  447M
   600K .......... .......... .......... ....                   555M=0.05s

2026-07-11 21:43:03 (13.2 MB/s) - ‘/workspace/backups/cindemirlaw.com-20260711-214047/internet-blackmail-and-turkish-criminal-law/index.html’ saved [649755]

--2026-07-11 21:43:03--  https://cindemirlaw.com/establishing-a-branch-in-turkey-2/
Reusing existing connection to cindemirlaw.com:443.
HTTP request sent, awaiting response... 200 OK
Length: unspecified [text/html]
Saving to: ‘/workspace/backups/cindemirlaw.com-20260711-214047/establishing-a-branch-in-turkey-2/index.html’

     0K .......... .......... .......... .......... .......... 13.6M
    50K .......... .......... .......... .......... .......... 20.0M
   100K .......... .......... .......... .......... .......... 24.2M
   150K .......... .......... .......... .......... ..........  138M
   200K .......... .......... .......... .......... .......... 24.7M
   250K .......... .......... .......... .......... ..........  465M
   300K .......... .......... .......... .......... ..........  119M
   350K .......... .......... .......... .......... ..........  406M
   400K .......... .......... .......... .......... .......... 31.1M
   450K .......... .......... .......... .......... ..........  492M
   500K .......... .......... .......... .......... ..........  392M
   550K .......... .......... .......... .......... ..........  423M
   600K .......... .......... ......                            443M=0.01s

2026-07-11 21:43:04 (47.1 MB/s) - ‘/workspace/backups/cindemirlaw.com-20260711-214047/establishing-a-branch-in-turkey-2/index.html’ saved [641110]

--2026-07-11 21:43:04--  https://cindemirlaw.com/what-are-the-limitations-of-a-will-under-turkish-law/
Reusing existing connection to cindemirlaw.com:443.
HTTP request sent, awaiting response... 200 OK
Length: unspecified [text/html]
Saving to: ‘/workspace/backups/cindemirlaw.com-20260711-214047/what-are-the-limitations-of-a-will-under-turkish-law/index.html’

     0K .......... .......... .......... .......... .......... 13.4M
    50K .......... .......... .......... .......... .......... 20.2M
   100K .......... .......... .......... .......... .......... 36.6M
   150K .......... .......... .......... .......... .......... 64.3M
   200K .......... .......... .......... .......... .......... 43.8M
   250K .......... .......... .......... .......... ..........  230M
   300K .......... .......... .......... .......... .......... 94.3M
   350K .......... .......... .......... .......... ..........  165M
   400K .......... .......... .......... .......... .......... 57.0M
   450K .......... .......... .......... .......... ..........  498M
   500K .......... .......... .......... .......... ..........  120M
   550K .......... .......... .......... .......... ..........  325M
   600K .......... .......... .......... ......                 529M=0.01s

2026-07-11 21:43:04 (52.4 MB/s) - ‘/workspace/backups/cindemirlaw.com-20260711-214047/what-are-the-limitations-of-a-will-under-turkish-law/index.html’ saved [652266]

--2026-07-11 21:43:05--  https://cindemirlaw.com/liaison-offices-in-turkey/
Reusing existing connection to cindemirlaw.com:443.
HTTP request sent, awaiting response... 200 OK
Length: unspecified [text/html]
Saving to: ‘/workspace/backups/cindemirlaw.com-20260711-214047/liaison-offices-in-turkey/index.html’

     0K .......... .......... .......... .......... .......... 35.1M
    50K .......... .......... .......... .......... .......... 17.8M
   100K .......... .......... .......... .......... .......... 16.0M
   150K .......... .......... .......... .......... .......... 28.5M
   200K .......... .......... .......... .......... ..........  404M
   250K .......... .......... .......... .......... ..........  229M
   300K .......... .......... .......... .......... .......... 28.9M
   350K .......... .......... .......... .......... ..........  437M
   400K .......... .......... .......... .......... ..........  684M
   450K .......... .......... .......... .......... .......... 82.3M
   500K .......... .......... .......... .......... ..........  539M
   550K .......... .......... .......... .......... ..........  441M
   600K .......... .......... ........                          522M=0.01s

2026-07-11 21:43:05 (51.3 MB/s) - ‘/workspace/backups/cindemirlaw.com-20260711-214047/liaison-offices-in-turkey/index.html’ saved [643867]

--2026-07-11 21:43:05--  https://cindemirlaw.com/how-to-lift-entry-ban-to-turkey/
Reusing existing connection to cindemirlaw.com:443.
HTTP request sent, awaiting response... 200 OK
Length: unspecified [text/html]
Saving to: ‘/workspace/backups/cindemirlaw.com-20260711-214047/how-to-lift-entry-ban-to-turkey/index.html’

     0K .......... .......... .......... .......... .......... 14.2M
    50K .......... .......... .......... .......... .......... 26.2M
   100K .......... .......... .......... .......... .......... 27.6M
   150K .......... .......... .......... .......... .......... 47.3M
   200K .......... .......... .......... .......... .......... 56.1M
   250K .......... .......... .......... .......... .......... 79.4M
   300K .......... .......... .......... .......... .......... 81.8M
   350K .......... .......... .......... .......... ..........  387M
   400K .......... .......... .......... .......... ..........  543M
   450K .......... .......... .......... .......... .......... 46.3M
   500K .......... .......... .......... .......... ..........  323M
   550K .......... .......... .......... .......... ..........  322M
   600K .......... .......... .......... .......... .....       426M=0.01s

2026-07-11 21:43:05 (53.1 MB/s) - ‘/workspace/backups/cindemirlaw.com-20260711-214047/how-to-lift-entry-ban-to-turkey/index.html’ saved [660590]

--2026-07-11 21:43:06--  https://cindemirlaw.com/legal-services-in-sapanca/
Connecting to cindemirlaw.com (cindemirlaw.com)|162.241.252.122|:443... connected.
HTTP request sent, awaiting response... 200 OK
Length: unspecified [text/html]
Saving to: ‘/workspace/backups/cindemirlaw.com-20260711-214047/legal-services-in-sapanca/index.html’

     0K .......... .......... .......... .......... ..........  444K
    50K .......... .......... .......... .......... .......... 6.38M
   100K .......... .......... .......... .......... .......... 1021K
   150K .......... .......... .......... .......... ..........  893K
   200K .......... .......... .......... .......... .......... 94.5M
   250K .......... .......... .......... .......... ..........  370M
   300K .......... .......... .......... .......... .......... 64.1M
   350K .......... .......... .......... .......... .......... 7.16M
   400K .......... .......... .......... .......... .......... 1.01M
   450K .......... .......... .......... .......... ..........  259M
   500K .......... .......... .......... .......... ..........  161M
   550K .......... .......... .......... .......... ..........  274M
   600K .......... .......... .                                 400M=0.3s

2026-07-11 21:43:07 (2.15 MB/s) - ‘/workspace/backups/cindemirlaw.com-20260711-214047/legal-services-in-sapanca/index.html’ saved [636808]

--2026-07-11 21:43:07--  https://cindemirlaw.com/exemptions-on-the-legislation-of-the-documents-in-turkey/
Reusing existing connection to cindemirlaw.com:443.
HTTP request sent, awaiting response... 200 OK
Length: unspecified [text/html]
Saving to: ‘/workspace/backups/cindemirlaw.com-20260711-214047/exemptions-on-the-legislation-of-the-documents-in-turkey/index.html’

     0K .......... .......... .......... .......... .......... 15.8M
    50K .......... .......... .......... .......... .......... 21.0M
   100K .......... .......... .......... .......... .......... 26.5M
   150K .......... .......... .......... .......... ..........  120M
   200K .......... .......... .......... .......... .......... 31.5M
   250K .......... .......... .......... .......... .......... 85.8M
   300K .......... .......... .......... .......... ..........  521M
   350K .......... .......... .......... .......... ..........  119M
   400K .......... .......... .......... .......... ..........  427M
   450K .......... .......... .......... .......... .......... 56.1M
   500K .......... .......... .......... .......... ..........  149M
   550K .......... .......... .......... .......... .......... 1.10M
   600K .......... .......... .......... .......... .......... 17.7M
   650K ..                                                     4.65T=0.06s

2026-07-11 21:43:08 (10.8 MB/s) - ‘/workspace/backups/cindemirlaw.com-20260711-214047/exemptions-on-the-legislation-of-the-documents-in-turkey/index.html’ saved [668157]

--2026-07-11 21:43:08--  https://cindemirlaw.com/personal-injury-and-car-accidents-under-turkish-law/
Reusing existing connection to cindemirlaw.com:443.
HTTP request sent, awaiting response... 200 OK
Length: unspecified [text/html]
Saving to: ‘/workspace/backups/cindemirlaw.com-20260711-214047/personal-injury-and-car-accidents-under-turkish-law/index.html’

     0K .......... .......... .......... .......... .......... 18.6M
    50K .......... .......... .......... .......... .......... 63.6M
   100K .......... .......... .......... .......... .......... 44.3M
   150K .......... .......... .......... .......... .......... 23.1M
   200K .......... .......... .......... .......... .......... 58.5M
   250K .......... .......... .......... .......... ..........  324M
   300K .......... .......... .......... .......... .......... 20.4M
   350K .......... .......... .......... .......... ..........  265M
   400K .......... .......... .......... .......... ..........  373M
   450K .......... .......... .......... .......... ..........  389M
   500K .......... .......... .......... .......... .......... 40.9M
   550K .......... .......... .......... .......... ..........  136M
   600K .......... .......... .......... .......... ...         427M=0.01s

2026-07-11 21:43:08 (52.0 MB/s) - ‘/workspace/backups/cindemirlaw.com-20260711-214047/personal-injury-and-car-accidents-under-turkish-law/index.html’ saved [659105]

--2026-07-11 21:43:09--  https://cindemirlaw.com/turkish-law-of-torts/
Reusing existing connection to cindemirlaw.com:443.
HTTP request sent, awaiting response... 200 OK
Length: unspecified [text/html]
Saving to: ‘/workspace/backups/cindemirlaw.com-20260711-214047/turkish-law-of-torts/index.html’

     0K .......... .......... .......... .......... .......... 28.4M
    50K .......... .......... .......... .......... .......... 41.0M
   100K .......... .......... .......... .......... .......... 43.5M
   150K .......... .......... .......... .......... .......... 25.3M
   200K .......... .......... .......... .......... ..........  156M
   250K .......... .......... .......... .......... .......... 89.1M
   300K .......... .......... .......... .......... ..........  178M
   350K .......... .......... .......... .......... .......... 48.0M
   400K .......... .......... .......... .......... ..........  513M
   450K .......... .......... .......... .......... ..........  271M
   500K .......... .......... .......... .......... ..........  311M
   550K .......... .......... .......... .......... ..........  290M
   600K .......... .......... .......... .......... ....        398M=0.009s

2026-07-11 21:43:09 (71.3 MB/s) - ‘/workspace/backups/cindemirlaw.com-20260711-214047/turkish-law-of-torts/index.html’ saved [660444]

--2026-07-11 21:43:09--  https://cindemirlaw.com/turkish-succession-law/
Reusing existing connection to cindemirlaw.com:443.
HTTP request sent, awaiting response... 200 OK
Length: unspecified [text/html]
Saving to: ‘/workspace/backups/cindemirlaw.com-20260711-214047/turkish-succession-law/index.html’

     0K .......... .......... .......... .......... .......... 24.8M
    50K .......... .......... .......... .......... .......... 28.8M
   100K .......... .......... .......... .......... .......... 19.0M
   150K .......... .......... .......... .......... .......... 24.2M
   200K .......... .......... .......... .......... ..........  642M
   250K .......... .......... .......... .......... .......... 7.92M
   300K .......... .......... .......... .......... ..........  309M
   350K .......... .......... .......... .......... .......... 56.6M
   400K .......... .......... .......... .......... .......... 79.3M
   450K .......... .......... .......... .......... ..........  427M
   500K .......... .......... .......... .......... ..........  324M
   550K .......... .......... .......... .......... ..........  283M
   600K .......... .......... .......... .......... .          48.1M=0.02s

2026-07-11 21:43:09 (36.0 MB/s) - ‘/workspace/backups/cindemirlaw.com-20260711-214047/turkish-succession-law/index.html’ saved [656970]

--2026-07-11 21:43:10--  https://cindemirlaw.com/private-international-law-rules/
Reusing existing connection to cindemirlaw.com:443.
HTTP request sent, awaiting response... 200 OK
Length: unspecified [text/html]
Saving to: ‘/workspace/backups/cindemirlaw.com-20260711-214047/private-international-law-rules/index.html’

     0K .......... .......... .......... .......... .......... 13.6M
    50K .......... .......... .......... .......... .......... 19.0M
   100K .......... .......... .......... .......... .......... 27.1M
   150K .......... .......... .......... .......... .......... 53.0M
   200K .......... .......... .......... .......... .......... 52.3M
   250K .......... .......... .......... .......... ..........  166M
   300K .......... .......... .......... .......... .......... 59.0M
   350K .......... .......... .......... .......... ..........  410M
   400K .......... .......... .......... .......... ..........  416M
   450K .......... .......... .......... .......... .......... 37.8M
   500K .......... .......... .......... .......... ..........  381M
   550K .......... .......... .......... .......... ..........  205M
   600K .......... .......... .......... .                      211M=0.01s

2026-07-11 21:43:10 (47.6 MB/s) - ‘/workspace/backups/cindemirlaw.com-20260711-214047/private-international-law-rules/index.html’ saved [646451]

--2026-07-11 21:43:10--  https://cindemirlaw.com/international-private-law-and-conventions-that-turkey-is-party/
Reusing existing connection to cindemirlaw.com:443.
HTTP request sent, awaiting response... 200 OK
Length: unspecified [text/html]
Saving to: ‘/workspace/backups/cindemirlaw.com-20260711-214047/international-private-law-and-conventions-that-turkey-is-party/index.html’

     0K .......... .......... .......... .......... .......... 13.0M
    50K .......... .......... .......... .......... .......... 23.0M
   100K .......... .......... .......... .......... .......... 50.8M
   150K .......... .......... .......... .......... .......... 28.1M
   200K .......... .......... .......... .......... .......... 36.9M
   250K .......... .......... .......... .......... ..........  197M
   300K .......... .......... .......... .......... ..........  241M
   350K .......... .......... .......... .......... ..........  201M
   400K .......... .......... .......... .......... .......... 30.7M
   450K .......... .......... .......... .......... .......... 80.8M
   500K .......... .......... .......... .......... ..........  146M
   550K .......... .......... .......... .......... ..........  225M
   600K .......... .......... .......... .                      322M=0.01s

2026-07-11 21:43:11 (45.9 MB/s) - ‘/workspace/backups/cindemirlaw.com-20260711-214047/international-private-law-and-conventions-that-turkey-is-party/index.html’ saved [646943]

--2026-07-11 21:43:11--  https://cindemirlaw.com/consequences-of-a-divorce-decision-in-turkey/
Reusing existing connection to cindemirlaw.com:443.
HTTP request sent, awaiting response... 200 OK
Length: unspecified [text/html]
Saving to: ‘/workspace/backups/cindemirlaw.com-20260711-214047/consequences-of-a-divorce-decision-in-turkey/index.html’

     0K .......... .......... .......... .......... .......... 12.4M
    50K .......... .......... .......... .......... .......... 20.6M
   100K .......... .......... .......... .......... .......... 23.2M
   150K .......... .......... .......... .......... ..........  141M
   200K .......... .......... .......... .......... .......... 30.2M
   250K .......... .......... .......... .......... ..........  122M
   300K .......... .......... .......... .......... .......... 82.1M
   350K .......... .......... .......... .......... .......... 59.6M
   400K .......... .......... .......... .......... ..........  442M
   450K .......... .......... .......... .......... .......... 85.2M
   500K .......... .......... .......... .......... .......... 87.7M
   550K .......... .......... .......... .......... ..........  385M
   600K .......... .......... .......... .......... ...         399M=0.01s

2026-07-11 21:43:11 (46.0 MB/s) - ‘/workspace/backups/cindemirlaw.com-20260711-214047/consequences-of-a-divorce-decision-in-turkey/index.html’ saved [659055]

--2026-07-11 21:43:12--  https://cindemirlaw.com/consensual-divorce-in-turkey-uncontested-divorce/
Reusing existing connection to cindemirlaw.com:443.
HTTP request sent, awaiting response... 200 OK
Length: unspecified [text/html]
Saving to: ‘/workspace/backups/cindemirlaw.com-20260711-214047/consensual-divorce-in-turkey-uncontested-divorce/index.html’

     0K .......... .......... .......... .......... .......... 11.0M
    50K .......... .......... .......... .......... .......... 20.2M
   100K .......... .......... .......... .......... .......... 34.3M
   150K .......... .......... .......... .......... .......... 59.8M
   200K .......... .......... .......... .......... .......... 24.7M
   250K .......... .......... .......... .......... ..........  295M
   300K .......... .......... .......... .......... ..........  410M
   350K .......... .......... .......... .......... ..........  167M
   400K .......... .......... .......... .......... ..........  484M
   450K .......... .......... .......... .......... .......... 87.9M
   500K .......... .......... .......... .......... .......... 60.2M
   550K .......... .......... .......... .......... ..........  212M
   600K .......... .......... .......... .......... ...         439M=0.01s

2026-07-11 21:43:12 (46.8 MB/s) - ‘/workspace/backups/cindemirlaw.com-20260711-214047/consensual-divorce-in-turkey-uncontested-divorce/index.html’ saved [659329]

--2026-07-11 21:43:12--  https://cindemirlaw.com/definition-regarding-conflict-of-laws-in-turkey/
Reusing existing connection to cindemirlaw.com:443.
HTTP request sent, awaiting response... 200 OK
Length: unspecified [text/html]
Saving to: ‘/workspace/backups/cindemirlaw.com-20260711-214047/definition-regarding-conflict-of-laws-in-turkey/index.html’

     0K .......... .......... .......... .......... .......... 25.2M
    50K .......... .......... .......... .......... .......... 44.9M
   100K .......... .......... .......... .......... .......... 20.8M
   150K .......... .......... .......... .......... .......... 23.7M
   200K .......... .......... .......... .......... ..........  451M
   250K .......... .......... .......... .......... .......... 63.6M
   300K .......... .......... .......... .......... ..........  414M
   350K .......... .......... .......... .......... .......... 88.0M
   400K .......... .......... .......... .......... ..........  424M
   450K .......... .......... .......... .......... ..........  451M
   500K .......... .......... .......... .......... ..........  190M
   550K .......... .......... .......... .......... ..........  328M
   600K .......... .......... .......... .......... ...         424M=0.01s

2026-07-11 21:43:13 (64.7 MB/s) - ‘/workspace/backups/cindemirlaw.com-20260711-214047/definition-regarding-conflict-of-laws-in-turkey/index.html’ saved [658932]

--2026-07-11 21:43:13--  https://cindemirlaw.com/establishing-a-commercial-enterprise-in-turkey/
Reusing existing connection to cindemirlaw.com:443.
HTTP request sent, awaiting response... 200 OK
Length: unspecified [text/html]
Saving to: ‘/workspace/backups/cindemirlaw.com-20260711-214047/establishing-a-commercial-enterprise-in-turkey/index.html’

     0K .......... .......... .......... .......... .......... 14.6M
    50K .......... .......... .......... .......... .......... 21.7M
   100K .......... .......... .......... .......... .......... 29.1M
   150K .......... .......... .......... .......... .......... 23.7M
   200K .......... .......... .......... .......... ..........  105M
   250K .......... .......... .......... .......... ..........  472M
   300K .......... .......... .......... .......... ..........  119M
   350K .......... .......... .......... .......... .......... 43.8M
   400K .......... .......... .......... .......... .......... 97.0M
   450K .......... .......... .......... .......... ..........  450M
   500K .......... .......... .......... .......... ..........  136M
   550K .......... .......... .......... .......... ..........  240M
   600K .......... .......... .......... ..........             175M=0.01s

2026-07-11 21:43:13 (48.8 MB/s) - ‘/workspace/backups/cindemirlaw.com-20260711-214047/establishing-a-commercial-enterprise-in-turkey/index.html’ saved [656200]

--2026-07-11 21:43:14--  https://cindemirlaw.com/trade-law-of-turkey/
Reusing existing connection to cindemirlaw.com:443.
HTTP request sent, awaiting response... 200 OK
Length: unspecified [text/html]
Saving to: ‘/workspace/backups/cindemirlaw.com-20260711-214047/trade-law-of-turkey/index.html’

     0K .......... .......... .......... .......... .......... 13.3M
    50K .......... .......... .......... .......... .......... 20.5M
   100K .......... .......... .......... .......... .......... 31.1M
   150K .......... .......... .......... .......... .......... 64.1M
   200K .......... .......... .......... .......... ..........  220M
   250K .......... .......... .......... .......... .......... 49.4M
   300K .......... .......... .......... .......... .......... 68.3M
   350K .......... .......... .......... .......... ..........  221M
   400K .......... .......... .......... .......... ..........  101M
   450K .......... .......... .......... .......... .......... 70.1M
   500K .......... .......... .......... .......... ..........  122M
   550K .......... .......... .......... .......... ..........  129M
   600K .......... .......... ..........                        609M=0.01s

2026-07-11 21:43:14 (49.1 MB/s) - ‘/workspace/backups/cindemirlaw.com-20260711-214047/trade-law-of-turkey/index.html’ saved [645968]

--2026-07-11 21:43:14--  https://cindemirlaw.com/proving-the-damage-of-a-victim-by-forensic-hospitals-under-malpractice-law-in-turkey/
Reusing existing connection to cindemirlaw.com:443.
HTTP request sent, awaiting response... 200 OK
Length: unspecified [text/html]
Saving to: ‘/workspace/backups/cindemirlaw.com-20260711-214047/proving-the-damage-of-a-victim-by-forensic-hospitals-under-malpractice-law-in-turkey/index.html’

     0K .......... .......... .......... .......... .......... 30.3M
    50K .......... .......... .......... .......... .......... 6.81M
   100K .......... .......... .......... .......... .......... 68.1M
   150K .......... .......... .......... .......... .......... 43.8M
   200K .......... .......... .......... .......... .......... 14.6M
   250K .......... .......... .......... .......... ..........  502M
   300K .......... .......... .......... .......... ..........  218M
   350K .......... .......... .......... .......... .......... 36.3M
   400K .......... .......... .......... .......... .......... 20.8M
   450K .......... .......... .......... .......... ..........  598M
   500K .......... .......... .......... .......... ..........  561M
   550K .......... .......... .......... .......... ..........  126M
   600K .......... .......... .......... .........              380M=0.02s

2026-07-11 21:43:14 (33.5 MB/s) - ‘/workspace/backups/cindemirlaw.com-20260711-214047/proving-the-damage-of-a-victim-by-forensic-hospitals-under-malpractice-law-in-turkey/index.html’ saved [655312]

--2026-07-11 21:43:15--  https://cindemirlaw.com/enforcement-of-icsid-awards-in-turkey-the-light-of-last-developments/
Reusing existing connection to cindemirlaw.com:443.
HTTP request sent, awaiting response... 200 OK
Length: unspecified [text/html]
Saving to: ‘/workspace/backups/cindemirlaw.com-20260711-214047/enforcement-of-icsid-awards-in-turkey-the-light-of-last-developments/index.html’

     0K .......... .......... .......... .......... .......... 14.0M
    50K .......... .......... .......... .......... .......... 24.2M
   100K .......... .......... .......... .......... .......... 82.1M
   150K .......... .......... .......... .......... .......... 20.8M
   200K .......... .......... .......... .......... ..........  537M
   250K .......... .......... .......... .......... .......... 49.5M
   300K .......... .......... .......... .......... .......... 71.5M
   350K .......... .......... .......... .......... ..........  144M
   400K .......... .......... .......... .......... ..........  213M
   450K .......... .......... .......... .......... ..........  161M
   500K .......... .......... .......... .......... .......... 99.3M
   550K .......... .......... .......... .......... .......... 64.7M
   600K .......... .......... .......... .......... ......      458M=0.01s

2026-07-11 21:43:15 (50.9 MB/s) - ‘/workspace/backups/cindemirlaw.com-20260711-214047/enforcement-of-icsid-awards-in-turkey-the-light-of-last-developments/index.html’ saved [662091]

--2026-07-11 21:43:16--  https://cindemirlaw.com/plastic-surgery-malpractice-in-turkish-law/
Reusing existing connection to cindemirlaw.com:443.
HTTP request sent, awaiting response... 200 OK
Length: unspecified [text/html]
Saving to: ‘/workspace/backups/cindemirlaw.com-20260711-214047/plastic-surgery-malpractice-in-turkish-law/index.html’

     0K .......... .......... .......... .......... .......... 13.6M
    50K .......... .......... .......... .......... .......... 31.2M
   100K .......... .......... .......... .......... .......... 18.6M
   150K .......... .......... .......... .......... .......... 35.4M
   200K .......... .......... .......... .......... .......... 81.5M
   250K .......... .......... .......... .......... .......... 84.3M
   300K .......... .......... .......... .......... ..........  613M
   350K .......... .......... .......... .......... .......... 34.8M
   400K .......... .......... .......... .......... ..........  411M
   450K .......... .......... .......... .......... ..........  125M
   500K .......... .......... .......... .......... ..........  570M
   550K .......... .......... .......... .......... ..........  188M
   600K .......... .......... .......... .......... ..          646M=0.01s

2026-07-11 21:43:16 (49.2 MB/s) - ‘/workspace/backups/cindemirlaw.com-20260711-214047/plastic-surgery-malpractice-in-turkish-law/index.html’ saved [658190]

--2026-07-11 21:43:16--  https://cindemirlaw.com/verdict-rendered-for-the-unbelievable-accident-killing-a-tour-guide-hurriyet-newspaper/
Reusing existing connection to cindemirlaw.com:443.
HTTP request sent, awaiting response... 200 OK
Length: unspecified [text/html]
Saving to: ‘/workspace/backups/cindemirlaw.com-20260711-214047/verdict-rendered-for-the-unbelievable-accident-killing-a-tour-guide-hurriyet-newspaper/index.html’

     0K .......... .......... .......... .......... .......... 24.9M
    50K .......... .......... .......... .......... .......... 32.3M
   100K .......... .......... .......... .......... .......... 16.8M
   150K .......... .......... .......... .......... ..........  108M
   200K .......... .......... .......... .......... .......... 21.4M
   250K .......... .......... .......... .......... ..........  110M
   300K .......... .......... .......... .......... .......... 39.0M
   350K .......... .......... .......... .......... ..........  112M
   400K .......... .......... .......... .......... ..........  410M
   450K .......... .......... .......... .......... ..........  361M
   500K .......... .......... .......... .......... ..........  473M
   550K .......... .......... .......... .......... .......... 76.3M
   600K .......... .......... .......                           358M=0.01s

2026-07-11 21:43:16 (49.8 MB/s) - ‘/workspace/backups/cindemirlaw.com-20260711-214047/verdict-rendered-for-the-unbelievable-accident-killing-a-tour-guide-hurriyet-newspaper/index.html’ saved [642687]

--2026-07-11 21:43:17--  https://cindemirlaw.com/accidents-on-the-road-in-turkey-car-crashes-traffic-accidents/
Reusing existing connection to cindemirlaw.com:443.
HTTP request sent, awaiting response... 200 OK
Length: unspecified [text/html]
Saving to: ‘/workspace/backups/cindemirlaw.com-20260711-214047/accidents-on-the-road-in-turkey-car-crashes-traffic-accidents/index.html’

     0K .......... .......... .......... .......... .......... 15.6M
    50K .......... .......... .......... .......... .......... 56.8M
   100K .......... .......... .......... .......... .......... 17.6M
   150K .......... .......... .......... .......... .......... 15.7M
   200K .......... .......... .......... .......... ..........  198M
   250K .......... .......... .......... .......... ..........  354M
   300K .......... .......... .......... .......... .......... 29.3M
   350K .......... .......... .......... .......... ..........  281M
   400K .......... .......... .......... .......... ..........  218M
   450K .......... .......... .......... .......... ..........  368M
   500K .......... .......... .......... .......... ..........  295M
   550K .......... .......... .......... .......... ..........  115M
   600K .......... .......... .......... .......... .........   349M=0.01s

2026-07-11 21:43:17 (48.1 MB/s) - ‘/workspace/backups/cindemirlaw.com-20260711-214047/accidents-on-the-road-in-turkey-car-crashes-traffic-accidents/index.html’ saved [664650]

--2026-07-11 21:43:17--  https://cindemirlaw.com/irish-boxer-acquitted-in-epic-brawl-case/
Reusing existing connection to cindemirlaw.com:443.
HTTP request sent, awaiting response... 200 OK
Length: unspecified [text/html]
Saving to: ‘/workspace/backups/cindemirlaw.com-20260711-214047/irish-boxer-acquitted-in-epic-brawl-case/index.html’

     0K .......... .......... .......... .......... .......... 40.3M
    50K .......... .......... .......... .......... .......... 31.5M
   100K .......... .......... .......... .......... .......... 51.5M
   150K .......... .......... .......... .......... .......... 15.7M
   200K .......... .......... .......... .......... ..........  457M
   250K .......... .......... .......... .......... .......... 43.7M
   300K .......... .......... .......... .......... ..........  186M
   350K .......... .......... .......... .......... ..........  169M
   400K .......... .......... .......... .......... ..........  321M
   450K .......... .......... .......... .......... ..........  314M
   500K .......... .......... .......... .......... ..........  136M
   550K .......... .......... .......... .......... ..........  296M
   600K .......... .......... .......... .........              471M=0.01s

2026-07-11 21:43:18 (65.6 MB/s) - ‘/workspace/backups/cindemirlaw.com-20260711-214047/irish-boxer-acquitted-in-epic-brawl-case/index.html’ saved [654410]

--2026-07-11 21:43:18--  https://cindemirlaw.com/irish-kuwaiti-tourist-acquitted-in-street-brawl-case-in-turkey-hurriyet-daily-news/
Reusing existing connection to cindemirlaw.com:443.
HTTP request sent, awaiting response... 200 OK
Length: unspecified [text/html]
Saving to: ‘/workspace/backups/cindemirlaw.com-20260711-214047/irish-kuwaiti-tourist-acquitted-in-street-brawl-case-in-turkey-hurriyet-daily-news/index.html’

     0K .......... .......... .......... .......... .......... 13.2M
    50K .......... .......... .......... .......... .......... 21.8M
   100K .......... .......... .......... .......... .......... 28.4M
   150K .......... .......... .......... .......... .......... 50.1M
   200K .......... .......... .......... .......... .......... 44.2M
   250K .......... .......... .......... .......... ..........  134M
   300K .......... .......... .......... .......... ..........  112M
   350K .......... .......... .......... .......... ..........  165M
   400K .......... .......... .......... .......... ..........  522M
   450K .......... .......... .......... .......... .......... 49.1M
   500K .......... .......... .......... .......... .......... 68.9M
   550K .......... .......... .......... .......... ..........  366M
   600K .......... .......... .......... .....                  379M=0.01s

2026-07-11 21:43:18 (48.3 MB/s) - ‘/workspace/backups/cindemirlaw.com-20260711-214047/irish-kuwaiti-tourist-acquitted-in-street-brawl-case-in-turkey-hurriyet-daily-news/index.html’ saved [650254]

--2026-07-11 21:43:19--  https://cindemirlaw.com/car-accident-in-turkey-and-legal-compensation-issues/
Reusing existing connection to cindemirlaw.com:443.
HTTP request sent, awaiting response... 200 OK
Length: unspecified [text/html]
Saving to: ‘/workspace/backups/cindemirlaw.com-20260711-214047/car-accident-in-turkey-and-legal-compensation-issues/index.html’

     0K .......... .......... .......... .......... .......... 13.8M
    50K .......... .......... .......... .......... .......... 19.2M
   100K .......... .......... .......... .......... .......... 30.3M
   150K .......... .......... .......... .......... .......... 63.0M
   200K .......... .......... .......... .......... ..........  265M
   250K .......... .......... .......... .......... ..........  381M
   300K .......... .......... .......... .......... .......... 32.3M
   350K .......... .......... .......... .......... ..........  312M
   400K .......... .......... .......... .......... ..........  419M
   450K .......... .......... .......... .......... ..........  460M
   500K .......... .......... .......... .......... ..........  461M
   550K .......... .......... .......... .......... ..........  355M
   600K .......... .......... .......... ........               459M=0.01s

2026-07-11 21:43:19 (56.8 MB/s) - ‘/workspace/backups/cindemirlaw.com-20260711-214047/car-accident-in-turkey-and-legal-compensation-issues/index.html’ saved [653599]

--2026-07-11 21:43:19--  https://cindemirlaw.com/icsid/
Reusing existing connection to cindemirlaw.com:443.
HTTP request sent, awaiting response... 200 OK
Length: unspecified [text/html]
Saving to: ‘/workspace/backups/cindemirlaw.com-20260711-214047/icsid/index.html’

     0K .......... .......... .......... .......... .......... 14.7M
    50K .......... .......... .......... .......... .......... 21.2M
   100K .......... .......... .......... .......... .......... 1.96M
   150K .......... .......... .......... .......... ..........  108M
   200K .......... .......... .......... .......... .......... 36.4M
   250K .......... .......... .......... .......... .......... 74.7M
   300K .......... .......... .......... .......... .......... 44.0M
   350K .......... .......... .......... .......... ..........  249M
   400K .......... .......... .......... .......... ..........  523M
   450K .......... .......... .......... .......... ..........  103M
   500K .......... .......... .......... .......... ..........  496M
   550K .......... .......... .......... .......... ..........  364M
   600K .......... .......... .......... ..........            63.4M=0.04s

2026-07-11 21:43:19 (17.5 MB/s) - ‘/workspace/backups/cindemirlaw.com-20260711-214047/icsid/index.html’ saved [655980]

--2026-07-11 21:43:20--  https://cindemirlaw.com/payment/
Reusing existing connection to cindemirlaw.com:443.
HTTP request sent, awaiting response... 200 OK
Length: unspecified [text/html]
Saving to: ‘/workspace/backups/cindemirlaw.com-20260711-214047/payment/index.html’

     0K .......... .......... .......... .......... .......... 53.8M
    50K .......... .......... .......... .......... .......... 61.3M
   100K .......... .......... .......... .......... .......... 51.7M
   150K .......... .......... .......... .......... .......... 59.8M
   200K .......... .......... .......... .......... .......... 75.7M
   250K .......... .......... .......... .......... ..........  343M
   300K .......... .......... .......... .......... ..........  202M
   350K .......... .......... .......... .......... ..........  133M
   400K .......... .......... .......... .......... ..........  307M
   450K .......... .......... .......... .......... ..........  354M
   500K .......... .......... .......... .......... ..........  111M
   550K .......... .......... .......... .......... ..........  263M
   600K .......... .......... .                                 430M=0.006s

2026-07-11 21:43:20 (104 MB/s) - ‘/workspace/backups/cindemirlaw.com-20260711-214047/payment/index.html’ saved [636819]

--2026-07-11 21:43:20--  https://cindemirlaw.com/compensation-of-damages-for-foreign-victims-due-to-terror-under-turkish-law/
Reusing existing connection to cindemirlaw.com:443.
HTTP request sent, awaiting response... 200 OK
Length: unspecified [text/html]
Saving to: ‘/workspace/backups/cindemirlaw.com-20260711-214047/compensation-of-damages-for-foreign-victims-due-to-terror-under-turkish-law/index.html’

     0K .......... .......... .......... .......... .......... 28.4M
    50K .......... .......... .......... .......... .......... 17.7M
   100K .......... .......... .......... .......... .......... 25.3M
   150K .......... .......... .......... .......... .......... 13.1M
   200K .......... .......... .......... .......... ..........  493M
   250K .......... .......... .......... .......... ..........  525M
   300K .......... .......... .......... .......... .......... 56.1M
   350K .......... .......... .......... .......... ..........  282M
   400K .......... .......... .......... .......... ..........  387M
   450K .......... .......... .......... .......... ..........  354M
   500K .......... .......... .......... .......... ..........  303M
   550K .......... .......... .......... .......... ..........  247M
   600K .......... .......... .......... ..........             289M=0.01s

2026-07-11 21:43:20 (51.6 MB/s) - ‘/workspace/backups/cindemirlaw.com-20260711-214047/compensation-of-damages-for-foreign-victims-due-to-terror-under-turkish-law/index.html’ saved [655477]

--2026-07-11 21:43:21--  https://cindemirlaw.com/prosecutor/
Reusing existing connection to cindemirlaw.com:443.
HTTP request sent, awaiting response... 200 OK
Length: unspecified [text/html]
Saving to: ‘/workspace/backups/cindemirlaw.com-20260711-214047/prosecutor/index.html’

     0K .......... .......... .......... .......... .......... 13.4M
    50K .......... .......... .......... .......... .......... 21.0M
   100K .......... .......... .......... .......... .......... 46.0M
   150K .......... .......... .......... .......... .......... 40.4M
   200K .......... .......... .......... .......... .......... 43.1M
   250K .......... .......... .......... .......... ..........  119M
   300K .......... .......... .......... .......... .......... 63.5M
   350K .......... .......... .......... .......... ..........  319M
   400K .......... .......... .......... .......... .......... 99.5M
   450K .......... .......... .......... .......... ..........  130M
   500K .......... .......... .......... .......... .......... 82.2M
   550K .......... .......... .......... .......... ..........  377M
   600K .......... .......... .......... ......                 474M=0.01s

2026-07-11 21:43:21 (50.2 MB/s) - ‘/workspace/backups/cindemirlaw.com-20260711-214047/prosecutor/index.html’ saved [651392]

--2026-07-11 21:43:22--  https://cindemirlaw.com/our-press-statement-regarding-keshia-handa/
Reusing existing connection to cindemirlaw.com:443.
HTTP request sent, awaiting response... 200 OK
Length: unspecified [text/html]
Saving to: ‘/workspace/backups/cindemirlaw.com-20260711-214047/our-press-statement-regarding-keshia-handa/index.html’

     0K .......... .......... .......... .......... .......... 27.3M
    50K .......... .......... .......... .......... .......... 32.1M
   100K .......... .......... .......... .......... .......... 48.9M
   150K .......... .......... .......... .......... .......... 53.2M
   200K .......... .......... .......... .......... ..........  195M
   250K .......... .......... .......... .......... .......... 59.0M
   300K .......... .......... .......... .......... .......... 38.5M
   350K .......... .......... .......... .......... ..........  133M
   400K .......... .......... .......... .......... ..........  320M
   450K .......... .......... .......... .......... .......... 37.5M
   500K .......... .......... .......... .......... ..........  239M
   550K .......... .......... .......... .......... ..........  303M
   600K .......... .......... ..                                425M=0.01s

2026-07-11 21:43:22 (62.0 MB/s) - ‘/workspace/backups/cindemirlaw.com-20260711-214047/our-press-statement-regarding-keshia-handa/index.html’ saved [637562]

--2026-07-11 21:43:23--  https://cindemirlaw.com/irish-tourist-s-attorney-gokhan-cindemir-s-press-statement/
Reusing existing connection to cindemirlaw.com:443.
HTTP request sent, awaiting response... 200 OK
Length: unspecified [text/html]
Saving to: ‘/workspace/backups/cindemirlaw.com-20260711-214047/irish-tourist-s-attorney-gokhan-cindemir-s-press-statement/index.html’

     0K .......... .......... .......... .......... .......... 25.0M
    50K .......... .......... .......... .......... .......... 58.4M
   100K .......... .......... .......... .......... .......... 57.7M
   150K .......... .......... .......... .......... .......... 55.6M
   200K .......... .......... .......... .......... ..........  174M
   250K .......... .......... .......... .......... ..........  116M
   300K .......... .......... .......... .......... ..........  233M
   350K .......... .......... .......... .......... ..........  147M
   400K .......... .......... .......... .......... ..........  499M
   450K .......... .......... .......... .......... ..........  316M
   500K .......... .......... .......... .......... ..........  121M
   550K .......... .......... .......... .......... ..........  500M
   600K .......... ..........                                   564M=0.007s

2026-07-11 21:43:23 (92.5 MB/s) - ‘/workspace/backups/cindemirlaw.com-20260711-214047/irish-tourist-s-attorney-gokhan-cindemir-s-press-statement/index.html’ saved [635281]

--2026-07-11 21:43:23--  https://cindemirlaw.com/introduction-to-jurisdiction-of-divorce-in-turkey/
Reusing existing connection to cindemirlaw.com:443.
HTTP request sent, awaiting response... 200 OK
Length: unspecified [text/html]
Saving to: ‘/workspace/backups/cindemirlaw.com-20260711-214047/introduction-to-jurisdiction-of-divorce-in-turkey/index.html’

     0K .......... .......... .......... .......... .......... 13.5M
    50K .......... .......... .......... .......... .......... 21.2M
   100K .......... .......... .......... .......... .......... 30.6M
   150K .......... .......... .......... .......... .......... 55.6M
   200K .......... .......... .......... .......... .......... 53.1M
   250K .......... .......... .......... .......... .......... 51.0M
   300K .......... .......... .......... .......... ..........  468M
   350K .......... .......... .......... .......... ..........  194M
   400K .......... .......... .......... .......... .......... 50.5M
   450K .......... .......... .......... .......... ..........  240M
   500K .......... .......... .......... .......... ..........  130M
   550K .......... .......... .......... .......... .......... 95.4M
   600K .......... .......... .......... .......... ..........  511M
   650K                                                         874G=0.01s

2026-07-11 21:43:23 (49.7 MB/s) - ‘/workspace/backups/cindemirlaw.com-20260711-214047/introduction-to-jurisdiction-of-divorce-in-turkey/index.html’ saved [666069]

--2026-07-11 21:43:24--  https://cindemirlaw.com/enforcement-and-recognition-of-foreign-arbitral-awards-in-turkey/
Reusing existing connection to cindemirlaw.com:443.
HTTP request sent, awaiting response... 200 OK
Length: unspecified [text/html]
Saving to: ‘/workspace/backups/cindemirlaw.com-20260711-214047/enforcement-and-recognition-of-foreign-arbitral-awards-in-turkey/index.html’

     0K .......... .......... .......... .......... .......... 13.0M
    50K .......... .......... .......... .......... .......... 21.5M
   100K .......... .......... .......... .......... .......... 26.1M
   150K .......... .......... .......... .......... .......... 26.5M
   200K .......... .......... .......... .......... .......... 67.1M
   250K .......... .......... .......... .......... ..........  331M
   300K .......... .......... .......... .......... .......... 50.0M
   350K .......... .......... .......... .......... .......... 88.4M
   400K .......... .......... .......... .......... ..........  205M
   450K .......... .......... .......... .......... ..........  310M
   500K .......... .......... .......... .......... .......... 44.0M
   550K .......... .......... .......... .......... ..........  247M
   600K .......... .......... .......... .......... .......... 93.1M
   650K .......... .......... ......                            320M=0.01s

2026-07-11 21:43:24 (45.7 MB/s) - ‘/workspace/backups/cindemirlaw.com-20260711-214047/enforcement-and-recognition-of-foreign-arbitral-awards-in-turkey/index.html’ saved [692676]

--2026-07-11 21:43:25--  https://cindemirlaw.com/wrongful-death-claim-in-turkey-under-turkish-law/
Reusing existing connection to cindemirlaw.com:443.
HTTP request sent, awaiting response... 200 OK
Length: unspecified [text/html]
Saving to: ‘/workspace/backups/cindemirlaw.com-20260711-214047/wrongful-death-claim-in-turkey-under-turkish-law/index.html’

     0K .......... .......... .......... .......... .......... 14.5M
    50K .......... .......... .......... .......... .......... 18.6M
   100K .......... .......... .......... .......... .......... 23.8M
   150K .......... .......... .......... .......... ..........  101M
   200K .......... .......... .......... .......... .......... 29.8M
   250K .......... .......... .......... .......... .......... 90.2M
   300K .......... .......... .......... .......... ..........  394M
   350K .......... .......... .......... .......... ..........  291M
   400K .......... .......... .......... .......... .......... 40.2M
   450K .......... .......... .......... .......... ..........  263M
   500K .......... .......... .......... .......... ..........  352M
   550K .......... .......... .......... .......... ..........  303M
   600K .......... .......... .......... .......... .....       421M=0.01s

2026-07-11 21:43:25 (49.2 MB/s) - ‘/workspace/backups/cindemirlaw.com-20260711-214047/wrongful-death-claim-in-turkey-under-turkish-law/index.html’ saved [660789]

--2026-07-11 21:43:25--  https://cindemirlaw.com/personal-injury-liability-in-turkey/
Reusing existing connection to cindemirlaw.com:443.
HTTP request sent, awaiting response... 200 OK
Length: unspecified [text/html]
Saving to: ‘/workspace/backups/cindemirlaw.com-20260711-214047/personal-injury-liability-in-turkey/index.html’

     0K .......... .......... .......... .......... .......... 37.1M
    50K .......... .......... .......... .......... .......... 25.5M
   100K .......... .......... .......... .......... .......... 45.3M
   150K .......... .......... .......... .......... .......... 38.7M
   200K .......... .......... .......... .......... ..........  127M
   250K .......... .......... .......... .......... .......... 85.2M
   300K .......... .......... .......... .......... .......... 45.6M
   350K .......... .......... .......... .......... ..........  163M
   400K .......... .......... .......... .......... .......... 80.4M
   450K .......... .......... .......... .......... .......... 52.6M
   500K .......... .......... .......... .......... ..........  319M
   550K .......... .......... .......... .......... ..........  279M
   600K .......... .......... .......... .......... ....        319M=0.01s

2026-07-11 21:43:25 (63.6 MB/s) - ‘/workspace/backups/cindemirlaw.com-20260711-214047/personal-injury-liability-in-turkey/index.html’ saved [659662]

--2026-07-11 21:43:26--  https://cindemirlaw.com/notice-of-termination-for-employment-contracts-in-turkish-labor-law/
Reusing existing connection to cindemirlaw.com:443.
HTTP request sent, awaiting response... 200 OK
Length: unspecified [text/html]
Saving to: ‘/workspace/backups/cindemirlaw.com-20260711-214047/notice-of-termination-for-employment-contracts-in-turkish-labor-law/index.html’

     0K .......... .......... .......... .......... .......... 35.2M
    50K .......... .......... .......... .......... .......... 38.9M
   100K .......... .......... .......... .......... .......... 39.9M
   150K .......... .......... .......... .......... .......... 68.4M
   200K .......... .......... .......... .......... ..........  157M
   250K .......... .......... .......... .......... ..........  433M
   300K .......... .......... .......... .......... .......... 99.2M
   350K .......... .......... .......... .......... ..........  139M
   400K .......... .......... .......... .......... ..........  454M
   450K .......... .......... .......... .......... ..........  441M
   500K .......... .......... .......... .......... ..........  456M
   550K .......... .......... .......... .......... ..........  132M
   600K .......... .......... ..........                        299M=0.007s

2026-07-11 21:43:26 (92.7 MB/s) - ‘/workspace/backups/cindemirlaw.com-20260711-214047/notice-of-termination-for-employment-contracts-in-turkish-labor-law/index.html’ saved [645370]

--2026-07-11 21:43:27--  https://cindemirlaw.com/turkish-citizenship-law-in-english/
Reusing existing connection to cindemirlaw.com:443.
HTTP request sent, awaiting response... 200 OK
Length: unspecified [text/html]
Saving to: ‘/workspace/backups/cindemirlaw.com-20260711-214047/turkish-citizenship-law-in-english/index.html’

     0K .......... .......... .......... .......... .......... 8.61M
    50K .......... .......... .......... .......... .......... 81.4M
   100K .......... .......... .......... .......... .......... 34.5M
   150K .......... .......... .......... .......... .......... 39.0M
   200K .......... .......... .......... .......... .......... 29.8M
   250K .......... .......... .......... .......... ..........  121M
   300K .......... .......... .......... .......... ..........  399M
   350K .......... .......... .......... .......... ..........  308M
   400K .......... .......... .......... .......... ..........  428M
   450K .......... .......... .......... .......... .......... 79.8M
   500K .......... .......... .......... .......... ..........  127M
   550K .......... .......... .......... .......... ..........  237M
   600K .......... .......... .......... .......... ..........  435M
   650K .......... .......... .....                             420M=0.01s

2026-07-11 21:43:27 (51.7 MB/s) - ‘/workspace/backups/cindemirlaw.com-20260711-214047/turkish-citizenship-law-in-english/index.html’ saved [691294]

--2026-07-11 21:43:27--  https://cindemirlaw.com/provisions-of-custody-under-turkish-civil-code/
Reusing existing connection to cindemirlaw.com:443.
HTTP request sent, awaiting response... 200 OK
Length: unspecified [text/html]
Saving to: ‘/workspace/backups/cindemirlaw.com-20260711-214047/provisions-of-custody-under-turkish-civil-code/index.html’

     0K .......... .......... .......... .......... .......... 13.3M
    50K .......... .......... .......... .......... .......... 18.2M
   100K .......... .......... .......... .......... .......... 31.5M
   150K .......... .......... .......... .......... .......... 58.6M
   200K .......... .......... .......... .......... ..........  385M
   250K .......... .......... .......... .......... .......... 30.5M
   300K .......... .......... .......... .......... ..........  153M
   350K .......... .......... .......... .......... .......... 2.62M
   400K .......... .......... .......... .......... ..........  251M
   450K .......... .......... .......... .......... ..........  340M
   500K .......... .......... .......... .......... ..........  342M
   550K .......... .......... .......... .......... .......... 22.6M
   600K .......... .......... .......... .......... ......      368M=0.03s

2026-07-11 21:43:28 (19.6 MB/s) - ‘/workspace/backups/cindemirlaw.com-20260711-214047/provisions-of-custody-under-turkish-civil-code/index.html’ saved [661519]

--2026-07-11 21:43:28--  https://cindemirlaw.com/cautio-judicatum-solvi-security-payment-under-turkish-international-private-law/
Reusing existing connection to cindemirlaw.com:443.
HTTP request sent, awaiting response... 200 OK
Length: unspecified [text/html]
Saving to: ‘/workspace/backups/cindemirlaw.com-20260711-214047/cautio-judicatum-solvi-security-payment-under-turkish-international-private-law/index.html’

     0K .......... .......... .......... .......... .......... 31.8M
    50K .......... .......... .......... .......... .......... 38.2M
   100K .......... .......... .......... .......... .......... 22.1M
   150K .......... .......... .......... .......... .......... 19.0M
   200K .......... .......... .......... .......... ..........  147M
   250K .......... .......... .......... .......... ..........  509M
   300K .......... .......... .......... .......... .......... 70.8M
   350K .......... .......... .......... .......... .......... 36.1M
   400K .......... .......... .......... .......... ..........  524M
   450K .......... .......... .......... .......... ..........  107M
   500K .......... .......... .......... .......... ..........  533M
   550K .......... .......... .......... .......... ..........  492M
   600K .......... .......... .......                           584M=0.01s

2026-07-11 21:43:28 (56.4 MB/s) - ‘/workspace/backups/cindemirlaw.com-20260711-214047/cautio-judicatum-solvi-security-payment-under-turkish-international-private-law/index.html’ saved [642706]

--2026-07-11 21:43:29--  https://cindemirlaw.com/international-private/
Reusing existing connection to cindemirlaw.com:443.
HTTP request sent, awaiting response... 200 OK
Length: unspecified [text/html]
Saving to: ‘/workspace/backups/cindemirlaw.com-20260711-214047/international-private/index.html’

     0K .......... .......... .......... .......... .......... 13.8M
    50K .......... .......... .......... .......... .......... 24.6M
   100K .......... .......... .......... .......... .......... 25.5M
   150K .......... .......... .......... .......... ..........  106M
   200K .......... .......... .......... .......... .......... 50.7M
   250K .......... .......... .......... .......... .......... 79.5M
   300K .......... .......... .......... .......... .......... 83.0M
   350K .......... .......... .......... .......... ..........  440M
   400K .......... .......... .......... .......... ..........  530M
   450K .......... .......... .......... .......... .......... 68.4M
   500K .......... .......... .......... .......... ..........  167M
   550K .......... .......... .......... .......... ..........  162M
   600K .......... .......... .......... ..........             491M=0.01s

2026-07-11 21:43:29 (53.7 MB/s) - ‘/workspace/backups/cindemirlaw.com-20260711-214047/international-private/index.html’ saved [655456]

--2026-07-11 21:43:30--  https://cindemirlaw.com/statute-of-limitations-related-to-personal-injury-cases-in-turkey/
Reusing existing connection to cindemirlaw.com:443.
HTTP request sent, awaiting response... 200 OK
Length: unspecified [text/html]
Saving to: ‘/workspace/backups/cindemirlaw.com-20260711-214047/statute-of-limitations-related-to-personal-injury-cases-in-turkey/index.html’

     0K .......... .......... .......... .......... .......... 35.5M
    50K .......... .......... .......... .......... .......... 6.68M
   100K .......... .......... .......... .......... .......... 59.5M
   150K .......... .......... .......... .......... .......... 39.7M
   200K .......... .......... .......... .......... ..........  306M
   250K .......... .......... .......... .......... ..........  424M
   300K .......... .......... .......... .......... .......... 86.2M
   350K .......... .......... .......... .......... .......... 85.8M
   400K .......... .......... .......... .......... ..........  513M
   450K .......... .......... .......... .......... .......... 94.2M
   500K .......... .......... .......... .......... ..........  500M
   550K .......... .......... .......... .......... ..........  403M
   600K .......... .......... .......... .......... ...         613M=0.01s

2026-07-11 21:43:30 (48.2 MB/s) - ‘/workspace/backups/cindemirlaw.com-20260711-214047/statute-of-limitations-related-to-personal-injury-cases-in-turkey/index.html’ saved [659369]

--2026-07-11 21:43:30--  https://cindemirlaw.com/paternity-in-turkish-law-under-new-turkish-constitution-court-decision/
Reusing existing connection to cindemirlaw.com:443.
HTTP request sent, awaiting response... 200 OK
Length: unspecified [text/html]
Saving to: ‘/workspace/backups/cindemirlaw.com-20260711-214047/paternity-in-turkish-law-under-new-turkish-constitution-court-decision/index.html’

     0K .......... .......... .......... .......... .......... 14.5M
    50K .......... .......... .......... .......... .......... 23.8M
   100K .......... .......... .......... .......... .......... 29.8M
   150K .......... .......... .......... .......... .......... 48.2M
   200K .......... .......... .......... .......... .......... 63.6M
   250K .......... .......... .......... .......... ..........  103M
   300K .......... .......... .......... .......... ..........  285M
   350K .......... .......... .......... .......... ..........  189M
   400K .......... .......... .......... .......... ..........  209M
   450K .......... .......... .......... .......... .......... 52.4M
   500K .......... .......... .......... .......... ..........  118M
   550K .......... .......... .......... .......... ..........  396M
   600K .......... .......... .......... .........              310M=0.01s

2026-07-11 21:43:30 (54.0 MB/s) - ‘/workspace/backups/cindemirlaw.com-20260711-214047/paternity-in-turkish-law-under-new-turkish-constitution-court-decision/index.html’ saved [654611]

--2026-07-11 21:43:31--  https://cindemirlaw.com/enforcement-of-uk-judgments-in-turkey/
Reusing existing connection to cindemirlaw.com:443.
HTTP request sent, awaiting response... 200 OK
Length: unspecified [text/html]
Saving to: ‘/workspace/backups/cindemirlaw.com-20260711-214047/enforcement-of-uk-judgments-in-turkey/index.html’

     0K .......... .......... .......... .......... .......... 11.6M
    50K .......... .......... .......... .......... .......... 18.5M
   100K .......... .......... .......... .......... ..........  175M
   150K .......... .......... .......... .......... .......... 9.76M
   200K .......... .......... .......... .......... ..........  100M
   250K .......... .......... .......... .......... .......... 24.5M
   300K .......... .......... .......... .......... .......... 45.1M
   350K .......... .......... .......... .......... .......... 30.0M
   400K .......... .......... .......... .......... ..........  489M
   450K .......... .......... .......... .......... ..........  155M
   500K .......... .......... .......... .......... ..........  444M
   550K .......... .......... .......... .......... .......... 91.5M
   600K .......... .......... .......... .......... .          2.58M=0.03s

2026-07-11 21:43:31 (18.4 MB/s) - ‘/workspace/backups/cindemirlaw.com-20260711-214047/enforcement-of-uk-judgments-in-turkey/index.html’ saved [656689]

--2026-07-11 21:43:32--  https://cindemirlaw.com/enforcement-of-us-judgments-in-turkey/
Reusing existing connection to cindemirlaw.com:443.
HTTP request sent, awaiting response... 200 OK
Length: unspecified [text/html]
Saving to: ‘/workspace/backups/cindemirlaw.com-20260711-214047/enforcement-of-us-judgments-in-turkey/index.html’

     0K .......... .......... .......... .......... .......... 27.8M
    50K .......... .......... .......... .......... .......... 83.7M
   100K .......... .......... .......... .......... .......... 25.2M
   150K .......... .......... .......... .......... .......... 19.7M
   200K .......... .......... .......... .......... ..........  433M
   250K .......... .......... .......... .......... .......... 94.0M
   300K .......... .......... .......... .......... .......... 67.1M
   350K .......... .......... .......... .......... ..........  340M
   400K .......... .......... .......... .......... ..........  105M
   450K .......... .......... .......... .......... ..........  458M
   500K .......... .......... .......... .......... ..........  580M
   550K .......... .......... .......... .......... ..........  460M
   600K .......... .......... .......... .......... .....       610M=0.009s

2026-07-11 21:43:32 (69.4 MB/s) - ‘/workspace/backups/cindemirlaw.com-20260711-214047/enforcement-of-us-judgments-in-turkey/index.html’ saved [661206]

--2026-07-11 21:43:32--  https://cindemirlaw.com/paternity-suit-in-turkey-under-turkish-family-law/
Reusing existing connection to cindemirlaw.com:443.
HTTP request sent, awaiting response... 200 OK
Length: unspecified [text/html]
Saving to: ‘/workspace/backups/cindemirlaw.com-20260711-214047/paternity-suit-in-turkey-under-turkish-family-law/index.html’

     0K .......... .......... .......... .......... .......... 14.5M
    50K .......... .......... .......... .......... .......... 9.31M
   100K .......... .......... .......... .......... ..........  339M
   150K .......... .......... .......... .......... .......... 23.5M
   200K .......... .......... .......... .......... .......... 27.4M
   250K .......... .......... .......... .......... ..........  445M
   300K .......... .......... .......... .......... .......... 34.9M
   350K .......... .......... .......... .......... ..........  381M
   400K .......... .......... .......... .......... .......... 61.7M
   450K .......... .......... .......... .......... ..........  601M
   500K .......... .......... .......... .......... .......... 11.2M
   550K .......... .......... .......... .......... ..........  307M
   600K .......... .......... .......... ..........             487M=0.02s

2026-07-11 21:43:32 (31.7 MB/s) - ‘/workspace/backups/cindemirlaw.com-20260711-214047/paternity-suit-in-turkey-under-turkish-family-law/index.html’ saved [655616]

--2026-07-11 21:43:33--  https://cindemirlaw.com/enforcement-of-a-foreign-ukraine-judgment-in-turkey/
Reusing existing connection to cindemirlaw.com:443.
HTTP request sent, awaiting response... 200 OK
Length: unspecified [text/html]
Saving to: ‘/workspace/backups/cindemirlaw.com-20260711-214047/enforcement-of-a-foreign-ukraine-judgment-in-turkey/index.html’

     0K .......... .......... .......... .......... .......... 12.9M
    50K .......... .......... .......... .......... .......... 22.3M
   100K .......... .......... .......... .......... .......... 25.2M
   150K .......... .......... .......... .......... .......... 78.0M
   200K .......... .......... .......... .......... .......... 31.7M
   250K .......... .......... .......... .......... ..........  661M
   300K .......... .......... .......... .......... ..........  131M
   350K .......... .......... .......... .......... .......... 60.5M
   400K .......... .......... .......... .......... ..........  569M
   450K .......... .......... .......... .......... .......... 67.0M
   500K .......... .......... .......... .......... ..........  162M
   550K .......... .......... .......... .......... ..........  447M
   600K .......... .......... .......... .........              449M=0.01s

2026-07-11 21:43:33 (49.4 MB/s) - ‘/workspace/backups/cindemirlaw.com-20260711-214047/enforcement-of-a-foreign-ukraine-judgment-in-turkey/index.html’ saved [655014]

--2026-07-11 21:43:34--  https://cindemirlaw.com/enforcement-of-foreign-judgments-austria-in-turkey/
Reusing existing connection to cindemirlaw.com:443.
HTTP request sent, awaiting response... 200 OK
Length: unspecified [text/html]
Saving to: ‘/workspace/backups/cindemirlaw.com-20260711-214047/enforcement-of-foreign-judgments-austria-in-turkey/index.html’

     0K .......... .......... .......... .......... .......... 14.1M
    50K .......... .......... .......... .......... .......... 20.1M
   100K .......... .......... .......... .......... .......... 24.3M
   150K .......... .......... .......... .......... .......... 19.7M
   200K .......... .......... .......... .......... .......... 18.2M
   250K .......... .......... .......... .......... .......... 32.8M
   300K .......... .......... .......... .......... .......... 74.4M
   350K .......... .......... .......... .......... .......... 28.1M
   400K .......... .......... .......... .......... ..........  252M
   450K .......... .......... .......... .......... ..........  119M
   500K .......... .......... .......... .......... ..........  359M
   550K .......... .......... .......... .......... .......... 66.2M
   600K .......... .......... ........                          392M=0.02s

2026-07-11 21:43:34 (33.2 MB/s) - ‘/workspace/backups/cindemirlaw.com-20260711-214047/enforcement-of-foreign-judgments-austria-in-turkey/index.html’ saved [643989]

--2026-07-11 21:43:34--  https://cindemirlaw.com/link20/
Reusing existing connection to cindemirlaw.com:443.
HTTP request sent, awaiting response... 200 OK
Length: unspecified [text/html]
Saving to: ‘/workspace/backups/cindemirlaw.com-20260711-214047/link20/index.html’

     0K .......... .......... .......... .......... .......... 13.5M
    50K .......... .......... .......... .......... .......... 25.2M
   100K .......... .......... .......... .......... .......... 15.0M
   150K .......... .......... .......... .......... .......... 68.0M
   200K .......... .......... .......... .......... .......... 32.2M
   250K .......... .......... .......... .......... ..........  159M
   300K .......... .......... .......... .......... .......... 92.3M
   350K .......... .......... .......... .......... ..........  192M
   400K .......... .......... .......... .......... .......... 54.9M
   450K .......... .......... .......... .......... ..........  137M
   500K .......... .......... .......... .......... ..........  128M
   550K .......... .......... .......... .......... ..........  356M
   600K .......... .......... .                                 480M=0.01s

2026-07-11 21:43:35 (43.5 MB/s) - ‘/workspace/backups/cindemirlaw.com-20260711-214047/link20/index.html’ saved [635974]

--2026-07-11 21:43:35--  https://cindemirlaw.com/fde1068e3bda46a37dd24126f9ec4b09df0c999365011ec71028e1a7d4c45bfdd0fde1068e3bda46a37dd24126f9ec4b09df0c999365011ec71028e1a7d4c45bfdb0fde1068e3bda46a37dd24126f9ec4b09df0c999365011ec71028e1a7d4c45bf-2/
Reusing existing connection to cindemirlaw.com:443.
HTTP request sent, awaiting response... 200 OK
Length: unspecified [text/html]
Saving to: ‘/workspace/backups/cindemirlaw.com-20260711-214047/fde1068e3bda46a37dd24126f9ec4b09df0c999365011ec71028e1a7d4c45bfdd0fde1068e3bda46a37dd24126f9ec4b09df0c999365011ec71028e1a7d4c45bfdb0fde1068e3bda46a37dd24126f9ec4b09df0c999365011ec71028e1a7d4c45bf-2/index.html’

     0K .......... .......... .......... .......... .......... 36.2M
    50K .......... .......... .......... .......... .......... 30.0M
   100K .......... .......... .......... .......... .......... 45.5M
   150K .......... .......... .......... .......... ..........  285M
   200K .......... .......... .......... .......... .......... 49.8M
   250K .......... .......... .......... .......... ..........  289M
   300K .......... .......... .......... .......... ..........  532M
   350K .......... .......... .......... .......... ..........  573M
   400K .......... .......... .......... .......... .......... 99.3M
   450K .......... .......... .......... .......... ..........  136M
   500K .......... .......... .......... .......... ..........  130M
   550K .......... .......... .......... .......... ..........  374M
   600K .......... .......... .......... ......                 477M=0.007s

2026-07-11 21:43:35 (89.1 MB/s) - ‘/workspace/backups/cindemirlaw.com-20260711-214047/fde1068e3bda46a37dd24126f9ec4b09df0c999365011ec71028e1a7d4c45bfdd0fde1068e3bda46a37dd24126f9ec4b09df0c999365011ec71028e1a7d4c45bfdb0fde1068e3bda46a37dd24126f9ec4b09df0c999365011ec71028e1a7d4c45bf-2/index.html’ saved [651633]

--2026-07-11 21:43:36--  https://cindemirlaw.com/fde1068e3bda46a37dd24126f9ec4b09df0c999365011ec71028e1a7d4c45bfdd0fde1068e3bda46a37dd24126f9ec4b09df0c999365011ec71028e1a7d4c45bfdbefde1068e3bda46a37dd24126f9ec4b09df0c999365011ec71028e1a7d4c45bf/
Reusing existing connection to cindemirlaw.com:443.
HTTP request sent, awaiting response... 200 OK
Length: unspecified [text/html]
Saving to: ‘/workspace/backups/cindemirlaw.com-20260711-214047/fde1068e3bda46a37dd24126f9ec4b09df0c999365011ec71028e1a7d4c45bfdd0fde1068e3bda46a37dd24126f9ec4b09df0c999365011ec71028e1a7d4c45bfdbefde1068e3bda46a37dd24126f9ec4b09df0c999365011ec71028e1a7d4c45bf/index.html’

     0K .......... .......... .......... .......... .......... 22.2M
    50K .......... .......... .......... .......... .......... 57.2M
   100K .......... .......... .......... .......... .......... 36.8M
   150K .......... .......... .......... .......... ..........  343M
   200K .......... .......... .......... .......... .......... 56.9M
   250K .......... .......... .......... .......... ..........  417M
   300K .......... .......... .......... .......... ..........  409M
   350K .......... .......... .......... .......... ..........  348M
   400K .......... .......... .......... .......... ..........  201M
   450K .......... .......... .......... .......... .......... 95.8M
   500K .......... .......... .......... .......... ..........  410M
   550K .......... .......... .......... .......... ..........  141M
   600K .......... .......... ......                            402M=0.007s

2026-07-11 21:43:36 (86.9 MB/s) - ‘/workspace/backups/cindemirlaw.com-20260711-214047/fde1068e3bda46a37dd24126f9ec4b09df0c999365011ec71028e1a7d4c45bfdd0fde1068e3bda46a37dd24126f9ec4b09df0c999365011ec71028e1a7d4c45bfdbefde1068e3bda46a37dd24126f9ec4b09df0c999365011ec71028e1a7d4c45bf/index.html’ saved [641282]

--2026-07-11 21:43:36--  https://cindemirlaw.com/cindemir-hukuk-burosu-cindemir-law-office-kusdili-caddesi-osmanaga-mahallesi-artunc-apartmani-no173-34714-kadikoy-istanbul-2/
Reusing existing connection to cindemirlaw.com:443.
HTTP request sent, awaiting response... 200 OK
Length: unspecified [text/html]
Saving to: ‘/workspace/backups/cindemirlaw.com-20260711-214047/cindemir-hukuk-burosu-cindemir-law-office-kusdili-caddesi-osmanaga-mahallesi-artunc-apartmani-no173-34714-kadikoy-istanbul-2/index.html’

     0K .......... .......... .......... .......... .......... 14.5M
    50K .......... .......... .......... .......... .......... 20.3M
   100K .......... .......... .......... .......... .......... 29.8M
   150K .......... .......... .......... .......... .......... 43.2M
   200K .......... .......... .......... .......... .......... 53.8M
   250K .......... .......... .......... .......... .......... 73.0M
   300K .......... .......... .......... .......... ..........  145M
   350K .......... .......... .......... .......... ..........  190M
   400K .......... .......... .......... .......... ..........  473M
   450K .......... .......... .......... .......... .......... 14.1M
   500K .......... .......... .......... .......... ..........  481M
   550K .......... .......... .......... .......... ..........  377M
   600K .......... .......... ..                                573M=0.01s

2026-07-11 21:43:36 (41.8 MB/s) - ‘/workspace/backups/cindemirlaw.com-20260711-214047/cindemir-hukuk-burosu-cindemir-law-office-kusdili-caddesi-osmanaga-mahallesi-artunc-apartmani-no173-34714-kadikoy-istanbul-2/index.html’ saved [637307]

--2026-07-11 21:43:37--  https://cindemirlaw.com/gokhan-cindemir-2/
Reusing existing connection to cindemirlaw.com:443.
HTTP request sent, awaiting response... 200 OK
Length: unspecified [text/html]
Saving to: ‘/workspace/backups/cindemirlaw.com-20260711-214047/gokhan-cindemir-2/index.html’

     0K .......... .......... .......... .......... .......... 14.2M
    50K .......... .......... .......... .......... .......... 26.7M
   100K .......... .......... .......... .......... .......... 25.3M
   150K .......... .......... .......... .......... ..........  839K
   200K .......... .......... .......... .......... .......... 23.3M
   250K .......... .......... .......... .......... .......... 30.5M
   300K .......... .......... .......... .......... .......... 77.2M
   350K .......... .......... .......... .......... .......... 42.8M
   400K .......... .......... .......... .......... ..........  150M
   450K .......... .......... .......... .......... ..........  158M
   500K .......... .......... .......... .......... ..........  156M
   550K .......... .......... .......... .......... .......... 12.1M
   600K .......... .........                                    377M=0.08s

2026-07-11 21:43:37 (7.83 MB/s) - ‘/workspace/backups/cindemirlaw.com-20260711-214047/gokhan-cindemir-2/index.html’ saved [634375]

--2026-07-11 21:43:38--  https://cindemirlaw.com/hakan-cindemir-2/
Reusing existing connection to cindemirlaw.com:443.
HTTP request sent, awaiting response... 200 OK
Length: unspecified [text/html]
Saving to: ‘/workspace/backups/cindemirlaw.com-20260711-214047/hakan-cindemir-2/index.html’

     0K .......... .......... .......... .......... ..........  843K
    50K .......... .......... .......... .......... ..........  315M
   100K .......... .......... .......... .......... .......... 3.38M
   150K .......... .......... .......... .......... .......... 29.4M
   200K .......... .......... .......... .......... .......... 26.5M
   250K .......... .......... .......... .......... ..........  133M
   300K .......... .......... .......... .......... .......... 1.67M
   350K .......... .......... .......... .......... ..........  164M
   400K .......... .......... .......... .......... ..........  336M
   450K .......... .......... .......... .......... ..........  355M
   500K .......... .......... .......... .......... .......... 4.19M
   550K .......... .......... .......... .......... ..........  293M
   600K .......... .........                                    593K=0.2s

2026-07-11 21:43:38 (3.99 MB/s) - ‘/workspace/backups/cindemirlaw.com-20260711-214047/hakan-cindemir-2/index.html’ saved [633893]

--2026-07-11 21:43:39--  https://cindemirlaw.com/enforcement-of-a-foreign-iran-judgment-in-turkey/
Reusing existing connection to cindemirlaw.com:443.
HTTP request sent, awaiting response... 200 OK
Length: unspecified [text/html]
Saving to: ‘/workspace/backups/cindemirlaw.com-20260711-214047/enforcement-of-a-foreign-iran-judgment-in-turkey/index.html’

     0K .......... .......... .......... .......... .......... 26.2M
    50K .......... .......... .......... .......... .......... 15.9M
   100K .......... .......... .......... .......... .......... 5.09M
   150K .......... .......... .......... .......... .......... 45.3M
   200K .......... .......... .......... .......... ..........  498M
   250K .......... .......... .......... .......... ..........  162M
   300K .......... .......... .......... .......... .......... 74.2M
   350K .......... .......... .......... .......... ..........  336M
   400K .......... .......... .......... .......... ..........  220M
   450K .......... .......... .......... .......... ..........  519M
   500K .......... .......... .......... .......... ..........  510M
   550K .......... .......... .......... .......... ..........  203M
   600K .......... .......... .......... ...                    430M=0.02s

2026-07-11 21:43:39 (35.3 MB/s) - ‘/workspace/backups/cindemirlaw.com-20260711-214047/enforcement-of-a-foreign-iran-judgment-in-turkey/index.html’ saved [648762]

--2026-07-11 21:43:39--  https://cindemirlaw.com/enforcement-of-a-foreign-romania-judgment-in-turkey/
Reusing existing connection to cindemirlaw.com:443.
HTTP request sent, awaiting response... 200 OK
Length: unspecified [text/html]
Saving to: ‘/workspace/backups/cindemirlaw.com-20260711-214047/enforcement-of-a-foreign-romania-judgment-in-turkey/index.html’

     0K .......... .......... .......... .......... .......... 24.9M
    50K .......... .......... .......... .......... .......... 36.5M
   100K .......... .......... .......... .......... .......... 19.8M
   150K .......... .......... .......... .......... ..........  105M
   200K .......... .......... .......... .......... .......... 39.9M
   250K .......... .......... .......... .......... ..........  334M
   300K .......... .......... .......... .......... ..........  347M
   350K .......... .......... .......... .......... .......... 30.8M
   400K .......... .......... .......... .......... ..........  302M
   450K .......... .......... .......... .......... ..........  338M
   500K .......... .......... .......... .......... .......... 35.4M
   550K .......... .......... .......... .......... ..........  120M
   600K .......... .......... ..........                        406M=0.01s

2026-07-11 21:43:39 (53.6 MB/s) - ‘/workspace/backups/cindemirlaw.com-20260711-214047/enforcement-of-a-foreign-romania-judgment-in-turkey/index.html’ saved [645281]

--2026-07-11 21:43:40--  https://cindemirlaw.com/deportation-law-in-turkey/
Reusing existing connection to cindemirlaw.com:443.
HTTP request sent, awaiting response... 200 OK
Length: unspecified [text/html]
Saving to: ‘/workspace/backups/cindemirlaw.com-20260711-214047/deportation-law-in-turkey/index.html’

     0K .......... .......... .......... .......... .......... 42.5M
    50K .......... .......... .......... .......... .......... 54.7M
   100K .......... .......... .......... .......... .......... 33.0M
   150K .......... .......... .......... .......... ..........  728K
   200K .......... .......... .......... .......... ..........  310M
   250K .......... .......... .......... .......... ..........  283M
   300K .......... .......... .......... .......... ..........  352M
   350K .......... .......... .......... .......... .......... 3.48M
   400K .......... .......... .......... .......... ..........  398M
   450K .......... .......... .......... .......... ..........  384M
   500K .......... .......... .......... .......... ..........  383M
   550K .......... .......... .......... .......... .......... 6.86M
   600K .......... .......... .......... .......... ...        1.12M=0.1s

2026-07-11 21:43:40 (4.76 MB/s) - ‘/workspace/backups/cindemirlaw.com-20260711-214047/deportation-law-in-turkey/index.html’ saved [658744]

--2026-07-11 21:43:41--  https://cindemirlaw.com/enforcement-of-a-foreign-poland-judgment-in-turkey/
Reusing existing connection to cindemirlaw.com:443.
HTTP request sent, awaiting response... 200 OK
Length: unspecified [text/html]
Saving to: ‘/workspace/backups/cindemirlaw.com-20260711-214047/enforcement-of-a-foreign-poland-judgment-in-turkey/index.html’

     0K .......... .......... .......... .......... .......... 12.2M
    50K .......... .......... .......... .......... .......... 18.4M
   100K .......... .......... .......... .......... .......... 36.7M
   150K .......... .......... .......... .......... .......... 40.9M
   200K .......... .......... .......... .......... .......... 34.9M
   250K .......... .......... .......... .......... .......... 95.7M
   300K .......... .......... .......... .......... .......... 84.6M
   350K .......... .......... .......... .......... ..........  447M
   400K .......... .......... .......... .......... .......... 47.1M
   450K .......... .......... .......... .......... ..........  603M
   500K .......... .......... .......... .......... .......... 80.7M
   550K .......... .......... .......... .......... ..........  101M
   600K .......... .......... ..........                        472M=0.01s

2026-07-11 21:43:41 (43.9 MB/s) - ‘/workspace/backups/cindemirlaw.com-20260711-214047/enforcement-of-a-foreign-poland-judgment-in-turkey/index.html’ saved [645193]

--2026-07-11 21:43:41--  https://cindemirlaw.com/enforcement-of-a-chinese-foreign-judgment-in-turkey/
Reusing existing connection to cindemirlaw.com:443.
HTTP request sent, awaiting response... 200 OK
Length: unspecified [text/html]
Saving to: ‘/workspace/backups/cindemirlaw.com-20260711-214047/enforcement-of-a-chinese-foreign-judgment-in-turkey/index.html’

     0K .......... .......... .......... .......... .......... 33.1M
    50K .......... .......... .......... .......... .......... 27.6M
   100K .......... .......... .......... .......... .......... 20.2M
   150K .......... .......... .......... .......... .......... 33.1M
   200K .......... .......... .......... .......... ..........  153M
   250K .......... .......... .......... .......... .......... 32.3M
   300K .......... .......... .......... .......... .......... 94.9M
   350K .......... .......... .......... .......... ..........  121M
   400K .......... .......... .......... .......... ..........  521M
   450K .......... .......... .......... .......... ..........  540M
   500K .......... .......... .......... .......... ..........  109M
   550K .......... .......... .......... .......... .......... 28.2M
   600K .......... .......... .........                         556M=0.01s

2026-07-11 21:43:41 (50.0 MB/s) - ‘/workspace/backups/cindemirlaw.com-20260711-214047/enforcement-of-a-chinese-foreign-judgment-in-turkey/index.html’ saved [645082]

--2026-07-11 21:43:42--  https://cindemirlaw.com/enforcement-of-a-foreign-decision-in-turkey/
Reusing existing connection to cindemirlaw.com:443.
HTTP request sent, awaiting response... 200 OK
Length: unspecified [text/html]
Saving to: ‘/workspace/backups/cindemirlaw.com-20260711-214047/enforcement-of-a-foreign-decision-in-turkey/index.html’

     0K .......... .......... .......... .......... .......... 12.6M
    50K .......... .......... .......... .......... .......... 27.6M
   100K .......... .......... .......... .......... .......... 20.6M
   150K .......... .......... .......... .......... .......... 4.43M
   200K .......... .......... .......... .......... .......... 22.0M
   250K .......... .......... .......... .......... .......... 32.9M
   300K .......... .......... .......... .......... .......... 26.6M
   350K .......... .......... .......... .......... .......... 99.0M
   400K .......... .......... .......... .......... ..........  289M
   450K .......... .......... .......... .......... .......... 38.9M
   500K .......... .......... .......... .......... .......... 1.85M
   550K .......... .......... .......... .......... ..........  261M
   600K .......... .......... .......... ....                  3.12M=0.06s

2026-07-11 21:43:42 (9.68 MB/s) - ‘/workspace/backups/cindemirlaw.com-20260711-214047/enforcement-of-a-foreign-decision-in-turkey/index.html’ saved [650153]

--2026-07-11 21:43:43--  https://cindemirlaw.com/anti-dumping-measures/
Reusing existing connection to cindemirlaw.com:443.
HTTP request sent, awaiting response... 200 OK
Length: unspecified [text/html]
Saving to: ‘/workspace/backups/cindemirlaw.com-20260711-214047/anti-dumping-measures/index.html’

     0K .......... .......... .......... .......... .......... 11.7M
    50K .......... .......... .......... .......... .......... 22.8M
   100K .......... .......... .......... .......... .......... 23.6M
   150K .......... .......... .......... .......... .......... 44.7M
   200K .......... .......... .......... .......... .......... 41.3M
   250K .......... .......... .......... .......... .......... 97.9M
   300K .......... .......... .......... .......... ..........  108M
   350K .......... .......... .......... .......... ..........  323M
   400K .......... .......... .......... .......... .......... 46.8M
   450K .......... .......... .......... .......... ..........  148M
   500K .......... .......... .......... .......... ..........  433M
   550K .......... .......... .......... .......... .......... 61.0M
   600K .......... .......... .......... .......... ..........  377M
   650K ..                                                     4.20T=0.01s

2026-07-11 21:43:43 (44.9 MB/s) - ‘/workspace/backups/cindemirlaw.com-20260711-214047/anti-dumping-measures/index.html’ saved [667911]

--2026-07-11 21:43:44--  https://cindemirlaw.com/electric-distribution-and-transmission-in-turkey/
Reusing existing connection to cindemirlaw.com:443.
HTTP request sent, awaiting response... 200 OK
Length: unspecified [text/html]
Saving to: ‘/workspace/backups/cindemirlaw.com-20260711-214047/electric-distribution-and-transmission-in-turkey/index.html’

     0K .......... .......... .......... .......... .......... 14.7M
    50K .......... .......... .......... .......... .......... 22.2M
   100K .......... .......... .......... .......... .......... 25.5M
   150K .......... .......... .......... .......... .......... 35.7M
   200K .......... .......... .......... .......... .......... 54.1M
   250K .......... .......... .......... .......... ..........  457M
   300K .......... .......... .......... .......... .......... 59.1M
   350K .......... .......... .......... .......... ..........  263M
   400K .......... .......... .......... .......... ..........  520M
   450K .......... .......... .......... .......... .......... 60.3M
   500K .......... .......... .......... .......... .......... 43.3M
   550K .......... .......... .......... .......... ..........  130M
   600K .......... .......... .......... ..                     428M=0.01s

2026-07-11 21:43:44 (46.4 MB/s) - ‘/workspace/backups/cindemirlaw.com-20260711-214047/electric-distribution-and-transmission-in-turkey/index.html’ saved [647208]

--2026-07-11 21:43:44--  https://cindemirlaw.com/direct-foreign-invesment-law-in-turkey/
Reusing existing connection to cindemirlaw.com:443.
HTTP request sent, awaiting response... 200 OK
Length: unspecified [text/html]
Saving to: ‘/workspace/backups/cindemirlaw.com-20260711-214047/direct-foreign-invesment-law-in-turkey/index.html’

     0K .......... .......... .......... .......... .......... 13.8M
    50K .......... .......... .......... .......... .......... 21.2M
   100K .......... .......... .......... .......... .......... 30.9M
   150K .......... .......... .......... .......... .......... 70.6M
   200K .......... .......... .......... .......... .......... 43.1M
   250K .......... .......... .......... .......... .......... 62.3M
   300K .......... .......... .......... .......... ..........  113M
   350K .......... .......... .......... .......... .......... 82.0M
   400K .......... .......... .......... .......... ..........  333M
   450K .......... .......... .......... .......... ..........  186M
   500K .......... .......... .......... .......... ..........  120M
   550K .......... .......... .......... .......... ..........  133M
   600K .......... .......... .......... ..                     377M=0.01s

2026-07-11 21:43:44 (50.0 MB/s) - ‘/workspace/backups/cindemirlaw.com-20260711-214047/direct-foreign-invesment-law-in-turkey/index.html’ saved [647233]

--2026-07-11 21:43:45--  https://cindemirlaw.com/sales-of-real-estate-to-foreigners-in-turkey/
Reusing existing connection to cindemirlaw.com:443.
HTTP request sent, awaiting response... 200 OK
Length: unspecified [text/html]
Saving to: ‘/workspace/backups/cindemirlaw.com-20260711-214047/sales-of-real-estate-to-foreigners-in-turkey/index.html’

     0K .......... .......... .......... .......... .......... 13.4M
    50K .......... .......... .......... .......... .......... 19.3M
   100K .......... .......... .......... .......... .......... 29.0M
   150K .......... .......... .......... .......... .......... 66.0M
   200K .......... .......... .......... .......... .......... 29.8M
   250K .......... .......... .......... .......... ..........  254M
   300K .......... .......... .......... .......... ..........  337M
   350K .......... .......... .......... .......... ..........  252M
   400K .......... .......... .......... .......... ..........  104M
   450K .......... .......... .......... .......... .......... 45.5M
   500K .......... .......... .......... .......... ..........  435M
   550K .......... .......... .......... .......... ..........  187M
   600K .......... .......... .......... .......... ..........  514M
   650K .......... ..........                                   428M=0.01s

2026-07-11 21:43:45 (51.0 MB/s) - ‘/workspace/backups/cindemirlaw.com-20260711-214047/sales-of-real-estate-to-foreigners-in-turkey/index.html’ saved [686240]

--2026-07-11 21:43:46--  https://cindemirlaw.com/alternative-dispute-resolutions-in-turkey/
Reusing existing connection to cindemirlaw.com:443.
HTTP request sent, awaiting response... 200 OK
Length: unspecified [text/html]
Saving to: ‘/workspace/backups/cindemirlaw.com-20260711-214047/alternative-dispute-resolutions-in-turkey/index.html’

     0K .......... .......... .......... .......... .......... 27.1M
    50K .......... .......... .......... .......... .......... 75.2M
   100K .......... .......... .......... .......... .......... 42.2M
   150K .......... .......... .......... .......... .......... 3.03M
   200K .......... .......... .......... .......... .......... 30.9M
   250K .......... .......... .......... .......... ..........  295M
   300K .......... .......... .......... .......... .......... 11.8M
   350K .......... .......... .......... .......... .......... 66.2M
   400K .......... .......... .......... .......... ..........  438M
   450K .......... .......... .......... .......... ..........  119M
   500K .......... .......... .......... .......... ..........  167M
   550K .......... .......... .......... .......... ..........  397M
   600K .......... .......... .......... .........              414M=0.03s

2026-07-11 21:43:46 (22.8 MB/s) - ‘/workspace/backups/cindemirlaw.com-20260711-214047/alternative-dispute-resolutions-in-turkey/index.html’ saved [655083]

--2026-07-11 21:43:46--  https://cindemirlaw.com/how-to-divorce-in-turkey/
Reusing existing connection to cindemirlaw.com:443.
HTTP request sent, awaiting response... 200 OK
Length: unspecified [text/html]
Saving to: ‘/workspace/backups/cindemirlaw.com-20260711-214047/how-to-divorce-in-turkey/index.html’

     0K .......... .......... .......... .......... .......... 14.6M
    50K .......... .......... .......... .......... .......... 21.7M
   100K .......... .......... .......... .......... .......... 31.1M
   150K .......... .......... .......... .......... .......... 81.2M
   200K .......... .......... .......... .......... .......... 36.1M
   250K .......... .......... .......... .......... .......... 51.1M
   300K .......... .......... .......... .......... ..........  451M
   350K .......... .......... .......... .......... ..........  195M
   400K .......... .......... .......... .......... ..........  444M
   450K .......... .......... .......... .......... .......... 78.7M
   500K .......... .......... .......... .......... .......... 61.3M
   550K .......... .......... .......... .......... ..........  461M
   600K .......... .......... .........                         196M=0.01s

2026-07-11 21:43:46 (50.3 MB/s) - ‘/workspace/backups/cindemirlaw.com-20260711-214047/how-to-divorce-in-turkey/index.html’ saved [644577]

--2026-07-11 21:43:47--  https://cindemirlaw.com/turkish-procedural-law/
Reusing existing connection to cindemirlaw.com:443.
HTTP request sent, awaiting response... 200 OK
Length: unspecified [text/html]
Saving to: ‘/workspace/backups/cindemirlaw.com-20260711-214047/turkish-procedural-law/index.html’

     0K .......... .......... .......... .......... .......... 14.0M
    50K .......... .......... .......... .......... .......... 18.9M
   100K .......... .......... .......... .......... .......... 33.0M
   150K .......... .......... .......... .......... .......... 48.4M
   200K .......... .......... .......... .......... .......... 32.1M
   250K .......... .......... .......... .......... ..........  143M
   300K .......... .......... .......... .......... .......... 77.7M
   350K .......... .......... .......... .......... ..........  165M
   400K .......... .......... .......... .......... ..........  334M
   450K .......... .......... .......... .......... ..........  101M
   500K .......... .......... .......... .......... .......... 92.7M
   550K .......... .......... .......... .......... ..........  121M
   600K .......... .......... .........                         589M=0.01s

2026-07-11 21:43:47 (47.5 MB/s) - ‘/workspace/backups/cindemirlaw.com-20260711-214047/turkish-procedural-law/index.html’ saved [644902]

--2026-07-11 21:43:47--  https://cindemirlaw.com/to-file-a-case-in-turkey-petition/
Reusing existing connection to cindemirlaw.com:443.
HTTP request sent, awaiting response... 200 OK
Length: unspecified [text/html]
Saving to: ‘/workspace/backups/cindemirlaw.com-20260711-214047/to-file-a-case-in-turkey-petition/index.html’

     0K .......... .......... .......... .......... .......... 12.7M
    50K .......... .......... .......... .......... .......... 22.9M
   100K .......... .......... .......... .......... .......... 22.9M
   150K .......... .......... .......... .......... .......... 59.2M
   200K .......... .......... .......... .......... .......... 45.0M
   250K .......... .......... .......... .......... ..........  164M
   300K .......... .......... .......... .......... .......... 45.3M
   350K .......... .......... .......... .......... ..........  289M
   400K .......... .......... .......... .......... ..........  407M
   450K .......... .......... .......... .......... .......... 74.7M
   500K .......... .......... .......... .......... ..........  153M
   550K .......... .......... .......... .......... ..........  366M
   600K .......... .......... ......                           97.2M=0.01s

2026-07-11 21:43:47 (46.9 MB/s) - ‘/workspace/backups/cindemirlaw.com-20260711-214047/to-file-a-case-in-turkey-petition/index.html’ saved [641918]

--2026-07-11 21:43:48--  https://cindemirlaw.com/debt-recovery-in-turkey/
Reusing existing connection to cindemirlaw.com:443.
HTTP request sent, awaiting response... 200 OK
Length: unspecified [text/html]
Saving to: ‘/workspace/backups/cindemirlaw.com-20260711-214047/debt-recovery-in-turkey/index.html’

     0K .......... .......... .......... .......... .......... 12.7M
    50K .......... .......... .......... .......... .......... 20.3M
   100K .......... .......... .......... .......... .......... 26.9M
   150K .......... .......... .......... .......... .......... 67.3M
   200K .......... .......... .......... .......... .......... 37.1M
   250K .......... .......... .......... .......... ..........  395M
   300K .......... .......... .......... .......... .......... 55.3M
   350K .......... .......... .......... .......... ..........  160M
   400K .......... .......... .......... .......... .......... 68.8M
   450K .......... .......... .......... .......... ..........  395M
   500K .......... .......... .......... .......... ..........  460M
   550K .......... .......... .......... .......... ..........  186M
   600K .......... .......... .......... .......... ..........  450M
   650K                                                        1.40T=0.01s

2026-07-11 21:43:48 (50.0 MB/s) - ‘/workspace/backups/cindemirlaw.com-20260711-214047/debt-recovery-in-turkey/index.html’ saved [666371]

--2026-07-11 21:43:48--  https://cindemirlaw.com/resolution-in-the-course-of-litigation-proceedings-regarding-turkish-law/
Reusing existing connection to cindemirlaw.com:443.
HTTP request sent, awaiting response... 200 OK
Length: unspecified [text/html]
Saving to: ‘/workspace/backups/cindemirlaw.com-20260711-214047/resolution-in-the-course-of-litigation-proceedings-regarding-turkish-law/index.html’

     0K .......... .......... .......... .......... .......... 13.8M
    50K .......... .......... .......... .......... .......... 18.0M
   100K .......... .......... .......... .......... .......... 34.1M
   150K .......... .......... .......... .......... .......... 30.7M
   200K .......... .......... .......... .......... .......... 64.3M
   250K .......... .......... .......... .......... .......... 69.8M
   300K .......... .......... .......... .......... ..........  209M
   350K .......... .......... .......... .......... ..........  298M
   400K .......... .......... .......... .......... ..........  289M
   450K .......... .......... .......... .......... .......... 48.1M
   500K .......... .......... .......... .......... ..........  340M
   550K .......... .......... .......... .......... .......... 4.89M
   600K .......... .......... ........                          362M=0.02s

2026-07-11 21:43:49 (27.3 MB/s) - ‘/workspace/backups/cindemirlaw.com-20260711-214047/resolution-in-the-course-of-litigation-proceedings-regarding-turkish-law/index.html’ saved [643450]

--2026-07-11 21:43:49--  https://cindemirlaw.com/appointment-of-a-turkish-lawyer-with-power-of-attorney/
Reusing existing connection to cindemirlaw.com:443.
HTTP request sent, awaiting response... 200 OK
Length: unspecified [text/html]
Saving to: ‘/workspace/backups/cindemirlaw.com-20260711-214047/appointment-of-a-turkish-lawyer-with-power-of-attorney/index.html’

     0K .......... .......... .......... .......... .......... 14.8M
    50K .......... .......... .......... .......... .......... 21.8M
   100K .......... .......... .......... .......... .......... 29.9M
   150K .......... .......... .......... .......... .......... 26.1M
   200K .......... .......... .......... .......... .......... 46.9M
   250K .......... .......... .......... .......... .......... 26.2M
   300K .......... .......... .......... .......... ..........  124M
   350K .......... .......... .......... .......... .......... 35.1M
   400K .......... .......... .......... .......... ..........  165M
   450K .......... .......... .......... .......... ..........  550M
   500K .......... .......... .......... .......... ..........  102M
   550K .......... .......... .......... .......... ..........  414M
   600K .......... .......... .......... .......... .           358M=0.01s

2026-07-11 21:43:49 (42.2 MB/s) - ‘/workspace/backups/cindemirlaw.com-20260711-214047/appointment-of-a-turkish-lawyer-with-power-of-attorney/index.html’ saved [656462]

--2026-07-11 21:43:49--  https://cindemirlaw.com/malpractice-cases-in-turkey/
Reusing existing connection to cindemirlaw.com:443.
HTTP request sent, awaiting response... 200 OK
Length: unspecified [text/html]
Saving to: ‘/workspace/backups/cindemirlaw.com-20260711-214047/malpractice-cases-in-turkey/index.html’

     0K .......... .......... .......... .......... .......... 13.5M
    50K .......... .......... .......... .......... .......... 3.70M
   100K .......... .......... .......... .......... .......... 27.4M
   150K .......... .......... .......... .......... .......... 13.5M
   200K .......... .......... .......... .......... ..........  529M
   250K .......... .......... .......... .......... ..........  161M
   300K .......... .......... .......... .......... .......... 28.9M
   350K .......... .......... .......... .......... ..........  112M
   400K .......... .......... .......... .......... ..........  592M
   450K .......... .......... .......... .......... ..........  649M
   500K .......... .......... .......... .......... ..........  524M
   550K .......... .......... .......... .......... ..........  253M
   600K .......... .......... .......... .......... .......... 74.4M
   650K ..                                                     5.18T=0.03s

2026-07-11 21:43:50 (24.7 MB/s) - ‘/workspace/backups/cindemirlaw.com-20260711-214047/malpractice-cases-in-turkey/index.html’ saved [668449]

--2026-07-11 21:43:50--  https://cindemirlaw.com/narcotic-crimes-drugs-and-cordials-in-turkish-penal-code/
Reusing existing connection to cindemirlaw.com:443.
HTTP request sent, awaiting response... 200 OK
Length: unspecified [text/html]
Saving to: ‘/workspace/backups/cindemirlaw.com-20260711-214047/narcotic-crimes-drugs-and-cordials-in-turkish-penal-code/index.html’

     0K .......... .......... .......... .......... .......... 13.6M
    50K .......... .......... .......... .......... .......... 26.6M
   100K .......... .......... .......... .......... .......... 38.1M
   150K .......... .......... .......... .......... .......... 25.6M
   200K .......... .......... .......... .......... ..........  361M
   250K .......... .......... .......... .......... ..........  322M
   300K .......... .......... .......... .......... .......... 90.5M
   350K .......... .......... .......... .......... .......... 37.6M
   400K .......... .......... .......... .......... ..........  529M
   450K .......... .......... .......... .......... ..........  521M
   500K .......... .......... .......... .......... ..........  470M
   550K .......... .......... .......... .......... ..........  458M
   600K .......... .......... .......... .....                 49.6M=0.01s

2026-07-11 21:43:50 (52.5 MB/s) - ‘/workspace/backups/cindemirlaw.com-20260711-214047/narcotic-crimes-drugs-and-cordials-in-turkish-penal-code/index.html’ saved [651040]

--2026-07-11 21:43:51--  https://cindemirlaw.com/methods-of-debt-collection-in-the-light-of-turkish-law/
Reusing existing connection to cindemirlaw.com:443.
HTTP request sent, awaiting response... 200 OK
Length: unspecified [text/html]
Saving to: ‘/workspace/backups/cindemirlaw.com-20260711-214047/methods-of-debt-collection-in-the-light-of-turkish-law/index.html’

     0K .......... .......... .......... .......... .......... 24.2M
    50K .......... .......... .......... .......... .......... 56.2M
   100K .......... .......... .......... .......... .......... 16.7M
   150K .......... .......... .......... .......... .......... 10.6M
   200K .......... .......... .......... .......... ..........  604M
   250K .......... .......... .......... .......... .......... 52.1M
   300K .......... .......... .......... .......... ..........  611M
   350K .......... .......... .......... .......... ..........  130M
   400K .......... .......... .......... .......... ..........  438M
   450K .......... .......... .......... .......... .......... 79.0M
   500K .......... .......... .......... .......... ..........  226M
   550K .......... .......... .......... .......... ..........  413M
   600K .......... .......... .......... .......... ....        591M=0.01s

2026-07-11 21:43:51 (48.3 MB/s) - ‘/workspace/backups/cindemirlaw.com-20260711-214047/methods-of-debt-collection-in-the-light-of-turkish-law/index.html’ saved [659523]

--2026-07-11 21:43:51--  https://cindemirlaw.com/testamentary-disposition-and-testaments-in-turkish-inheritance-law/
Reusing existing connection to cindemirlaw.com:443.
HTTP request sent, awaiting response... 200 OK
Length: unspecified [text/html]
Saving to: ‘/workspace/backups/cindemirlaw.com-20260711-214047/testamentary-disposition-and-testaments-in-turkish-inheritance-law/index.html’

     0K .......... .......... .......... .......... .......... 35.6M
    50K .......... .......... .......... .......... .......... 28.6M
   100K .......... .......... .......... .......... .......... 98.3M
   150K .......... .......... .......... .......... .......... 44.2M
   200K .......... .......... .......... .......... .......... 27.8M
   250K .......... .......... .......... .......... .......... 67.0M
   300K .......... .......... .......... .......... .......... 49.2M
   350K .......... .......... .......... .......... .......... 41.8M
   400K .......... .......... .......... .......... .......... 44.7M
   450K .......... .......... .......... .......... ..........  270M
   500K .......... .......... .......... .......... .......... 6.20M
   550K .......... .......... .......... .......... ..........  233M
   600K .......... .......... .......... .                      454M=0.02s

2026-07-11 21:43:52 (32.9 MB/s) - ‘/workspace/backups/cindemirlaw.com-20260711-214047/testamentary-disposition-and-testaments-in-turkish-inheritance-law/index.html’ saved [646461]

--2026-07-11 21:43:52--  https://cindemirlaw.com/cindemir/
Reusing existing connection to cindemirlaw.com:443.
HTTP request sent, awaiting response... 200 OK
Length: unspecified [text/html]
Saving to: ‘/workspace/backups/cindemirlaw.com-20260711-214047/cindemir/index.html’

     0K .......... .......... .......... .......... .......... 12.7M
    50K .......... .......... .......... .......... .......... 20.4M
   100K .......... .......... .......... .......... .......... 14.1M
   150K .......... .......... .......... .......... ..........  288M
   200K .......... .......... .......... .......... .......... 31.3M
   250K .......... .......... .......... .......... ..........  123M
   300K .......... .......... .......... .......... ..........  472M
   350K .......... .......... .......... .......... ..........  193M
   400K .......... .......... .......... .......... ..........  151M
   450K .......... .......... .......... .......... .......... 34.2M
   500K .......... .......... .......... .......... ..........  396M
   550K .......... .......... .......... .......... ..........  435M
   600K .......... ..........                                   433M=0.01s

2026-07-11 21:43:52 (42.6 MB/s) - ‘/workspace/backups/cindemirlaw.com-20260711-214047/cindemir/index.html’ saved [635366]

--2026-07-11 21:43:53--  https://cindemirlaw.com/gokhan-cindemir/
Reusing existing connection to cindemirlaw.com:443.
HTTP request sent, awaiting response... 200 OK
Length: unspecified [text/html]
Saving to: ‘/workspace/backups/cindemirlaw.com-20260711-214047/gokhan-cindemir/index.html’

     0K .......... .......... .......... .......... .......... 28.6M
    50K .......... .......... .......... .......... .......... 45.7M
   100K .......... .......... .......... .......... .......... 34.3M
   150K .......... .......... .......... .......... .......... 18.7M
   200K .......... .......... .......... .......... .......... 40.6M
   250K .......... .......... .......... .......... ..........  644M
   300K .......... .......... .......... .......... ..........  263M
   350K .......... .......... .......... .......... ..........  329M
   400K .......... .......... .......... .......... .......... 37.0M
   450K .......... .......... .......... .......... ..........  105M
   500K .......... .......... .......... .......... ..........  407M
   550K .......... .......... .......... .......... ..........  298M
   600K .......... ........                                     323M=0.01s

2026-07-11 21:43:53 (57.3 MB/s) - ‘/workspace/backups/cindemirlaw.com-20260711-214047/gokhan-cindemir/index.html’ saved [633661]

--2026-07-11 21:43:54--  https://cindemirlaw.com/gokhan-cindemir-3/
Reusing existing connection to cindemirlaw.com:443.
HTTP request sent, awaiting response... 200 OK
Length: unspecified [text/html]
Saving to: ‘/workspace/backups/cindemirlaw.com-20260711-214047/gokhan-cindemir-3/index.html’

     0K .......... .......... .......... .......... .......... 28.5M
    50K .......... .......... .......... .......... .......... 1.05M
   100K .......... .......... .......... .......... .......... 50.7M
   150K .......... .......... .......... .......... .......... 38.6M
   200K .......... .......... .......... .......... .......... 39.4M
   250K .......... .......... .......... .......... .......... 2.44M
   300K .......... .......... .......... .......... .......... 79.2M
   350K .......... .......... .......... .......... .......... 76.7M
   400K .......... .......... .......... .......... ..........  591M
   450K .......... .......... .......... .......... ..........  191M
   500K .......... .......... .......... .......... ..........  463M
   550K .......... .......... .......... .......... ..........  448M
   600K .......... ........                                     604M=0.07s

2026-07-11 21:43:54 (8.24 MB/s) - ‘/workspace/backups/cindemirlaw.com-20260711-214047/gokhan-cindemir-3/index.html’ saved [633528]

--2026-07-11 21:43:55--  https://cindemirlaw.com/hakan-cindemir/
Reusing existing connection to cindemirlaw.com:443.
HTTP request sent, awaiting response... 200 OK
Length: unspecified [text/html]
Saving to: ‘/workspace/backups/cindemirlaw.com-20260711-214047/hakan-cindemir/index.html’

     0K .......... .......... .......... .......... .......... 15.2M
    50K .......... .......... .......... .......... .......... 20.5M
   100K .......... .......... .......... .......... .......... 33.7M
   150K .......... .......... .......... .......... .......... 48.0M
   200K .......... .......... .......... .......... .......... 31.8M
   250K .......... .......... .......... .......... ..........  289M
   300K .......... .......... .......... .......... ..........  168M
   350K .......... .......... .......... .......... ..........  140M
   400K .......... .......... .......... .......... .......... 49.8M
   450K .......... .......... .......... .......... .......... 71.3M
   500K .......... .......... .......... .......... ..........  475M
   550K .......... .......... .......... .......... ..........  310M
   600K .......... ........                                     434M=0.01s

2026-07-11 21:43:55 (48.8 MB/s) - ‘/workspace/backups/cindemirlaw.com-20260711-214047/hakan-cindemir/index.html’ saved [633456]

--2026-07-11 21:43:55--  https://cindemirlaw.com/hakan-cindemir-3/
Reusing existing connection to cindemirlaw.com:443.
HTTP request sent, awaiting response... 200 OK
Length: unspecified [text/html]
Saving to: ‘/workspace/backups/cindemirlaw.com-20260711-214047/hakan-cindemir-3/index.html’

     0K .......... .......... .......... .......... .......... 25.9M
    50K .......... .......... .......... .......... .......... 42.4M
   100K .......... .......... .......... .......... .......... 22.5M
   150K .......... .......... .......... .......... .......... 13.7M
   200K .......... .......... .......... .......... ..........  159M
   250K .......... .......... .......... .......... .......... 26.5M
   300K .......... .......... .......... .......... ..........  181M
   350K .......... .......... .......... .......... .......... 42.7M
   400K .......... .......... .......... .......... ..........  339M
   450K .......... .......... .......... .......... ..........  349M
   500K .......... .......... .......... .......... ..........  348M
   550K .......... .......... .......... .......... ..........  252M
   600K .......... ........                                     352M=0.01s

2026-07-11 21:43:55 (46.5 MB/s) - ‘/workspace/backups/cindemirlaw.com-20260711-214047/hakan-cindemir-3/index.html’ saved [633855]

--2026-07-11 21:43:56--  https://cindemirlaw.com/hakan-cindemir-attorney-at-law-senior-attorney-of-the-law-office/
Reusing existing connection to cindemirlaw.com:443.
HTTP request sent, awaiting response... 200 OK
Length: unspecified [text/html]
Saving to: ‘/workspace/backups/cindemirlaw.com-20260711-214047/hakan-cindemir-attorney-at-law-senior-attorney-of-the-law-office/index.html’

     0K .......... .......... .......... .......... .......... 14.7M
    50K .......... .......... .......... .......... .......... 18.6M
   100K .......... .......... .......... .......... .......... 33.7M
   150K .......... .......... .......... .......... .......... 73.6M
   200K .......... .......... .......... .......... ..........  128M
   250K .......... .......... .......... .......... .......... 33.6M
   300K .......... .......... .......... .......... ..........  230M
   350K .......... .......... .......... .......... ..........  185M
   400K .......... .......... .......... .......... ..........  350M
   450K .......... .......... .......... .......... .......... 58.0M
   500K .......... .......... .......... .......... .......... 74.8M
   550K .......... .......... .......... .......... ..........  237M
   600K .......... .......... ..                                703M=0.01s

2026-07-11 21:43:56 (49.6 MB/s) - ‘/workspace/backups/cindemirlaw.com-20260711-214047/hakan-cindemir-attorney-at-law-senior-attorney-of-the-law-office/index.html’ saved [637218]

--2026-07-11 21:43:56--  https://cindemirlaw.com/gokhan-cindemir-attorney-at-law-2/
Reusing existing connection to cindemirlaw.com:443.
HTTP request sent, awaiting response... 200 OK
Length: unspecified [text/html]
Saving to: ‘/workspace/backups/cindemirlaw.com-20260711-214047/gokhan-cindemir-attorney-at-law-2/index.html’

     0K .......... .......... .......... .......... .......... 13.9M
    50K .......... .......... .......... .......... .......... 27.5M
   100K .......... .......... .......... .......... .......... 57.7M
   150K .......... .......... .......... .......... .......... 26.9M
   200K .......... .......... .......... .......... ..........  277M
   250K .......... .......... .......... .......... .......... 25.3M
   300K .......... .......... .......... .......... ..........  494M
   350K .......... .......... .......... .......... ..........  431M
   400K .......... .......... .......... .......... ..........  538M
   450K .......... .......... .......... .......... .......... 75.5M
   500K .......... .......... .......... .......... .......... 59.8M
   550K .......... .......... .......... .......... ..........  225M
   600K .......... .......... .                                 660M=0.01s

2026-07-11 21:43:56 (50.3 MB/s) - ‘/workspace/backups/cindemirlaw.com-20260711-214047/gokhan-cindemir-attorney-at-law-2/index.html’ saved [636378]

--2026-07-11 21:43:57--  https://cindemirlaw.com/gokhan-cindemir-attorney-at-law/
Connecting to cindemirlaw.com (cindemirlaw.com)|162.241.252.122|:443... connected.
HTTP request sent, awaiting response... 200 OK
Length: unspecified [text/html]
Saving to: ‘/workspace/backups/cindemirlaw.com-20260711-214047/gokhan-cindemir-attorney-at-law/index.html’

     0K .......... .......... .......... .......... ..........  448K
    50K .......... .......... .......... .......... ..........  892K
   100K .......... .......... .......... .......... ..........  113M
   150K .......... .......... .......... .......... ..........  899K
   200K .......... .......... .......... .......... .......... 28.0M
   250K .......... .......... .......... .......... ..........  922K
   300K .......... .......... .......... .......... .......... 26.0M
   350K .......... .......... .......... .......... ..........  918K
   400K .......... .......... .......... .......... ..........  893K
   450K .......... .......... .......... .......... ..........  366M
   500K .......... .......... .......... .......... ..........  639M
   550K .......... .......... .......... .......... .......... 34.7M
   600K .......... .......... ..........                        652M=0.4s

2026-07-11 21:43:58 (1.56 MB/s) - ‘/workspace/backups/cindemirlaw.com-20260711-214047/gokhan-cindemir-attorney-at-law/index.html’ saved [645352]

--2026-07-11 21:43:58--  https://cindemirlaw.com/cenker-degirmenci-legal-advisorgeneral-coordinator/
Reusing existing connection to cindemirlaw.com:443.
HTTP request sent, awaiting response... 200 OK
Length: unspecified [text/html]
Saving to: ‘/workspace/backups/cindemirlaw.com-20260711-214047/cenker-degirmenci-legal-advisorgeneral-coordinator/index.html’

     0K .......... .......... .......... .......... .......... 13.9M
    50K .......... .......... .......... .......... .......... 24.8M
   100K .......... .......... .......... .......... .......... 24.8M
   150K .......... .......... .......... .......... .......... 23.6M
   200K .......... .......... .......... .......... ..........  113M
   250K .......... .......... .......... .......... .......... 18.5M
   300K .......... .......... .......... .......... .......... 34.4M
   350K .......... .......... .......... .......... .......... 1.11M
   400K .......... .......... .......... .......... .......... 28.3M
   450K .......... .......... .......... .......... .......... 94.3M
   500K .......... .......... .......... .......... .......... 54.6M
   550K .......... .......... .......... .......... .......... 95.7M
   600K .......... .......... .                                 481M=0.06s

2026-07-11 21:43:59 (9.84 MB/s) - ‘/workspace/backups/cindemirlaw.com-20260711-214047/cenker-degirmenci-legal-advisorgeneral-coordinator/index.html’ saved [636357]

--2026-07-11 21:43:59--  https://cindemirlaw.com/independent-certified-public-accountant-financial-consultant-taner-cevik-2/
Reusing existing connection to cindemirlaw.com:443.
HTTP request sent, awaiting response... 200 OK
Length: unspecified [text/html]
Saving to: ‘/workspace/backups/cindemirlaw.com-20260711-214047/independent-certified-public-accountant-financial-consultant-taner-cevik-2/index.html’

     0K .......... .......... .......... .......... .......... 29.0M
    50K .......... .......... .......... .......... .......... 16.7M
   100K .......... .......... .......... .......... ..........  309M
   150K .......... .......... .......... .......... .......... 42.2M
   200K .......... .......... .......... .......... ..........  367M
   250K .......... .......... .......... .......... ..........  268M
   300K .......... .......... .......... .......... .......... 82.8M
   350K .......... .......... .......... .......... ..........  299M
   400K .......... .......... .......... .......... ..........  302M
   450K .......... .......... .......... .......... ..........  441M
   500K .......... .......... .......... .......... ..........  165M
   550K .......... .......... .......... .......... ..........  315M
   600K .......... .......... .                                 344M=0.008s

2026-07-11 21:43:59 (78.0 MB/s) - ‘/workspace/backups/cindemirlaw.com-20260711-214047/independent-certified-public-accountant-financial-consultant-taner-cevik-2/index.html’ saved [635906]

--2026-07-11 21:44:00--  https://cindemirlaw.com/independent-certified-public-accountant-financial-consultant-taner-cevik/
Reusing existing connection to cindemirlaw.com:443.
HTTP request sent, awaiting response... 200 OK
Length: unspecified [text/html]
Saving to: ‘/workspace/backups/cindemirlaw.com-20260711-214047/independent-certified-public-accountant-financial-consultant-taner-cevik/index.html’

     0K .......... .......... .......... .......... .......... 31.7M
    50K .......... .......... .......... .......... .......... 39.1M
   100K .......... .......... .......... .......... .......... 36.2M
   150K .......... .......... .......... .......... .......... 48.4M
   200K .......... .......... .......... .......... ..........  634M
   250K .......... .......... .......... .......... .......... 57.0M
   300K .......... .......... .......... .......... ..........  126M
   350K .......... .......... .......... .......... ..........  503M
   400K .......... .......... .......... .......... ..........  618M
   450K .......... .......... .......... .......... ..........  600M
   500K .......... .......... .......... .......... .......... 4.51M
   550K .......... .......... .......... .......... ..........  119M
   600K .......... .......... .                                 611M=0.02s

2026-07-11 21:44:00 (33.7 MB/s) - ‘/workspace/backups/cindemirlaw.com-20260711-214047/independent-certified-public-accountant-financial-consultant-taner-cevik/index.html’ saved [636113]

--2026-07-11 21:44:01--  https://cindemirlaw.com/debt-collection-service/
Reusing existing connection to cindemirlaw.com:443.
HTTP request sent, awaiting response... 200 OK
Length: unspecified [text/html]
Saving to: ‘/workspace/backups/cindemirlaw.com-20260711-214047/debt-collection-service/index.html’

     0K .......... .......... .......... .......... .......... 13.0M
    50K .......... .......... .......... .......... .......... 23.2M
   100K .......... .......... .......... .......... .......... 20.6M
   150K .......... .......... .......... .......... ..........  361M
   200K .......... .......... .......... .......... .......... 38.4M
   250K .......... .......... .......... .......... .......... 77.7M
   300K .......... .......... .......... .......... ..........  520M
   350K .......... .......... .......... .......... ..........  187M
   400K .......... .......... .......... .......... .......... 58.8M
   450K .......... .......... .......... .......... .......... 76.5M
   500K .......... .......... .......... .......... ..........  217M
   550K .......... .......... .......... .......... ..........  191M
   600K .......... .........                                    406M=0.01s

2026-07-11 21:44:01 (47.9 MB/s) - ‘/workspace/backups/cindemirlaw.com-20260711-214047/debt-collection-service/index.html’ saved [634220]

--2026-07-11 21:44:01--  https://cindemirlaw.com/due-dilligence/
Reusing existing connection to cindemirlaw.com:443.
HTTP request sent, awaiting response... 200 OK
Length: unspecified [text/html]
Saving to: ‘/workspace/backups/cindemirlaw.com-20260711-214047/due-dilligence/index.html’

     0K .......... .......... .......... .......... .......... 13.0M
    50K .......... .......... .......... .......... .......... 2.12M
   100K .......... .......... .......... .......... .......... 33.4M
   150K .......... .......... .......... .......... .......... 26.5M
   200K .......... .......... .......... .......... ..........  494M
   250K .......... .......... .......... .......... .......... 31.1M
   300K .......... .......... .......... .......... ..........  466M
   350K .......... .......... .......... .......... ..........  142M
   400K .......... .......... .......... .......... ..........  183M
   450K .......... .......... .......... .......... .......... 50.0M
   500K .......... .......... .......... .......... .......... 82.2M
   550K .......... .......... .......... .......... ..........  388M
   600K .......... ........                                     472M=0.03s

2026-07-11 21:44:01 (17.6 MB/s) - ‘/workspace/backups/cindemirlaw.com-20260711-214047/due-dilligence/index.html’ saved [633555]

--2026-07-11 21:44:02--  https://cindemirlaw.com/energy-law-and-investment/
Reusing existing connection to cindemirlaw.com:443.
HTTP request sent, awaiting response... 200 OK
Length: unspecified [text/html]
Saving to: ‘/workspace/backups/cindemirlaw.com-20260711-214047/energy-law-and-investment/index.html’

     0K .......... .......... .......... .......... .......... 2.96M
    50K .......... .......... .......... .......... .......... 25.6M
   100K .......... .......... .......... .......... .......... 38.2M
   150K .......... .......... .......... .......... .......... 39.3M
   200K .......... .......... .......... .......... .......... 42.9M
   250K .......... .......... .......... .......... ..........  106M
   300K .......... .......... .......... .......... ..........  420M
   350K .......... .......... .......... .......... ..........  466M
   400K .......... .......... .......... .......... ..........  127M
   450K .......... .......... .......... .......... ..........  576M
   500K .......... .......... .......... .......... ..........  121M
   550K .......... .......... .......... .......... ..........  642M
   600K .......... .........                                    603M=0.02s

2026-07-11 21:44:02 (25.5 MB/s) - ‘/workspace/backups/cindemirlaw.com-20260711-214047/energy-law-and-investment/index.html’ saved [634454]

--2026-07-11 21:44:02--  https://cindemirlaw.com/corporate-commercial/
Reusing existing connection to cindemirlaw.com:443.
HTTP request sent, awaiting response... 200 OK
Length: unspecified [text/html]
Saving to: ‘/workspace/backups/cindemirlaw.com-20260711-214047/corporate-commercial/index.html’

     0K .......... .......... .......... .......... .......... 13.6M
    50K .......... .......... .......... .......... .......... 28.8M
   100K .......... .......... .......... .......... .......... 24.4M
   150K .......... .......... .......... .......... .......... 37.1M
   200K .......... .......... .......... .......... .......... 57.0M
   250K .......... .......... .......... .......... ..........  116M
   300K .......... .......... .......... .......... ..........  144M
   350K .......... .......... .......... .......... .......... 49.8M
   400K .......... .......... .......... .......... ..........  125M
   450K .......... .......... .......... .......... ..........  563M
   500K .......... .......... .......... .......... ..........  588M
   550K .......... .......... .......... .......... ..........  161M
   600K .......... ..........                                   644M=0.01s

2026-07-11 21:44:02 (50.1 MB/s) - ‘/workspace/backups/cindemirlaw.com-20260711-214047/corporate-commercial/index.html’ saved [635450]

--2026-07-11 21:44:03--  https://cindemirlaw.com/escrow-agency-escrow-agreement/
Reusing existing connection to cindemirlaw.com:443.
HTTP request sent, awaiting response... 200 OK
Length: unspecified [text/html]
Saving to: ‘/workspace/backups/cindemirlaw.com-20260711-214047/escrow-agency-escrow-agreement/index.html’

     0K .......... .......... .......... .......... .......... 12.9M
    50K .......... .......... .......... .......... .......... 1.99M
   100K .......... .......... .......... .......... .......... 21.8M
   150K .......... .......... .......... .......... .......... 3.88M
   200K .......... .......... .......... .......... ..........  386M
   250K .......... .......... .......... .......... .......... 3.35M
   300K .......... .......... .......... .......... ..........  110M
   350K .......... .......... .......... .......... ..........  247M
   400K .......... .......... .......... .......... ..........  420M
   450K .......... .......... .......... .......... .......... 6.21M
   500K .......... .......... .......... .......... ..........  366M
   550K .......... .......... .......... .......... ..........  262M
   600K .......... .........                                   62.1M=0.07s

2026-07-11 21:44:03 (9.02 MB/s) - ‘/workspace/backups/cindemirlaw.com-20260711-214047/escrow-agency-escrow-agreement/index.html’ saved [634749]

--2026-07-11 21:44:03--  https://cindemirlaw.com/real-estate-conveyancing/
Reusing existing connection to cindemirlaw.com:443.
HTTP request sent, awaiting response... 200 OK
Length: unspecified [text/html]
Saving to: ‘/workspace/backups/cindemirlaw.com-20260711-214047/real-estate-conveyancing/index.html’

     0K .......... .......... .......... .......... .......... 12.5M
    50K .......... .......... .......... .......... .......... 9.35M
   100K .......... .......... .......... .......... .......... 8.61M
   150K .......... .......... .......... .......... .......... 32.1M
   200K .......... .......... .......... .......... ..........  206M
   250K .......... .......... .......... .......... .......... 22.9M
   300K .......... .......... .......... .......... ..........  137M
   350K .......... .......... .......... .......... ..........  171M
   400K .......... .......... .......... .......... .......... 50.8M
   450K .......... .......... .......... .......... ..........  131M
   500K .......... .......... .......... .......... ..........  158M
   550K .......... .......... .......... .......... ..........  481M
   600K .......... ..........                                   124M=0.02s

2026-07-11 21:44:04 (28.5 MB/s) - ‘/workspace/backups/cindemirlaw.com-20260711-214047/real-estate-conveyancing/index.html’ saved [634918]

--2026-07-11 21:44:04--  https://cindemirlaw.com/european-law-rights-concerning-ankara-agreement/
Reusing existing connection to cindemirlaw.com:443.
HTTP request sent, awaiting response... 200 OK
Length: unspecified [text/html]
Saving to: ‘/workspace/backups/cindemirlaw.com-20260711-214047/european-law-rights-concerning-ankara-agreement/index.html’

     0K .......... .......... .......... .......... .......... 11.7M
    50K .......... .......... .......... .......... .......... 19.4M
   100K .......... .......... .......... .......... .......... 42.5M
   150K .......... .......... .......... .......... .......... 22.9M
   200K .......... .......... .......... .......... .......... 62.2M
   250K .......... .......... .......... .......... ..........  540M
   300K .......... .......... .......... .......... .......... 47.9M
   350K .......... .......... .......... .......... ..........  235M
   400K .......... .......... .......... .......... ..........  107M
   450K .......... .......... .......... .......... ..........  302M
   500K .......... .......... .......... .......... ..........  341M
   550K .......... .......... .......... .......... .......... 57.0M
   600K .......... ..........                                  48.1M=0.01s

2026-07-11 21:44:04 (43.0 MB/s) - ‘/workspace/backups/cindemirlaw.com-20260711-214047/european-law-rights-concerning-ankara-agreement/index.html’ saved [635074]

--2026-07-11 21:44:04--  https://cindemirlaw.com/litigation-adr/
Reusing existing connection to cindemirlaw.com:443.
HTTP request sent, awaiting response... 200 OK
Length: unspecified [text/html]
Saving to: ‘/workspace/backups/cindemirlaw.com-20260711-214047/litigation-adr/index.html’

     0K .......... .......... .......... .......... .......... 25.8M
    50K .......... .......... .......... .......... .......... 53.8M
   100K .......... .......... .......... .......... .......... 25.7M
   150K .......... .......... .......... .......... .......... 51.8M
   200K .......... .......... .......... .......... ..........  447M
   250K .......... .......... .......... .......... .......... 57.5M
   300K .......... .......... .......... .......... ..........  138M
   350K .......... .......... .......... .......... .......... 50.6M
   400K .......... .......... .......... .......... ..........  518M
   450K .......... .......... .......... .......... ..........  611M
   500K .......... .......... .......... .......... .......... 28.6M
   550K .......... .......... .......... .......... ..........  123M
   600K .......... ..........                                   623M=0.01s

2026-07-11 21:44:05 (59.2 MB/s) - ‘/workspace/backups/cindemirlaw.com-20260711-214047/litigation-adr/index.html’ saved [635115]

--2026-07-11 21:44:05--  https://cindemirlaw.com/administrative-law/
Reusing existing connection to cindemirlaw.com:443.
HTTP request sent, awaiting response... 200 OK
Length: unspecified [text/html]
Saving to: ‘/workspace/backups/cindemirlaw.com-20260711-214047/administrative-law/index.html’

     0K .......... .......... .......... .......... .......... 11.8M
    50K .......... .......... .......... .......... .......... 24.0M
   100K .......... .......... .......... .......... .......... 13.6M
   150K .......... .......... .......... .......... ..........  543M
   200K .......... .......... .......... .......... ..........  139M
   250K .......... .......... .......... .......... ..........  372M
   300K .......... .......... .......... .......... ..........  486M
   350K .......... .......... .......... .......... ..........  396M
   400K .......... .......... .......... .......... ..........  395M
   450K .......... .......... .......... .......... .......... 41.3M
   500K .......... .......... .......... .......... .......... 98.7M
   550K .......... .......... .......... .......... ..........  382M
   600K .......... .........                                    509M=0.01s

2026-07-11 21:44:05 (48.3 MB/s) - ‘/workspace/backups/cindemirlaw.com-20260711-214047/administrative-law/index.html’ saved [634093]

--2026-07-11 21:44:06--  https://cindemirlaw.com/banking-finance/
Reusing existing connection to cindemirlaw.com:443.
HTTP request sent, awaiting response... 200 OK
Length: unspecified [text/html]
Saving to: ‘/workspace/backups/cindemirlaw.com-20260711-214047/banking-finance/index.html’

     0K .......... .......... .......... .......... .......... 24.4M
    50K .......... .......... .......... .......... .......... 26.1M
   100K .......... .......... .......... .......... .......... 25.5M
   150K .......... .......... .......... .......... .......... 23.1M
   200K .......... .......... .......... .......... .......... 50.3M
   250K .......... .......... .......... .......... .......... 39.4M
   300K .......... .......... .......... .......... .......... 55.0M
   350K .......... .......... .......... .......... .......... 44.9M
   400K .......... .......... .......... .......... .......... 45.6M
   450K .......... .......... .......... .......... .......... 46.3M
   500K .......... .......... .......... .......... ..........  313M
   550K .......... .......... .......... .......... ..........  126M
   600K .......... .........                                    429M=0.01s

2026-07-11 21:44:06 (40.9 MB/s) - ‘/workspace/backups/cindemirlaw.com-20260711-214047/banking-finance/index.html’ saved [634674]

--2026-07-11 21:44:06--  https://cindemirlaw.com/criminal-law/
Reusing existing connection to cindemirlaw.com:443.
HTTP request sent, awaiting response... 200 OK
Length: unspecified [text/html]
Saving to: ‘/workspace/backups/cindemirlaw.com-20260711-214047/criminal-law/index.html’

     0K .......... .......... .......... .......... .......... 13.7M
    50K .......... .......... .......... .......... .......... 24.7M
   100K .......... .......... .......... .......... .......... 27.7M
   150K .......... .......... .......... .......... .......... 31.1M
   200K .......... .......... .......... .......... .......... 75.1M
   250K .......... .......... .......... .......... ..........  127M
   300K .......... .......... .......... .......... ..........  183M
   350K .......... .......... .......... .......... .......... 46.9M
   400K .......... .......... .......... .......... ..........  120M
   450K .......... .......... .......... .......... ..........  143M
   500K .......... .......... .......... .......... ..........  129M
   550K .......... .......... .......... .......... ..........  518M
   600K .......... .........                                    676M=0.01s

2026-07-11 21:44:06 (48.5 MB/s) - ‘/workspace/backups/cindemirlaw.com-20260711-214047/criminal-law/index.html’ saved [634330]

--2026-07-11 21:44:07--  https://cindemirlaw.com/employment/
Reusing existing connection to cindemirlaw.com:443.
HTTP request sent, awaiting response... 200 OK
Length: unspecified [text/html]
Saving to: ‘/workspace/backups/cindemirlaw.com-20260711-214047/employment/index.html’

     0K .......... .......... .......... .......... .......... 21.7M
    50K .......... .......... .......... .......... .......... 89.7M
   100K .......... .......... .......... .......... .......... 56.7M
   150K .......... .......... .......... .......... .......... 17.7M
   200K .......... .......... .......... .......... ..........  291M
   250K .......... .......... .......... .......... ..........  554M
   300K .......... .......... .......... .......... .......... 56.8M
   350K .......... .......... .......... .......... ..........  229M
   400K .......... .......... .......... .......... ..........  244M
   450K .......... .......... .......... .......... ..........  137M
   500K .......... .......... .......... .......... .......... 75.7M
   550K .......... .......... .......... .......... ..........  484M
   600K .......... .......... .                                77.2M=0.009s

2026-07-11 21:44:07 (65.1 MB/s) - ‘/workspace/backups/cindemirlaw.com-20260711-214047/employment/index.html’ saved [635944]

--2026-07-11 21:44:07--  https://cindemirlaw.com/estates-trusts/
Reusing existing connection to cindemirlaw.com:443.
HTTP request sent, awaiting response... 200 OK
Length: unspecified [text/html]
Saving to: ‘/workspace/backups/cindemirlaw.com-20260711-214047/estates-trusts/index.html’

     0K .......... .......... .......... .......... .......... 23.0M
    50K .......... .......... .......... .......... .......... 72.6M
   100K .......... .......... .......... .......... .......... 30.2M
   150K .......... .......... .......... .......... ..........  231M
   200K .......... .......... .......... .......... .......... 30.8M
   250K .......... .......... .......... .......... .......... 83.9M
   300K .......... .......... .......... .......... ..........  523M
   350K .......... .......... .......... .......... ..........  494M
   400K .......... .......... .......... .......... .......... 6.85M
   450K .......... .......... .......... .......... .......... 78.0M
   500K .......... .......... .......... .......... ..........  317M
   550K .......... .......... .......... .......... ..........  435M
   600K .......... .........                                    681M=0.02s

2026-07-11 21:44:08 (40.3 MB/s) - ‘/workspace/backups/cindemirlaw.com-20260711-214047/estates-trusts/index.html’ saved [634419]

--2026-07-11 21:44:08--  https://cindemirlaw.com/family/
Reusing existing connection to cindemirlaw.com:443.
HTTP request sent, awaiting response... 200 OK
Length: unspecified [text/html]
Saving to: ‘/workspace/backups/cindemirlaw.com-20260711-214047/family/index.html’

     0K .......... .......... .......... .......... .......... 12.6M
    50K .......... .......... .......... .......... .......... 20.1M
   100K .......... .......... .......... .......... .......... 35.6M
   150K .......... .......... .......... .......... .......... 57.5M
   200K .......... .......... .......... .......... .......... 82.9M
   250K .......... .......... .......... .......... .......... 36.4M
   300K .......... .......... .......... .......... ..........  170M
   350K .......... .......... .......... .......... ..........  149M
   400K .......... .......... .......... .......... ..........  627M
   450K .......... .......... .......... .......... ..........  191M
   500K .......... .......... .......... .......... .......... 45.5M
   550K .......... .......... .......... .......... ..........  137M
   600K .......... .........                                    664M=0.01s

2026-07-11 21:44:08 (47.1 MB/s) - ‘/workspace/backups/cindemirlaw.com-20260711-214047/family/index.html’ saved [633965]

--2026-07-11 21:44:09--  https://cindemirlaw.com/insurance/
Reusing existing connection to cindemirlaw.com:443.
HTTP request sent, awaiting response... 200 OK
Length: unspecified [text/html]
Saving to: ‘/workspace/backups/cindemirlaw.com-20260711-214047/insurance/index.html’

     0K .......... .......... .......... .......... .......... 24.0M
    50K .......... .......... .......... .......... .......... 36.0M
   100K .......... .......... .......... .......... .......... 59.8M
   150K .......... .......... .......... .......... .......... 35.2M
   200K .......... .......... .......... .......... ..........  107M
   250K .......... .......... .......... .......... ..........  568M
   300K .......... .......... .......... .......... ..........  659M
   350K .......... .......... .......... .......... ..........  402M
   400K .......... .......... .......... .......... .......... 61.1M
   450K .......... .......... .......... .......... ..........  611M
   500K .......... .......... .......... .......... ..........  386M
   550K .......... .......... .......... .......... ..........  342M
   600K .......... .........                                    554M=0.008s

2026-07-11 21:44:09 (80.4 MB/s) - ‘/workspace/backups/cindemirlaw.com-20260711-214047/insurance/index.html’ saved [633897]

--2026-07-11 21:44:09--  https://cindemirlaw.com/training/
Reusing existing connection to cindemirlaw.com:443.
HTTP request sent, awaiting response... 200 OK
Length: unspecified [text/html]
Saving to: ‘/workspace/backups/cindemirlaw.com-20260711-214047/training/index.html’

     0K .......... .......... .......... .......... .......... 14.3M
    50K .......... .......... .......... .......... .......... 17.0M
   100K .......... .......... .......... .......... .......... 33.3M
   150K .......... .......... .......... .......... .......... 37.1M
   200K .......... .......... .......... .......... ..........  503M
   250K .......... .......... .......... .......... .......... 47.6M
   300K .......... .......... .......... .......... ..........  148M
   350K .......... .......... .......... .......... ..........  168M
   400K .......... .......... .......... .......... ..........  495M
   450K .......... .......... .......... .......... .......... 56.4M
   500K .......... .......... .......... .......... .......... 81.1M
   550K .......... .......... .......... .......... ..........  215M
   600K .......... .........                                    719M=0.01s

2026-07-11 21:44:10 (47.9 MB/s) - ‘/workspace/backups/cindemirlaw.com-20260711-214047/training/index.html’ saved [634486]

--2026-07-11 21:44:10--  https://cindemirlaw.com/turkish-inheritance-law/
Reusing existing connection to cindemirlaw.com:443.
HTTP request sent, awaiting response... 200 OK
Length: unspecified [text/html]
Saving to: ‘/workspace/backups/cindemirlaw.com-20260711-214047/turkish-inheritance-law/index.html’

     0K .......... .......... .......... .......... .......... 13.9M
    50K .......... .......... .......... .......... .......... 26.4M
   100K .......... .......... .......... .......... .......... 24.1M
   150K .......... .......... .......... .......... ..........  105M
   200K .......... .......... .......... .......... .......... 34.0M
   250K .......... .......... .......... .......... ..........  588M
   300K .......... .......... .......... .......... ..........  198M
   350K .......... .......... .......... .......... ..........  108M
   400K .......... .......... .......... .......... ..........  585M
   450K .......... .......... .......... .......... .......... 46.2M
   500K .......... .......... .......... .......... ..........  343M
   550K .......... .......... .......... .......... ..........  105M
   600K .......... .......... .......                           150M=0.01s

2026-07-11 21:44:10 (51.1 MB/s) - ‘/workspace/backups/cindemirlaw.com-20260711-214047/turkish-inheritance-law/index.html’ saved [643025]

--2026-07-11 21:44:10--  https://cindemirlaw.com/the-scope-of-turkish-labor-law/
Reusing existing connection to cindemirlaw.com:443.
HTTP request sent, awaiting response... 200 OK
Length: unspecified [text/html]
Saving to: ‘/workspace/backups/cindemirlaw.com-20260711-214047/the-scope-of-turkish-labor-law/index.html’

     0K .......... .......... .......... .......... .......... 13.5M
    50K .......... .......... .......... .......... .......... 19.5M
   100K .......... .......... .......... .......... .......... 28.4M
   150K .......... .......... .......... .......... .......... 73.4M
   200K .......... .......... .......... .......... .......... 39.0M
   250K .......... .......... .......... .......... ..........  502M
   300K .......... .......... .......... .......... .......... 31.3M
   350K .......... .......... .......... .......... ..........  496M
   400K .......... .......... .......... .......... .......... 86.4M
   450K .......... .......... .......... .......... ..........  372M
   500K .......... .......... .......... .......... ..........  300M
   550K .......... .......... .......... .......... .......... 72.8M
   600K .......... .......... .......... ......                 101M=0.01s

2026-07-11 21:44:10 (46.4 MB/s) - ‘/workspace/backups/cindemirlaw.com-20260711-214047/the-scope-of-turkish-labor-law/index.html’ saved [652215]

--2026-07-11 21:44:11--  https://cindemirlaw.com/the-structure-of-board-of-directors-according-to-turkish-commercial-code/
Reusing existing connection to cindemirlaw.com:443.
HTTP request sent, awaiting response... 200 OK
Length: unspecified [text/html]
Saving to: ‘/workspace/backups/cindemirlaw.com-20260711-214047/the-structure-of-board-of-directors-according-to-turkish-commercial-code/index.html’

     0K .......... .......... .......... .......... .......... 12.1M
    50K .......... .......... .......... .......... .......... 1.52M
   100K .......... .......... .......... .......... .......... 23.1M
   150K .......... .......... .......... .......... .......... 2.39M
   200K .......... .......... .......... .......... ..........  268M
   250K .......... .......... .......... .......... .......... 1.65M
   300K .......... .......... .......... .......... ..........  341M
   350K .......... .......... .......... .......... ..........  283M
   400K .......... .......... .......... .......... .......... 1.60M
   450K .......... .......... .......... .......... ..........  229M
   500K .......... .......... .......... .......... ..........  323M
   550K .......... .......... .......... .......... .......... 91.0M
   600K .......... .......... ......                            383M=0.1s

2026-07-11 21:44:11 (5.08 MB/s) - ‘/workspace/backups/cindemirlaw.com-20260711-214047/the-structure-of-board-of-directors-according-to-turkish-commercial-code/index.html’ saved [641110]

nofollow attribute found in /workspace/backups/cindemirlaw.com-20260711-214047/the-structure-of-board-of-directors-according-to-turkish-commercial-code/index.html. Will not follow any links on this page
--2026-07-11 21:44:12--  https://cindemirlaw.com/our-articles-3/
Reusing existing connection to cindemirlaw.com:443.
HTTP request sent, awaiting response... 200 OK
Length: unspecified [text/html]
Saving to: ‘/workspace/backups/cindemirlaw.com-20260711-214047/our-articles-3/index.html’

     0K .......... .......... .......... .......... .......... 28.2M
    50K .......... .......... .......... .......... .......... 45.2M
   100K .......... .......... .......... .......... .......... 16.3M
   150K .......... .......... .......... .......... .......... 46.9M
   200K .......... .......... .......... .......... .......... 64.1M
   250K .......... .......... .......... .......... .......... 88.0M
   300K .......... .......... .......... .......... .......... 77.5M
   350K .......... .......... .......... .......... ..........  528M
   400K .......... .......... .......... .......... .......... 93.9M
   450K .......... .......... .......... .......... ..........  464M
   500K .......... .......... .......... .......... ..........  529M
   550K .......... .......... .......... .......... ..........  502M
   600K .......... .........                                   79.7M=0.01s

2026-07-11 21:44:12 (60.8 MB/s) - ‘/workspace/backups/cindemirlaw.com-20260711-214047/our-articles-3/index.html’ saved [634735]

--2026-07-11 21:44:13--  https://cindemirlaw.com/our-articles-2/
Reusing existing connection to cindemirlaw.com:443.
HTTP request sent, awaiting response... 200 OK
Length: unspecified [text/html]
Saving to: ‘/workspace/backups/cindemirlaw.com-20260711-214047/our-articles-2/index.html’

     0K .......... .......... .......... .......... .......... 23.7M
    50K .......... .......... .......... .......... .......... 90.9M
   100K .......... .......... .......... .......... .......... 14.5M
   150K .......... .......... .......... .......... .......... 86.8M
   200K .......... .......... .......... .......... .......... 36.0M
   250K .......... .......... .......... .......... .......... 81.7M
   300K .......... .......... .......... .......... ..........  118M
   350K .......... .......... .......... .......... .......... 18.7M
   400K .......... .......... .......... .......... ..........  126M
   450K .......... .......... .......... .......... ..........  455M
   500K .......... .......... .......... .......... ..........  460M
   550K .......... .......... .......... .......... .......... 54.5M
   600K .......... .......... .                                 293M=0.01s

2026-07-11 21:44:13 (46.4 MB/s) - ‘/workspace/backups/cindemirlaw.com-20260711-214047/our-articles-2/index.html’ saved [636289]

--2026-07-11 21:44:13--  https://cindemirlaw.com/our-articles/
Reusing existing connection to cindemirlaw.com:443.
HTTP request sent, awaiting response... 200 OK
Length: unspecified [text/html]
Saving to: ‘/workspace/backups/cindemirlaw.com-20260711-214047/our-articles/index.html’

     0K .......... .......... .......... .......... .......... 14.2M
    50K .......... .......... .......... .......... .......... 23.2M
   100K .......... .......... .......... .......... .......... 38.5M
   150K .......... .......... .......... .......... .......... 35.1M
   200K .......... .......... .......... .......... .......... 43.4M
   250K .......... .......... .......... .......... ..........  149M
   300K .......... .......... .......... .......... ..........  148M
   350K .......... .......... .......... .......... ..........  155M
   400K .......... .......... .......... .......... .......... 70.4M
   450K .......... .......... .......... .......... .......... 85.9M
   500K .......... .......... .......... .......... ..........  245M
   550K .......... .......... .......... .......... ..........  398M
   600K .......... .........                                    661M=0.01s

2026-07-11 21:44:14 (50.8 MB/s) - ‘/workspace/backups/cindemirlaw.com-20260711-214047/our-articles/index.html’ saved [634627]

--2026-07-11 21:44:14--  https://cindemirlaw.com/cindemir-law-3/
Reusing existing connection to cindemirlaw.com:443.
HTTP request sent, awaiting response... 200 OK
Length: unspecified [text/html]
Saving to: ‘/workspace/backups/cindemirlaw.com-20260711-214047/cindemir-law-3/index.html’

     0K .......... .......... .......... .......... .......... 15.0M
    50K .......... .......... .......... .......... .......... 19.0M
   100K .......... .......... .......... .......... .......... 23.9M
   150K .......... .......... .......... .......... .......... 45.4M
   200K .......... .......... .......... .......... .......... 40.5M
   250K .......... .......... .......... .......... ..........  139M
   300K .......... .......... .......... .......... .......... 67.8M
   350K .......... .......... .......... .......... ..........  502M
   400K .......... .......... .......... .......... .......... 55.6M
   450K .......... .......... .......... .......... ..........  606M
   500K .......... .......... .......... .......... ..........  403M
   550K .......... .......... .......... .......... ..........  126M
   600K .......... .........                                    129M=0.01s

2026-07-11 21:44:14 (46.8 MB/s) - ‘/workspace/backups/cindemirlaw.com-20260711-214047/cindemir-law-3/index.html’ saved [633898]

--2026-07-11 21:44:15--  https://cindemirlaw.com/cindemir-law/
Reusing existing connection to cindemirlaw.com:443.
HTTP request sent, awaiting response... 200 OK
Length: unspecified [text/html]
Saving to: ‘/workspace/backups/cindemirlaw.com-20260711-214047/cindemir-law/index.html’

     0K .......... .......... .......... .......... .......... 11.5M
    50K .......... .......... .......... .......... .......... 25.8M
   100K .......... .......... .......... .......... .......... 28.9M
   150K .......... .......... .......... .......... .......... 50.2M
   200K .......... .......... .......... .......... .......... 27.4M
   250K .......... .......... .......... .......... ..........  134M
   300K .......... .......... .......... .......... ..........  160M
   350K .......... .......... .......... .......... ..........  123M
   400K .......... .......... .......... .......... ..........  127M
   450K .......... .......... .......... .......... .......... 97.2M
   500K .......... .......... .......... .......... .......... 83.7M
   550K .......... .......... .......... .......... ..........  384M
   600K .......... .......... .......... .                      522M=0.01s

2026-07-11 21:44:15 (46.4 MB/s) - ‘/workspace/backups/cindemirlaw.com-20260711-214047/cindemir-law/index.html’ saved [647048]

--2026-07-11 21:44:15--  https://cindemirlaw.com/wp-content/cache/debloat/js/1a185bcb037f61b73addb57a6fd80635.js
Reusing existing connection to cindemirlaw.com:443.
HTTP request sent, awaiting response... 200 OK
Length: 456892 (446K) [text/javascript]
Saving to: ‘/workspace/backups/cindemirlaw.com-20260711-214047/wp-content/cache/debloat/js/1a185bcb037f61b73addb57a6fd80635.js’

     0K .......... .......... .......... .......... .......... 11%  381M 0s
    50K .......... .......... .......... .......... .......... 22%  420M 0s
   100K .......... .......... .......... .......... .......... 33%  303M 0s
   150K .......... .......... .......... .......... .......... 44%  211M 0s
   200K .......... .......... .......... .......... .......... 56%  297M 0s
   250K .......... .......... .......... .......... .......... 67%  381M 0s
   300K .......... .......... .......... .......... .......... 78%  436M 0s
   350K .......... .......... .......... .......... .......... 89%  349M 0s
   400K .......... .......... .......... .......... ......    100%  541M=0.001s

2026-07-11 21:44:15 (345 MB/s) - ‘/workspace/backups/cindemirlaw.com-20260711-214047/wp-content/cache/debloat/js/1a185bcb037f61b73addb57a6fd80635.js’ saved [456892/456892]

--2026-07-11 21:44:16--  https://cindemirlaw.com/wp-content/themes/enfold/config-layerslider/LayerSlider/assets/static/layerslider/img/icon-muted-white.png
Reusing existing connection to cindemirlaw.com:443.
HTTP request sent, awaiting response... 200 OK
Length: 4008 (3.9K) [image/png]
Saving to: ‘/workspace/backups/cindemirlaw.com-20260711-214047/wp-content/themes/enfold/config-layerslider/LayerSlider/assets/static/layerslider/img/icon-muted-white.png’

     0K ...                                                   100% 2.04G=0s

2026-07-11 21:44:16 (2.04 GB/s) - ‘/workspace/backups/cindemirlaw.com-20260711-214047/wp-content/themes/enfold/config-layerslider/LayerSlider/assets/static/layerslider/img/icon-muted-white.png’ saved [4008/4008]

--2026-07-11 21:44:16--  https://cindemirlaw.com/wp-content/themes/enfold/config-layerslider/LayerSlider/assets/static/layerslider/img/icon-unmuted-white.png
Reusing existing connection to cindemirlaw.com:443.
HTTP request sent, awaiting response... 200 OK
Length: 8784 (8.6K) [image/png]
Saving to: ‘/workspace/backups/cindemirlaw.com-20260711-214047/wp-content/themes/enfold/config-layerslider/LayerSlider/assets/static/layerslider/img/icon-unmuted-white.png’

     0K ........                                              100%  191M=0s

2026-07-11 21:44:16 (191 MB/s) - ‘/workspace/backups/cindemirlaw.com-20260711-214047/wp-content/themes/enfold/config-layerslider/LayerSlider/assets/static/layerslider/img/icon-unmuted-white.png’ saved [8784/8784]

--2026-07-11 21:44:17--  https://cindemirlaw.com/wp-content/uploads/2014/11/Gokhan_Cindemir_AttorneyAtLaw2-240x300.jpg
Reusing existing connection to cindemirlaw.com:443.
HTTP request sent, awaiting response... 200 OK
Length: 41715 (41K) [image/jpeg]
Saving to: ‘/workspace/backups/cindemirlaw.com-20260711-214047/wp-content/uploads/2014/11/Gokhan_Cindemir_AttorneyAtLaw2-240x300.jpg’

     0K .......... .......... .......... ..........           100%  488M=0s

2026-07-11 21:44:17 (488 MB/s) - ‘/workspace/backups/cindemirlaw.com-20260711-214047/wp-content/uploads/2014/11/Gokhan_Cindemir_AttorneyAtLaw2-240x300.jpg’ saved [41715/41715]

--2026-07-11 21:44:18--  https://cindemirlaw.com/wp-content/uploads/2014/11/Gokhan_Cindemir_AttorneyAtLaw2-768x960.jpg
Reusing existing connection to cindemirlaw.com:443.
HTTP request sent, awaiting response... 200 OK
Length: 257072 (251K) [image/jpeg]
Saving to: ‘/workspace/backups/cindemirlaw.com-20260711-214047/wp-content/uploads/2014/11/Gokhan_Cindemir_AttorneyAtLaw2-768x960.jpg’

     0K .......... .......... .......... .......... .......... 19%  185M 0s
    50K .......... .......... .......... .......... .......... 39%  310M 0s
   100K .......... .......... .......... .......... .......... 59%  500M 0s
   150K .......... .......... .......... .......... .......... 79%  628M 0s
   200K .......... .......... .......... .......... .......... 99%  451M 0s
   250K .                                                     100% 1.95T=0.001s

2026-07-11 21:44:18 (348 MB/s) - ‘/workspace/backups/cindemirlaw.com-20260711-214047/wp-content/uploads/2014/11/Gokhan_Cindemir_AttorneyAtLaw2-768x960.jpg’ saved [257072/257072]

--2026-07-11 21:44:18--  https://cindemirlaw.com/wp-content/uploads/2014/11/Gokhan_Cindemir_AttorneyAtLaw2-564x705.jpg
Reusing existing connection to cindemirlaw.com:443.
HTTP request sent, awaiting response... 200 OK
Length: 159430 (156K) [image/jpeg]
Saving to: ‘/workspace/backups/cindemirlaw.com-20260711-214047/wp-content/uploads/2014/11/Gokhan_Cindemir_AttorneyAtLaw2-564x705.jpg’

     0K .......... .......... .......... .......... .......... 32% 90.7M 0s
    50K .......... .......... .......... .......... .......... 64%  389M 0s
   100K .......... .......... .......... .......... .......... 96%  460M 0s
   150K .....                                                 100% 10.6T=0.001s

2026-07-11 21:44:18 (198 MB/s) - ‘/workspace/backups/cindemirlaw.com-20260711-214047/wp-content/uploads/2014/11/Gokhan_Cindemir_AttorneyAtLaw2-564x705.jpg’ saved [159430/159430]

--2026-07-11 21:44:19--  https://cindemirlaw.com/wp-content/uploads/2014/11/Gokhan_Cindemir_AttorneyAtLaw2.jpg
Reusing existing connection to cindemirlaw.com:443.
HTTP request sent, awaiting response... 200 OK
Length: 46611 (46K) [image/jpeg]
Saving to: ‘/workspace/backups/cindemirlaw.com-20260711-214047/wp-content/uploads/2014/11/Gokhan_Cindemir_AttorneyAtLaw2.jpg’

     0K .......... .......... .......... .......... .....     100% 69.9M=0.001s

2026-07-11 21:44:19 (69.9 MB/s) - ‘/workspace/backups/cindemirlaw.com-20260711-214047/wp-content/uploads/2014/11/Gokhan_Cindemir_AttorneyAtLaw2.jpg’ saved [46611/46611]

--2026-07-11 21:44:19--  https://cindemirlaw.com/wp-content/uploads/2014/11/portrait-5-copy-240x300.jpg
Reusing existing connection to cindemirlaw.com:443.
HTTP request sent, awaiting response... 200 OK
Length: 45637 (45K) [image/jpeg]
Saving to: ‘/workspace/backups/cindemirlaw.com-20260711-214047/wp-content/uploads/2014/11/portrait-5-copy-240x300.jpg’

     0K .......... .......... .......... .......... ....      100%  317M=0s

2026-07-11 21:44:20 (317 MB/s) - ‘/workspace/backups/cindemirlaw.com-20260711-214047/wp-content/uploads/2014/11/portrait-5-copy-240x300.jpg’ saved [45637/45637]

--2026-07-11 21:44:20--  https://cindemirlaw.com/wp-content/uploads/2014/11/portrait-5-copy-768x960.jpg
Reusing existing connection to cindemirlaw.com:443.
HTTP request sent, awaiting response... 200 OK
Length: 356129 (348K) [image/jpeg]
Saving to: ‘/workspace/backups/cindemirlaw.com-20260711-214047/wp-content/uploads/2014/11/portrait-5-copy-768x960.jpg’

     0K .......... .......... .......... .......... .......... 14%  528M 0s
    50K .......... .......... .......... .......... .......... 28%  478M 0s
   100K .......... .......... .......... .......... .......... 43%  512M 0s
   150K .......... .......... .......... .......... .......... 57%  674M 0s
   200K .......... .......... .......... .......... .......... 71%  444M 0s
   250K .......... .......... .......... .......... .......... 86%  198M 0s
   300K .......... .......... .......... .......... .......   100%  577M=0.001s

2026-07-11 21:44:20 (425 MB/s) - ‘/workspace/backups/cindemirlaw.com-20260711-214047/wp-content/uploads/2014/11/portrait-5-copy-768x960.jpg’ saved [356129/356129]

--2026-07-11 21:44:20--  https://cindemirlaw.com/wp-content/uploads/2014/11/portrait-5-copy-564x705.jpg
Reusing existing connection to cindemirlaw.com:443.
HTTP request sent, awaiting response... 200 OK
Length: 210925 (206K) [image/jpeg]
Saving to: ‘/workspace/backups/cindemirlaw.com-20260711-214047/wp-content/uploads/2014/11/portrait-5-copy-564x705.jpg’

     0K .......... .......... .......... .......... .......... 24%  107M 0s
    50K .......... .......... .......... .......... .......... 48%  383M 0s
   100K .......... .......... .......... .......... .......... 72%  428M 0s
   150K .......... .......... .......... .......... .......... 97%  566M 0s
   200K .....                                                 100%  440M=0.001s

2026-07-11 21:44:21 (253 MB/s) - ‘/workspace/backups/cindemirlaw.com-20260711-214047/wp-content/uploads/2014/11/portrait-5-copy-564x705.jpg’ saved [210925/210925]

--2026-07-11 21:44:21--  https://cindemirlaw.com/wp-content/uploads/2014/11/portrait-5-copy.jpg
Reusing existing connection to cindemirlaw.com:443.
HTTP request sent, awaiting response... 200 OK
Length: 83347 (81K) [image/jpeg]
Saving to: ‘/workspace/backups/cindemirlaw.com-20260711-214047/wp-content/uploads/2014/11/portrait-5-copy.jpg’

     0K .......... .......... .......... .......... .......... 61%  512M 0s
    50K .......... .......... .......... .                    100%  567M=0s

2026-07-11 21:44:21 (532 MB/s) - ‘/workspace/backups/cindemirlaw.com-20260711-214047/wp-content/uploads/2014/11/portrait-5-copy.jpg’ saved [83347/83347]

--2026-07-11 21:44:22--  https://cindemirlaw.com/wp-content/uploads/2020/10/portrait-3-copy-240x300.jpg
Reusing existing connection to cindemirlaw.com:443.
HTTP request sent, awaiting response... 200 OK
Length: 68790 (67K) [image/jpeg]
Saving to: ‘/workspace/backups/cindemirlaw.com-20260711-214047/wp-content/uploads/2020/10/portrait-3-copy-240x300.jpg’

     0K .......... .......... .......... .......... .......... 74%  158M 0s
    50K .......... .......                                    100%  380M=0s

2026-07-11 21:44:22 (186 MB/s) - ‘/workspace/backups/cindemirlaw.com-20260711-214047/wp-content/uploads/2020/10/portrait-3-copy-240x300.jpg’ saved [68790/68790]

--2026-07-11 21:44:22--  https://cindemirlaw.com/wp-content/uploads/2020/10/portrait-3-copy-768x960.jpg
Reusing existing connection to cindemirlaw.com:443.
HTTP request sent, awaiting response... 200 OK
Length: 419993 (410K) [image/jpeg]
Saving to: ‘/workspace/backups/cindemirlaw.com-20260711-214047/wp-content/uploads/2020/10/portrait-3-copy-768x960.jpg’

     0K .......... .......... .......... .......... .......... 12%  242M 0s
    50K .......... .......... .......... .......... .......... 24%  597M 0s
   100K .......... .......... .......... .......... .......... 36%  330M 0s
   150K .......... .......... .......... .......... .......... 48%  551M 0s
   200K .......... .......... .......... .......... .......... 60%  317M 0s
   250K .......... .......... .......... .......... .......... 73%  572M 0s
   300K .......... .......... .......... .......... .......... 85%  495M 0s
   350K .......... .......... .......... .......... .......... 97%  446M 0s
   400K ..........                                            100%  448M=0.001s

2026-07-11 21:44:22 (405 MB/s) - ‘/workspace/backups/cindemirlaw.com-20260711-214047/wp-content/uploads/2020/10/portrait-3-copy-768x960.jpg’ saved [419993/419993]

--2026-07-11 21:44:23--  https://cindemirlaw.com/wp-content/uploads/2020/10/portrait-3-copy-564x705.jpg
Reusing existing connection to cindemirlaw.com:443.
HTTP request sent, awaiting response... 200 OK
Length: 262621 (256K) [image/jpeg]
Saving to: ‘/workspace/backups/cindemirlaw.com-20260711-214047/wp-content/uploads/2020/10/portrait-3-copy-564x705.jpg’

     0K .......... .......... .......... .......... .......... 19%  301M 0s
    50K .......... .......... .......... .......... .......... 38%  571M 0s
   100K .......... .......... .......... .......... .......... 58% 99.4M 0s
   150K .......... .......... .......... .......... .......... 77%  465M 0s
   200K .......... .......... .......... .......... .......... 97%  465M 0s
   250K ......                                                100% 12.0T=0.001s

2026-07-11 21:44:23 (264 MB/s) - ‘/workspace/backups/cindemirlaw.com-20260711-214047/wp-content/uploads/2020/10/portrait-3-copy-564x705.jpg’ saved [262621/262621]

--2026-07-11 21:44:23--  https://cindemirlaw.com/wp-content/uploads/2020/10/portrait-3-copy.jpg
Reusing existing connection to cindemirlaw.com:443.
HTTP request sent, awaiting response... 200 OK
Length: 87458 (85K) [image/jpeg]
Saving to: ‘/workspace/backups/cindemirlaw.com-20260711-214047/wp-content/uploads/2020/10/portrait-3-copy.jpg’

     0K .......... .......... .......... .......... .......... 58%  421M 0s
    50K .......... .......... .......... .....                100% 74.8M=0.001s

2026-07-11 21:44:23 (144 MB/s) - ‘/workspace/backups/cindemirlaw.com-20260711-214047/wp-content/uploads/2020/10/portrait-3-copy.jpg’ saved [87458/87458]

--2026-07-11 21:44:24--  https://cindemirlaw.com/wp-content/uploads/2025/09/levant-180x180.webp
Reusing existing connection to cindemirlaw.com:443.
HTTP request sent, awaiting response... 200 OK
Length: 2770 (2.7K) [image/webp]
Saving to: ‘/workspace/backups/cindemirlaw.com-20260711-214047/wp-content/uploads/2025/09/levant-180x180.webp’

     0K ..                                                    100% 2.19G=0s

2026-07-11 21:44:24 (2.19 GB/s) - ‘/workspace/backups/cindemirlaw.com-20260711-214047/wp-content/uploads/2025/09/levant-180x180.webp’ saved [2770/2770]

--2026-07-11 21:44:24--  https://cindemirlaw.com/wp-content/uploads/2025/09/levant-300x300.webp
Reusing existing connection to cindemirlaw.com:443.
HTTP request sent, awaiting response... 200 OK
Length: 5634 (5.5K) [image/webp]
Saving to: ‘/workspace/backups/cindemirlaw.com-20260711-214047/wp-content/uploads/2025/09/levant-300x300.webp’

     0K .....                                                 100% 3.45G=0s

2026-07-11 21:44:24 (3.45 GB/s) - ‘/workspace/backups/cindemirlaw.com-20260711-214047/wp-content/uploads/2025/09/levant-300x300.webp’ saved [5634/5634]

--2026-07-11 21:44:25--  https://cindemirlaw.com/wp-content/uploads/2025/09/levant-80x80.webp
Reusing existing connection to cindemirlaw.com:443.
HTTP request sent, awaiting response... 200 OK
Length: 972 [image/webp]
Saving to: ‘/workspace/backups/cindemirlaw.com-20260711-214047/wp-content/uploads/2025/09/levant-80x80.webp’

     0K                                                       100%  754M=0s

2026-07-11 21:44:25 (754 MB/s) - ‘/workspace/backups/cindemirlaw.com-20260711-214047/wp-content/uploads/2025/09/levant-80x80.webp’ saved [972/972]

--2026-07-11 21:44:25--  https://cindemirlaw.com/wp-content/uploads/2025/09/levant-768x768.webp
Reusing existing connection to cindemirlaw.com:443.
HTTP request sent, awaiting response... 200 OK
Length: 20990 (20K) [image/webp]
Saving to: ‘/workspace/backups/cindemirlaw.com-20260711-214047/wp-content/uploads/2025/09/levant-768x768.webp’

     0K .......... ..........                                 100% 11.5M=0.002s

2026-07-11 21:44:25 (11.5 MB/s) - ‘/workspace/backups/cindemirlaw.com-20260711-214047/wp-content/uploads/2025/09/levant-768x768.webp’ saved [20990/20990]

--2026-07-11 21:44:26--  https://cindemirlaw.com/wp-content/uploads/2025/09/levant-36x36.webp
Reusing existing connection to cindemirlaw.com:443.
HTTP request sent, awaiting response... 200 OK
Length: 444 [image/webp]
Saving to: ‘/workspace/backups/cindemirlaw.com-20260711-214047/wp-content/uploads/2025/09/levant-36x36.webp’

     0K                                                       100%  485M=0s

2026-07-11 21:44:26 (485 MB/s) - ‘/workspace/backups/cindemirlaw.com-20260711-214047/wp-content/uploads/2025/09/levant-36x36.webp’ saved [444/444]

--2026-07-11 21:44:27--  https://cindemirlaw.com/wp-content/uploads/2025/09/levant-705x705.webp
Reusing existing connection to cindemirlaw.com:443.
HTTP request sent, awaiting response... 200 OK
Length: 17930 (18K) [image/webp]
Saving to: ‘/workspace/backups/cindemirlaw.com-20260711-214047/wp-content/uploads/2025/09/levant-705x705.webp’

     0K .......... .......                                    100% 10.2M=0.002s

2026-07-11 21:44:27 (10.2 MB/s) - ‘/workspace/backups/cindemirlaw.com-20260711-214047/wp-content/uploads/2025/09/levant-705x705.webp’ saved [17930/17930]

--2026-07-11 21:44:27--  https://cindemirlaw.com/wp-content/uploads/2025/09/levant.webp
Reusing existing connection to cindemirlaw.com:443.
HTTP request sent, awaiting response... 200 OK
Length: 33932 (33K) [image/webp]
Saving to: ‘/workspace/backups/cindemirlaw.com-20260711-214047/wp-content/uploads/2025/09/levant.webp’

     0K .......... .......... .......... ...                  100% 12.7M=0.003s

2026-07-11 21:44:27 (12.7 MB/s) - ‘/workspace/backups/cindemirlaw.com-20260711-214047/wp-content/uploads/2025/09/levant.webp’ saved [33932/33932]

--2026-07-11 21:44:28--  https://cindemirlaw.com/wp-content/uploads/2020/08/IMG_0860-kopya-180x180.jpg
Reusing existing connection to cindemirlaw.com:443.
HTTP request sent, awaiting response... 200 OK
Length: 28668 (28K) [image/jpeg]
Saving to: ‘/workspace/backups/cindemirlaw.com-20260711-214047/wp-content/uploads/2020/08/IMG_0860-kopya-180x180.jpg’

     0K .......... .......... .......                         100%  396M=0s

2026-07-11 21:44:28 (396 MB/s) - ‘/workspace/backups/cindemirlaw.com-20260711-214047/wp-content/uploads/2020/08/IMG_0860-kopya-180x180.jpg’ saved [28668/28668]

--2026-07-11 21:44:28--  https://cindemirlaw.com/wp-content/uploads/2020/08/IMG_0860-kopya-80x80.jpg
Reusing existing connection to cindemirlaw.com:443.
HTTP request sent, awaiting response... 200 OK
Length: 7631 (7.5K) [image/jpeg]
Saving to: ‘/workspace/backups/cindemirlaw.com-20260711-214047/wp-content/uploads/2020/08/IMG_0860-kopya-80x80.jpg’

     0K .......                                               100% 5.11G=0s

2026-07-11 21:44:28 (5.11 GB/s) - ‘/workspace/backups/cindemirlaw.com-20260711-214047/wp-content/uploads/2020/08/IMG_0860-kopya-80x80.jpg’ saved [7631/7631]

--2026-07-11 21:44:29--  https://cindemirlaw.com/wp-content/uploads/2020/08/IMG_0860-kopya-36x36.jpg
Reusing existing connection to cindemirlaw.com:443.
HTTP request sent, awaiting response... 200 OK
Length: 2334 (2.3K) [image/jpeg]
Saving to: ‘/workspace/backups/cindemirlaw.com-20260711-214047/wp-content/uploads/2020/08/IMG_0860-kopya-36x36.jpg’

     0K ..                                                    100% 1.89G=0s

2026-07-11 21:44:29 (1.89 GB/s) - ‘/workspace/backups/cindemirlaw.com-20260711-214047/wp-content/uploads/2020/08/IMG_0860-kopya-36x36.jpg’ saved [2334/2334]

--2026-07-11 21:44:29--  https://cindemirlaw.com/wp-content/uploads/2020/08/IMG_0876-kopya-741x1024-1-180x180.jpg
Reusing existing connection to cindemirlaw.com:443.
HTTP request sent, awaiting response... 200 OK
Length: 24608 (24K) [image/jpeg]
Saving to: ‘/workspace/backups/cindemirlaw.com-20260711-214047/wp-content/uploads/2020/08/IMG_0876-kopya-741x1024-1-180x180.jpg’

     0K .......... .......... ....                            100%  306M=0s

2026-07-11 21:44:29 (306 MB/s) - ‘/workspace/backups/cindemirlaw.com-20260711-214047/wp-content/uploads/2020/08/IMG_0876-kopya-741x1024-1-180x180.jpg’ saved [24608/24608]

--2026-07-11 21:44:30--  https://cindemirlaw.com/wp-content/uploads/2020/08/IMG_0876-kopya-741x1024-1-80x80.jpg
Reusing existing connection to cindemirlaw.com:443.
HTTP request sent, awaiting response... 200 OK
Length: 6970 (6.8K) [image/jpeg]
Saving to: ‘/workspace/backups/cindemirlaw.com-20260711-214047/wp-content/uploads/2020/08/IMG_0876-kopya-741x1024-1-80x80.jpg’

     0K ......                                                100% 4.60G=0s

2026-07-11 21:44:30 (4.60 GB/s) - ‘/workspace/backups/cindemirlaw.com-20260711-214047/wp-content/uploads/2020/08/IMG_0876-kopya-741x1024-1-80x80.jpg’ saved [6970/6970]

--2026-07-11 21:44:30--  https://cindemirlaw.com/wp-content/uploads/2020/08/IMG_0876-kopya-741x1024-1-36x36.jpg
Reusing existing connection to cindemirlaw.com:443.
HTTP request sent, awaiting response... 200 OK
Length: 2359 (2.3K) [image/jpeg]
Saving to: ‘/workspace/backups/cindemirlaw.com-20260711-214047/wp-content/uploads/2020/08/IMG_0876-kopya-741x1024-1-36x36.jpg’

     0K ..                                                    100% 2.47G=0s

2026-07-11 21:44:30 (2.47 GB/s) - ‘/workspace/backups/cindemirlaw.com-20260711-214047/wp-content/uploads/2020/08/IMG_0876-kopya-741x1024-1-36x36.jpg’ saved [2359/2359]

--2026-07-11 21:44:30--  https://cindemirlaw.com/wp-content/uploads/2020/08/IMG_0877-kopya-741x1024-1-180x180.jpg
Reusing existing connection to cindemirlaw.com:443.
HTTP request sent, awaiting response... 200 OK
Length: 32176 (31K) [image/jpeg]
Saving to: ‘/workspace/backups/cindemirlaw.com-20260711-214047/wp-content/uploads/2020/08/IMG_0877-kopya-741x1024-1-180x180.jpg’

     0K .......... .......... .......... .                    100%  248M=0s

2026-07-11 21:44:30 (248 MB/s) - ‘/workspace/backups/cindemirlaw.com-20260711-214047/wp-content/uploads/2020/08/IMG_0877-kopya-741x1024-1-180x180.jpg’ saved [32176/32176]

--2026-07-11 21:44:31--  https://cindemirlaw.com/wp-content/uploads/2020/08/IMG_0877-kopya-741x1024-1-80x80.jpg
Reusing existing connection to cindemirlaw.com:443.
HTTP request sent, awaiting response... 200 OK
Length: 8543 (8.3K) [image/jpeg]
Saving to: ‘/workspace/backups/cindemirlaw.com-20260711-214047/wp-content/uploads/2020/08/IMG_0877-kopya-741x1024-1-80x80.jpg’

     0K ........                                              100%  164M=0s

2026-07-11 21:44:31 (164 MB/s) - ‘/workspace/backups/cindemirlaw.com-20260711-214047/wp-content/uploads/2020/08/IMG_0877-kopya-741x1024-1-80x80.jpg’ saved [8543/8543]

--2026-07-11 21:44:31--  https://cindemirlaw.com/wp-content/uploads/2020/08/IMG_0877-kopya-741x1024-1-36x36.jpg
Reusing existing connection to cindemirlaw.com:443.
HTTP request sent, awaiting response... 200 OK
Length: 2584 (2.5K) [image/jpeg]
Saving to: ‘/workspace/backups/cindemirlaw.com-20260711-214047/wp-content/uploads/2020/08/IMG_0877-kopya-741x1024-1-36x36.jpg’

     0K ..                                                    100% 2.67G=0s

2026-07-11 21:44:32 (2.67 GB/s) - ‘/workspace/backups/cindemirlaw.com-20260711-214047/wp-content/uploads/2020/08/IMG_0877-kopya-741x1024-1-36x36.jpg’ saved [2584/2584]

--2026-07-11 21:44:32--  https://cindemirlaw.com/contacts/?lang=zh-hans
Reusing existing connection to cindemirlaw.com:443.
HTTP request sent, awaiting response... 200 OK
Length: unspecified [text/html]
Saving to: ‘/workspace/backups/cindemirlaw.com-20260711-214047/contacts/index.html?lang=zh-hans.html’

     0K .......... .......... .......... .......... .......... 11.9M
    50K .......... .......... .......... .......... ..........  918K
   100K .......... .......... .......... .......... ..........  588M
   150K .......... .......... .......... .......... .......... 2.99M
   200K .......... .......... .......... .......... ..........  186M
   250K .......... .......... .......... .......... .......... 13.8M
   300K .......... .......... .......... .......... ..........  604M
   350K .......... .......... .......... .......... ..........  264M
   400K .......... .......... .......... .......... ..........  738M
   450K .......... .......... .......... .......... ..........  324M
   500K .......... .......... .......... .......... ..........  209M
   550K .......... .......... .......... .......... ..........  232M
   600K .......... .......                                     5.71M=0.08s

2026-07-11 21:44:32 (7.29 MB/s) - ‘/workspace/backups/cindemirlaw.com-20260711-214047/contacts/index.html?lang=zh-hans.html’ saved [632147]

--2026-07-11 21:44:32--  https://cindemirlaw.com/wp-content/cache/debloat/js/064d53339629cfdebcf36e09bc45534f.js
Reusing existing connection to cindemirlaw.com:443.
HTTP request sent, awaiting response... 200 OK
Length: 290728 (284K) [text/javascript]
Saving to: ‘/workspace/backups/cindemirlaw.com-20260711-214047/wp-content/cache/debloat/js/064d53339629cfdebcf36e09bc45534f.js’

     0K .......... .......... .......... .......... .......... 17% 88.4M 0s
    50K .......... .......... .......... .......... .......... 35%  589M 0s
   100K .......... .......... .......... .......... .......... 52%  378M 0s
   150K .......... .......... .......... .......... .......... 70%  795M 0s
   200K .......... .......... .......... .......... .......... 88%  599M 0s
   250K .......... .......... .......... ...                  100%  209M=0.001s

2026-07-11 21:44:33 (260 MB/s) - ‘/workspace/backups/cindemirlaw.com-20260711-214047/wp-content/cache/debloat/js/064d53339629cfdebcf36e09bc45534f.js’ saved [290728/290728]

--2026-07-11 21:44:33--  https://cindemirlaw.com/wp-content/uploads/2020/10/540664430-300x200.jpg
Reusing existing connection to cindemirlaw.com:443.
HTTP request sent, awaiting response... 200 OK
Length: 72015 (70K) [image/jpeg]
Saving to: ‘/workspace/backups/cindemirlaw.com-20260711-214047/wp-content/uploads/2020/10/540664430-300x200.jpg’

     0K .......... .......... .......... .......... .......... 71%  507M 0s
    50K .......... ..........                                 100%  313M=0s

2026-07-11 21:44:33 (430 MB/s) - ‘/workspace/backups/cindemirlaw.com-20260711-214047/wp-content/uploads/2020/10/540664430-300x200.jpg’ saved [72015/72015]

--2026-07-11 21:44:33--  https://cindemirlaw.com/wp-content/uploads/2020/10/540664430-768x512.jpg
Reusing existing connection to cindemirlaw.com:443.
HTTP request sent, awaiting response... 200 OK
Length: 322001 (314K) [image/jpeg]
Saving to: ‘/workspace/backups/cindemirlaw.com-20260711-214047/wp-content/uploads/2020/10/540664430-768x512.jpg’

     0K .......... .......... .......... .......... .......... 15%  489M 0s
    50K .......... .......... .......... .......... .......... 31%  395M 0s
   100K .......... .......... .......... .......... .......... 47%  594M 0s
   150K .......... .......... .......... .......... .......... 63%  145M 0s
   200K .......... .......... .......... .......... .......... 79%  613M 0s
   250K .......... .......... .......... .......... .......... 95%  189M 0s
   300K .......... ....                                       100%  269M=0.001s

2026-07-11 21:44:33 (297 MB/s) - ‘/workspace/backups/cindemirlaw.com-20260711-214047/wp-content/uploads/2020/10/540664430-768x512.jpg’ saved [322001/322001]

--2026-07-11 21:44:34--  https://cindemirlaw.com/wp-content/uploads/2020/10/540664430-705x470.jpg
Reusing existing connection to cindemirlaw.com:443.
HTTP request sent, awaiting response... 200 OK
Length: 284389 (278K) [image/jpeg]
Saving to: ‘/workspace/backups/cindemirlaw.com-20260711-214047/wp-content/uploads/2020/10/540664430-705x470.jpg’

     0K .......... .......... .......... .......... .......... 18%  210M 0s
    50K .......... .......... .......... .......... .......... 36%  509M 0s
   100K .......... .......... .......... .......... .......... 54%  201M 0s
   150K .......... .......... .......... .......... .......... 72%  538M 0s
   200K .......... .......... .......... .......... .......... 90%  430M 0s
   250K .......... .......... .......                         100%  548M=0.001s

2026-07-11 21:44:34 (329 MB/s) - ‘/workspace/backups/cindemirlaw.com-20260711-214047/wp-content/uploads/2020/10/540664430-705x470.jpg’ saved [284389/284389]

--2026-07-11 21:44:35--  https://cindemirlaw.com/wp-content/uploads/2020/06/white-1-copy-150x150-1.jpg
Reusing existing connection to cindemirlaw.com:443.
HTTP request sent, awaiting response... 200 OK
Length: 2458 (2.4K) [image/jpeg]
Saving to: ‘/workspace/backups/cindemirlaw.com-20260711-214047/wp-content/uploads/2020/06/white-1-copy-150x150-1.jpg’

     0K ..                                                    100% 2.01G=0s

2026-07-11 21:44:35 (2.01 GB/s) - ‘/workspace/backups/cindemirlaw.com-20260711-214047/wp-content/uploads/2020/06/white-1-copy-150x150-1.jpg’ saved [2458/2458]

--2026-07-11 21:44:35--  https://cindemirlaw.com/wp-content/uploads/2020/06/white-1-copy-150x150-1-80x80.jpg
Reusing existing connection to cindemirlaw.com:443.
HTTP request sent, awaiting response... 200 OK
Length: 4137 (4.0K) [image/jpeg]
Saving to: ‘/workspace/backups/cindemirlaw.com-20260711-214047/wp-content/uploads/2020/06/white-1-copy-150x150-1-80x80.jpg’

     0K ....                                                  100% 3.93G=0s

2026-07-11 21:44:35 (3.93 GB/s) - ‘/workspace/backups/cindemirlaw.com-20260711-214047/wp-content/uploads/2020/06/white-1-copy-150x150-1-80x80.jpg’ saved [4137/4137]

--2026-07-11 21:44:35--  https://cindemirlaw.com/wp-content/uploads/2020/06/white-1-copy-150x150-1-36x36.jpg
Reusing existing connection to cindemirlaw.com:443.
HTTP request sent, awaiting response... 200 OK
Length: 1639 (1.6K) [image/jpeg]
Saving to: ‘/workspace/backups/cindemirlaw.com-20260711-214047/wp-content/uploads/2020/06/white-1-copy-150x150-1-36x36.jpg’

     0K .                                                     100% 1.60G=0s

2026-07-11 21:44:35 (1.60 GB/s) - ‘/workspace/backups/cindemirlaw.com-20260711-214047/wp-content/uploads/2020/06/white-1-copy-150x150-1-36x36.jpg’ saved [1639/1639]

--2026-07-11 21:44:36--  https://cindemirlaw.com/wp-content/uploads/2020/10/3S9A9207-copy-300x200.jpg
Reusing existing connection to cindemirlaw.com:443.
HTTP request sent, awaiting response... 200 OK
Length: 41354 (40K) [image/jpeg]
Saving to: ‘/workspace/backups/cindemirlaw.com-20260711-214047/wp-content/uploads/2020/10/3S9A9207-copy-300x200.jpg’

     0K .......... .......... .......... ..........           100%  179M=0s

2026-07-11 21:44:36 (179 MB/s) - ‘/workspace/backups/cindemirlaw.com-20260711-214047/wp-content/uploads/2020/10/3S9A9207-copy-300x200.jpg’ saved [41354/41354]

--2026-07-11 21:44:36--  https://cindemirlaw.com/wp-content/uploads/2020/10/3S9A9207-copy-768x512.jpg
Reusing existing connection to cindemirlaw.com:443.
HTTP request sent, awaiting response... 200 OK
Length: 170221 (166K) [image/jpeg]
Saving to: ‘/workspace/backups/cindemirlaw.com-20260711-214047/wp-content/uploads/2020/10/3S9A9207-copy-768x512.jpg’

     0K .......... .......... .......... .......... .......... 30%  364M 0s
    50K .......... .......... .......... .......... .......... 60%  479M 0s
   100K .......... .......... .......... .......... .......... 90%  423M 0s
   150K .......... ......                                     100%  531M=0s

2026-07-11 21:44:36 (426 MB/s) - ‘/workspace/backups/cindemirlaw.com-20260711-214047/wp-content/uploads/2020/10/3S9A9207-copy-768x512.jpg’ saved [170221/170221]

--2026-07-11 21:44:37--  https://cindemirlaw.com/wp-content/uploads/2020/10/3S9A9207-copy-705x470.jpg
Reusing existing connection to cindemirlaw.com:443.
HTTP request sent, awaiting response... 200 OK
Length: 150307 (147K) [image/jpeg]
Saving to: ‘/workspace/backups/cindemirlaw.com-20260711-214047/wp-content/uploads/2020/10/3S9A9207-copy-705x470.jpg’

     0K .......... .......... .......... .......... .......... 34%  328M 0s
    50K .......... .......... .......... .......... .......... 68%  431M 0s
   100K .......... .......... .......... .......... ......    100%  469M=0s

2026-07-11 21:44:37 (399 MB/s) - ‘/workspace/backups/cindemirlaw.com-20260711-214047/wp-content/uploads/2020/10/3S9A9207-copy-705x470.jpg’ saved [150307/150307]

--2026-07-11 21:44:38--  https://cindemirlaw.com/wp-content/uploads/2020/10/3S9A9207-copy.jpg
Reusing existing connection to cindemirlaw.com:443.
HTTP request sent, awaiting response... 200 OK
Length: 47301 (46K) [image/jpeg]
Saving to: ‘/workspace/backups/cindemirlaw.com-20260711-214047/wp-content/uploads/2020/10/3S9A9207-copy.jpg’

     0K .......... .......... .......... .......... ......    100%  216M=0s

2026-07-11 21:44:38 (216 MB/s) - ‘/workspace/backups/cindemirlaw.com-20260711-214047/wp-content/uploads/2020/10/3S9A9207-copy.jpg’ saved [47301/47301]

--2026-07-11 21:44:38--  https://cindemirlaw.com/wp-content/cache/debloat/js/a59e7998e27269da2ecb1d572a143c1d.js
Reusing existing connection to cindemirlaw.com:443.
HTTP request sent, awaiting response... 200 OK
Length: 287603 (281K) [text/javascript]
Saving to: ‘/workspace/backups/cindemirlaw.com-20260711-214047/wp-content/cache/debloat/js/a59e7998e27269da2ecb1d572a143c1d.js’

     0K .......... .......... .......... .......... .......... 17% 70.3M 0s
    50K .......... .......... .......... .......... .......... 35%  543M 0s
   100K .......... .......... .......... .......... .......... 53%  107M 0s
   150K .......... .......... .......... .......... .......... 71%  764M 0s
   200K .......... .......... .......... .......... .......... 89%  420M 0s
   250K .......... .......... ..........                      100%  507M=0.001s

2026-07-11 21:44:38 (185 MB/s) - ‘/workspace/backups/cindemirlaw.com-20260711-214047/wp-content/cache/debloat/js/a59e7998e27269da2ecb1d572a143c1d.js’ saved [287603/287603]

--2026-07-11 21:44:38--  https://cindemirlaw.com/wp-content/uploads/2020/06/white-2-copy-300x300-1-180x180.jpg
Reusing existing connection to cindemirlaw.com:443.
HTTP request sent, awaiting response... 200 OK
Length: 12562 (12K) [image/jpeg]
Saving to: ‘/workspace/backups/cindemirlaw.com-20260711-214047/wp-content/uploads/2020/06/white-2-copy-300x300-1-180x180.jpg’

     0K .......... ..                                         100%  317M=0s

2026-07-11 21:44:38 (317 MB/s) - ‘/workspace/backups/cindemirlaw.com-20260711-214047/wp-content/uploads/2020/06/white-2-copy-300x300-1-180x180.jpg’ saved [12562/12562]

--2026-07-11 21:44:39--  https://cindemirlaw.com/wp-content/uploads/2020/06/white-2-copy-300x300-1-80x80.jpg
Reusing existing connection to cindemirlaw.com:443.
HTTP request sent, awaiting response... 200 OK
Length: 3990 (3.9K) [image/jpeg]
Saving to: ‘/workspace/backups/cindemirlaw.com-20260711-214047/wp-content/uploads/2020/06/white-2-copy-300x300-1-80x80.jpg’

     0K ...                                                   100% 2.97G=0s

2026-07-11 21:44:39 (2.97 GB/s) - ‘/workspace/backups/cindemirlaw.com-20260711-214047/wp-content/uploads/2020/06/white-2-copy-300x300-1-80x80.jpg’ saved [3990/3990]

--2026-07-11 21:44:39--  https://cindemirlaw.com/wp-content/uploads/2020/06/white-2-copy-300x300-1-36x36.jpg
Reusing existing connection to cindemirlaw.com:443.
HTTP request sent, awaiting response... 200 OK
Length: 1574 (1.5K) [image/jpeg]
Saving to: ‘/workspace/backups/cindemirlaw.com-20260711-214047/wp-content/uploads/2020/06/white-2-copy-300x300-1-36x36.jpg’

     0K .                                                     100% 1.57G=0s

2026-07-11 21:44:39 (1.57 GB/s) - ‘/workspace/backups/cindemirlaw.com-20260711-214047/wp-content/uploads/2020/06/white-2-copy-300x300-1-36x36.jpg’ saved [1574/1574]

--2026-07-11 21:44:40--  https://cindemirlaw.com/wp-content/uploads/2020/06/white-2-copy-300x300-1.jpg
Reusing existing connection to cindemirlaw.com:443.
HTTP request sent, awaiting response... 200 OK
Length: 6417 (6.3K) [image/jpeg]
Saving to: ‘/workspace/backups/cindemirlaw.com-20260711-214047/wp-content/uploads/2020/06/white-2-copy-300x300-1.jpg’

     0K ......                                                100% 5.49G=0s

2026-07-11 21:44:40 (5.49 GB/s) - ‘/workspace/backups/cindemirlaw.com-20260711-214047/wp-content/uploads/2020/06/white-2-copy-300x300-1.jpg’ saved [6417/6417]

--2026-07-11 21:44:40--  https://cindemirlaw.com/%d0%b2%d0%b8%d0%b4%d1%8b-%d0%ba%d0%be%d0%bc%d0%bf%d0%b0%d0%bd%d0%b8%d0%b8-%d0%b2-%d1%82%d1%83%d1%80%d1%86%d0%b8%d0%b8/?lang=ru
Connecting to cindemirlaw.com (cindemirlaw.com)|162.241.252.122|:443... connected.
HTTP request sent, awaiting response... 200 OK
Length: unspecified [text/html]
Saving to: ‘/workspace/backups/cindemirlaw.com-20260711-214047/виды-компании-в-турции/index.html?lang=ru.html’

     0K .......... .......... .......... .......... ..........  448K
    50K .......... .......... .......... .......... .......... 3.94M
   100K .......... .......... .......... .......... .......... 1.11M
   150K .......... .......... .......... .......... ..........  855K
   200K .......... .......... .......... .......... ..........  191M
   250K .......... .......... .......... .......... ..........  430M
   300K .......... .......... .......... .......... .......... 4.29M
   350K .......... .......... .......... .......... .......... 1.10M
   400K .......... .......... .......... .......... ..........  317M
   450K .......... .......... .......... .......... ..........  212M
   500K .......... .......... .......... .......... ..........  437M
   550K .......... .......... .......... .......... ..........  379M
   600K .......... .......... .......... .......... .......... 4.42M
   650K .......... .......... .......... .......... ..........  408M
   700K .......... ...                                          316M=0.3s

2026-07-11 21:44:41 (2.37 MB/s) - ‘/workspace/backups/cindemirlaw.com-20260711-214047/виды-компании-в-турции/index.html?lang=ru.html’ saved [730429]

--2026-07-11 21:44:42--  https://cindemirlaw.com/fde1068e3bda46a37dd24126f9ec4b09df0c999365011ec71028e1a7d4c45bfdd0fde1068e3bda46a37dd24126f9ec4b09df0c999365011ec71028e1a7d4c45bfdb3fde1068e3bda46a37dd24126f9ec4b09df0c999365011ec71028e1a7d4c45bf/?lang=ru
Reusing existing connection to cindemirlaw.com:443.
HTTP request sent, awaiting response... 200 OK
Length: unspecified [text/html]
Saving to: ‘/workspace/backups/cindemirlaw.com-20260711-214047/fde1068e3bda46a37dd24126f9ec4b09df0c999365011ec71028e1a7d4c45bfdd0fde1068e3bda46a37dd24126f9ec4b09df0c999365011ec71028e1a7d4c45bfdb3fde1068e3bda46a37dd24126f9ec4b09df0c999365011ec71028e1a7d4c45bf/index.html?lang=ru.html’

     0K .......... .......... .......... .......... .......... 14.9M
    50K .......... .......... .......... .......... .......... 22.9M
   100K .......... .......... .......... .......... .......... 34.5M
   150K .......... .......... .......... .......... .......... 47.5M
   200K .......... .......... .......... .......... ..........  233M
   250K .......... .......... .......... .......... .......... 40.2M
   300K .......... .......... .......... .......... ..........  145M
   350K .......... .......... .......... .......... ..........  177M
   400K .......... .......... .......... .......... ..........  214M
   450K .......... .......... .......... .......... ..........  432M
   500K .......... .......... .......... .......... .......... 49.9M
   550K .......... .......... .......... .......... ..........  151M
   600K .......... .......... .......... .......... .           263M=0.01s

2026-07-11 21:44:42 (53.6 MB/s) - ‘/workspace/backups/cindemirlaw.com-20260711-214047/fde1068e3bda46a37dd24126f9ec4b09df0c999365011ec71028e1a7d4c45bfdd0fde1068e3bda46a37dd24126f9ec4b09df0c999365011ec71028e1a7d4c45bfdb3fde1068e3bda46a37dd24126f9ec4b09df0c999365011ec71028e1a7d4c45bf/index.html?lang=ru.html’ saved [657124]

--2026-07-11 21:44:42--  https://cindemirlaw.com/fde1068e3bda46a37dd24126f9ec4b09df0c999365011ec71028e1a7d4c45bfdd0fde1068e3bda46a37dd24126f9ec4b09df0c999365011ec71028e1a7d4c45bfdb6fde1068e3bda46a37dd24126f9ec4b09df0c999365011ec71028e1a7d4c45bf/?lang=ru
Reusing existing connection to cindemirlaw.com:443.
HTTP request sent, awaiting response... 200 OK
Length: unspecified [text/html]
Saving to: ‘/workspace/backups/cindemirlaw.com-20260711-214047/fde1068e3bda46a37dd24126f9ec4b09df0c999365011ec71028e1a7d4c45bfdd0fde1068e3bda46a37dd24126f9ec4b09df0c999365011ec71028e1a7d4c45bfdb6fde1068e3bda46a37dd24126f9ec4b09df0c999365011ec71028e1a7d4c45bf/index.html?lang=ru.html’

     0K .......... .......... .......... .......... .......... 29.0M
    50K .......... .......... .......... .......... .......... 48.1M
   100K .......... .......... .......... .......... .......... 48.5M
   150K .......... .......... .......... .......... .......... 22.1M
   200K .......... .......... .......... .......... ..........  511M
   250K .......... .......... .......... .......... .......... 33.2M
   300K .......... .......... .......... .......... .......... 77.3M
   350K .......... .......... .......... .......... ..........  451M
   400K .......... .......... .......... .......... ..........  550M
   450K .......... .......... .......... .......... ..........  303M
   500K .......... .......... .......... .......... ..........  127M
   550K .......... .......... .......... .......... ..........  124M
   600K .......... .......... .......... .                     53.7M=0.01s

2026-07-11 21:44:42 (62.8 MB/s) - ‘/workspace/backups/cindemirlaw.com-20260711-214047/fde1068e3bda46a37dd24126f9ec4b09df0c999365011ec71028e1a7d4c45bfdd0fde1068e3bda46a37dd24126f9ec4b09df0c999365011ec71028e1a7d4c45bfdb6fde1068e3bda46a37dd24126f9ec4b09df0c999365011ec71028e1a7d4c45bf/index.html?lang=ru.html’ saved [646453]

--2026-07-11 21:44:43--  https://cindemirlaw.com/fde1068e3bda46a37dd24126f9ec4b09df0c999365011ec71028e1a7d4c45bfdd0fde1068e3bda46a37dd24126f9ec4b09df0c999365011ec71028e1a7d4c45bfdb5fde1068e3bda46a37dd24126f9ec4b09df0c999365011ec71028e1a7d4c45bf/?lang=ru
Reusing existing connection to cindemirlaw.com:443.
HTTP request sent, awaiting response... 200 OK
Length: unspecified [text/html]
Saving to: ‘/workspace/backups/cindemirlaw.com-20260711-214047/fde1068e3bda46a37dd24126f9ec4b09df0c999365011ec71028e1a7d4c45bfdd0fde1068e3bda46a37dd24126f9ec4b09df0c999365011ec71028e1a7d4c45bfdb5fde1068e3bda46a37dd24126f9ec4b09df0c999365011ec71028e1a7d4c45bf/index.html?lang=ru.html’

     0K .......... .......... .......... .......... .......... 28.3M
    50K .......... .......... .......... .......... .......... 47.1M
   100K .......... .......... .......... .......... .......... 40.2M
   150K .......... .......... .......... .......... .......... 65.4M
   200K .......... .......... .......... .......... ..........  103M
   250K .......... .......... .......... .......... ..........  544M
   300K .......... .......... .......... .......... ..........  157M
   350K .......... .......... .......... .......... ..........  177M
   400K .......... .......... .......... .......... ..........  140M
   450K .......... .......... .......... .......... ..........  780M
   500K .......... .......... .......... .......... ..........  676M
   550K .......... .......... .......... .......... ..........  121M
   600K .......... .......... .......... ..........             113M=0.007s

2026-07-11 21:44:43 (87.9 MB/s) - ‘/workspace/backups/cindemirlaw.com-20260711-214047/fde1068e3bda46a37dd24126f9ec4b09df0c999365011ec71028e1a7d4c45bfdd0fde1068e3bda46a37dd24126f9ec4b09df0c999365011ec71028e1a7d4c45bfdb5fde1068e3bda46a37dd24126f9ec4b09df0c999365011ec71028e1a7d4c45bf/index.html?lang=ru.html’ saved [656094]

--2026-07-11 21:44:43--  https://cindemirlaw.com/wp-content/cache/debloat/js/00dfb37a34c8d08b273ebb0f1f50b095.js
Reusing existing connection to cindemirlaw.com:443.
HTTP request sent, awaiting response... 200 OK
Length: 287598 (281K) [text/javascript]
Saving to: ‘/workspace/backups/cindemirlaw.com-20260711-214047/wp-content/cache/debloat/js/00dfb37a34c8d08b273ebb0f1f50b095.js’

     0K .......... .......... .......... .......... .......... 17%  465M 0s
    50K .......... .......... .......... .......... .......... 35%  426M 0s
   100K .......... .......... .......... .......... .......... 53%  543M 0s
   150K .......... .......... .......... .......... .......... 71%  925M 0s
   200K .......... .......... .......... .......... .......... 89%  772M 0s
   250K .......... .......... ..........                      100%  658M=0s

2026-07-11 21:44:43 (582 MB/s) - ‘/workspace/backups/cindemirlaw.com-20260711-214047/wp-content/cache/debloat/js/00dfb37a34c8d08b273ebb0f1f50b095.js’ saved [287598/287598]

--2026-07-11 21:44:44--  https://cindemirlaw.com/wp-content/cache/min/plugins/ninja-forms/assets/img/help-info.png
Reusing existing connection to cindemirlaw.com:443.
HTTP request sent, awaiting response... 404 Not Found
2026-07-11 21:44:44 ERROR 404: Not Found.

--2026-07-11 21:44:44--  https://cindemirlaw.com/wp-content/cache/min/plugins/ninja-forms/assets/fonts/fontawesome-webfont.eot?v=4.5.0
Reusing existing connection to cindemirlaw.com:443.
HTTP request sent, awaiting response... 404 Not Found
2026-07-11 21:44:44 ERROR 404: Not Found.

--2026-07-11 21:44:45--  https://cindemirlaw.com/wp-content/cache/min/plugins/ninja-forms/assets/fonts/fontawesome-webfont.eot?
Reusing existing connection to cindemirlaw.com:443.
HTTP request sent, awaiting response... 404 Not Found
2026-07-11 21:44:45 ERROR 404: Not Found.

--2026-07-11 21:44:46--  https://cindemirlaw.com/wp-content/cache/min/plugins/ninja-forms/assets/fonts/fontawesome-webfont.woff2?v=4.5.0
Reusing existing connection to cindemirlaw.com:443.
HTTP request sent, awaiting response... 404 Not Found
2026-07-11 21:44:46 ERROR 404: Not Found.

--2026-07-11 21:44:46--  https://cindemirlaw.com/wp-content/cache/min/plugins/ninja-forms/assets/fonts/fontawesome-webfont.woff?v=4.5.0
Reusing existing connection to cindemirlaw.com:443.
HTTP request sent, awaiting response... 404 Not Found
2026-07-11 21:44:46 ERROR 404: Not Found.

--2026-07-11 21:44:47--  https://cindemirlaw.com/wp-content/cache/min/plugins/ninja-forms/assets/fonts/fontawesome-webfont.ttf?v=4.5.0
Reusing existing connection to cindemirlaw.com:443.
HTTP request sent, awaiting response... 404 Not Found
2026-07-11 21:44:47 ERROR 404: Not Found.

--2026-07-11 21:44:47--  https://cindemirlaw.com/wp-content/cache/min/plugins/ninja-forms/assets/fonts/fontawesome-webfont.svg?v=4.5.0
Reusing existing connection to cindemirlaw.com:443.
HTTP request sent, awaiting response... 404 Not Found
2026-07-11 21:44:48 ERROR 404: Not Found.

--2026-07-11 21:44:48--  https://cindemirlaw.com/%d0%b7%d0%b0%d0%b4%d0%b5%d1%80%d0%b6%d0%b0%d0%bd%d0%b8%d0%b5-%d0%b2-%d0%b0%d1%8d%d1%80%d0%be%d0%bf%d0%be%d1%80%d1%82%d1%83-%d1%82%d1%83%d1%80%d1%86%d0%b8%d0%b8-%d0%bf%d1%80%d0%b0%d0%b2%d0%be%d0%b2/?lang=ru
Reusing existing connection to cindemirlaw.com:443.
HTTP request sent, awaiting response... 200 OK
Length: unspecified [text/html]
Saving to: ‘/workspace/backups/cindemirlaw.com-20260711-214047/задержание-в-аэропорту-турции-правов/index.html?lang=ru.html’

     0K .......... .......... .......... .......... .......... 32.7M
    50K .......... .......... .......... .......... .......... 56.5M
   100K .......... .......... .......... .......... .......... 17.9M
   150K .......... .......... .......... .......... .......... 18.3M
   200K .......... .......... .......... .......... ..........  138M
   250K .......... .......... .......... .......... ..........  488M
   300K .......... .......... .......... .......... .......... 43.0M
   350K .......... .......... .......... .......... ..........  486M
   400K .......... .......... .......... .......... .......... 66.6M
   450K .......... .......... .......... .......... ..........  118M
   500K .......... .......... .......... .......... ..........  546M
   550K .......... .......... .......... .......... .......... 34.0M
   600K .......... .......... .......... .......... ..........  157M
   650K .......... .......... .......... .......... ..........  226M
   700K .......... .......... .......                           351M=0.01s

2026-07-11 21:44:48 (55.9 MB/s) - ‘/workspace/backups/cindemirlaw.com-20260711-214047/задержание-в-аэропорту-турции-правов/index.html?lang=ru.html’ saved [745467]

--2026-07-11 21:44:49--  https://cindemirlaw.com/enforcement-of-promissory-notes-bills-of-exchange-and-cheques-in-turkey/?lang=ru
Reusing existing connection to cindemirlaw.com:443.
HTTP request sent, awaiting response... 200 OK
Length: unspecified [text/html]
Saving to: ‘/workspace/backups/cindemirlaw.com-20260711-214047/enforcement-of-promissory-notes-bills-of-exchange-and-cheques-in-turkey/index.html?lang=ru.html’

     0K .......... .......... .......... .......... .......... 10.8M
    50K .......... .......... .......... .......... .......... 22.7M
   100K .......... .......... .......... .......... .......... 32.9M
   150K .......... .......... .......... .......... .......... 26.1M
   200K .......... .......... .......... .......... .......... 15.7M
   250K .......... .......... .......... .......... ..........  140M
   300K .......... .......... .......... .......... .......... 22.2M
   350K .......... .......... .......... .......... ..........  467M
   400K .......... .......... .......... .......... .......... 34.3M
   450K .......... .......... .......... .......... ..........  241M
   500K .......... .......... .......... .......... ..........  145M
   550K .......... .......... .......... .......... ..........  422M
   600K .......... .......... .......... .......... ..........  185M
   650K .......... .......... .......... .......... .......... 48.0M
   700K ....                                                    299M=0.02s

2026-07-11 21:44:49 (35.9 MB/s) - ‘/workspace/backups/cindemirlaw.com-20260711-214047/enforcement-of-promissory-notes-bills-of-exchange-and-cheques-in-turkey/index.html?lang=ru.html’ saved [721756]

--2026-07-11 21:44:49--  https://cindemirlaw.com/%d1%87%d1%82%d0%be-%d1%82%d0%b0%d0%ba%d0%be%d0%b5-%d0%b7%d0%b0%d1%8f%d0%b2%d0%bb%d0%b5%d0%bd%d0%b8%d0%b5-%d0%b2-%d0%b5%d1%81%d0%bf%d1%87-%d0%ba%d1%82%d0%be-%d0%bc%d0%be%d0%b6%d0%b5%d1%82-%d0%bf%d0%be/?lang=ru
Reusing existing connection to cindemirlaw.com:443.
HTTP request sent, awaiting response... 200 OK
Length: unspecified [text/html]
Saving to: ‘/workspace/backups/cindemirlaw.com-20260711-214047/что-такое-заявление-в-еспч-кто-может-по/index.html?lang=ru.html’

     0K .......... .......... .......... .......... .......... 27.8M
    50K .......... .......... .......... .......... .......... 48.2M
   100K .......... .......... .......... .......... .......... 47.1M
   150K .......... .......... .......... .......... .......... 28.7M
   200K .......... .......... .......... .......... .......... 15.5M
   250K .......... .......... .......... .......... ..........  422M
   300K .......... .......... .......... .......... ..........  654M
   350K .......... .......... .......... .......... .......... 55.3M
   400K .......... .......... .......... .......... ..........  548M
   450K .......... .......... .......... .......... ..........  620M
   500K .......... .......... .......... .......... ..........  489M
   550K .......... .......... .......... .......... ..........  432M
   600K .......... .......... .......... .......... ..........  228M
   650K .........                                               360M=0.01s

2026-07-11 21:44:49 (62.2 MB/s) - ‘/workspace/backups/cindemirlaw.com-20260711-214047/что-такое-заявление-в-еспч-кто-может-по/index.html?lang=ru.html’ saved [675565]

--2026-07-11 21:44:50--  https://cindemirlaw.com/obtaining-an-e-devlet-password-in-turkey-through-a-power-of-attorney/?lang=ru
Reusing existing connection to cindemirlaw.com:443.
HTTP request sent, awaiting response... 200 OK
Length: unspecified [text/html]
Saving to: ‘/workspace/backups/cindemirlaw.com-20260711-214047/obtaining-an-e-devlet-password-in-turkey-through-a-power-of-attorney/index.html?lang=ru.html’

     0K .......... .......... .......... .......... .......... 13.8M
    50K .......... .......... .......... .......... .......... 24.6M
   100K .......... .......... .......... .......... .......... 31.9M
   150K .......... .......... .......... .......... .......... 18.6M
   200K .......... .......... .......... .......... ..........  155M
   250K .......... .......... .......... .......... .......... 37.5M
   300K .......... .......... .......... .......... ..........  114M
   350K .......... .......... .......... .......... .......... 76.9M
   400K .......... .......... .......... .......... ..........  501M
   450K .......... .......... .......... .......... ..........  586M
   500K .......... .......... .......... .......... .......... 55.3M
   550K .......... .......... .......... .......... ..........  105M
   600K .......... .......... .......... .......... ........    272M=0.01s

2026-07-11 21:44:50 (45.1 MB/s) - ‘/workspace/backups/cindemirlaw.com-20260711-214047/obtaining-an-e-devlet-password-in-turkey-through-a-power-of-attorney/index.html?lang=ru.html’ saved [664420]

--2026-07-11 21:44:51--  https://cindemirlaw.com/pig-butchering-cryptocurrency-scam-key-risks-and-legal-considerations-for-investors-in-turkey/?lang=ru
Reusing existing connection to cindemirlaw.com:443.
HTTP request sent, awaiting response... 200 OK
Length: unspecified [text/html]
Saving to: ‘/workspace/backups/cindemirlaw.com-20260711-214047/pig-butchering-cryptocurrency-scam-key-risks-and-legal-considerations-for-investors-in-turkey/index.html?lang=ru.html’

     0K .......... .......... .......... .......... .......... 18.3M
    50K .......... .......... .......... .......... .......... 26.1M
   100K .......... .......... .......... .......... .......... 13.2M
   150K .......... .......... .......... .......... .......... 3.30M
   200K .......... .......... .......... .......... ..........  303M
   250K .......... .......... .......... .......... ..........  305M
   300K .......... .......... .......... .......... .......... 41.1M
   350K .......... .......... .......... .......... ..........  304M
   400K .......... .......... .......... .......... ..........  399M
   450K .......... .......... .......... .......... ..........  330M
   500K .......... .......... .......... .......... ..........  382M
   550K .......... .......... .......... .......... ..........  365M
   600K .......... .......... .......... .......... ......      398M=0.03s

2026-07-11 21:44:51 (24.9 MB/s) - ‘/workspace/backups/cindemirlaw.com-20260711-214047/pig-butchering-cryptocurrency-scam-key-risks-and-legal-considerations-for-investors-in-turkey/index.html?lang=ru.html’ saved [662005]

--2026-07-11 21:44:51--  https://cindemirlaw.com/eu-ai-act-compliance-for-non-eu-companies-legal-requirements-under-the-destination-principle/?lang=ru
Reusing existing connection to cindemirlaw.com:443.
HTTP request sent, awaiting response... 200 OK
Length: unspecified [text/html]
Saving to: ‘/workspace/backups/cindemirlaw.com-20260711-214047/eu-ai-act-compliance-for-non-eu-companies-legal-requirements-under-the-destination-principle/index.html?lang=ru.html’

     0K .......... .......... .......... .......... .......... 30.2M
    50K .......... .......... .......... .......... .......... 71.2M
   100K .......... .......... .......... .......... .......... 19.1M
   150K .......... .......... .......... .......... .......... 23.5M
   200K .......... .......... .......... .......... ..........  330M
   250K .......... .......... .......... .......... .......... 65.1M
   300K .......... .......... .......... .......... ..........  338M
   350K .......... .......... .......... .......... .......... 65.0M
   400K .......... .......... .......... .......... ..........  355M
   450K .......... .......... .......... .......... ..........  351M
   500K .......... .......... .......... .......... ..........  311M
   550K .......... .......... .......... .......... ..........  103M
   600K .......... .......... .......... ........               384M=0.01s

2026-07-11 21:44:51 (64.1 MB/s) - ‘/workspace/backups/cindemirlaw.com-20260711-214047/eu-ai-act-compliance-for-non-eu-companies-legal-requirements-under-the-destination-principle/index.html?lang=ru.html’ saved [654121]

--2026-07-11 21:44:52--  https://cindemirlaw.com/%d0%ba%d0%b0%d0%ba-%d0%be%d1%82%d0%ba%d1%80%d1%8b%d1%82%d1%8c-%d0%ba%d0%be%d0%bc%d0%bf%d0%b0%d0%bd%d0%b8%d1%8e-%d0%b2-%d1%82%d1%83%d1%80%d1%86%d0%b8%d0%b8-%d0%bf%d0%be%d1%88%d0%b0%d0%b3%d0%be%d0%b2/?lang=ru
Reusing existing connection to cindemirlaw.com:443.
HTTP request sent, awaiting response... 200 OK
Length: unspecified [text/html]
Saving to: ‘/workspace/backups/cindemirlaw.com-20260711-214047/как-открыть-компанию-в-турции-пошагов/index.html?lang=ru.html’

     0K .......... .......... .......... .......... .......... 15.0M
    50K .......... .......... .......... .......... .......... 18.9M
   100K .......... .......... .......... .......... .......... 48.2M
   150K .......... .......... .......... .......... .......... 56.8M
   200K .......... .......... .......... .......... .......... 45.7M
   250K .......... .......... .......... .......... .......... 99.2M
   300K .......... .......... .......... .......... ..........  152M
   350K .......... .......... .......... .......... ..........  234M
   400K .......... .......... .......... .......... .......... 9.33M
   450K .......... .......... .......... .......... ..........  113M
   500K .......... .......... .......... .......... ..........  225M
   550K .......... .......... .......... .......... ..........  166M
   600K .......... .......... .......... .......... .......     266M=0.02s

2026-07-11 21:44:52 (39.1 MB/s) - ‘/workspace/backups/cindemirlaw.com-20260711-214047/как-открыть-компанию-в-турции-пошагов/index.html?lang=ru.html’ saved [663500]

--2026-07-11 21:44:53--  https://cindemirlaw.com/%d1%80%d1%83%d1%81%d1%81%d0%ba%d0%be%d1%8f%d0%b7%d1%8b%d1%87%d0%bd%d1%8b%d0%b9-%d1%8e%d1%80%d0%b8%d1%81%d1%82-%d0%b2-%d1%82%d1%83%d1%80%d1%86%d0%b8%d0%b8-%d1%8e%d1%80%d0%b8%d0%b4%d0%b8%d1%87/?lang=ru
Reusing existing connection to cindemirlaw.com:443.
HTTP request sent, awaiting response... 200 OK
Length: unspecified [text/html]
Saving to: ‘/workspace/backups/cindemirlaw.com-20260711-214047/русскоязычный-юрист-в-турции-юридич/index.html?lang=ru.html’

     0K .......... .......... .......... .......... .......... 12.3M
    50K .......... .......... .......... .......... .......... 21.2M
   100K .......... .......... .......... .......... .......... 25.3M
   150K .......... .......... .......... .......... .......... 70.4M
   200K .......... .......... .......... .......... .......... 42.3M
   250K .......... .......... .......... .......... ..........  157M
   300K .......... .......... .......... .......... ..........  187M
   350K .......... .......... .......... .......... ..........  151M
   400K .......... .......... .......... .......... ..........  180M
   450K .......... .......... .......... .......... .......... 40.7M
   500K .......... .......... .......... .......... ..........  166M
   550K .......... .......... .......... .......... ..........  328M
   600K .......... .......... .......... ..........             366M=0.01s

2026-07-11 21:44:53 (48.2 MB/s) - ‘/workspace/backups/cindemirlaw.com-20260711-214047/русскоязычный-юрист-в-турции-юридич/index.html?lang=ru.html’ saved [655722]

--2026-07-11 21:44:53--  https://cindemirlaw.com/%d0%ba%d0%b0%d0%ba-%d0%bf%d0%be%d0%bb%d1%83%d1%87%d0%b8%d1%82%d1%8c-%d1%81%d0%bf%d1%80%d0%b0%d0%b2%d0%ba%d1%83-%d0%be-%d0%bd%d0%b0%d0%bb%d0%b8%d1%87%d0%b8%d0%b8-%d1%81%d1%83%d0%b4%d0%b8%d0%bc%d0%be/?lang=ru
Reusing existing connection to cindemirlaw.com:443.
HTTP request sent, awaiting response... 200 OK
Length: unspecified [text/html]
Saving to: ‘/workspace/backups/cindemirlaw.com-20260711-214047/как-получить-справку-о-наличии-судимо/index.html?lang=ru.html’

     0K .......... .......... .......... .......... .......... 10.6M
    50K .......... .......... .......... .......... .......... 24.1M
   100K .......... .......... .......... .......... .......... 29.1M
   150K .......... .......... .......... .......... ..........  112M
   200K .......... .......... .......... .......... .......... 35.1M
   250K .......... .......... .......... .......... ..........  112M
   300K .......... .......... .......... .......... ..........  153M
   350K .......... .......... .......... .......... ..........  165M
   400K .......... .......... .......... .......... .......... 87.0M
   450K .......... .......... .......... .......... ..........  183M
   500K .......... .......... .......... .......... ..........  259M
   550K .......... .......... .......... .......... ..........  111M
   600K .......... .......... .......... ........               376M=0.01s

2026-07-11 21:44:53 (48.9 MB/s) - ‘/workspace/backups/cindemirlaw.com-20260711-214047/как-получить-справку-о-наличии-судимо/index.html?lang=ru.html’ saved [653898]

--2026-07-11 21:44:54--  https://cindemirlaw.com/%d1%83%d0%b4%d0%b0%d0%bb%d0%b5%d0%bd%d0%b8%d0%b5-%d1%81%d1%83%d0%b4%d0%b8%d0%bc%d0%be%d1%81%d1%82%d0%b8-%d0%b2-%d1%82%d1%83%d1%80%d1%86%d0%b8%d0%b8-%d0%b4%d0%bb%d1%8f-%d0%b8%d0%bd%d0%be%d1%81%d1%82/?lang=ru
Reusing existing connection to cindemirlaw.com:443.
HTTP request sent, awaiting response... 200 OK
Length: unspecified [text/html]
Saving to: ‘/workspace/backups/cindemirlaw.com-20260711-214047/удаление-судимости-в-турции-для-иност/index.html?lang=ru.html’

     0K .......... .......... .......... .......... .......... 33.0M
    50K .......... .......... .......... .......... .......... 37.3M
   100K .......... .......... .......... .......... .......... 45.3M
   150K .......... .......... .......... .......... ..........  124M
   200K .......... .......... .......... .......... .......... 66.7M
   250K .......... .......... .......... .......... .......... 32.8M
   300K .......... .......... .......... .......... ..........  366M
   350K .......... .......... .......... .......... ..........  294M
   400K .......... .......... .......... .......... ..........  354M
   450K .......... .......... .......... .......... ..........  333M
   500K .......... .......... .......... .......... ..........  337M
   550K .......... .......... .......... .......... ..........  336M
   600K .......... .......... .......... .......... ..........  396M
   650K .                                                      2.71T=0.007s

2026-07-11 21:44:54 (85.1 MB/s) - ‘/workspace/backups/cindemirlaw.com-20260711-214047/удаление-судимости-в-турции-для-иност/index.html?lang=ru.html’ saved [667092]

--2026-07-11 21:44:54--  https://cindemirlaw.com/%d1%8e%d1%80%d0%b8%d0%b4%d0%b8%d1%87%d0%b5%d1%81%d0%ba%d0%b0%d1%8f-%d0%bf%d0%be%d0%bc%d0%be%d1%89%d1%8c-%d0%bf%d1%80%d0%b8-%d0%be%d1%82%d0%bf%d1%80%d0%b0%d0%b2%d0%ba%d0%b5-%d0%b2%d0%b5%d1%89%d0%b5/?lang=ru
Reusing existing connection to cindemirlaw.com:443.
HTTP request sent, awaiting response... 200 OK
Length: unspecified [text/html]
Saving to: ‘/workspace/backups/cindemirlaw.com-20260711-214047/юридическая-помощь-при-отправке-веще/index.html?lang=ru.html’

     0K .......... .......... .......... .......... .......... 14.0M
    50K .......... .......... .......... .......... .......... 26.2M
   100K .......... .......... .......... .......... .......... 18.8M
   150K .......... .......... .......... .......... .......... 39.4M
   200K .......... .......... .......... .......... .......... 44.5M
   250K .......... .......... .......... .......... ..........  122M
   300K .......... .......... .......... .......... ..........  537M
   350K .......... .......... .......... .......... .......... 32.7M
   400K .......... .......... .......... .......... ..........  656M
   450K .......... .......... .......... .......... ..........  303M
   500K .......... .......... .......... .......... .......... 70.6M
   550K .......... .......... .......... .......... ..........  120M
   600K .......... .......... .......... .......... .........   244M=0.01s

2026-07-11 21:44:54 (45.9 MB/s) - ‘/workspace/backups/cindemirlaw.com-20260711-214047/юридическая-помощь-при-отправке-веще/index.html?lang=ru.html’ saved [664671]

--2026-07-11 21:44:55--  https://cindemirlaw.com/%d0%bf%d0%be%d1%81%d0%b5%d1%89%d0%b5%d0%bd%d0%b8%d0%b5-%d0%b8%d0%bd%d0%be%d1%81%d1%82%d1%80%d0%b0%d0%bd%d0%bd%d1%8b%d1%85-%d0%b7%d0%b0%d0%ba%d0%bb%d1%8e%d1%87%d1%91%d0%bd%d0%bd%d1%8b%d1%85-%d0%b2/?lang=ru
Reusing existing connection to cindemirlaw.com:443.
HTTP request sent, awaiting response... 200 OK
Length: unspecified [text/html]
Saving to: ‘/workspace/backups/cindemirlaw.com-20260711-214047/посещение-иностранных-заключённых-в/index.html?lang=ru.html’

     0K .......... .......... .......... .......... .......... 10.6M
    50K .......... .......... .......... .......... .......... 26.1M
   100K .......... .......... .......... .......... .......... 27.7M
   150K .......... .......... .......... .......... .......... 37.7M
   200K .......... .......... .......... .......... .......... 75.8M
   250K .......... .......... .......... .......... .......... 19.1M
   300K .......... .......... .......... .......... ..........  284M
   350K .......... .......... .......... .......... ..........  243M
   400K .......... .......... .......... .......... ..........  679M
   450K .......... .......... .......... .......... ..........  205M
   500K .......... .......... .......... .......... .......... 18.0M
   550K .......... .......... .......... .......... ..........  489M
   600K .......... .......... .......... .......... ..........  602M
   650K                                                         542G=0.02s

2026-07-11 21:44:55 (39.0 MB/s) - ‘/workspace/backups/cindemirlaw.com-20260711-214047/посещение-иностранных-заключённых-в/index.html?lang=ru.html’ saved [665891]

--2026-07-11 21:44:55--  https://cindemirlaw.com/%d0%bf%d1%80%d0%be%d1%84%d0%b5%d1%81%d1%81%d0%b8%d0%be%d0%bd%d0%b0%d0%bb%d1%8c%d0%bd%d1%8b%d0%b5-%d1%8e%d1%80%d0%b8%d0%b4%d0%b8%d1%87%d0%b5%d1%81%d0%ba%d0%b8%d0%b5-%d0%ba%d0%be%d0%bd%d1%81%d1%83%d0%bb/?lang=ru
Reusing existing connection to cindemirlaw.com:443.
HTTP request sent, awaiting response... 200 OK
Length: unspecified [text/html]
Saving to: ‘/workspace/backups/cindemirlaw.com-20260711-214047/профессиональные-юридические-консул/index.html?lang=ru.html’

     0K .......... .......... .......... .......... .......... 14.3M
    50K .......... .......... .......... .......... .......... 33.9M
   100K .......... .......... .......... .......... .......... 24.6M
   150K .......... .......... .......... .......... .......... 30.0M
   200K .......... .......... .......... .......... .......... 89.7M
   250K .......... .......... .......... .......... ..........  263M
   300K .......... .......... .......... .......... ..........  145M
   350K .......... .......... .......... .......... .......... 2.42M
   400K .......... .......... .......... .......... ..........  276M
   450K .......... .......... .......... .......... ..........  265M
   500K .......... .......... .......... .......... ..........  289M
   550K .......... .......... .......... .......... .......... 82.9M
   600K .......... .......... .......... .......... ..........  264M
   650K .......... ..                                           395M=0.03s

2026-07-11 21:44:56 (20.8 MB/s) - ‘/workspace/backups/cindemirlaw.com-20260711-214047/профессиональные-юридические-консул/index.html?lang=ru.html’ saved [678231]

--2026-07-11 21:44:56--  https://cindemirlaw.com/fde1068e3bda46a37dd24126f9ec4b09df0c999365011ec71028e1a7d4c45bfdd0fde1068e3bda46a37dd24126f9ec4b09df0c999365011ec71028e1a7d4c45bfdb0fde1068e3bda46a37dd24126f9ec4b09df0c999365011ec71028e1a7d4c45bf/?lang=ru
Reusing existing connection to cindemirlaw.com:443.
HTTP request sent, awaiting response... 200 OK
Length: unspecified [text/html]
Saving to: ‘/workspace/backups/cindemirlaw.com-20260711-214047/fde1068e3bda46a37dd24126f9ec4b09df0c999365011ec71028e1a7d4c45bfdd0fde1068e3bda46a37dd24126f9ec4b09df0c999365011ec71028e1a7d4c45bfdb0fde1068e3bda46a37dd24126f9ec4b09df0c999365011ec71028e1a7d4c45bf/index.html?lang=ru.html’

     0K .......... .......... .......... .......... .......... 13.3M
    50K .......... .......... .......... .......... .......... 21.2M
   100K .......... .......... .......... .......... ..........  107M
   150K .......... .......... .......... .......... .......... 25.0M
   200K .......... .......... .......... .......... ..........  206M
   250K .......... .......... .......... .......... .......... 32.3M
   300K .......... .......... .......... .......... ..........  177M
   350K .......... .......... .......... .......... ..........  193M
   400K .......... .......... .......... .......... ..........  229M
   450K .......... .......... .......... .......... .......... 90.6M
   500K .......... .......... .......... .......... .......... 43.0M
   550K .......... .......... .......... .......... ..........  390M
   600K .......... .......... .....                             190M=0.01s

2026-07-11 21:44:56 (47.7 MB/s) - ‘/workspace/backups/cindemirlaw.com-20260711-214047/fde1068e3bda46a37dd24126f9ec4b09df0c999365011ec71028e1a7d4c45bfdd0fde1068e3bda46a37dd24126f9ec4b09df0c999365011ec71028e1a7d4c45bfdb0fde1068e3bda46a37dd24126f9ec4b09df0c999365011ec71028e1a7d4c45bf/index.html?lang=ru.html’ saved [640862]

--2026-07-11 21:44:57--  https://cindemirlaw.com/nominee-director-in-turkey/?lang=ru
Reusing existing connection to cindemirlaw.com:443.
HTTP request sent, awaiting response... 200 OK
Length: unspecified [text/html]
Saving to: ‘/workspace/backups/cindemirlaw.com-20260711-214047/nominee-director-in-turkey/index.html?lang=ru.html’

     0K .......... .......... .......... .......... .......... 12.6M
    50K .......... .......... .......... .......... .......... 25.0M
   100K .......... .......... .......... .......... .......... 25.6M
   150K .......... .......... .......... .......... .......... 69.7M
   200K .......... .......... .......... .......... .......... 26.2M
   250K .......... .......... .......... .......... ..........  265M
   300K .......... .......... .......... .......... ..........  275M
   350K .......... .......... .......... .......... ..........  141M
   400K .......... .......... .......... .......... ..........  199M
   450K .......... .......... .......... .......... .......... 38.6M
   500K .......... .......... .......... .......... ..........  140M
   550K .......... .......... .......... .......... ..........  264M
   600K .......... .......... .......... .......... ..          296M=0.01s

2026-07-11 21:44:57 (47.5 MB/s) - ‘/workspace/backups/cindemirlaw.com-20260711-214047/nominee-director-in-turkey/index.html?lang=ru.html’ saved [657545]

--2026-07-11 21:44:58--  https://cindemirlaw.com/%d0%b8%d1%81%d0%ba-%d0%be%d0%b1-%d1%83%d1%81%d1%82%d0%b0%d0%bd%d0%be%d0%b2%d0%bb%d0%b5%d0%bd%d0%b8%d0%b8-%d0%be%d1%82%d1%86%d0%be%d0%b2%d1%81%d1%82%d0%b2%d0%b0-%d0%b2-%d1%82%d1%83%d1%80%d1%86%d0%b8/?lang=ru
Reusing existing connection to cindemirlaw.com:443.
HTTP request sent, awaiting response... 200 OK
Length: unspecified [text/html]
Saving to: ‘/workspace/backups/cindemirlaw.com-20260711-214047/иск-об-установлении-отцовства-в-турци/index.html?lang=ru.html’

     0K .......... .......... .......... .......... .......... 21.9M
    50K .......... .......... .......... .......... ..........  121M
   100K .......... .......... .......... .......... .......... 19.0M
   150K .......... .......... .......... .......... .......... 49.9M
   200K .......... .......... .......... .......... .......... 12.8M
   250K .......... .......... .......... .......... ..........  449M
   300K .......... .......... .......... .......... .......... 69.6M
   350K .......... .......... .......... .......... ..........  151M
   400K .......... .......... .......... .......... ..........  663M
   450K .......... .......... .......... .......... ..........  661M
   500K .......... .......... .......... .......... ..........  220M
   550K .......... .......... .......... .......... ..........  125M
   600K .......... .......... .......... .......... .........  86.6M=0.01s

2026-07-11 21:44:58 (51.0 MB/s) - ‘/workspace/backups/cindemirlaw.com-20260711-214047/иск-об-установлении-отцовства-в-турци/index.html?lang=ru.html’ saved [664761]

--2026-07-11 21:44:58--  https://cindemirlaw.com/%d0%be%d1%82%d0%ba%d1%80%d1%8b%d1%82%d0%b8%d0%b5-%d0%b1%d0%b0%d0%bd%d0%ba%d0%be%d0%b2%d1%81%d0%ba%d0%be%d0%b3%d0%be-%d1%81%d1%87%d0%b5%d1%82%d0%b0-%d1%80%d1%83%d1%81%d1%81%d0%ba%d0%b8%d0%bc%d0%b8/?lang=ru
Reusing existing connection to cindemirlaw.com:443.
HTTP request sent, awaiting response... 200 OK
Length: unspecified [text/html]
Saving to: ‘/workspace/backups/cindemirlaw.com-20260711-214047/открытие-банковского-счета-русскими/index.html?lang=ru.html’

     0K .......... .......... .......... .......... .......... 12.6M
    50K .......... .......... .......... .......... .......... 23.1M
   100K .......... .......... .......... .......... .......... 28.0M
   150K .......... .......... .......... .......... .......... 61.1M
   200K .......... .......... .......... .......... .......... 42.6M
   250K .......... .......... .......... .......... .......... 53.4M
   300K .......... .......... .......... .......... ..........  347M
   350K .......... .......... .......... .......... ..........  143M
   400K .......... .......... .......... .......... ..........  389M
   450K .......... .......... .......... .......... .......... 64.9M
   500K .......... .......... .......... .......... ..........  119M
   550K .......... .......... .......... .......... ..........  159M
   600K .......... .......... .......... .......... ..........  389M
   650K ..                                                     4.67T=0.01s

2026-07-11 21:44:58 (49.8 MB/s) - ‘/workspace/backups/cindemirlaw.com-20260711-214047/открытие-банковского-счета-русскими/index.html?lang=ru.html’ saved [668168]

--2026-07-11 21:44:59--  https://cindemirlaw.com/%d0%be%d1%82%d0%ba%d1%80%d1%8b%d1%82%d0%b8%d0%b5-%d0%b1%d0%b0%d0%bd%d0%ba%d0%be%d0%b2%d1%81%d0%ba%d0%be%d0%b3%d0%be-%d1%81%d1%87%d0%b5%d1%82%d0%b0-%d0%b4%d0%bb%d1%8f-%d1%80%d0%be%d1%81%d1%81%d0%b8/?lang=ru
Reusing existing connection to cindemirlaw.com:443.
HTTP request sent, awaiting response... 200 OK
Length: unspecified [text/html]
Saving to: ‘/workspace/backups/cindemirlaw.com-20260711-214047/открытие-банковского-счета-для-росси/index.html?lang=ru.html’

     0K .......... .......... .......... .......... .......... 30.8M
    50K .......... .......... .......... .......... .......... 17.4M
   100K .......... .......... .......... .......... .......... 35.3M
   150K .......... .......... .......... .......... .......... 23.7M
   200K .......... .......... .......... .......... ..........  201M
   250K .......... .......... .......... .......... .......... 50.8M
   300K .......... .......... .......... .......... .......... 85.3M
   350K .......... .......... .......... .......... .......... 47.2M
   400K .......... .......... .......... .......... ..........  382M
   450K .......... .......... .......... .......... ..........  431M
   500K .......... .......... .......... .......... ..........  391M
   550K .......... .......... .......... .......... ..........  413M
   600K .......... .......... .......... .......... ......      489M=0.01s

2026-07-11 21:44:59 (56.3 MB/s) - ‘/workspace/backups/cindemirlaw.com-20260711-214047/открытие-банковского-счета-для-росси/index.html?lang=ru.html’ saved [662053]

--2026-07-11 21:45:00--  https://cindemirlaw.com/%d0%bd%d0%b0%d1%81%d0%bb%d0%b5%d0%b4%d1%81%d1%82%d0%b2%d0%b5%d0%bd%d0%bd%d0%be%d0%b5-%d0%bf%d1%80%d0%b0%d0%b2%d0%be-%d1%82%d1%83%d1%80%d1%86%d0%b8%d0%b8-2/?lang=ru
Reusing existing connection to cindemirlaw.com:443.
HTTP request sent, awaiting response... 200 OK
Length: unspecified [text/html]
Saving to: ‘/workspace/backups/cindemirlaw.com-20260711-214047/наследственное-право-турции-2/index.html?lang=ru.html’

     0K .......... .......... .......... .......... .......... 13.8M
    50K .......... .......... .......... .......... .......... 23.8M
   100K .......... .......... .......... .......... .......... 37.4M
   150K .......... .......... .......... .......... .......... 47.1M
   200K .......... .......... .......... .......... .......... 71.1M
   250K .......... .......... .......... .......... .......... 55.7M
   300K .......... .......... .......... .......... ..........  111M
   350K .......... .......... .......... .......... ..........  109M
   400K .......... .......... .......... .......... .......... 95.5M
   450K .......... .......... .......... .......... ..........  480M
   500K .......... .......... .......... .......... .......... 76.7M
   550K .......... .......... .......... .......... ..........  385M
   600K .......... .......... .......... .......... ....        223M=0.01s

2026-07-11 21:45:00 (52.6 MB/s) - ‘/workspace/backups/cindemirlaw.com-20260711-214047/наследственное-право-турции-2/index.html?lang=ru.html’ saved [659725]

--2026-07-11 21:45:00--  https://cindemirlaw.com/%d1%82%d0%b8%d0%bf%d1%8b-%d0%ba%d0%be%d0%bc%d0%bf%d0%b0%d0%bd%d0%b8%d0%b9-%d0%b2-%d1%82%d1%83%d1%80%d1%86%d0%b8%d0%b8/?lang=ru
Reusing existing connection to cindemirlaw.com:443.
HTTP request sent, awaiting response... 200 OK
Length: unspecified [text/html]
Saving to: ‘/workspace/backups/cindemirlaw.com-20260711-214047/типы-компаний-в-турции/index.html?lang=ru.html’

     0K .......... .......... .......... .......... .......... 11.7M
    50K .......... .......... .......... .......... .......... 27.7M
   100K .......... .......... .......... .......... .......... 29.4M
   150K .......... .......... .......... .......... .......... 40.9M
   200K .......... .......... .......... .......... .......... 44.3M
   250K .......... .......... .......... .......... ..........  124M
   300K .......... .......... .......... .......... ..........  284M
   350K .......... .......... .......... .......... .......... 9.28M
   400K .......... .......... .......... .......... .......... 66.0M
   450K .......... .......... .......... .......... ..........  751M
   500K .......... .......... .......... .......... ..........  749M
   550K .......... .......... .......... .......... ..........  480M
   600K .......... .......... .......... .......... ..........  543M
   650K ..                                                     3.85T=0.02s

2026-07-11 21:45:00 (38.0 MB/s) - ‘/workspace/backups/cindemirlaw.com-20260711-214047/типы-компаний-в-турции/index.html?lang=ru.html’ saved [667719]

--2026-07-11 21:45:01--  https://cindemirlaw.com/%d0%ba%d0%b0%d0%ba-%d0%be%d1%82%d0%ba%d1%80%d1%8b%d1%82%d1%8c-%d1%84%d0%b8%d0%bb%d0%b8%d0%b0%d0%bb-%d0%b2-%d1%82%d1%83%d1%80%d1%86%d0%b8%d0%b8/?lang=ru
Reusing existing connection to cindemirlaw.com:443.
HTTP request sent, awaiting response... 200 OK
Length: unspecified [text/html]
Saving to: ‘/workspace/backups/cindemirlaw.com-20260711-214047/как-открыть-филиал-в-турции/index.html?lang=ru.html’

     0K .......... .......... .......... .......... .......... 14.2M
    50K .......... .......... .......... .......... .......... 24.3M
   100K .......... .......... .......... .......... .......... 24.0M
   150K .......... .......... .......... .......... ..........  218M
   200K .......... .......... .......... .......... .......... 24.0M
   250K .......... .......... .......... .......... ..........  569M
   300K .......... .......... .......... .......... ..........  103M
   350K .......... .......... .......... .......... ..........  181M
   400K .......... .......... .......... .......... ..........  398M
   450K .......... .......... .......... .......... .......... 49.0M
   500K .......... .......... .......... .......... ..........  403M
   550K .......... .......... .......... .......... ..........  500M
   600K .......... .......... .......... .......... .           196M=0.01s

2026-07-11 21:45:01 (51.7 MB/s) - ‘/workspace/backups/cindemirlaw.com-20260711-214047/как-открыть-филиал-в-турции/index.html?lang=ru.html’ saved [656475]

--2026-07-11 21:45:01--  https://cindemirlaw.com/%d0%bd%d0%b0%d1%81%d0%bb%d0%b5%d0%b4%d1%81%d1%82%d0%b2%d0%b5%d0%bd%d0%bd%d0%be%d0%b5-%d0%bf%d1%80%d0%b0%d0%b2%d0%be-%d1%82%d1%83%d1%80%d1%86%d0%b8%d0%b8/?lang=ru
Reusing existing connection to cindemirlaw.com:443.
HTTP request sent, awaiting response... 200 OK
Length: unspecified [text/html]
Saving to: ‘/workspace/backups/cindemirlaw.com-20260711-214047/наследственное-право-турции/index.html?lang=ru.html’

     0K .......... .......... .......... .......... .......... 16.3M
    50K .......... .......... .......... .......... .......... 18.1M
   100K .......... .......... .......... .......... .......... 9.93M
   150K .......... .......... .......... .......... .......... 21.7M
   200K .......... .......... .......... .......... .......... 31.4M
   250K .......... .......... .......... .......... ..........  343M
   300K .......... .......... .......... .......... ..........  155M
   350K .......... .......... .......... .......... .......... 41.8M
   400K .......... .......... .......... .......... .......... 68.7M
   450K .......... .......... .......... .......... ..........  349M
   500K .......... .......... .......... .......... ..........  384M
   550K .......... .......... .......... .......... ..........  331M
   600K .......... .......... .......... .......... ..         1.12M=0.05s

2026-07-11 21:45:02 (11.5 MB/s) - ‘/workspace/backups/cindemirlaw.com-20260711-214047/наследственное-право-турции/index.html?lang=ru.html’ saved [658242]

--2026-07-11 21:45:02--  https://cindemirlaw.com/%d0%ba%d0%b0%d0%ba-%d0%bf%d0%be%d0%bb%d1%83%d1%87%d0%b8%d1%82%d1%8c-%d1%81%d1%83%d0%b4%d0%b8%d0%bc%d0%be%d1%81%d1%82%d1%8c-%d0%b2-%d1%82%d1%83%d1%80%d1%86%d0%b8%d0%b8/?lang=ru
Reusing existing connection to cindemirlaw.com:443.
HTTP request sent, awaiting response... 200 OK
Length: unspecified [text/html]
Saving to: ‘/workspace/backups/cindemirlaw.com-20260711-214047/как-получить-судимость-в-турции/index.html?lang=ru.html’

     0K .......... .......... .......... .......... .......... 11.7M
    50K .......... .......... .......... .......... .......... 25.6M
   100K .......... .......... .......... .......... .......... 25.0M
   150K .......... .......... .......... .......... .......... 46.4M
   200K .......... .......... .......... .......... .......... 45.7M
   250K .......... .......... .......... .......... .......... 73.0M
   300K .......... .......... .......... .......... ..........  104M
   350K .......... .......... .......... .......... ..........  106M
   400K .......... .......... .......... .......... ..........  121M
   450K .......... .......... .......... .......... ..........  170M
   500K .......... .......... .......... .......... .......... 78.2M
   550K .......... .......... .......... .......... ..........  336M
   600K .......... .......... .......... .........              205M=0.01s

2026-07-11 21:45:03 (46.7 MB/s) - ‘/workspace/backups/cindemirlaw.com-20260711-214047/как-получить-судимость-в-турции/index.html?lang=ru.html’ saved [654760]

--2026-07-11 21:45:04--  https://cindemirlaw.com/%d0%be%d1%82%d0%ba%d1%80%d1%8b%d1%82%d0%b8%d0%b5-%d0%b1%d0%b0%d0%bd%d0%ba%d0%be%d0%b2%d1%81%d0%ba%d0%be%d0%b3%d0%be-%d1%81%d1%87%d0%b5%d1%82%d0%b0-%d0%b2-%d1%82%d1%83%d1%80%d1%86%d0%b8%d0%b8/?lang=ru
Reusing existing connection to cindemirlaw.com:443.
HTTP request sent, awaiting response... 200 OK
Length: unspecified [text/html]
Saving to: ‘/workspace/backups/cindemirlaw.com-20260711-214047/открытие-банковского-счета-в-турции/index.html?lang=ru.html’

     0K .......... .......... .......... .......... .......... 13.1M
    50K .......... .......... .......... .......... .......... 19.9M
   100K .......... .......... .......... .......... .......... 23.2M
   150K .......... .......... .......... .......... .......... 38.7M
   200K .......... .......... .......... .......... .......... 35.3M
   250K .......... .......... .......... .......... ..........  333M
   300K .......... .......... .......... .......... .......... 81.2M
   350K .......... .......... .......... .......... .......... 43.3M
   400K .......... .......... .......... .......... ..........  129M
   450K .......... .......... .......... .......... ..........  531M
   500K .......... .......... .......... .......... ..........  409M
   550K .......... .......... .......... .......... .......... 64.6M
   600K .......... .......... .......... .......... .......... 51.6M
   650K .......... .......... ......                            368M=0.02s

2026-07-11 21:45:04 (43.6 MB/s) - ‘/workspace/backups/cindemirlaw.com-20260711-214047/открытие-банковского-счета-в-турции/index.html?lang=ru.html’ saved [693227]

--2026-07-11 21:45:05--  https://cindemirlaw.com/%d1%80%d1%83%d0%ba%d0%be%d0%b2%d0%be%d0%b4%d1%81%d1%82%d0%b2%d0%be-%d0%bf%d0%be-%d0%bf%d1%80%d0%b8%d0%be%d0%b1%d1%80%d0%b5%d1%82%d0%b5%d0%bd%d0%b8%d1%8e-%d0%b8%d0%bd%d0%be%d1%81%d1%82%d1%80%d0%b0/?lang=ru
Reusing existing connection to cindemirlaw.com:443.
HTTP request sent, awaiting response... 200 OK
Length: unspecified [text/html]
Saving to: ‘/workspace/backups/cindemirlaw.com-20260711-214047/руководство-по-приобретению-иностра/index.html?lang=ru.html’

     0K .......... .......... .......... .......... .......... 14.2M
    50K .......... .......... .......... .......... .......... 20.7M
   100K .......... .......... .......... .......... .......... 35.2M
   150K .......... .......... .......... .......... .......... 22.6M
   200K .......... .......... .......... .......... .......... 65.2M
   250K .......... .......... .......... .......... ..........  151M
   300K .......... .......... .......... .......... .......... 39.0M
   350K .......... .......... .......... .......... ..........  388M
   400K .......... .......... .......... .......... ..........  176M
   450K .......... .......... .......... .......... ..........  306M
   500K .......... .......... .......... .......... ..........  150M
   550K .......... .......... .......... .......... ..........  351M
   600K .......... .......... .......... .......... .......... 50.5M
   650K .......... .......... .......... .                     1.22M=0.04s

2026-07-11 21:45:05 (17.0 MB/s) - ‘/workspace/backups/cindemirlaw.com-20260711-214047/руководство-по-приобретению-иностра/index.html?lang=ru.html’ saved [698291]

--2026-07-11 21:45:06--  https://cindemirlaw.com/%d1%81%d0%be%d0%b7%d0%b4%d0%b0%d0%bd%d0%b8%d0%b5-%d0%ba%d0%be%d0%bc%d0%bf%d0%b0%d0%bd%d0%b8%d0%b8-%d1%81-%d0%be%d0%b3%d1%80%d0%b0%d0%bd%d0%b8%d1%87%d0%b5%d0%bd%d0%bd%d0%be%d0%b9-%d0%be%d1%82%d0%b2/?lang=ru
Reusing existing connection to cindemirlaw.com:443.
HTTP request sent, awaiting response... 200 OK
Length: unspecified [text/html]
Saving to: ‘/workspace/backups/cindemirlaw.com-20260711-214047/создание-компании-с-ограниченной-отв/index.html?lang=ru.html’

     0K .......... .......... .......... .......... .......... 2.52M
    50K .......... .......... .......... .......... ..........  298M
   100K .......... .......... .......... .......... .......... 37.7M
   150K .......... .......... .......... .......... .......... 1.09M
   200K .......... .......... .......... .......... .......... 64.3M
   250K .......... .......... .......... .......... .......... 81.1M
   300K .......... .......... .......... .......... .......... 80.2M
   350K .......... .......... .......... .......... .......... 78.4M
   400K .......... .......... .......... .......... ..........  144M
   450K .......... .......... .......... .......... ..........  510M
   500K .......... .......... .......... .......... ..........  355M
   550K .......... .......... .......... .......... ..........  246M
   600K .......... .......... .......... ..........             262M=0.07s

2026-07-11 21:45:06 (9.04 MB/s) - ‘/workspace/backups/cindemirlaw.com-20260711-214047/создание-компании-с-ограниченной-отв/index.html?lang=ru.html’ saved [655589]

--2026-07-11 21:45:07--  https://cindemirlaw.com/%d0%bf%d1%80%d0%b0%d0%b2%d0%b0-%d0%b8-%d0%be%d0%b1%d1%8f%d0%b7%d0%b0%d0%bd%d0%bd%d0%be%d1%81%d1%82%d0%b8/?lang=ru
Reusing existing connection to cindemirlaw.com:443.
HTTP request sent, awaiting response... 200 OK
Length: unspecified [text/html]
Saving to: ‘/workspace/backups/cindemirlaw.com-20260711-214047/права-и-обязанности/index.html?lang=ru.html’

     0K .......... .......... .......... .......... .......... 13.8M
    50K .......... .......... .......... .......... .......... 19.4M
   100K .......... .......... .......... .......... .......... 42.3M
   150K .......... .......... .......... .......... .......... 18.6M
   200K .......... .......... .......... .......... ..........  155M
   250K .......... .......... .......... .......... .......... 53.6M
   300K .......... .......... .......... .......... .......... 65.4M
   350K .......... .......... .......... .......... ..........  347M
   400K .......... .......... .......... .......... ..........  183M
   450K .......... .......... .......... .......... .......... 67.3M
   500K .......... .......... .......... .......... ..........  118M
   550K .......... .......... .......... .......... .......... 56.6M
   600K .......... .......... .......... .......... .....       439M=0.01s

2026-07-11 21:45:07 (44.1 MB/s) - ‘/workspace/backups/cindemirlaw.com-20260711-214047/права-и-обязанности/index.html?lang=ru.html’ saved [661395]

--2026-07-11 21:45:08--  https://cindemirlaw.com/%d1%81%d1%82%d0%b0%d1%82%d1%83%d1%81-%d0%b1%d0%b5%d0%b6%d0%b5%d0%bd%d1%86%d0%b0-%d0%b2-%d1%82%d1%83%d1%80%d1%86%d0%b8%d0%b8/?lang=ru
Reusing existing connection to cindemirlaw.com:443.
HTTP request sent, awaiting response... 200 OK
Length: unspecified [text/html]
Saving to: ‘/workspace/backups/cindemirlaw.com-20260711-214047/статус-беженца-в-турции/index.html?lang=ru.html’

     0K .......... .......... .......... .......... ..........  295M
    50K .......... .......... .......... .......... .......... 35.4M
   100K .......... .......... .......... .......... .......... 19.9M
   150K .......... .......... .......... .......... .......... 12.5M
   200K .......... .......... .......... .......... ..........  281M
   250K .......... .......... .......... .......... ..........  384M
   300K .......... .......... .......... .......... ..........  402M
   350K .......... .......... .......... .......... ..........  266M
   400K .......... .......... .......... .......... ..........  283M
   450K .......... .......... .......... .......... .......... 15.3M
   500K .......... .......... .......... .......... ..........  417M
   550K .......... .......... .......... .......... ..........  314M
   600K .......... .......... ......                            438M=0.01s

2026-07-11 21:45:08 (50.2 MB/s) - ‘/workspace/backups/cindemirlaw.com-20260711-214047/статус-беженца-в-турции/index.html?lang=ru.html’ saved [641415]

--2026-07-11 21:45:09--  https://cindemirlaw.com/%d0%b2%d1%82%d0%be%d1%80%d0%b8%d1%87%d0%bd%d0%b0%d1%8f-%d0%b7%d0%b0%d1%89%d0%b8%d1%82%d0%b0/?lang=ru
Reusing existing connection to cindemirlaw.com:443.
HTTP request sent, awaiting response... 200 OK
Length: unspecified [text/html]
Saving to: ‘/workspace/backups/cindemirlaw.com-20260711-214047/вторичная-защита/index.html?lang=ru.html’

     0K .......... .......... .......... .......... .......... 16.7M
    50K .......... .......... .......... .......... .......... 13.5M
   100K .......... .......... .......... .......... .......... 34.7M
   150K .......... .......... .......... .......... .......... 7.37M
   200K .......... .......... .......... .......... ..........  571M
   250K .......... .......... .......... .......... ..........  347M
   300K .......... .......... .......... .......... ..........  489M
   350K .......... .......... .......... .......... ..........  505M
   400K .......... .......... .......... .......... ..........  558M
   450K .......... .......... .......... .......... ..........  492M
   500K .......... .......... .......... .......... .......... 79.1M
   550K .......... .......... .......... .......... ..........  171M
   600K .......... .......... .......                           167M=0.02s

2026-07-11 21:45:10 (37.7 MB/s) - ‘/workspace/backups/cindemirlaw.com-20260711-214047/вторичная-защита/index.html?lang=ru.html’ saved [642156]

--2026-07-11 21:45:10--  https://cindemirlaw.com/%d1%81%d1%82%d0%b0%d1%82%d1%83%d1%81-%d1%83%d1%81%d0%bb%d0%be%d0%b2%d0%bd%d0%be%d0%b3%d0%be-%d0%b1%d0%b5%d0%b6%d0%b5%d0%bd%d1%86%d0%b0/?lang=ru
Reusing existing connection to cindemirlaw.com:443.
HTTP request sent, awaiting response... 200 OK
Length: unspecified [text/html]
Saving to: ‘/workspace/backups/cindemirlaw.com-20260711-214047/статус-условного-беженца/index.html?lang=ru.html’

     0K .......... .......... .......... .......... .......... 38.2M
    50K .......... .......... .......... .......... .......... 19.6M
   100K .......... .......... .......... .......... .......... 12.4M
   150K .......... .......... .......... .......... ..........  246M
   200K .......... .......... .......... .......... ..........  121M
   250K .......... .......... .......... .......... ..........  269M
   300K .......... .......... .......... .......... ..........  294M
   350K .......... .......... .......... .......... ..........  236M
   400K .......... .......... .......... .......... ..........  339M
   450K .......... .......... .......... .......... ..........  106M
   500K .......... .......... .......... .......... ..........  362M
   550K .......... .......... .......... .......... ..........  137M
   600K .......... .......... ..........                       1.51M=0.03s

2026-07-11 21:45:11 (20.9 MB/s) - ‘/workspace/backups/cindemirlaw.com-20260711-214047/статус-условного-беженца/index.html?lang=ru.html’ saved [645260]

--2026-07-11 21:45:11--  https://cindemirlaw.com/%d0%b3%d1%83%d0%bc%d0%b0%d0%bd%d0%b8%d1%82%d0%b0%d1%80%d0%bd%d1%8b%d0%b9-%d0%b2%d0%b8%d0%b4-%d0%bd%d0%b0-%d0%b6%d0%b8%d1%82%d0%b5%d0%bb%d1%8c%d1%81%d1%82%d0%b2%d0%be-%d0%b2-%d1%82%d1%83%d1%80%d1%86/?lang=ru
Reusing existing connection to cindemirlaw.com:443.
HTTP request sent, awaiting response... 200 OK
Length: unspecified [text/html]
Saving to: ‘/workspace/backups/cindemirlaw.com-20260711-214047/гуманитарный-вид-на-жительство-в-турц/index.html?lang=ru.html’

     0K .......... .......... .......... .......... .......... 12.1M
    50K .......... .......... .......... .......... .......... 1.70M
   100K .......... .......... .......... .......... .......... 24.2M
   150K .......... .......... .......... .......... .......... 20.9M
   200K .......... .......... .......... .......... .......... 30.2M
   250K .......... .......... .......... .......... ..........  193M
   300K .......... .......... .......... .......... .......... 32.0M
   350K .......... .......... .......... .......... .......... 51.3M
   400K .......... .......... .......... .......... ..........  156M
   450K .......... .......... .......... .......... ..........  254M
   500K .......... .......... .......... .......... ..........  364M
   550K .......... .......... .......... .......... ..........  119M
   600K .......... .......... .......... .......... ...         394M=0.04s

2026-07-11 21:45:12 (14.8 MB/s) - ‘/workspace/backups/cindemirlaw.com-20260711-214047/гуманитарный-вид-на-жительство-в-турц/index.html?lang=ru.html’ saved [659311]

--2026-07-11 21:45:12--  https://cindemirlaw.com/%d0%ba%d0%be%d0%bc%d0%bf%d0%b5%d0%bd%d1%81%d0%b0%d1%86%d0%b8%d0%b8-%d0%bf%d0%be%d0%bb%d0%be%d0%b6%d0%b5%d0%bd%d0%bd%d1%8b%d0%b5-%d0%b2-%d1%80%d0%b5%d0%b7%d1%83%d0%bb%d1%8c%d1%82%d0%b0%d1%82%d0%b5/?lang=ru
Reusing existing connection to cindemirlaw.com:443.
HTTP request sent, awaiting response... 200 OK
Length: unspecified [text/html]
Saving to: ‘/workspace/backups/cindemirlaw.com-20260711-214047/компенсации-положенные-в-результате/index.html?lang=ru.html’

     0K .......... .......... .......... .......... .......... 10.6M
    50K .......... .......... .......... .......... .......... 23.8M
   100K .......... .......... .......... .......... .......... 18.5M
   150K .......... .......... .......... .......... .......... 21.9M
   200K .......... .......... .......... .......... .......... 23.3M
   250K .......... .......... .......... .......... ..........  160M
   300K .......... .......... .......... .......... ..........  721M
   350K .......... .......... .......... .......... .......... 26.8M
   400K .......... .......... .......... .......... ..........  127M
   450K .......... .......... .......... .......... ..........  473M
   500K .......... .......... .......... .......... ..........  437M
   550K .......... .......... .......... .......... ..........  425M
   600K .......... .......... .......... .......... ..........  114M
   650K .......... .......... .....                            34.1M=0.02s

2026-07-11 21:45:13 (37.2 MB/s) - ‘/workspace/backups/cindemirlaw.com-20260711-214047/компенсации-положенные-в-результате/index.html?lang=ru.html’ saved [691660]

--2026-07-11 21:45:13--  https://cindemirlaw.com/%d0%ba%d0%b0%d0%ba-%d1%80%d0%b0%d0%b7%d0%b2%d0%b5%d1%81%d1%82%d0%b8%d1%81%d1%8c-%d0%b2-%d1%82%d1%83%d1%80%d1%86%d0%b8%d0%b8/?lang=ru
Reusing existing connection to cindemirlaw.com:443.
HTTP request sent, awaiting response... 200 OK
Length: unspecified [text/html]
Saving to: ‘/workspace/backups/cindemirlaw.com-20260711-214047/как-развестись-в-турции/index.html?lang=ru.html’

     0K .......... .......... .......... .......... .......... 8.62M
    50K .......... .......... .......... .......... .......... 15.8M
   100K .......... .......... .......... .......... .......... 8.89M
   150K .......... .......... .......... .......... .......... 5.24M
   200K .......... .......... .......... .......... .......... 32.1M
   250K .......... .......... .......... .......... ..........  104M
   300K .......... .......... .......... .......... .......... 17.6M
   350K .......... .......... .......... .......... ..........  390M
   400K .......... .......... .......... .......... ..........  488M
   450K .......... .......... .......... .......... .......... 15.1M
   500K .......... .......... .......... .......... ..........  123M
   550K .......... .......... .......... .......... ..........  449M
   600K .......... .......... .......... .......... ..........  584M
   650K ...                                                    6.91T=0.03s

2026-07-11 21:45:14 (19.7 MB/s) - ‘/workspace/backups/cindemirlaw.com-20260711-214047/как-развестись-в-турции/index.html?lang=ru.html’ saved [669398]

--2026-07-11 21:45:14--  https://cindemirlaw.com/fde1/?lang=ru
Reusing existing connection to cindemirlaw.com:443.
HTTP request sent, awaiting response... 200 OK
Length: unspecified [text/html]
Saving to: ‘/workspace/backups/cindemirlaw.com-20260711-214047/fde1/index.html?lang=ru.html’

     0K .......... .......... .......... .......... .......... 11.7M
    50K .......... .......... .......... .......... .......... 21.7M
   100K .......... .......... .......... .......... .......... 24.7M
   150K .......... .......... .......... .......... .......... 19.0M
   200K .......... .......... .......... .......... .......... 45.6M
   250K .......... .......... .......... .......... .......... 77.8M
   300K .......... .......... .......... .......... ..........  102M
   350K .......... .......... .......... .......... .......... 55.9M
   400K .......... .......... .......... .......... .......... 58.8M
   450K .......... .......... .......... .......... ..........  359M
   500K .......... .......... .......... .......... ..........  345M
   550K .......... .......... .......... .......... ..........  201M
   600K .......... .......... .......... .......... ..........  387M
   650K .......... .....                                        346M=0.02s

2026-07-11 21:45:15 (41.8 MB/s) - ‘/workspace/backups/cindemirlaw.com-20260711-214047/fde1/index.html?lang=ru.html’ saved [681287]

--2026-07-11 21:45:16--  https://cindemirlaw.com/fde1068e/?lang=ru
Reusing existing connection to cindemirlaw.com:443.
HTTP request sent, awaiting response... 200 OK
Length: unspecified [text/html]
Saving to: ‘/workspace/backups/cindemirlaw.com-20260711-214047/fde1068e/index.html?lang=ru.html’

     0K .......... .......... .......... .......... .......... 12.9M
    50K .......... .......... .......... .......... .......... 15.6M
   100K .......... .......... .......... .......... .......... 21.7M
   150K .......... .......... .......... .......... .......... 4.19M
   200K .......... .......... .......... .......... .......... 71.6M
   250K .......... .......... .......... .......... .......... 43.0M
   300K .......... .......... .......... .......... .......... 80.0M
   350K .......... .......... .......... .......... ..........  929K
   400K .......... .......... .......... .......... ..........  130M
   450K .......... .......... .......... .......... ..........  147M
   500K .......... .......... .......... .......... .......... 66.5M
   550K .......... .......... .......... .......... .......... 83.1M
   600K .......... .......... .......... .......... .......... 99.1M
   650K .......... ..........                                  21.0M=0.08s

2026-07-11 21:45:16 (8.13 MB/s) - ‘/workspace/backups/cindemirlaw.com-20260711-214047/fde1068e/index.html?lang=ru.html’ saved [686362]

--2026-07-11 21:45:17--  https://cindemirlaw.com/fde1068e3bda46a37dd24126f9ec4b09df0c999365011ec71028e1a7d4c45bfdd1fde1068e3bda46a37dd24126f9ec4b09df0c999365011ec71028e1a7d4c45bfd82fde1068e3bda46a37dd24126f9ec4b09df0c999365011ec71028e1a7d4c45bf-2/?lang=ru
Reusing existing connection to cindemirlaw.com:443.
HTTP request sent, awaiting response... 200 OK
Length: unspecified [text/html]
Saving to: ‘/workspace/backups/cindemirlaw.com-20260711-214047/fde1068e3bda46a37dd24126f9ec4b09df0c999365011ec71028e1a7d4c45bfdd1fde1068e3bda46a37dd24126f9ec4b09df0c999365011ec71028e1a7d4c45bfd82fde1068e3bda46a37dd24126f9ec4b09df0c999365011ec71028e1a7d4c45bf-2/index.html?lang=ru.html’

     0K .......... .......... .......... .......... .......... 13.1M
    50K .......... .......... .......... .......... .......... 20.2M
   100K .......... .......... .......... .......... .......... 32.8M
   150K .......... .......... .......... .......... .......... 63.1M
   200K .......... .......... .......... .......... .......... 80.6M
   250K .......... .......... .......... .......... .......... 42.9M
   300K .......... .......... .......... .......... ..........  237M
   350K .......... .......... .......... .......... .......... 11.9M
   400K .......... .......... .......... .......... ..........  393M
   450K .......... .......... .......... .......... .......... 88.9M
   500K .......... .......... .......... .......... ..........  466M
   550K .......... .......... .......... .......... ..........  425M
   600K .......... .......... .....                            13.6M=0.02s

2026-07-11 21:45:17 (35.5 MB/s) - ‘/workspace/backups/cindemirlaw.com-20260711-214047/fde1068e3bda46a37dd24126f9ec4b09df0c999365011ec71028e1a7d4c45bfdd1fde1068e3bda46a37dd24126f9ec4b09df0c999365011ec71028e1a7d4c45bfd82fde1068e3bda46a37dd24126f9ec4b09df0c999365011ec71028e1a7d4c45bf-2/index.html?lang=ru.html’ saved [640865]

--2026-07-11 21:45:18--  https://cindemirlaw.com/fde1068e3bda46a37dd24126f9ec4b09df0c999365011ec71028e1a7d4c45bfdd1fde1068e3bda46a37dd24126f9ec4b09df0c999365011ec71028e1a7d4c45bfd83fde1068e3bda46a37dd24126f9ec4b09df0c999365011ec71028e1a7d4c45bf-3/?lang=ru
Reusing existing connection to cindemirlaw.com:443.
HTTP request sent, awaiting response... 200 OK
Length: unspecified [text/html]
Saving to: ‘/workspace/backups/cindemirlaw.com-20260711-214047/fde1068e3bda46a37dd24126f9ec4b09df0c999365011ec71028e1a7d4c45bfdd1fde1068e3bda46a37dd24126f9ec4b09df0c999365011ec71028e1a7d4c45bfd83fde1068e3bda46a37dd24126f9ec4b09df0c999365011ec71028e1a7d4c45bf-3/index.html?lang=ru.html’

     0K .......... .......... .......... .......... .......... 13.1M
    50K .......... .......... .......... .......... .......... 21.4M
   100K .......... .......... .......... .......... .......... 29.7M
   150K .......... .......... .......... .......... .......... 62.6M
   200K .......... .......... .......... .......... ..........  176M
   250K .......... .......... .......... .......... .......... 29.3M
   300K .......... .......... .......... .......... ..........  357M
   350K .......... .......... .......... .......... ..........  136M
   400K .......... .......... .......... .......... ..........  365M
   450K .......... .......... .......... .......... .......... 49.3M
   500K .......... .......... .......... .......... ..........  166M
   550K .......... .......... .......... .......... ..........  413M
   600K .......... .......... .......... ......                 561M=0.01s

2026-07-11 21:45:18 (49.8 MB/s) - ‘/workspace/backups/cindemirlaw.com-20260711-214047/fde1068e3bda46a37dd24126f9ec4b09df0c999365011ec71028e1a7d4c45bfdd1fde1068e3bda46a37dd24126f9ec4b09df0c999365011ec71028e1a7d4c45bfd83fde1068e3bda46a37dd24126f9ec4b09df0c999365011ec71028e1a7d4c45bf-3/index.html?lang=ru.html’ saved [651534]

--2026-07-11 21:45:19--  https://cindemirlaw.com/fde1068e3bda46a37dd24126f9ec4b09df0c999365011ec71028e1a7d4c45bfdd0fde1068e3bda46a37dd24126f9ec4b09df0c999365011ec71028e1a7d4c45bfdb4fde1068e3bda46a37dd24126f9ec4b09df0c999365011ec71028e1a7d4c45bf/?lang=ru
Reusing existing connection to cindemirlaw.com:443.
HTTP request sent, awaiting response... 200 OK
Length: unspecified [text/html]
Saving to: ‘/workspace/backups/cindemirlaw.com-20260711-214047/fde1068e3bda46a37dd24126f9ec4b09df0c999365011ec71028e1a7d4c45bfdd0fde1068e3bda46a37dd24126f9ec4b09df0c999365011ec71028e1a7d4c45bfdb4fde1068e3bda46a37dd24126f9ec4b09df0c999365011ec71028e1a7d4c45bf/index.html?lang=ru.html’

     0K .......... .......... .......... .......... .......... 13.5M
    50K .......... .......... .......... .......... .......... 22.6M
   100K .......... .......... .......... .......... .......... 25.7M
   150K .......... .......... .......... .......... ..........  120M
   200K .......... .......... .......... .......... ..........  288M
   250K .......... .......... .......... .......... ..........  120M
   300K .......... .......... .......... .......... .......... 33.9M
   350K .......... .......... .......... .......... .......... 71.2M
   400K .......... .......... .......... .......... ..........  577M
   450K .......... .......... .......... .......... ..........  346M
   500K .......... .......... .......... .......... .......... 34.2M
   550K .......... .......... .......... .......... ..........  322M
   600K .......... .......... ...                               393M=0.01s

2026-07-11 21:45:19 (48.2 MB/s) - ‘/workspace/backups/cindemirlaw.com-20260711-214047/fde1068e3bda46a37dd24126f9ec4b09df0c999365011ec71028e1a7d4c45bfdd0fde1068e3bda46a37dd24126f9ec4b09df0c999365011ec71028e1a7d4c45bfdb4fde1068e3bda46a37dd24126f9ec4b09df0c999365011ec71028e1a7d4c45bf/index.html?lang=ru.html’ saved [638915]

--2026-07-11 21:45:20--  https://cindemirlaw.com/fde1068e3bda46a37dd24126f9ec4b09df0c999365011ec71028e1a7d4c45bfdd0fde1068e3bda46a37dd24126f9ec4b09df0c999365011ec71028e1a7d4c45bfdb7fde1068e3bda46a37dd24126f9ec4b09df0c999365011ec71028e1a7d4c45bf/?lang=ru
Reusing existing connection to cindemirlaw.com:443.
HTTP request sent, awaiting response... 200 OK
Length: unspecified [text/html]
Saving to: ‘/workspace/backups/cindemirlaw.com-20260711-214047/fde1068e3bda46a37dd24126f9ec4b09df0c999365011ec71028e1a7d4c45bfdd0fde1068e3bda46a37dd24126f9ec4b09df0c999365011ec71028e1a7d4c45bfdb7fde1068e3bda46a37dd24126f9ec4b09df0c999365011ec71028e1a7d4c45bf/index.html?lang=ru.html’

     0K .......... .......... .......... .......... .......... 31.0M
    50K .......... .......... .......... .......... .......... 48.5M
   100K .......... .......... .......... .......... .......... 33.1M
   150K .......... .......... .......... .......... ..........  165M
   200K .......... .......... .......... .......... ..........  325M
   250K .......... .......... .......... .......... .......... 49.5M
   300K .......... .......... .......... .......... ..........  340M
   350K .......... .......... .......... .......... ..........  320M
   400K .......... .......... .......... .......... ..........  314M
   450K .......... .......... .......... .......... .......... 97.4M
   500K .......... .......... .......... .......... ..........  325M
   550K .......... .......... .......... .......... ..........  252M
   600K .......... .......... .......... .......               20.2M=0.009s

2026-07-11 21:45:21 (72.2 MB/s) - ‘/workspace/backups/cindemirlaw.com-20260711-214047/fde1068e3bda46a37dd24126f9ec4b09df0c999365011ec71028e1a7d4c45bfdd0fde1068e3bda46a37dd24126f9ec4b09df0c999365011ec71028e1a7d4c45bfdb7fde1068e3bda46a37dd24126f9ec4b09df0c999365011ec71028e1a7d4c45bf/index.html?lang=ru.html’ saved [653171]

--2026-07-11 21:45:21--  https://cindemirlaw.com/fde1068e3bda46a37dd24126f9ec4b09df0c999365011ec71028e1a7d4c45bfdd1fde1068e3bda46a37dd24126f9ec4b09df0c999365011ec71028e1a7d4c45bfd83fde1068e3bda46a37dd24126f9ec4b09df0c999365011ec71028e1a7d4c45bf-2/?lang=ru
Reusing existing connection to cindemirlaw.com:443.
HTTP request sent, awaiting response... 200 OK
Length: unspecified [text/html]
Saving to: ‘/workspace/backups/cindemirlaw.com-20260711-214047/fde1068e3bda46a37dd24126f9ec4b09df0c999365011ec71028e1a7d4c45bfdd1fde1068e3bda46a37dd24126f9ec4b09df0c999365011ec71028e1a7d4c45bfd83fde1068e3bda46a37dd24126f9ec4b09df0c999365011ec71028e1a7d4c45bf-2/index.html?lang=ru.html’

     0K .......... .......... .......... .......... .......... 12.0M
    50K .......... .......... .......... .......... .......... 24.6M
   100K .......... .......... .......... .......... .......... 27.2M
   150K .......... .......... .......... .......... .......... 11.3M
   200K .......... .......... .......... .......... .......... 21.3M
   250K .......... .......... .......... .......... .......... 22.1M
   300K .......... .......... .......... .......... .......... 20.7M
   350K .......... .......... .......... .......... .......... 13.5M
   400K .......... .......... .......... .......... .......... 26.2M
   450K .......... .......... .......... .......... .......... 17.6M
   500K .......... .......... .......... .......... .......... 18.8M
   550K .......... .......... .......... .......... .......... 24.9M
   600K .......... .......... .......... ........              18.1M=0.03s

2026-07-11 21:45:21 (18.4 MB/s) - ‘/workspace/backups/cindemirlaw.com-20260711-214047/fde1068e3bda46a37dd24126f9ec4b09df0c999365011ec71028e1a7d4c45bfdd1fde1068e3bda46a37dd24126f9ec4b09df0c999365011ec71028e1a7d4c45bfd83fde1068e3bda46a37dd24126f9ec4b09df0c999365011ec71028e1a7d4c45bf-2/index.html?lang=ru.html’ saved [653495]

--2026-07-11 21:45:22--  https://cindemirlaw.com/fde1068e3bda46a37dd24126f9ec4b09df0c999365011ec71028e1a7d4c45bfdd0fde1068e3bda46a37dd24126f9ec4b09df0c999365011ec71028e1a7d4c45bfdbdfde1068e3bda46a37dd24126f9ec4b09df0c999365011ec71028e1a7d4c45bf-2/?lang=ru
Reusing existing connection to cindemirlaw.com:443.
HTTP request sent, awaiting response... 200 OK
Length: unspecified [text/html]
Saving to: ‘/workspace/backups/cindemirlaw.com-20260711-214047/fde1068e3bda46a37dd24126f9ec4b09df0c999365011ec71028e1a7d4c45bfdd0fde1068e3bda46a37dd24126f9ec4b09df0c999365011ec71028e1a7d4c45bfdbdfde1068e3bda46a37dd24126f9ec4b09df0c999365011ec71028e1a7d4c45bf-2/index.html?lang=ru.html’

     0K .......... .......... .......... .......... .......... 27.1M
    50K .......... .......... .......... .......... .......... 21.2M
   100K .......... .......... .......... .......... .......... 21.3M
   150K .......... .......... .......... .......... .......... 28.4M
   200K .......... .......... .......... .......... .......... 34.0M
   250K .......... .......... .......... .......... ..........  502M
   300K .......... .......... .......... .......... .......... 32.6M
   350K .......... .......... .......... .......... ..........  547M
   400K .......... .......... .......... .......... ..........  667M
   450K .......... .......... .......... .......... ..........  708M
   500K .......... .......... .......... .......... .......... 50.3M
   550K .......... .......... .......... .......... ..........  134M
   600K .......... .......... ......                            642M=0.01s

2026-07-11 21:45:23 (48.0 MB/s) - ‘/workspace/backups/cindemirlaw.com-20260711-214047/fde1068e3bda46a37dd24126f9ec4b09df0c999365011ec71028e1a7d4c45bfdd0fde1068e3bda46a37dd24126f9ec4b09df0c999365011ec71028e1a7d4c45bfdbdfde1068e3bda46a37dd24126f9ec4b09df0c999365011ec71028e1a7d4c45bf-2/index.html?lang=ru.html’ saved [641876]

--2026-07-11 21:45:23--  https://cindemirlaw.com/fde1068e3bda46a37dd24126f9ec4b09df0c999365011ec71028e1a7d4c45bfdd1fde1068e3bda46a37dd24126f9ec4b09df0c999365011ec71028e1a7d4c45bfd81fde1068e3bda46a37dd24126f9ec4b09df0c999365011ec71028e1a7d4c45bf-3/?lang=ru
Reusing existing connection to cindemirlaw.com:443.
HTTP request sent, awaiting response... 200 OK
Length: unspecified [text/html]
Saving to: ‘/workspace/backups/cindemirlaw.com-20260711-214047/fde1068e3bda46a37dd24126f9ec4b09df0c999365011ec71028e1a7d4c45bfdd1fde1068e3bda46a37dd24126f9ec4b09df0c999365011ec71028e1a7d4c45bfd81fde1068e3bda46a37dd24126f9ec4b09df0c999365011ec71028e1a7d4c45bf-3/index.html?lang=ru.html’

     0K .......... .......... .......... .......... .......... 4.04M
    50K .......... .......... .......... .......... .......... 5.46M
   100K .......... .......... .......... .......... .......... 7.41M
   150K .......... .......... .......... .......... .......... 8.46M
   200K .......... .......... .......... .......... .......... 20.2M
   250K .......... .......... .......... .......... ..........  190M
   300K .......... .......... .......... .......... .......... 45.9M
   350K .......... .......... .......... .......... .......... 81.4M
   400K .......... .......... .......... .......... ..........  142M
   450K .......... .......... .......... .......... .......... 71.4M
   500K .......... .......... .......... .......... ..........  281M
   550K .......... .......... .......... .......... .......... 3.94M
   600K .......... .......... .......... ....                  77.9M=0.05s

2026-07-11 21:45:24 (12.0 MB/s) - ‘/workspace/backups/cindemirlaw.com-20260711-214047/fde1068e3bda46a37dd24126f9ec4b09df0c999365011ec71028e1a7d4c45bfdd1fde1068e3bda46a37dd24126f9ec4b09df0c999365011ec71028e1a7d4c45bfd81fde1068e3bda46a37dd24126f9ec4b09df0c999365011ec71028e1a7d4c45bf-3/index.html?lang=ru.html’ saved [649652]

--2026-07-11 21:45:25--  https://cindemirlaw.com/fde1068e3bda46a37dd24126f9ec4b09df0c999365011ec71028e1a7d4c45bfdd0fde1068e3bda46a37dd24126f9ec4b09df0c999365011ec71028e1a7d4c45bfdb1fde1068e3bda46a37dd24126f9ec4b09df0c999365011ec71028e1a7d4c45bf/?lang=ru
Reusing existing connection to cindemirlaw.com:443.
HTTP request sent, awaiting response... 200 OK
Length: unspecified [text/html]
Saving to: ‘/workspace/backups/cindemirlaw.com-20260711-214047/fde1068e3bda46a37dd24126f9ec4b09df0c999365011ec71028e1a7d4c45bfdd0fde1068e3bda46a37dd24126f9ec4b09df0c999365011ec71028e1a7d4c45bfdb1fde1068e3bda46a37dd24126f9ec4b09df0c999365011ec71028e1a7d4c45bf/index.html?lang=ru.html’

     0K .......... .......... .......... .......... .......... 27.5M
    50K .......... .......... .......... .......... .......... 41.0M
   100K .......... .......... .......... .......... .......... 64.3M
   150K .......... .......... .......... .......... .......... 44.6M
   200K .......... .......... .......... .......... .......... 99.8M
   250K .......... .......... .......... .......... ..........  429M
   300K .......... .......... .......... .......... .......... 73.0M
   350K .......... .......... .......... .......... ..........  355M
   400K .......... .......... .......... .......... ..........  390M
   450K .......... .......... .......... .......... ..........  375M
   500K .......... .......... .......... .......... ..........  175M
   550K .......... .......... .......... .......... .......... 88.1M
   600K .......... .......... ........                          522M=0.007s

2026-07-11 21:45:25 (83.3 MB/s) - ‘/workspace/backups/cindemirlaw.com-20260711-214047/fde1068e3bda46a37dd24126f9ec4b09df0c999365011ec71028e1a7d4c45bfdd0fde1068e3bda46a37dd24126f9ec4b09df0c999365011ec71028e1a7d4c45bfdb1fde1068e3bda46a37dd24126f9ec4b09df0c999365011ec71028e1a7d4c45bf/index.html?lang=ru.html’ saved [643477]

--2026-07-11 21:45:26--  https://cindemirlaw.com/fde1068e3bda46a37dd24126f9ec4b09df0c999365011ec71028e1a7d4c45bfdd1fde1068e3bda46a37dd24126f9ec4b09df0c999365011ec71028e1a7d4c45bfd83fde1068e3bda46a37dd24126f9ec4b09df0c999365011ec71028e1a7d4c45bf/?lang=ru
Reusing existing connection to cindemirlaw.com:443.
HTTP request sent, awaiting response... 200 OK
Length: unspecified [text/html]
Saving to: ‘/workspace/backups/cindemirlaw.com-20260711-214047/fde1068e3bda46a37dd24126f9ec4b09df0c999365011ec71028e1a7d4c45bfdd1fde1068e3bda46a37dd24126f9ec4b09df0c999365011ec71028e1a7d4c45bfd83fde1068e3bda46a37dd24126f9ec4b09df0c999365011ec71028e1a7d4c45bf/index.html?lang=ru.html’

     0K .......... .......... .......... .......... .......... 12.2M
    50K .......... .......... .......... .......... .......... 24.0M
   100K .......... .......... .......... .......... .......... 30.3M
   150K .......... .......... .......... .......... .......... 57.4M
   200K .......... .......... .......... .......... ..........  147M
   250K .......... .......... .......... .......... .......... 34.4M
   300K .......... .......... .......... .......... ..........  147M
   350K .......... .......... .......... .......... ..........  137M
   400K .......... .......... .......... .......... ..........  153M
   450K .......... .......... .......... .......... ..........  671M
   500K .......... .......... .......... .......... .......... 48.2M
   550K .......... .......... .......... .......... ..........  493M
   600K .......... .......... ........                          174M=0.01s

2026-07-11 21:45:26 (48.7 MB/s) - ‘/workspace/backups/cindemirlaw.com-20260711-214047/fde1068e3bda46a37dd24126f9ec4b09df0c999365011ec71028e1a7d4c45bfdd1fde1068e3bda46a37dd24126f9ec4b09df0c999365011ec71028e1a7d4c45bfd83fde1068e3bda46a37dd24126f9ec4b09df0c999365011ec71028e1a7d4c45bf/index.html?lang=ru.html’ saved [643075]

--2026-07-11 21:45:27--  https://cindemirlaw.com/fde1068e3bda46a37dd24126f9ec4b09df0c999365011ec71028e1a7d4c45bfdd1fde1068e3bda46a37dd24126f9ec4b09df0c999365011ec71028e1a7d4c45bfd82fde1068e3bda46a37dd24126f9ec4b09df0c999365011ec71028e1a7d4c45bf/?lang=ru
Reusing existing connection to cindemirlaw.com:443.
HTTP request sent, awaiting response... 200 OK
Length: unspecified [text/html]
Saving to: ‘/workspace/backups/cindemirlaw.com-20260711-214047/fde1068e3bda46a37dd24126f9ec4b09df0c999365011ec71028e1a7d4c45bfdd1fde1068e3bda46a37dd24126f9ec4b09df0c999365011ec71028e1a7d4c45bfd82fde1068e3bda46a37dd24126f9ec4b09df0c999365011ec71028e1a7d4c45bf/index.html?lang=ru.html’

     0K .......... .......... .......... .......... .......... 12.1M
    50K .......... .......... .......... .......... .......... 27.8M
   100K .......... .......... .......... .......... .......... 59.4M
   150K .......... .......... .......... .......... .......... 28.5M
   200K .......... .......... .......... .......... ..........  160M
   250K .......... .......... .......... .......... .......... 77.4M
   300K .......... .......... .......... .......... .......... 3.74M
   350K .......... .......... .......... .......... ..........  235M
   400K .......... .......... .......... .......... ..........  524M
   450K .......... .......... .......... .......... ..........  735M
   500K .......... .......... .......... .......... .......... 90.7M
   550K .......... .......... .......... .......... .......... 47.4M
   600K .......... .......... ..........                        450M=0.02s

2026-07-11 21:45:27 (25.3 MB/s) - ‘/workspace/backups/cindemirlaw.com-20260711-214047/fde1068e3bda46a37dd24126f9ec4b09df0c999365011ec71028e1a7d4c45bfdd1fde1068e3bda46a37dd24126f9ec4b09df0c999365011ec71028e1a7d4c45bfd82fde1068e3bda46a37dd24126f9ec4b09df0c999365011ec71028e1a7d4c45bf/index.html?lang=ru.html’ saved [645157]

--2026-07-11 21:45:27--  https://cindemirlaw.com/fde1068e3bda46a37dd24126f9ec4b09df0c999365011ec71028e1a7d4c45bfdd0fde1068e3bda46a37dd24126f9ec4b09df0c999365011ec71028e1a7d4c45bfdbdfde1068e3bda46a37dd24126f9ec4b09df0c999365011ec71028e1a7d4c45bf/?lang=ru
Reusing existing connection to cindemirlaw.com:443.
HTTP request sent, awaiting response... 200 OK
Length: unspecified [text/html]
Saving to: ‘/workspace/backups/cindemirlaw.com-20260711-214047/fde1068e3bda46a37dd24126f9ec4b09df0c999365011ec71028e1a7d4c45bfdd0fde1068e3bda46a37dd24126f9ec4b09df0c999365011ec71028e1a7d4c45bfdbdfde1068e3bda46a37dd24126f9ec4b09df0c999365011ec71028e1a7d4c45bf/index.html?lang=ru.html’

     0K .......... .......... .......... .......... .......... 26.8M
    50K .......... .......... .......... .......... .......... 33.5M
   100K .......... .......... .......... .......... .......... 46.7M
   150K .......... .......... .......... .......... .......... 74.1M
   200K .......... .......... .......... .......... .......... 33.3M
   250K .......... .......... .......... .......... ..........  230M
   300K .......... .......... .......... .......... .......... 45.8M
   350K .......... .......... .......... .......... ..........  369M
   400K .......... .......... .......... .......... ..........  626M
   450K .......... .......... .......... .......... .......... 55.5M
   500K .......... .......... .......... .......... ..........  535M
   550K .......... .......... .......... .......... ..........  557M
   600K .......... .......... ........                          599M=0.009s

2026-07-11 21:45:28 (67.8 MB/s) - ‘/workspace/backups/cindemirlaw.com-20260711-214047/fde1068e3bda46a37dd24126f9ec4b09df0c999365011ec71028e1a7d4c45bfdd0fde1068e3bda46a37dd24126f9ec4b09df0c999365011ec71028e1a7d4c45bfdbdfde1068e3bda46a37dd24126f9ec4b09df0c999365011ec71028e1a7d4c45bf/index.html?lang=ru.html’ saved [643186]

--2026-07-11 21:45:28--  https://cindemirlaw.com/fde1068e3bda46a37dd24126f9ec4b09df0c999365011ec71028e1a7d4c45bfdd1fde1068e3bda46a37dd24126f9ec4b09df0c999365011ec71028e1a7d4c45bfd81fde1068e3bda46a37dd24126f9ec4b09df0c999365011ec71028e1a7d4c45bf-2/?lang=ru
Reusing existing connection to cindemirlaw.com:443.
HTTP request sent, awaiting response... 200 OK
Length: unspecified [text/html]
Saving to: ‘/workspace/backups/cindemirlaw.com-20260711-214047/fde1068e3bda46a37dd24126f9ec4b09df0c999365011ec71028e1a7d4c45bfdd1fde1068e3bda46a37dd24126f9ec4b09df0c999365011ec71028e1a7d4c45bfd81fde1068e3bda46a37dd24126f9ec4b09df0c999365011ec71028e1a7d4c45bf-2/index.html?lang=ru.html’

     0K .......... .......... .......... .......... .......... 21.6M
    50K .......... .......... .......... .......... .......... 31.8M
   100K .......... .......... .......... .......... .......... 21.1M
   150K .......... .......... .......... .......... .......... 47.6M
   200K .......... .......... .......... .......... .......... 1.31M
   250K .......... .......... .......... .......... ..........  453M
   300K .......... .......... .......... .......... ..........  105M
   350K .......... .......... .......... .......... ..........  127M
   400K .......... .......... .......... .......... ..........  538M
   450K .......... .......... .......... .......... ..........  101M
   500K .......... .......... .......... .......... ..........  439M
   550K .......... .......... .......... .......... ..........  458M
   600K .......... .......... .......                           567M=0.05s

2026-07-11 21:45:29 (13.3 MB/s) - ‘/workspace/backups/cindemirlaw.com-20260711-214047/fde1068e3bda46a37dd24126f9ec4b09df0c999365011ec71028e1a7d4c45bfdd1fde1068e3bda46a37dd24126f9ec4b09df0c999365011ec71028e1a7d4c45bfd81fde1068e3bda46a37dd24126f9ec4b09df0c999365011ec71028e1a7d4c45bf-2/index.html?lang=ru.html’ saved [642440]

--2026-07-11 21:45:30--  https://cindemirlaw.com/fde1068e3bda46a37dd24126f9ec4b09df0c999365011ec71028e1a7d4c45bfdd1fde1068e3bda46a37dd24126f9ec4b09df0c999365011ec71028e1a7d4c45bfd81fde1068e3bda46a37dd24126f9ec4b09df0c999365011ec71028e1a7d4c45bf/?lang=ru
Reusing existing connection to cindemirlaw.com:443.
HTTP request sent, awaiting response... 200 OK
Length: unspecified [text/html]
Saving to: ‘/workspace/backups/cindemirlaw.com-20260711-214047/fde1068e3bda46a37dd24126f9ec4b09df0c999365011ec71028e1a7d4c45bfdd1fde1068e3bda46a37dd24126f9ec4b09df0c999365011ec71028e1a7d4c45bfd81fde1068e3bda46a37dd24126f9ec4b09df0c999365011ec71028e1a7d4c45bf/index.html?lang=ru.html’

     0K .......... .......... .......... .......... .......... 15.7M
    50K .......... .......... .......... .......... .......... 18.6M
   100K .......... .......... .......... .......... .......... 19.2M
   150K .......... .......... .......... .......... .......... 28.9M
   200K .......... .......... .......... .......... .......... 21.3M
   250K .......... .......... .......... .......... .......... 24.6M
   300K .......... .......... .......... .......... .......... 33.1M
   350K .......... .......... .......... .......... .......... 74.7M
   400K .......... .......... .......... .......... .......... 40.1M
   450K .......... .......... .......... .......... ..........  142M
   500K .......... .......... .......... .......... .......... 2.03M
   550K .......... .......... .......... .......... ..........  351M
   600K .......... .......... .........                         621M=0.04s

2026-07-11 21:45:30 (14.6 MB/s) - ‘/workspace/backups/cindemirlaw.com-20260711-214047/fde1068e3bda46a37dd24126f9ec4b09df0c999365011ec71028e1a7d4c45bfdd1fde1068e3bda46a37dd24126f9ec4b09df0c999365011ec71028e1a7d4c45bfd81fde1068e3bda46a37dd24126f9ec4b09df0c999365011ec71028e1a7d4c45bf/index.html?lang=ru.html’ saved [645079]

--2026-07-11 21:45:31--  https://cindemirlaw.com/cindemir-law-2/?lang=ru
Reusing existing connection to cindemirlaw.com:443.
HTTP request sent, awaiting response... 200 OK
Length: unspecified [text/html]
Saving to: ‘/workspace/backups/cindemirlaw.com-20260711-214047/cindemir-law-2/index.html?lang=ru.html’

     0K .......... .......... .......... .......... .......... 31.3M
    50K .......... .......... .......... .......... .......... 2.57M
   100K .......... .......... .......... .......... .......... 26.0M
   150K .......... .......... .......... .......... .......... 49.4M
   200K .......... .......... .......... .......... .......... 35.5M
   250K .......... .......... .......... .......... ..........  393M
   300K .......... .......... .......... .......... .......... 21.4M
   350K .......... .......... .......... .......... .......... 95.8M
   400K .......... .......... .......... .......... .......... 14.1M
   450K .......... .......... .......... .......... ..........  160M
   500K .......... .......... .......... .......... ..........  554M
   550K .......... .......... .......... .......... ..........  437M
   600K .......... .......... .......... ..........             546M=0.03s

2026-07-11 21:45:31 (19.7 MB/s) - ‘/workspace/backups/cindemirlaw.com-20260711-214047/cindemir-law-2/index.html?lang=ru.html’ saved [655375]

--2026-07-11 21:45:32--  https://cindemirlaw.com/wp-content/cache/debloat/js/fa625f0d23a6d48339d9cfb7bb63ff5a.js
Reusing existing connection to cindemirlaw.com:443.
HTTP request sent, awaiting response... 200 OK
Length: 644839 (630K) [text/javascript]
Saving to: ‘/workspace/backups/cindemirlaw.com-20260711-214047/wp-content/cache/debloat/js/fa625f0d23a6d48339d9cfb7bb63ff5a.js’

     0K .......... .......... .......... .......... ..........  7%  143M 0s
    50K .......... .......... .......... .......... .......... 15%  590M 0s
   100K .......... .......... .......... .......... .......... 23%  399M 0s
   150K .......... .......... .......... .......... .......... 31%  449M 0s
   200K .......... .......... .......... .......... .......... 39%  463M 0s
   250K .......... .......... .......... .......... .......... 47%  572M 0s
   300K .......... .......... .......... .......... .......... 55%  602M 0s
   350K .......... .......... .......... .......... .......... 63%  372M 0s
   400K .......... .......... .......... .......... .......... 71%  620M 0s
   450K .......... .......... .......... .......... .......... 79%  684M 0s
   500K .......... .......... .......... .......... .......... 87%  732M 0s
   550K .......... .......... .......... .......... .......... 95%  652M 0s
   600K .......... .......... .........                       100%  691M=0.001s

2026-07-11 21:45:32 (442 MB/s) - ‘/workspace/backups/cindemirlaw.com-20260711-214047/wp-content/cache/debloat/js/fa625f0d23a6d48339d9cfb7bb63ff5a.js’ saved [644839/644839]

--2026-07-11 21:45:32--  https://cindemirlaw.com/wp-content/uploads/2020/10/white-5-copy-300x300.jpg
Reusing existing connection to cindemirlaw.com:443.
HTTP request sent, awaiting response... 200 OK
Length: 53530 (52K) [image/jpeg]
Saving to: ‘/workspace/backups/cindemirlaw.com-20260711-214047/wp-content/uploads/2020/10/white-5-copy-300x300.jpg’

     0K .......... .......... .......... .......... .......... 95%  548M 0s
    50K ..                                                    100% 4.24T=0s

2026-07-11 21:45:32 (573 MB/s) - ‘/workspace/backups/cindemirlaw.com-20260711-214047/wp-content/uploads/2020/10/white-5-copy-300x300.jpg’ saved [53530/53530]

--2026-07-11 21:45:33--  https://cindemirlaw.com/wp-content/uploads/2020/10/white-5-copy-80x80.jpg
Reusing existing connection to cindemirlaw.com:443.
HTTP request sent, awaiting response... 200 OK
Length: 6328 (6.2K) [image/jpeg]
Saving to: ‘/workspace/backups/cindemirlaw.com-20260711-214047/wp-content/uploads/2020/10/white-5-copy-80x80.jpg’

     0K ......                                                100% 5.40G=0s

2026-07-11 21:45:33 (5.40 GB/s) - ‘/workspace/backups/cindemirlaw.com-20260711-214047/wp-content/uploads/2020/10/white-5-copy-80x80.jpg’ saved [6328/6328]

--2026-07-11 21:45:33--  https://cindemirlaw.com/wp-content/uploads/2020/10/white-5-copy-768x768.jpg
Reusing existing connection to cindemirlaw.com:443.
HTTP request sent, awaiting response... 200 OK
Length: 261384 (255K) [image/jpeg]
Saving to: ‘/workspace/backups/cindemirlaw.com-20260711-214047/wp-content/uploads/2020/10/white-5-copy-768x768.jpg’

     0K .......... .......... .......... .......... .......... 19%  276M 0s
    50K .......... .......... .......... .......... .......... 39%  488M 0s
   100K .......... .......... .......... .......... .......... 58%  526M 0s
   150K .......... .......... .......... .......... .......... 78%  795M 0s
   200K .......... .......... .......... .......... .......... 97%  685M 0s
   250K .....                                                 100% 9.79T=0.001s

2026-07-11 21:45:33 (496 MB/s) - ‘/workspace/backups/cindemirlaw.com-20260711-214047/wp-content/uploads/2020/10/white-5-copy-768x768.jpg’ saved [261384/261384]

--2026-07-11 21:45:34--  https://cindemirlaw.com/wp-content/uploads/2020/10/white-5-copy-36x36.jpg
Reusing existing connection to cindemirlaw.com:443.
HTTP request sent, awaiting response... 200 OK
Length: 2266 (2.2K) [image/jpeg]
Saving to: ‘/workspace/backups/cindemirlaw.com-20260711-214047/wp-content/uploads/2020/10/white-5-copy-36x36.jpg’

     0K ..                                                    100% 2.33G=0s

2026-07-11 21:45:34 (2.33 GB/s) - ‘/workspace/backups/cindemirlaw.com-20260711-214047/wp-content/uploads/2020/10/white-5-copy-36x36.jpg’ saved [2266/2266]

--2026-07-11 21:45:35--  https://cindemirlaw.com/wp-content/uploads/2020/10/white-5-copy-180x180.jpg
Reusing existing connection to cindemirlaw.com:443.
HTTP request sent, awaiting response... 200 OK
Length: 22692 (22K) [image/jpeg]
Saving to: ‘/workspace/backups/cindemirlaw.com-20260711-214047/wp-content/uploads/2020/10/white-5-copy-180x180.jpg’

     0K .......... .......... ..                              100% 53.6M=0s

2026-07-11 21:45:35 (53.6 MB/s) - ‘/workspace/backups/cindemirlaw.com-20260711-214047/wp-content/uploads/2020/10/white-5-copy-180x180.jpg’ saved [22692/22692]

--2026-07-11 21:45:35--  https://cindemirlaw.com/wp-content/uploads/2020/10/white-5-copy-705x705.jpg
Reusing existing connection to cindemirlaw.com:443.
HTTP request sent, awaiting response... 200 OK
Length: 228909 (224K) [image/jpeg]
Saving to: ‘/workspace/backups/cindemirlaw.com-20260711-214047/wp-content/uploads/2020/10/white-5-copy-705x705.jpg’

     0K .......... .......... .......... .......... .......... 22%  113M 0s
    50K .......... .......... .......... .......... .......... 44%  458M 0s
   100K .......... .......... .......... .......... .......... 67%  392M 0s
   150K .......... .......... .......... .......... .......... 89%  566M 0s
   200K .......... .......... ...                             100%  518M=0.001s

2026-07-11 21:45:35 (275 MB/s) - ‘/workspace/backups/cindemirlaw.com-20260711-214047/wp-content/uploads/2020/10/white-5-copy-705x705.jpg’ saved [228909/228909]

--2026-07-11 21:45:36--  https://cindemirlaw.com/wp-content/uploads/2020/10/white-5-copy.jpg
Reusing existing connection to cindemirlaw.com:443.
HTTP request sent, awaiting response... 200 OK
Length: 56159 (55K) [image/jpeg]
Saving to: ‘/workspace/backups/cindemirlaw.com-20260711-214047/wp-content/uploads/2020/10/white-5-copy.jpg’

     0K .......... .......... .......... .......... .......... 91%  405M 0s
    50K ....                                                  100%  256M=0s

2026-07-11 21:45:36 (385 MB/s) - ‘/workspace/backups/cindemirlaw.com-20260711-214047/wp-content/uploads/2020/10/white-5-copy.jpg’ saved [56159/56159]

--2026-07-11 21:45:36--  https://cindemirlaw.com/wp-content/uploads/2020/10/white-1-copy-300x300.jpg
Reusing existing connection to cindemirlaw.com:443.
HTTP request sent, awaiting response... 200 OK
Length: 41670 (41K) [image/jpeg]
Saving to: ‘/workspace/backups/cindemirlaw.com-20260711-214047/wp-content/uploads/2020/10/white-1-copy-300x300.jpg’

     0K .......... .......... .......... ..........           100%  202M=0s

2026-07-11 21:45:36 (202 MB/s) - ‘/workspace/backups/cindemirlaw.com-20260711-214047/wp-content/uploads/2020/10/white-1-copy-300x300.jpg’ saved [41670/41670]

--2026-07-11 21:45:37--  https://cindemirlaw.com/wp-content/uploads/2020/10/white-1-copy-80x80.jpg
Reusing existing connection to cindemirlaw.com:443.
HTTP request sent, awaiting response... 200 OK
Length: 5701 (5.6K) [image/jpeg]
Saving to: ‘/workspace/backups/cindemirlaw.com-20260711-214047/wp-content/uploads/2020/10/white-1-copy-80x80.jpg’

     0K .....                                                 100% 6.05G=0s

2026-07-11 21:45:37 (6.05 GB/s) - ‘/workspace/backups/cindemirlaw.com-20260711-214047/wp-content/uploads/2020/10/white-1-copy-80x80.jpg’ saved [5701/5701]

--2026-07-11 21:45:38--  https://cindemirlaw.com/wp-content/uploads/2020/10/white-1-copy-768x768.jpg
Reusing existing connection to cindemirlaw.com:443.
HTTP request sent, awaiting response... 200 OK
Length: 167311 (163K) [image/jpeg]
Saving to: ‘/workspace/backups/cindemirlaw.com-20260711-214047/wp-content/uploads/2020/10/white-1-copy-768x768.jpg’

     0K .......... .......... .......... .......... .......... 30% 64.7M 0s
    50K .......... .......... .......... .......... .......... 61%  114M 0s
   100K .......... .......... .......... .......... .......... 91%  400M 0s
   150K .......... ...                                        100%  716M=0.001s

2026-07-11 21:45:38 (121 MB/s) - ‘/workspace/backups/cindemirlaw.com-20260711-214047/wp-content/uploads/2020/10/white-1-copy-768x768.jpg’ saved [167311/167311]

--2026-07-11 21:45:38--  https://cindemirlaw.com/wp-content/uploads/2020/10/white-1-copy-36x36.jpg
Reusing existing connection to cindemirlaw.com:443.
HTTP request sent, awaiting response... 200 OK
Length: 2003 (2.0K) [image/jpeg]
Saving to: ‘/workspace/backups/cindemirlaw.com-20260711-214047/wp-content/uploads/2020/10/white-1-copy-36x36.jpg’

     0K .                                                     100% 2.17G=0s

2026-07-11 21:45:38 (2.17 GB/s) - ‘/workspace/backups/cindemirlaw.com-20260711-214047/wp-content/uploads/2020/10/white-1-copy-36x36.jpg’ saved [2003/2003]

--2026-07-11 21:45:39--  https://cindemirlaw.com/wp-content/uploads/2020/10/white-1-copy-180x180.jpg
Reusing existing connection to cindemirlaw.com:443.
HTTP request sent, awaiting response... 200 OK
Length: 19234 (19K) [image/jpeg]
Saving to: ‘/workspace/backups/cindemirlaw.com-20260711-214047/wp-content/uploads/2020/10/white-1-copy-180x180.jpg’

     0K .......... ........                                   100%  383M=0s

2026-07-11 21:45:39 (383 MB/s) - ‘/workspace/backups/cindemirlaw.com-20260711-214047/wp-content/uploads/2020/10/white-1-copy-180x180.jpg’ saved [19234/19234]

--2026-07-11 21:45:39--  https://cindemirlaw.com/wp-content/uploads/2020/10/white-1-copy-705x705.jpg
Reusing existing connection to cindemirlaw.com:443.
HTTP request sent, awaiting response... 200 OK
Length: 147727 (144K) [image/jpeg]
Saving to: ‘/workspace/backups/cindemirlaw.com-20260711-214047/wp-content/uploads/2020/10/white-1-copy-705x705.jpg’

     0K .......... .......... .......... .......... .......... 34%  159M 0s
    50K .......... .......... .......... .......... .......... 69%  525M 0s
   100K .......... .......... .......... .......... ....      100%  509M=0s

2026-07-11 21:45:39 (290 MB/s) - ‘/workspace/backups/cindemirlaw.com-20260711-214047/wp-content/uploads/2020/10/white-1-copy-705x705.jpg’ saved [147727/147727]

--2026-07-11 21:45:40--  https://cindemirlaw.com/wp-content/uploads/2020/10/white-1-copy.jpg
Reusing existing connection to cindemirlaw.com:443.
HTTP request sent, awaiting response... 200 OK
Length: 28801 (28K) [image/jpeg]
Saving to: ‘/workspace/backups/cindemirlaw.com-20260711-214047/wp-content/uploads/2020/10/white-1-copy.jpg’

     0K .......... .......... ........                        100% 67.8M=0s

2026-07-11 21:45:40 (67.8 MB/s) - ‘/workspace/backups/cindemirlaw.com-20260711-214047/wp-content/uploads/2020/10/white-1-copy.jpg’ saved [28801/28801]

--2026-07-11 21:45:40--  https://cindemirlaw.com/wp-content/uploads/2020/10/white-2-copy-300x300.jpg
Connecting to cindemirlaw.com (cindemirlaw.com)|162.241.252.122|:443... connected.
HTTP request sent, awaiting response... 200 OK
Length: 40190 (39K) [image/jpeg]
Saving to: ‘/workspace/backups/cindemirlaw.com-20260711-214047/wp-content/uploads/2020/10/white-2-copy-300x300.jpg’

     0K .......... .......... .......... .........            100%  348K=0.1s

2026-07-11 21:45:41 (348 KB/s) - ‘/workspace/backups/cindemirlaw.com-20260711-214047/wp-content/uploads/2020/10/white-2-copy-300x300.jpg’ saved [40190/40190]

--2026-07-11 21:45:41--  https://cindemirlaw.com/wp-content/uploads/2020/10/white-2-copy-80x80.jpg
Reusing existing connection to cindemirlaw.com:443.
HTTP request sent, awaiting response... 200 OK
Length: 5526 (5.4K) [image/jpeg]
Saving to: ‘/workspace/backups/cindemirlaw.com-20260711-214047/wp-content/uploads/2020/10/white-2-copy-80x80.jpg’

     0K .....                                                 100% 2.85G=0s

2026-07-11 21:45:41 (2.85 GB/s) - ‘/workspace/backups/cindemirlaw.com-20260711-214047/wp-content/uploads/2020/10/white-2-copy-80x80.jpg’ saved [5526/5526]

--2026-07-11 21:45:42--  https://cindemirlaw.com/wp-content/uploads/2020/10/white-2-copy-768x768.jpg
Reusing existing connection to cindemirlaw.com:443.
HTTP request sent, awaiting response... 200 OK
Length: 164113 (160K) [image/jpeg]
Saving to: ‘/workspace/backups/cindemirlaw.com-20260711-214047/wp-content/uploads/2020/10/white-2-copy-768x768.jpg’

     0K .......... .......... .......... .......... .......... 31%  864K 0s
    50K .......... .......... .......... .......... .......... 62%  334M 0s
   100K .......... .......... .......... .......... .......... 93%  864K 0s
   150K ..........                                            100%  505M=0.1s

2026-07-11 21:45:42 (1.35 MB/s) - ‘/workspace/backups/cindemirlaw.com-20260711-214047/wp-content/uploads/2020/10/white-2-copy-768x768.jpg’ saved [164113/164113]

--2026-07-11 21:45:42--  https://cindemirlaw.com/wp-content/uploads/2020/10/white-2-copy-36x36.jpg
Reusing existing connection to cindemirlaw.com:443.
HTTP request sent, awaiting response... 200 OK
Length: 1967 (1.9K) [image/jpeg]
Saving to: ‘/workspace/backups/cindemirlaw.com-20260711-214047/wp-content/uploads/2020/10/white-2-copy-36x36.jpg’

     0K .                                                     100% 2.38G=0s

2026-07-11 21:45:42 (2.38 GB/s) - ‘/workspace/backups/cindemirlaw.com-20260711-214047/wp-content/uploads/2020/10/white-2-copy-36x36.jpg’ saved [1967/1967]

--2026-07-11 21:45:43--  https://cindemirlaw.com/wp-content/uploads/2020/10/white-2-copy-180x180.jpg
Reusing existing connection to cindemirlaw.com:443.
HTTP request sent, awaiting response... 200 OK
Length: 18125 (18K) [image/jpeg]
Saving to: ‘/workspace/backups/cindemirlaw.com-20260711-214047/wp-content/uploads/2020/10/white-2-copy-180x180.jpg’

     0K .......... .......                                    100%  348M=0s

2026-07-11 21:45:43 (348 MB/s) - ‘/workspace/backups/cindemirlaw.com-20260711-214047/wp-content/uploads/2020/10/white-2-copy-180x180.jpg’ saved [18125/18125]

--2026-07-11 21:45:44--  https://cindemirlaw.com/wp-content/uploads/2020/10/white-2-copy-705x705.jpg
Reusing existing connection to cindemirlaw.com:443.
HTTP request sent, awaiting response... 200 OK
Length: 145085 (142K) [image/jpeg]
Saving to: ‘/workspace/backups/cindemirlaw.com-20260711-214047/wp-content/uploads/2020/10/white-2-copy-705x705.jpg’

     0K .......... .......... .......... .......... .......... 35%  220M 0s
    50K .......... .......... .......... .......... .......... 70% 95.4M 0s
   100K .......... .......... .......... .......... .         100%  288M=0.001s

2026-07-11 21:45:44 (158 MB/s) - ‘/workspace/backups/cindemirlaw.com-20260711-214047/wp-content/uploads/2020/10/white-2-copy-705x705.jpg’ saved [145085/145085]

--2026-07-11 21:45:44--  https://cindemirlaw.com/wp-content/uploads/2020/10/white-2-copy.jpg
Reusing existing connection to cindemirlaw.com:443.
HTTP request sent, awaiting response... 200 OK
Length: 28900 (28K) [image/jpeg]
Saving to: ‘/workspace/backups/cindemirlaw.com-20260711-214047/wp-content/uploads/2020/10/white-2-copy.jpg’

     0K .......... .......... ........                        100%  309M=0s

2026-07-11 21:45:45 (309 MB/s) - ‘/workspace/backups/cindemirlaw.com-20260711-214047/wp-content/uploads/2020/10/white-2-copy.jpg’ saved [28900/28900]

--2026-07-11 21:45:45--  https://cindemirlaw.com/wp-content/uploads/2020/10/white3-copy-300x300.jpg
Reusing existing connection to cindemirlaw.com:443.
HTTP request sent, awaiting response... 200 OK
Length: 44910 (44K) [image/jpeg]
Saving to: ‘/workspace/backups/cindemirlaw.com-20260711-214047/wp-content/uploads/2020/10/white3-copy-300x300.jpg’

     0K .......... .......... .......... .......... ...       100% 82.6M=0.001s

2026-07-11 21:45:45 (82.6 MB/s) - ‘/workspace/backups/cindemirlaw.com-20260711-214047/wp-content/uploads/2020/10/white3-copy-300x300.jpg’ saved [44910/44910]

--2026-07-11 21:45:46--  https://cindemirlaw.com/wp-content/uploads/2020/10/white3-copy-80x80.jpg
Reusing existing connection to cindemirlaw.com:443.
HTTP request sent, awaiting response... 200 OK
Length: 5385 (5.3K) [image/jpeg]
Saving to: ‘/workspace/backups/cindemirlaw.com-20260711-214047/wp-content/uploads/2020/10/white3-copy-80x80.jpg’

     0K .....                                                 100% 5.98G=0s

2026-07-11 21:45:46 (5.98 GB/s) - ‘/workspace/backups/cindemirlaw.com-20260711-214047/wp-content/uploads/2020/10/white3-copy-80x80.jpg’ saved [5385/5385]

--2026-07-11 21:45:46--  https://cindemirlaw.com/wp-content/uploads/2020/10/white3-copy-768x768.jpg
Reusing existing connection to cindemirlaw.com:443.
HTTP request sent, awaiting response... 200 OK
Length: 191783 (187K) [image/jpeg]
Saving to: ‘/workspace/backups/cindemirlaw.com-20260711-214047/wp-content/uploads/2020/10/white3-copy-768x768.jpg’

     0K .......... .......... .......... .......... .......... 26% 50.6M 0s
    50K .......... .......... .......... .......... .......... 53%  427M 0s
   100K .......... .......... .......... .......... .......... 80%  380M 0s
   150K .......... .......... .......... .......              100%  536M=0.001s

2026-07-11 21:45:46 (143 MB/s) - ‘/workspace/backups/cindemirlaw.com-20260711-214047/wp-content/uploads/2020/10/white3-copy-768x768.jpg’ saved [191783/191783]

--2026-07-11 21:45:47--  https://cindemirlaw.com/wp-content/uploads/2020/10/white3-copy-36x36.jpg
Reusing existing connection to cindemirlaw.com:443.
HTTP request sent, awaiting response... 200 OK
Length: 1864 (1.8K) [image/jpeg]
Saving to: ‘/workspace/backups/cindemirlaw.com-20260711-214047/wp-content/uploads/2020/10/white3-copy-36x36.jpg’

     0K .                                                     100% 2.70G=0s

2026-07-11 21:45:47 (2.70 GB/s) - ‘/workspace/backups/cindemirlaw.com-20260711-214047/wp-content/uploads/2020/10/white3-copy-36x36.jpg’ saved [1864/1864]

--2026-07-11 21:45:47--  https://cindemirlaw.com/wp-content/uploads/2020/10/white3-copy-180x180.jpg
Reusing existing connection to cindemirlaw.com:443.
HTTP request sent, awaiting response... 200 OK
Length: 19796 (19K) [image/jpeg]
Saving to: ‘/workspace/backups/cindemirlaw.com-20260711-214047/wp-content/uploads/2020/10/white3-copy-180x180.jpg’

     0K .......... .........                                  100%  329M=0s

2026-07-11 21:45:47 (329 MB/s) - ‘/workspace/backups/cindemirlaw.com-20260711-214047/wp-content/uploads/2020/10/white3-copy-180x180.jpg’ saved [19796/19796]

--2026-07-11 21:45:48--  https://cindemirlaw.com/wp-content/uploads/2020/10/white3-copy-705x705.jpg
Reusing existing connection to cindemirlaw.com:443.
HTTP request sent, awaiting response... 200 OK
Length: 168815 (165K) [image/jpeg]
Saving to: ‘/workspace/backups/cindemirlaw.com-20260711-214047/wp-content/uploads/2020/10/white3-copy-705x705.jpg’

     0K .......... .......... .......... .......... .......... 30%  200M 0s
    50K .......... .......... .......... .......... .......... 60%  404M 0s
   100K .......... .......... .......... .......... .......... 90%  247M 0s
   150K .......... ....                                       100%  303M=0.001s

2026-07-11 21:45:48 (263 MB/s) - ‘/workspace/backups/cindemirlaw.com-20260711-214047/wp-content/uploads/2020/10/white3-copy-705x705.jpg’ saved [168815/168815]

--2026-07-11 21:45:48--  https://cindemirlaw.com/wp-content/uploads/2020/10/white3-copy.jpg
Reusing existing connection to cindemirlaw.com:443.
HTTP request sent, awaiting response... 200 OK
Length: 33649 (33K) [image/jpeg]
Saving to: ‘/workspace/backups/cindemirlaw.com-20260711-214047/wp-content/uploads/2020/10/white3-copy.jpg’

     0K .......... .......... .......... ..                   100%  354M=0s

2026-07-11 21:45:48 (354 MB/s) - ‘/workspace/backups/cindemirlaw.com-20260711-214047/wp-content/uploads/2020/10/white3-copy.jpg’ saved [33649/33649]

--2026-07-11 21:45:49--  https://cindemirlaw.com/wp-content/uploads/2020/08/IMG_0876-kopya-741x1024-1-217x300.jpg
Reusing existing connection to cindemirlaw.com:443.
HTTP request sent, awaiting response... 200 OK
Length: 39537 (39K) [image/jpeg]
Saving to: ‘/workspace/backups/cindemirlaw.com-20260711-214047/wp-content/uploads/2020/08/IMG_0876-kopya-741x1024-1-217x300.jpg’

     0K .......... .......... .......... ........             100%  252M=0s

2026-07-11 21:45:49 (252 MB/s) - ‘/workspace/backups/cindemirlaw.com-20260711-214047/wp-content/uploads/2020/08/IMG_0876-kopya-741x1024-1-217x300.jpg’ saved [39537/39537]

--2026-07-11 21:45:49--  https://cindemirlaw.com/wp-content/uploads/2020/08/IMG_0876-kopya-741x1024-1-510x705.jpg
Reusing existing connection to cindemirlaw.com:443.
HTTP request sent, awaiting response... 200 OK
Length: 159439 (156K) [image/jpeg]
Saving to: ‘/workspace/backups/cindemirlaw.com-20260711-214047/wp-content/uploads/2020/08/IMG_0876-kopya-741x1024-1-510x705.jpg’

     0K .......... .......... .......... .......... .......... 32%  111M 0s
    50K .......... .......... .......... .......... .......... 64%  113M 0s
   100K .......... .......... .......... .......... .......... 96%  354M 0s
   150K .....                                                 100% 10.6T=0.001s

2026-07-11 21:45:49 (150 MB/s) - ‘/workspace/backups/cindemirlaw.com-20260711-214047/wp-content/uploads/2020/08/IMG_0876-kopya-741x1024-1-510x705.jpg’ saved [159439/159439]

--2026-07-11 21:45:50--  https://cindemirlaw.com/wp-content/uploads/2020/08/IMG_0876-kopya-741x1024-1.jpg
Reusing existing connection to cindemirlaw.com:443.
HTTP request sent, awaiting response... 200 OK
Length: 26871 (26K) [image/jpeg]
Saving to: ‘/workspace/backups/cindemirlaw.com-20260711-214047/wp-content/uploads/2020/08/IMG_0876-kopya-741x1024-1.jpg’

     0K .......... .......... ......                          100%  354M=0s

2026-07-11 21:45:50 (354 MB/s) - ‘/workspace/backups/cindemirlaw.com-20260711-214047/wp-content/uploads/2020/08/IMG_0876-kopya-741x1024-1.jpg’ saved [26871/26871]

--2026-07-11 21:45:50--  https://cindemirlaw.com/wp-content/cache/debloat/js/ee7f4ef3bae47bda9c191c5af310d521.js
Reusing existing connection to cindemirlaw.com:443.
HTTP request sent, awaiting response... 200 OK
Length: 290740 (284K) [text/javascript]
Saving to: ‘/workspace/backups/cindemirlaw.com-20260711-214047/wp-content/cache/debloat/js/ee7f4ef3bae47bda9c191c5af310d521.js’

     0K .......... .......... .......... .......... .......... 17%  278M 0s
    50K .......... .......... .......... .......... .......... 35%  538M 0s
   100K .......... .......... .......... .......... .......... 52%  103M 0s
   150K .......... .......... .......... .......... .......... 70%  604M 0s
   200K .......... .......... .......... .......... .......... 88%  323M 0s
   250K .......... .......... .......... ...                  100%  414M=0.001s

2026-07-11 21:45:50 (263 MB/s) - ‘/workspace/backups/cindemirlaw.com-20260711-214047/wp-content/cache/debloat/js/ee7f4ef3bae47bda9c191c5af310d521.js’ saved [290740/290740]

--2026-07-11 21:45:51--  https://cindemirlaw.com/nashiyurist/
Reusing existing connection to cindemirlaw.com:443.
HTTP request sent, awaiting response... 200 OK
Length: unspecified [text/html]
Saving to: ‘/workspace/backups/cindemirlaw.com-20260711-214047/nashiyurist/index.html’

     0K .......... .......... .......... .......... .......... 12.9M
    50K .......... .......... .......... .......... .......... 21.1M
   100K .......... .......... .......... .......... .......... 3.15M
   150K .......... .......... .......... .......... .......... 19.9M
   200K .......... .......... .......... .......... .......... 32.3M
   250K .......... .......... .......... .......... .......... 22.6M
   300K .......... .......... .......... .......... ..........  404M
   350K .......... .......... .......... .......... ..........  190M
   400K .......... .......... .......... .......... ..........  375M
   450K .......... .......... .......... .......... .......... 30.5M
   500K .......... .......... .......... .......... ..........  415M
   550K .......... .......... .......... .......... .......... 1.64M
   600K .......... .                                            282M=0.06s

2026-07-11 21:45:51 (9.98 MB/s) - ‘/workspace/backups/cindemirlaw.com-20260711-214047/nashiyurist/index.html’ saved [626434]

--2026-07-11 21:45:52--  https://cindemirlaw.com/embed-list/
Reusing existing connection to cindemirlaw.com:443.
HTTP request sent, awaiting response... 200 OK
Length: unspecified [text/html]
Saving to: ‘/workspace/backups/cindemirlaw.com-20260711-214047/embed-list/index.html’

     0K .......... .......... .......... .......... .......... 14.9M
    50K .......... .......... .......... .......... .......... 12.3M
   100K .......... .......... .......... .......... .......... 9.12M
   150K .......... .......... .......... .......... .......... 33.4M
   200K .......... .......... .......... .......... .......... 69.7M
   250K .......... .......... .......... .......... ..........  129M
   300K .......... .......... .......... .......... .......... 39.1M
   350K .......... .......... .......... .......... .......... 55.5M
   400K .......... .......... .......... .......... ..........  242M
   450K .......... .......... .......... .......... ..........  407M
   500K .......... .......... .......... .......... ..........  417M
   550K .......... .......... .......... .......... .......... 6.66M
   600K .......... .                                           31.1M=0.03s

2026-07-11 21:45:52 (23.5 MB/s) - ‘/workspace/backups/cindemirlaw.com-20260711-214047/embed-list/index.html’ saved [625919]

--2026-07-11 21:45:53--  https://cindemirlaw.com/privacy-policy/
Reusing existing connection to cindemirlaw.com:443.
HTTP request sent, awaiting response... 200 OK
Length: unspecified [text/html]
Saving to: ‘/workspace/backups/cindemirlaw.com-20260711-214047/privacy-policy/index.html’

     0K .......... .......... .......... .......... .......... 13.2M
    50K .......... .......... .......... .......... .......... 20.6M
   100K .......... .......... .......... .......... .......... 34.9M
   150K .......... .......... .......... .......... .......... 16.9M
   200K .......... .......... .......... .......... .......... 20.4M
   250K .......... .......... .......... .......... ..........  198M
   300K .......... .......... .......... .......... ..........  398M
   350K .......... .......... .......... .......... ..........  194M
   400K .......... .......... .......... .......... .......... 33.5M
   450K .......... .......... .......... .......... ..........  273M
   500K .......... .......... .......... .......... ..........  328M
   550K .......... .......... .......... .......... ..........  341M
   600K .......... ..........                                   489M=0.02s

2026-07-11 21:45:53 (39.5 MB/s) - ‘/workspace/backups/cindemirlaw.com-20260711-214047/privacy-policy/index.html’ saved [635417]

--2026-07-11 21:45:53--  https://cindemirlaw.com/support/
Reusing existing connection to cindemirlaw.com:443.
HTTP request sent, awaiting response... 200 OK
Length: unspecified [text/html]
Saving to: ‘/workspace/backups/cindemirlaw.com-20260711-214047/support/index.html’

     0K .......... .......... .......... .......... .......... 6.89M
    50K .......... .......... .......... .......... .......... 15.5M
   100K .......... .......... .......... .......... .......... 15.6M
   150K .......... .......... .......... .......... .......... 14.6M
   200K .......... .......... .......... .......... ..........  175M
   250K .......... .......... .......... .......... ..........  551M
   300K .......... .......... .......... .......... .......... 20.2M
   350K .......... .......... .......... .......... ..........  456M
   400K .......... .......... .......... .......... ..........  489M
   450K .......... .......... .......... .......... ..........  459M
   500K .......... .......... .......... .......... ..........  441M
   550K .......... .......... .......... .......... .......... 18.1M
   600K .......... .......                                      463M=0.02s

2026-07-11 21:45:54 (26.6 MB/s) - ‘/workspace/backups/cindemirlaw.com-20260711-214047/support/index.html’ saved [632365]

--2026-07-11 21:45:54--  https://cindemirlaw.com/pod/
Reusing existing connection to cindemirlaw.com:443.
HTTP request sent, awaiting response... 200 OK
Length: unspecified [text/html]
Saving to: ‘/workspace/backups/cindemirlaw.com-20260711-214047/pod/index.html’

     0K .......... .......... .......... .......... .......... 26.6M
    50K .......... .......... .......... .......... .......... 93.5M
   100K .......... .......... .......... .......... .......... 50.7M
   150K .......... .......... .......... .......... .......... 45.1M
   200K .......... .......... .......... .......... .......... 36.0M
   250K .......... .......... .......... .......... .......... 46.8M
   300K .......... .......... .......... .......... .......... 31.6M
   350K .......... .......... .......... .......... .......... 61.2M
   400K .......... .......... .......... .......... ..........  135M
   450K .......... .......... .......... .......... .......... 87.5M
   500K .......... .......... .......... .......... ..........  410M
   550K .......... .......... .......... .......... ..........  375M
   600K .......... .....                                        695M=0.01s

2026-07-11 21:45:55 (58.1 MB/s) - ‘/workspace/backups/cindemirlaw.com-20260711-214047/pod/index.html’ saved [630008]

--2026-07-11 21:45:55--  https://cindemirlaw.com/wp-content/uploads/2014/11/540664430-300x200.jpg
Reusing existing connection to cindemirlaw.com:443.
HTTP request sent, awaiting response... 200 OK
Length: 48151 (47K) [image/jpeg]
Saving to: ‘/workspace/backups/cindemirlaw.com-20260711-214047/wp-content/uploads/2014/11/540664430-300x200.jpg’

     0K .......... .......... .......... .......... .......   100%  374M=0s

2026-07-11 21:45:55 (374 MB/s) - ‘/workspace/backups/cindemirlaw.com-20260711-214047/wp-content/uploads/2014/11/540664430-300x200.jpg’ saved [48151/48151]

--2026-07-11 21:45:56--  https://cindemirlaw.com/wp-content/uploads/2014/11/540664430-768x512.jpg
Reusing existing connection to cindemirlaw.com:443.
HTTP request sent, awaiting response... 200 OK
Length: 214446 (209K) [image/jpeg]
Saving to: ‘/workspace/backups/cindemirlaw.com-20260711-214047/wp-content/uploads/2014/11/540664430-768x512.jpg’

     0K .......... .......... .......... .......... .......... 23%  340M 0s
    50K .......... .......... .......... .......... .......... 47%  394M 0s
   100K .......... .......... .......... .......... .......... 71%  368M 0s
   150K .......... .......... .......... .......... .......... 95%  469M 0s
   200K .........                                             100%  423M=0.001s

2026-07-11 21:45:56 (389 MB/s) - ‘/workspace/backups/cindemirlaw.com-20260711-214047/wp-content/uploads/2014/11/540664430-768x512.jpg’ saved [214446/214446]

--2026-07-11 21:45:56--  https://cindemirlaw.com/wp-content/uploads/2014/11/540664430-705x470.jpg
Reusing existing connection to cindemirlaw.com:443.
HTTP request sent, awaiting response... 200 OK
Length: 190295 (186K) [image/jpeg]
Saving to: ‘/workspace/backups/cindemirlaw.com-20260711-214047/wp-content/uploads/2014/11/540664430-705x470.jpg’

     0K .......... .......... .......... .......... .......... 26%  245M 0s
    50K .......... .......... .......... .......... .......... 53%  536M 0s
   100K .......... .......... .......... .......... .......... 80%  385M 0s
   150K .......... .......... .......... .....                100%  647M=0s

2026-07-11 21:45:56 (385 MB/s) - ‘/workspace/backups/cindemirlaw.com-20260711-214047/wp-content/uploads/2014/11/540664430-705x470.jpg’ saved [190295/190295]

--2026-07-11 21:45:57--  https://cindemirlaw.com/wp-content/uploads/2014/11/540664430.jpg
Reusing existing connection to cindemirlaw.com:443.
HTTP request sent, awaiting response... 200 OK
Length: 45511 (44K) [image/jpeg]
Saving to: ‘/workspace/backups/cindemirlaw.com-20260711-214047/wp-content/uploads/2014/11/540664430.jpg’

     0K .......... .......... .......... .......... ....      100%  112M=0s

2026-07-11 21:45:57 (112 MB/s) - ‘/workspace/backups/cindemirlaw.com-20260711-214047/wp-content/uploads/2014/11/540664430.jpg’ saved [45511/45511]

--2026-07-11 21:45:57--  https://cindemirlaw.com/how-to-lift-entry-ban-to-turkey/?lang=zh-hans
Reusing existing connection to cindemirlaw.com:443.
HTTP request sent, awaiting response... 200 OK
Length: unspecified [text/html]
Saving to: ‘/workspace/backups/cindemirlaw.com-20260711-214047/how-to-lift-entry-ban-to-turkey/index.html?lang=zh-hans.html’

     0K .......... .......... .......... .......... .......... 15.9M
    50K .......... .......... .......... .......... .......... 18.9M
   100K .......... .......... .......... .......... .......... 36.6M
   150K .......... .......... .......... .......... .......... 30.9M
   200K .......... .......... .......... .......... ..........  116M
   250K .......... .......... .......... .......... .......... 91.2M
   300K .......... .......... .......... .......... ..........  493M
   350K .......... .......... .......... .......... ..........  445M
   400K .......... .......... .......... .......... ..........  263M
   450K .......... .......... .......... .......... .......... 44.0M
   500K .......... .......... .......... .......... ..........  219M
   550K .......... .......... .......... .......... ..........  146M
   600K .......... .......... ..........                        648M=0.01s

2026-07-11 21:45:58 (52.9 MB/s) - ‘/workspace/backups/cindemirlaw.com-20260711-214047/how-to-lift-entry-ban-to-turkey/index.html?lang=zh-hans.html’ saved [645259]

--2026-07-11 21:45:58--  https://cindemirlaw.com/tag/damage/
Reusing existing connection to cindemirlaw.com:443.
HTTP request sent, awaiting response... 200 OK
Length: unspecified [text/html]
Saving to: ‘/workspace/backups/cindemirlaw.com-20260711-214047/tag/damage/index.html’

     0K .......... .......... .......... .......... .......... 18.6M
    50K .......... .......... .......... .......... .......... 31.4M
   100K .......... .......... .......... .......... .......... 16.3M
   150K .......... .......... .......... .......... .......... 61.5M
   200K .......... .......... .......... .......... .......... 55.7M
   250K .......... .......... .......... .......... ..........  169M
   300K .......... .......... .......... .......... ..........  541M
   350K .......... .......... .......... .......... .......... 78.0M
   400K .......... .......... .......... .......... ..........  252M
   450K .......... .......... .......... .......... ..........  482M
   500K .......... .......... .......... .......... ..........  256M
   550K .......... .......... .......... .......... ..........  378M
   600K .......... .....                                       8.43M=0.01s

2026-07-11 21:45:59 (48.9 MB/s) - ‘/workspace/backups/cindemirlaw.com-20260711-214047/tag/damage/index.html’ saved [630570]

--2026-07-11 21:46:00--  https://cindemirlaw.com/tag/turkish/
Reusing existing connection to cindemirlaw.com:443.
HTTP request sent, awaiting response... 200 OK
Length: unspecified [text/html]
Saving to: ‘/workspace/backups/cindemirlaw.com-20260711-214047/tag/turkish/index.html’

     0K .......... .......... .......... .......... .......... 2.77M
    50K .......... .......... .......... .......... .......... 25.5M
   100K .......... .......... .......... .......... .......... 25.7M
   150K .......... .......... .......... .......... .......... 26.3M
   200K .......... .......... .......... .......... .......... 3.15M
   250K .......... .......... .......... .......... .......... 71.8M
   300K .......... .......... .......... .......... ..........  586M
   350K .......... .......... .......... .......... .......... 32.1M
   400K .......... .......... .......... .......... ..........  451M
   450K .......... .......... .......... .......... ..........  154M
   500K .......... .......... .......... .......... ..........  504M
   550K .......... .......... .......... .......... ..........  177M
   600K .......... .......... .......... .....                 50.0M=0.04s

2026-07-11 21:46:00 (14.6 MB/s) - ‘/workspace/backups/cindemirlaw.com-20260711-214047/tag/turkish/index.html’ saved [650536]

--2026-07-11 21:46:01--  https://cindemirlaw.com/tag/injury/
Reusing existing connection to cindemirlaw.com:443.
HTTP request sent, awaiting response... 200 OK
Length: unspecified [text/html]
Saving to: ‘/workspace/backups/cindemirlaw.com-20260711-214047/tag/injury/index.html’

     0K .......... .......... .......... .......... .......... 12.4M
    50K .......... .......... .......... .......... .......... 21.8M
   100K .......... .......... .......... .......... .......... 26.1M
   150K .......... .......... .......... .......... ..........  194M
   200K .......... .......... .......... .......... ..........  160M
   250K .......... .......... .......... .......... .......... 37.2M
   300K .......... .......... .......... .......... .......... 63.4M
   350K .......... .......... .......... .......... ..........  364M
   400K .......... .......... .......... .......... ..........  549M
   450K .......... .......... .......... .......... ..........  149M
   500K .......... .......... .......... .......... ..........  121M
   550K .......... .......... .......... .......... .......... 68.1M
   600K .......... .......... .....                            98.9M=0.01s

2026-07-11 21:46:01 (48.4 MB/s) - ‘/workspace/backups/cindemirlaw.com-20260711-214047/tag/injury/index.html’ saved [640167]

--2026-07-11 21:46:02--  https://cindemirlaw.com/tag/prescription/
Reusing existing connection to cindemirlaw.com:443.
HTTP request sent, awaiting response... 200 OK
Length: unspecified [text/html]
Saving to: ‘/workspace/backups/cindemirlaw.com-20260711-214047/tag/prescription/index.html’

     0K .......... .......... .......... .......... .......... 20.7M
    50K .......... .......... .......... .......... .......... 10.9M
   100K .......... .......... .......... .......... .......... 18.7M
   150K .......... .......... .......... .......... .......... 23.5M
   200K .......... .......... .......... .......... .......... 43.8M
   250K .......... .......... .......... .......... ..........  215M
   300K .......... .......... .......... .......... ..........  474M
   350K .......... .......... .......... .......... .......... 81.2M
   400K .......... .......... .......... .......... ..........  154M
   450K .......... .......... .......... .......... ..........  157M
   500K .......... .......... .......... .......... ..........  439M
   550K .......... .......... .......... .......... ..........  386M
   600K .......... .........                                    487M=0.01s

2026-07-11 21:46:02 (41.8 MB/s) - ‘/workspace/backups/cindemirlaw.com-20260711-214047/tag/prescription/index.html’ saved [633880]

--2026-07-11 21:46:03--  https://cindemirlaw.com/wp-content/uploads/2020/06/rlandal-Turist-Konutu-Trkiyeyi-ok-Seviyorum.mp4?_=1
Reusing existing connection to cindemirlaw.com:443.
HTTP request sent, awaiting response... 200 OK
Length: 33627920 (32M) [video/mp4]
Saving to: ‘/workspace/backups/cindemirlaw.com-20260711-214047/wp-content/uploads/2020/06/rlandal-Turist-Konutu-Trkiyeyi-ok-Seviyorum.mp4?_=1’

     0K .......... .......... .......... .......... ..........  0% 70.2M 0s
    50K .......... .......... .......... .......... ..........  0%  267M 0s
   100K .......... .......... .......... .......... ..........  0%  273M 0s
   150K .......... .......... .......... .......... ..........  0%  421M 0s
   200K .......... .......... .......... .......... ..........  0%  251M 0s
   250K .......... .......... .......... .......... ..........  0%  414M 0s
   300K .......... .......... .......... .......... ..........  1%  393M 0s
   350K .......... .......... .......... .......... ..........  1%  423M 0s
   400K .......... .......... .......... .......... ..........  1%  504M 0s
   450K .......... .......... .......... .......... ..........  1%  509M 0s
   500K .......... .......... .......... .......... ..........  1%  472M 0s
   550K .......... .......... .......... .......... ..........  1%  592M 0s
   600K .......... .......... .......... .......... ..........  1%  515M 0s
   650K .......... .......... .......... .......... ..........  2%  609M 0s
   700K .......... .......... .......... .......... ..........  2%  664M 0s
   750K .......... .......... .......... .......... ..........  2%  794M 0s
   800K .......... .......... .......... .......... ..........  2%  895M 0s
   850K .......... .......... .......... .......... ..........  2%  666M 0s
   900K .......... .......... .......... .......... ..........  2%  828M 0s
   950K .......... .......... .......... .......... ..........  3%  744M 0s
  1000K .......... .......... .......... .......... ..........  3%  788M 0s
  1050K .......... .......... .......... .......... ..........  3%  824M 0s
  1100K .......... .......... .......... .......... ..........  3%  728M 0s
  1150K .......... .......... .......... .......... ..........  3%  756M 0s
  1200K .......... .......... .......... .......... ..........  3%  531M 0s
  1250K .......... .......... .......... .......... ..........  3%  913K 1s
  1300K .......... .......... .......... .......... ..........  4%  450M 1s
  1350K .......... .......... .......... .......... ..........  4%  196M 1s
  1400K .......... .......... .......... .......... ..........  4%  206M 1s
  1450K .......... .......... .......... .......... ..........  4%  159M 1s
  1500K .......... .......... .......... .......... ..........  4%  145M 1s
  1550K .......... .......... .......... .......... ..........  4%  199M 1s
  1600K .......... .......... .......... .......... ..........  5%  156M 1s
  1650K .......... .......... .......... .......... ..........  5%  348M 1s
  1700K .......... .......... .......... .......... ..........  5%  276M 1s
  1750K .......... .......... .......... .......... ..........  5%  224M 1s
  1800K .......... .......... .......... .......... ..........  5%  197M 1s
  1850K .......... .......... .......... .......... ..........  5%  244M 1s
  1900K .......... .......... .......... .......... ..........  5%  218M 1s
  1950K .......... .......... .......... .......... ..........  6%  166M 1s
  2000K .......... .......... .......... .......... ..........  6%  238M 1s
  2050K .......... .......... .......... .......... ..........  6%  235M 1s
  2100K .......... .......... .......... .......... ..........  6%  405M 1s
  2150K .......... .......... .......... .......... ..........  6%  386M 1s
  2200K .......... .......... .......... .......... ..........  6%  385M 1s
  2250K .......... .......... .......... .......... ..........  7%  541M 1s
  2300K .......... .......... .......... .......... ..........  7%  414M 1s
  2350K .......... .......... .......... .......... ..........  7%  444M 1s
  2400K .......... .......... .......... .......... ..........  7%  538M 1s
  2450K .......... .......... .......... .......... ..........  7%  467M 1s
  2500K .......... .......... .......... .......... ..........  7%  529M 1s
  2550K .......... .......... .......... .......... ..........  7%  499M 1s
  2600K .......... .......... .......... .......... ..........  8%  476M 1s
  2650K .......... .......... .......... .......... ..........  8%  793M 1s
  2700K .......... .......... .......... .......... ..........  8%  659M 1s
  2750K .......... .......... .......... .......... ..........  8%  668M 1s
  2800K .......... .......... .......... .......... ..........  8%  751M 1s
  2850K .......... .......... .......... .......... ..........  8%  617M 1s
  2900K .......... .......... .......... .......... ..........  8%  680M 1s
  2950K .......... .......... .......... .......... ..........  9%  677M 1s
  3000K .......... .......... .......... .......... ..........  9%  714M 1s
  3050K .......... .......... .......... .......... ..........  9%  648M 1s
  3100K .......... .......... .......... .......... ..........  9%  607M 1s
  3150K .......... .......... .......... .......... ..........  9%  753M 1s
  3200K .......... .......... .......... .......... ..........  9%  559M 1s
  3250K .......... .......... .......... .......... .......... 10%  716M 1s
  3300K .......... .......... .......... .......... .......... 10%  745M 1s
  3350K .......... .......... .......... .......... .......... 10%  438M 1s
  3400K .......... .......... .......... .......... .......... 10%  595M 1s
  3450K .......... .......... .......... .......... .......... 10%  454M 1s
  3500K .......... .......... .......... .......... .......... 10%  528M 1s
  3550K .......... .......... .......... .......... .......... 10%  572M 1s
  3600K .......... .......... .......... .......... .......... 11%  368M 1s
  3650K .......... .......... .......... .......... .......... 11%  385M 1s
  3700K .......... .......... .......... .......... .......... 11%  344M 1s
  3750K .......... .......... .......... .......... .......... 11%  467M 0s
  3800K .......... .......... .......... .......... .......... 11%  486M 0s
  3850K .......... .......... .......... .......... .......... 11%  376M 0s
  3900K .......... .......... .......... .......... .......... 12%  465M 0s
  3950K .......... .......... .......... .......... .......... 12%  976K 1s
  4000K .......... .......... .......... .......... .......... 12%  146M 1s
  4050K .......... .......... .......... .......... .......... 12%  403M 1s
  4100K .......... .......... .......... .......... .......... 12%  429M 1s
  4150K .......... .......... .......... .......... .......... 12%  620M 1s
  4200K .......... .......... .......... .......... .......... 12%  463M 1s
  4250K .......... .......... .......... .......... .......... 13%  614M 1s
  4300K .......... .......... .......... .......... .......... 13%  490M 1s
  4350K .......... .......... .......... .......... .......... 13%  523M 1s
  4400K .......... .......... .......... .......... .......... 13%  511M 1s
  4450K .......... .......... .......... .......... .......... 13%  508M 1s
  4500K .......... .......... .......... .......... .......... 13%  760M 1s
  4550K .......... .......... .......... .......... .......... 14%  767M 1s
  4600K .......... .......... .......... .......... .......... 14%  659M 1s
  4650K .......... .......... .......... .......... .......... 14%  623M 1s
  4700K .......... .......... .......... .......... .......... 14%  396M 1s
  4750K .......... .......... .......... .......... .......... 14%  463M 1s
  4800K .......... .......... .......... .......... .......... 14%  461M 1s
  4850K .......... .......... .......... .......... .......... 14%  399M 1s
  4900K .......... .......... .......... .......... .......... 15%  478M 1s
  4950K .......... .......... .......... .......... .......... 15%  489M 1s
  5000K .......... .......... .......... .......... .......... 15%  537M 1s
  5050K .......... .......... .......... .......... .......... 15%  538M 1s
  5100K .......... .......... .......... .......... .......... 15%  466M 1s
  5150K .......... .......... .......... .......... .......... 15%  540M 1s
  5200K .......... .......... .......... .......... .......... 15%  419M 1s
  5250K .......... .......... .......... .......... .......... 16%  545M 1s
  5300K .......... .......... .......... .......... .......... 16%  540M 1s
  5350K .......... .......... .......... .......... .......... 16%  451M 1s
  5400K .......... .......... .......... .......... .......... 16%  547M 1s
  5450K .......... .......... .......... .......... .......... 16%  458M 1s
  5500K .......... .......... .......... .......... .......... 16%  568M 1s
  5550K .......... .......... .......... .......... .......... 17%  550M 1s
  5600K .......... .......... .......... .......... .......... 17%  459M 1s
  5650K .......... .......... .......... .......... .......... 17%  547M 1s
  5700K .......... .......... .......... .......... .......... 17%  470M 1s
  5750K .......... .......... .......... .......... .......... 17%  555M 1s
  5800K .......... .......... .......... .......... .......... 17%  512M 1s
  5850K .......... .......... .......... .......... .......... 17%  468M 1s
  5900K .......... .......... .......... .......... .......... 18%  558M 1s
  5950K .......... .......... .......... .......... .......... 18%  465M 1s
  6000K .......... .......... .......... .......... .......... 18%  534M 1s
  6050K .......... .......... .......... .......... .......... 18%  519M 1s
  6100K .......... .......... .......... .......... .......... 18%  453M 1s
  6150K .......... .......... .......... .......... .......... 18%  572M 1s
  6200K .......... .......... .......... .......... .......... 19%  441M 1s
  6250K .......... .......... .......... .......... .......... 19%  501M 1s
  6300K .......... .......... .......... .......... .......... 19%  575M 1s
  6350K .......... .......... .......... .......... .......... 19%  464M 1s
  6400K .......... .......... .......... .......... .......... 19%  530M 0s
  6450K .......... .......... .......... .......... .......... 19%  466M 0s
  6500K .......... .......... .......... .......... .......... 19%  541M 0s
  6550K .......... .......... .......... .......... .......... 20%  517M 0s
  6600K .......... .......... .......... .......... .......... 20%  437M 0s
  6650K .......... .......... .......... .......... .......... 20%  411M 0s
  6700K .......... .......... .......... .......... .......... 20%  469M 0s
  6750K .......... .......... .......... .......... .......... 20%  632M 0s
  6800K .......... .......... .......... .......... .......... 20%  660M 0s
  6850K .......... .......... .......... .......... .......... 21%  458M 0s
  6900K .......... .......... .......... .......... .......... 21%  573M 0s
  6950K .......... .......... .......... .......... .......... 21%  571M 0s
  7000K .......... .......... .......... .......... .......... 21%  642M 0s
  7050K .......... .......... .......... .......... .......... 21%  609M 0s
  7100K .......... .......... .......... .......... .......... 21%  537M 0s
  7150K .......... .......... .......... .......... .......... 21%  465M 0s
  7200K .......... .......... .......... .......... .......... 22%  389M 0s
  7250K .......... .......... .......... .......... .......... 22%  485M 0s
  7300K .......... .......... .......... .......... .......... 22%  505M 0s
  7350K .......... .......... .......... .......... .......... 22%  407M 0s
  7400K .......... .......... .......... .......... .......... 22%  448M 0s
  7450K .......... .......... .......... .......... .......... 22%  456M 0s
  7500K .......... .......... .......... .......... .......... 22%  511M 0s
  7550K .......... .......... .......... .......... .......... 23%  514M 0s
  7600K .......... .......... .......... .......... .......... 23%  945K 1s
  7650K .......... .......... .......... .......... .......... 23%  425M 1s
  7700K .......... .......... .......... .......... .......... 23%  454M 1s
  7750K .......... .......... .......... .......... .......... 23%  519M 1s
  7800K .......... .......... .......... .......... .......... 23%  509M 1s
  7850K .......... .......... .......... .......... .......... 24%  419M 1s
  7900K .......... .......... .......... .......... .......... 24%  449M 1s
  7950K .......... .......... .......... .......... .......... 24%  415M 1s
  8000K .......... .......... .......... .......... .......... 24%  496M 1s
  8050K .......... .......... .......... .......... .......... 24%  446M 1s
  8100K .......... .......... .......... .......... .......... 24%  406M 1s
  8150K .......... .......... .......... .......... .......... 24%  525M 1s
  8200K .......... .......... .......... .......... .......... 25%  402M 1s
  8250K .......... .......... .......... .......... .......... 25%  483M 1s
  8300K .......... .......... .......... .......... .......... 25%  493M 1s
  8350K .......... .......... .......... .......... .......... 25%  451M 1s
  8400K .......... .......... .......... .......... .......... 25%  460M 1s
  8450K .......... .......... .......... .......... .......... 25%  430M 1s
  8500K .......... .......... .......... .......... .......... 26%  534M 1s
  8550K .......... .......... .......... .......... .......... 26%  514M 1s
  8600K .......... .......... .......... .......... .......... 26%  437M 0s
  8650K .......... .......... .......... .......... .......... 26%  523M 0s
  8700K .......... .......... .......... .......... .......... 26%  453M 0s
  8750K .......... .......... .......... .......... .......... 26%  519M 0s
  8800K .......... .......... .......... .......... .......... 26%  543M 0s
  8850K .......... .......... .......... .......... .......... 27%  455M 0s
  8900K .......... .......... .......... .......... .......... 27%  482M 0s
  8950K .......... .......... .......... .......... .......... 27%  469M 0s
  9000K .......... .......... .......... .......... .......... 27%  532M 0s
  9050K .......... .......... .......... .......... .......... 27%  482M 0s
  9100K .......... .......... .......... .......... .......... 27%  432M 0s
  9150K .......... .......... .......... .......... .......... 28%  545M 0s
  9200K .......... .......... .......... .......... .......... 28%  424M 0s
  9250K .......... .......... .......... .......... .......... 28%  526M 0s
  9300K .......... .......... .......... .......... .......... 28%  541M 0s
  9350K .......... .......... .......... .......... .......... 28%  411M 0s
  9400K .......... .......... .......... .......... .......... 28%  539M 0s
  9450K .......... .......... .......... .......... .......... 28%  470M 0s
  9500K .......... .......... .......... .......... .......... 29%  531M 0s
  9550K .......... .......... .......... .......... .......... 29%  400M 0s
  9600K .......... .......... .......... .......... .......... 29%  466M 0s
  9650K .......... .......... .......... .......... .......... 29%  548M 0s
  9700K .......... .......... .......... .......... .......... 29%  413M 0s
  9750K .......... .......... .......... .......... .......... 29%  520M 0s
  9800K .......... .......... .......... .......... .......... 29%  550M 0s
  9850K .......... .......... .......... .......... .......... 30%  440M 0s
  9900K .......... .......... .......... .......... .......... 30%  432M 0s
  9950K .......... .......... .......... .......... .......... 30%  467M 0s
 10000K .......... .......... .......... .......... .......... 30%  502M 0s
 10050K .......... .......... .......... .......... .......... 30%  506M 0s
 10100K .......... .......... .......... .......... .......... 30%  454M 0s
 10150K .......... .......... .......... .......... .......... 31%  503M 0s
 10200K .......... .......... .......... .......... .......... 31%  447M 0s
 10250K .......... .......... .......... .......... .......... 31%  515M 0s
 10300K .......... .......... .......... .......... .......... 31%  529M 0s
 10350K .......... .......... .......... .......... .......... 31%  406M 0s
 10400K .......... .......... .......... .......... .......... 31%  504M 0s
 10450K .......... .......... .......... .......... .......... 31%  457M 0s
 10500K .......... .......... .......... .......... .......... 32%  534M 0s
 10550K .......... .......... .......... .......... .......... 32%  507M 0s
 10600K .......... .......... .......... .......... .......... 32%  438M 0s
 10650K .......... .......... .......... .......... .......... 32%  530M 0s
 10700K .......... .......... .......... .......... .......... 32%  928K 0s
 10750K .......... .......... .......... .......... .......... 32%  493M 0s
 10800K .......... .......... .......... .......... .......... 33%  458M 0s
 10850K .......... .......... .......... .......... .......... 33%  445M 0s
 10900K .......... .......... .......... .......... .......... 33%  505M 0s
 10950K .......... .......... .......... .......... .......... 33%  455M 0s
 11000K .......... .......... .......... .......... .......... 33%  410M 0s
 11050K .......... .......... .......... .......... .......... 33%  521M 0s
 11100K .......... .......... .......... .......... .......... 33%  439M 0s
 11150K .......... .......... .......... .......... .......... 34%  502M 0s
 11200K .......... .......... .......... .......... .......... 34%  444M 0s
 11250K .......... .......... .......... .......... .......... 34%  302M 0s
 11300K .......... .......... .......... .......... .......... 34%  532M 0s
 11350K .......... .......... .......... .......... .......... 34%  451M 0s
 11400K .......... .......... .......... .......... .......... 34%  418M 0s
 11450K .......... .......... .......... .......... .......... 35%  469M 0s
 11500K .......... .......... .......... .......... .......... 35%  522M 0s
 11550K .......... .......... .......... .......... .......... 35%  493M 0s
 11600K .......... .......... .......... .......... .......... 35%  423M 0s
 11650K .......... .......... .......... .......... .......... 35%  542M 0s
 11700K .......... .......... .......... .......... .......... 35%  446M 0s
 11750K .......... .......... .......... .......... .......... 35%  532M 0s
 11800K .......... .......... .......... .......... .......... 36%  559M 0s
 11850K .......... .......... .......... .......... .......... 36%  434M 0s
 11900K .......... .......... .......... .......... .......... 36%  510M 0s
 11950K .......... .......... .......... .......... .......... 36%  480M 0s
 12000K .......... .......... .......... .......... .......... 36%  524M 0s
 12050K .......... .......... .......... .......... .......... 36%  471M 0s
 12100K .......... .......... .......... .......... .......... 36%  438M 0s
 12150K .......... .......... .......... .......... .......... 37%  540M 0s
 12200K .......... .......... .......... .......... .......... 37%  440M 0s
 12250K .......... .......... .......... .......... .......... 37%  531M 0s
 12300K .......... .......... .......... .......... .......... 37%  541M 0s
 12350K .......... .......... .......... .......... .......... 37%  443M 0s
 12400K .......... .......... .......... .......... .......... 37%  490M 0s
 12450K .......... .......... .......... .......... .......... 38%  470M 0s
 12500K .......... .......... .......... .......... .......... 38%  512M 0s
 12550K .......... .......... .......... .......... .......... 38%  495M 0s
 12600K .......... .......... .......... .......... .......... 38%  468M 0s
 12650K .......... .......... .......... .......... .......... 38%  536M 0s
 12700K .......... .......... .......... .......... .......... 38%  490M 0s
 12750K .......... .......... .......... .......... .......... 38%  519M 0s
 12800K .......... .......... .......... .......... .......... 39%  518M 0s
 12850K .......... .......... .......... .......... .......... 39%  483M 0s
 12900K .......... .......... .......... .......... .......... 39%  525M 0s
 12950K .......... .......... .......... .......... .......... 39%  480M 0s
 13000K .......... .......... .......... .......... .......... 39%  520M 0s
 13050K .......... .......... .......... .......... .......... 39%  503M 0s
 13100K .......... .......... .......... .......... .......... 40%  453M 0s
 13150K .......... .......... .......... .......... .......... 40%  524M 0s
 13200K .......... .......... .......... .......... .......... 40%  420M 0s
 13250K .......... .......... .......... .......... .......... 40%  460M 0s
 13300K .......... .......... .......... .......... .......... 40%  520M 0s
 13350K .......... .......... .......... .......... .......... 40%  428M 0s
 13400K .......... .......... .......... .......... .......... 40%  437M 0s
 13450K .......... .......... .......... .......... .......... 41%  435M 0s
 13500K .......... .......... .......... .......... .......... 41%  487M 0s
 13550K .......... .......... .......... .......... .......... 41%  494M 0s
 13600K .......... .......... .......... .......... .......... 41%  423M 0s
 13650K .......... .......... .......... .......... .......... 41%  846K 0s
 13700K .......... .......... .......... .......... .......... 41%  503M 0s
 13750K .......... .......... .......... .......... .......... 42%  484M 0s
 13800K .......... .......... .......... .......... .......... 42%  576M 0s
 13850K .......... .......... .......... .......... .......... 42%  432M 0s
 13900K .......... .......... .......... .......... .......... 42%  415M 0s
 13950K .......... .......... .......... .......... .......... 42%  436M 0s
 14000K .......... .......... .......... .......... .......... 42%  518M 0s
 14050K .......... .......... .......... .......... .......... 42%  515M 0s
 14100K .......... .......... .......... .......... .......... 43%  473M 0s
 14150K .......... .......... .......... .......... .......... 43%  547M 0s
 14200K .......... .......... .......... .......... .......... 43%  451M 0s
 14250K .......... .......... .......... .......... .......... 43%  531M 0s
 14300K .......... .......... .......... .......... .......... 43%  472M 0s
 14350K .......... .......... .......... .......... .......... 43%  435M 0s
 14400K .......... .......... .......... .......... .......... 44%  516M 0s
 14450K .......... .......... .......... .......... .......... 44%  484M 0s
 14500K .......... .......... .......... .......... .......... 44%  519M 0s
 14550K .......... .......... .......... .......... .......... 44%  541M 0s
 14600K .......... .......... .......... .......... .......... 44%  474M 0s
 14650K .......... .......... .......... .......... .......... 44%  567M 0s
 14700K .......... .......... .......... .......... .......... 44%  453M 0s
 14750K .......... .......... .......... .......... .......... 45%  523M 0s
 14800K .......... .......... .......... .......... .......... 45%  569M 0s
 14850K .......... .......... .......... .......... .......... 45%  453M 0s
 14900K .......... .......... .......... .......... .......... 45%  527M 0s
 14950K .......... .......... .......... .......... .......... 45%  476M 0s
 15000K .......... .......... .......... .......... .......... 45%  517M 0s
 15050K .......... .......... .......... .......... .......... 45%  535M 0s
 15100K .......... .......... .......... .......... .......... 46%  465M 0s
 15150K .......... .......... .......... .......... .......... 46%  527M 0s
 15200K .......... .......... .......... .......... .......... 46%  464M 0s
 15250K .......... .......... .......... .......... .......... 46%  531M 0s
 15300K .......... .......... .......... .......... .......... 46%  555M 0s
 15350K .......... .......... .......... .......... .......... 46%  458M 0s
 15400K .......... .......... .......... .......... .......... 47%  481M 0s
 15450K .......... .......... .......... .......... .......... 47%  423M 0s
 15500K .......... .......... .......... .......... .......... 47%  525M 0s
 15550K .......... .......... .......... .......... .......... 47%  515M 0s
 15600K .......... .......... .......... .......... .......... 47%  438M 0s
 15650K .......... .......... .......... .......... .......... 47%  562M 0s
 15700K .......... .......... .......... .......... .......... 47%  462M 0s
 15750K .......... .......... .......... .......... .......... 48%  512M 0s
 15800K .......... .......... .......... .......... .......... 48%  578M 0s
 15850K .......... .......... .......... .......... .......... 48%  459M 0s
 15900K .......... .......... .......... .......... .......... 48%  484M 0s
 15950K .......... .......... .......... .......... .......... 48%  460M 0s
 16000K .......... .......... .......... .......... .......... 48%  544M 0s
 16050K .......... .......... .......... .......... .......... 49%  537M 0s
 16100K .......... .......... .......... .......... .......... 49%  446M 0s
 16150K .......... .......... .......... .......... .......... 49%  556M 0s
 16200K .......... .......... .......... .......... .......... 49%  471M 0s
 16250K .......... .......... .......... .......... .......... 49%  520M 0s
 16300K .......... .......... .......... .......... .......... 49%  559M 0s
 16350K .......... .......... .......... .......... .......... 49%  444M 0s
 16400K .......... .......... .......... .......... .......... 50%  516M 0s
 16450K .......... .......... .......... .......... .......... 50%  436M 0s
 16500K .......... .......... .......... .......... .......... 50%  531M 0s
 16550K .......... .......... .......... .......... .......... 50%  496M 0s
 16600K .......... .......... .......... .......... .......... 50%  444M 0s
 16650K .......... .......... .......... .......... .......... 50%  551M 0s
 16700K .......... .......... .......... .......... .......... 51%  443M 0s
 16750K .......... .......... .......... .......... .......... 51%  519M 0s
 16800K .......... .......... .......... .......... .......... 51%  568M 0s
 16850K .......... .......... .......... .......... .......... 51%  466M 0s
 16900K .......... .......... .......... .......... .......... 51%  512M 0s
 16950K .......... .......... .......... .......... .......... 51%  458M 0s
 17000K .......... .......... .......... .......... .......... 51%  489M 0s
 17050K .......... .......... .......... .......... .......... 52% 1.02M 0s
 17100K .......... .......... .......... .......... .......... 52%  291M 0s
 17150K .......... .......... .......... .......... .......... 52%  460M 0s
 17200K .......... .......... .......... .......... .......... 52%  357M 0s
 17250K .......... .......... .......... .......... .......... 52%  502M 0s
 17300K .......... .......... .......... .......... .......... 52%  573M 0s
 17350K .......... .......... .......... .......... .......... 52% 19.4M 0s
 17400K .......... .......... .......... .......... .......... 53%  475M 0s
 17450K .......... .......... .......... .......... .......... 53%  491M 0s
 17500K .......... .......... .......... .......... .......... 53%  412M 0s
 17550K .......... .......... .......... .......... .......... 53%  414M 0s
 17600K .......... .......... .......... .......... .......... 53%  380M 0s
 17650K .......... .......... .......... .......... .......... 53%  502M 0s
 17700K .......... .......... .......... .......... .......... 54%  441M 0s
 17750K .......... .......... .......... .......... .......... 54% 69.1M 0s
 17800K .......... .......... .......... .......... .......... 54%  486M 0s
 17850K .......... .......... .......... .......... .......... 54%  408M 0s
 17900K .......... .......... .......... .......... .......... 54%  501M 0s
 17950K .......... .......... .......... .......... .......... 54%  408M 0s
 18000K .......... .......... .......... .......... .......... 54%  423M 0s
 18050K .......... .......... .......... .......... .......... 55%  490M 0s
 18100K .......... .......... .......... .......... .......... 55%  433M 0s
 18150K .......... .......... .......... .......... .......... 55%  578M 0s
 18200K .......... .......... .......... .......... .......... 55%  469M 0s
 18250K .......... .......... .......... .......... .......... 55%  532M 0s
 18300K .......... .......... .......... .......... .......... 55%  588M 0s
 18350K .......... .......... .......... .......... .......... 56%  398M 0s
 18400K .......... .......... .......... .......... .......... 56%  462M 0s
 18450K .......... .......... .......... .......... .......... 56%  451M 0s
 18500K .......... .......... .......... .......... .......... 56%  544M 0s
 18550K .......... .......... .......... .......... .......... 56%  535M 0s
 18600K .......... .......... .......... .......... .......... 56%  433M 0s
 18650K .......... .......... .......... .......... .......... 56%  582M 0s
 18700K .......... .......... .......... .......... .......... 57%  458M 0s
 18750K .......... .......... .......... .......... .......... 57%  502M 0s
 18800K .......... .......... .......... .......... .......... 57%  544M 0s
 18850K .......... .......... .......... .......... .......... 57%  487M 0s
 18900K .......... .......... .......... .......... .......... 57%  476M 0s
 18950K .......... .......... .......... .......... .......... 57%  496M 0s
 19000K .......... .......... .......... .......... .......... 58%  610M 0s
 19050K .......... .......... .......... .......... .......... 58%  572M 0s
 19100K .......... .......... .......... .......... .......... 58%  547M 0s
 19150K .......... .......... .......... .......... .......... 58%  842K 0s
 19200K .......... .......... .......... .......... .......... 58%  437M 0s
 19250K .......... .......... .......... .......... .......... 58%  792M 0s
 19300K .......... .......... .......... .......... .......... 58%  785M 0s
 19350K .......... .......... .......... .......... .......... 59%  559M 0s
 19400K .......... .......... .......... .......... .......... 59%  631M 0s
 19450K .......... .......... .......... .......... .......... 59%  645M 0s
 19500K .......... .......... .......... .......... .......... 59%  703M 0s
 19550K .......... .......... .......... .......... .......... 59%  710M 0s
 19600K .......... .......... .......... .......... .......... 59%  557M 0s
 19650K .......... .......... .......... .......... .......... 59%  700M 0s
 19700K .......... .......... .......... .......... .......... 60%  610M 0s
 19750K .......... .......... .......... .......... .......... 60%  717M 0s
 19800K .......... .......... .......... .......... .......... 60%  792M 0s
 19850K .......... .......... .......... .......... .......... 60% 69.4M 0s
 19900K .......... .......... .......... .......... .......... 60%  404M 0s
 19950K .......... .......... .......... .......... .......... 60%  565M 0s
 20000K .......... .......... .......... .......... .......... 61%  504M 0s
 20050K .......... .......... .......... .......... .......... 61%  746M 0s
 20100K .......... .......... .......... .......... .......... 61%  601M 0s
 20150K .......... .......... .......... .......... .......... 61%  544M 0s
 20200K .......... .......... .......... .......... .......... 61%  572M 0s
 20250K .......... .......... .......... .......... .......... 61%  742M 0s
 20300K .......... .......... .......... .......... .......... 61%  708M 0s
 20350K .......... .......... .......... .......... .......... 62%  600M 0s
 20400K .......... .......... .......... .......... .......... 62%  727M 0s
 20450K .......... .......... .......... .......... .......... 62%  591M 0s
 20500K .......... .......... .......... .......... .......... 62%  716M 0s
 20550K .......... .......... .......... .......... .......... 62%  723M 0s
 20600K .......... .......... .......... .......... .......... 62%  577M 0s
 20650K .......... .......... .......... .......... .......... 63%  788M 0s
 20700K .......... .......... .......... .......... .......... 63%  606M 0s
 20750K .......... .......... .......... .......... .......... 63%  648M 0s
 20800K .......... .......... .......... .......... .......... 63%  605M 0s
 20850K .......... .......... .......... .......... .......... 63%  501M 0s
 20900K .......... .......... .......... .......... .......... 63%  460M 0s
 20950K .......... .......... .......... .......... .......... 63%  392M 0s
 21000K .......... .......... .......... .......... .......... 64%  503M 0s
 21050K .......... .......... .......... .......... .......... 64%  509M 0s
 21100K .......... .......... .......... .......... .......... 64%  421M 0s
 21150K .......... .......... .......... .......... .......... 64%  522M 0s
 21200K .......... .......... .......... .......... .......... 64%  439M 0s
 21250K .......... .......... .......... .......... .......... 64%  431M 0s
 21300K .......... .......... .......... .......... .......... 65%  512M 0s
 21350K .......... .......... .......... .......... .......... 65%  439M 0s
 21400K .......... .......... .......... .......... .......... 65%  486M 0s
 21450K .......... .......... .......... .......... .......... 65%  453M 0s
 21500K .......... .......... .......... .......... .......... 65%  507M 0s
 21550K .......... .......... .......... .......... .......... 65%  496M 0s
 21600K .......... .......... .......... .......... .......... 65%  431M 0s
 21650K .......... .......... .......... .......... .......... 66%  523M 0s
 21700K .......... .......... .......... .......... .......... 66%  425M 0s
 21750K .......... .......... .......... .......... .......... 66%  489M 0s
 21800K .......... .......... .......... .......... .......... 66%  513M 0s
 21850K .......... .......... .......... .......... .......... 66%  426M 0s
 21900K .......... .......... .......... .......... .......... 66%  497M 0s
 21950K .......... .......... .......... .......... .......... 66%  433M 0s
 22000K .......... .......... .......... .......... .......... 67%  390M 0s
 22050K .......... .......... .......... .......... .......... 67%  499M 0s
 22100K .......... .......... .......... .......... .......... 67%  429M 0s
 22150K .......... .......... .......... .......... .......... 67%  478M 0s
 22200K .......... .......... .......... .......... .......... 67%  383M 0s
 22250K .......... .......... .......... .......... .......... 67%  478M 0s
 22300K .......... .......... .......... .......... .......... 68%  490M 0s
 22350K .......... .......... .......... .......... .......... 68%  408M 0s
 22400K .......... .......... .......... .......... .......... 68%  480M 0s
 22450K .......... .......... .......... .......... .......... 68%  418M 0s
 22500K .......... .......... .......... .......... .......... 68%  455M 0s
 22550K .......... .......... .......... .......... .......... 68%  460M 0s
 22600K .......... .......... .......... .......... .......... 68%  404M 0s
 22650K .......... .......... .......... .......... .......... 69%  470M 0s
 22700K .......... .......... .......... .......... .......... 69%  375M 0s
 22750K .......... .......... .......... .......... .......... 69%  457M 0s
 22800K .......... .......... .......... .......... .......... 69%  450M 0s
 22850K .......... .......... .......... .......... .......... 69% 1.14M 0s
 22900K .......... .......... .......... .......... .......... 69% 5.32M 0s
 22950K .......... .......... .......... .......... .......... 70%  370M 0s
 23000K .......... .......... .......... .......... .......... 70%  431M 0s
 23050K .......... .......... .......... .......... .......... 70%  455M 0s
 23100K .......... .......... .......... .......... .......... 70%  427M 0s
 23150K .......... .......... .......... .......... .......... 70%  492M 0s
 23200K .......... .......... .......... .......... .......... 70%  454M 0s
 23250K .......... .......... .......... .......... .......... 70%  512M 0s
 23300K .......... .......... .......... .......... .......... 71%  567M 0s
 23350K .......... .......... .......... .......... .......... 71%  431M 0s
 23400K .......... .......... .......... .......... .......... 71%  506M 0s
 23450K .......... .......... .......... .......... .......... 71%  468M 0s
 23500K .......... .......... .......... .......... .......... 71%  530M 0s
 23550K .......... .......... .......... .......... .......... 71%  468M 0s
 23600K .......... .......... .......... .......... .......... 72%  400M 0s
 23650K .......... .......... .......... .......... .......... 72%  456M 0s
 23700K .......... .......... .......... .......... .......... 72%  373M 0s
 23750K .......... .......... .......... .......... .......... 72%  445M 0s
 23800K .......... .......... .......... .......... .......... 72%  437M 0s
 23850K .......... .......... .......... .......... .......... 72%  435M 0s
 23900K .......... .......... .......... .......... .......... 72%  484M 0s
 23950K .......... .......... .......... .......... .......... 73%  470M 0s
 24000K .......... .......... .......... .......... .......... 73%  550M 0s
 24050K .......... .......... .......... .......... .......... 73%  489M 0s
 24100K .......... .......... .......... .......... .......... 73%  445M 0s
 24150K .......... .......... .......... .......... .......... 73%  553M 0s
 24200K .......... .......... .......... .......... .......... 73%  390M 0s
 24250K .......... .......... .......... .......... .......... 73%  517M 0s
 24300K .......... .......... .......... .......... .......... 74%  546M 0s
 24350K .......... .......... .......... .......... .......... 74%  433M 0s
 24400K .......... .......... .......... .......... .......... 74%  522M 0s
 24450K .......... .......... .......... .......... .......... 74%  476M 0s
 24500K .......... .......... .......... .......... .......... 74%  526M 0s
 24550K .......... .......... .......... .......... .......... 74%  487M 0s
 24600K .......... .......... .......... .......... .......... 75%  451M 0s
 24650K .......... .......... .......... .......... .......... 75%  522M 0s
 24700K .......... .......... .......... .......... .......... 75%  365M 0s
 24750K .......... .......... .......... .......... .......... 75%  528M 0s
 24800K .......... .......... .......... .......... .......... 75%  463M 0s
 24850K .......... .......... .......... .......... .......... 75%  405M 0s
 24900K .......... .......... .......... .......... .......... 75%  461M 0s
 24950K .......... .......... .......... .......... .......... 76%  385M 0s
 25000K .......... .......... .......... .......... .......... 76%  490M 0s
 25050K .......... .......... .......... .......... .......... 76%  500M 0s
 25100K .......... .......... .......... .......... .......... 76%  450M 0s
 25150K .......... .......... .......... .......... .......... 76%  532M 0s
 25200K .......... .......... .......... .......... .......... 76%  449M 0s
 25250K .......... .......... .......... .......... .......... 77%  533M 0s
 25300K .......... .......... .......... .......... .......... 77% 1.11M 0s
 25350K .......... .......... .......... .......... .......... 77%  378M 0s
 25400K .......... .......... .......... .......... .......... 77%  559M 0s
 25450K .......... .......... .......... .......... .......... 77%  446M 0s
 25500K .......... .......... .......... .......... .......... 77%  533M 0s
 25550K .......... .......... .......... .......... .......... 77%  523M 0s
 25600K .......... .......... .......... .......... .......... 78%  439M 0s
 25650K .......... .......... .......... .......... .......... 78%  523M 0s
 25700K .......... .......... .......... .......... .......... 78%  460M 0s
 25750K .......... .......... .......... .......... .......... 78%  505M 0s
 25800K .......... .......... .......... .......... .......... 78%  542M 0s
 25850K .......... .......... .......... .......... .......... 78%  460M 0s
 25900K .......... .......... .......... .......... .......... 79%  460M 0s
 25950K .......... .......... .......... .......... .......... 79%  483M 0s
 26000K .......... .......... .......... .......... .......... 79%  519M 0s
 26050K .......... .......... .......... .......... .......... 79%  491M 0s
 26100K .......... .......... .......... .......... .......... 79%  451M 0s
 26150K .......... .......... .......... .......... .......... 79%  546M 0s
 26200K .......... .......... .......... .......... .......... 79%  446M 0s
 26250K .......... .......... .......... .......... .......... 80%  531M 0s
 26300K .......... .......... .......... .......... .......... 80%  527M 0s
 26350K .......... .......... .......... .......... .......... 80%  453M 0s
 26400K .......... .......... .......... .......... .......... 80%  502M 0s
 26450K .......... .......... .......... .......... .......... 80% 7.08M 0s
 26500K .......... .......... .......... .......... .......... 80%  110M 0s
 26550K .......... .......... .......... .......... .......... 80% 29.7M 0s
 26600K .......... .......... .......... .......... .......... 81%  417M 0s
 26650K .......... .......... .......... .......... .......... 81%  588M 0s
 26700K .......... .......... .......... .......... .......... 81%  336M 0s
 26750K .......... .......... .......... .......... .......... 81%  519M 0s
 26800K .......... .......... .......... .......... .......... 81%  506M 0s
 26850K .......... .......... .......... .......... .......... 81%  443M 0s
 26900K .......... .......... .......... .......... .......... 82%  514M 0s
 26950K .......... .......... .......... .......... .......... 82%  470M 0s
 27000K .......... .......... .......... .......... .......... 82%  506M 0s
 27050K .......... .......... .......... .......... .......... 82%  476M 0s
 27100K .......... .......... .......... .......... .......... 82%  458M 0s
 27150K .......... .......... .......... .......... .......... 82%  532M 0s
 27200K .......... .......... .......... .......... .......... 82%  454M 0s
 27250K .......... .......... .......... .......... .......... 83%  528M 0s
 27300K .......... .......... .......... .......... .......... 83%  524M 0s
 27350K .......... .......... .......... .......... .......... 83%  437M 0s
 27400K .......... .......... .......... .......... .......... 83%  506M 0s
 27450K .......... .......... .......... .......... .......... 83%  439M 0s
 27500K .......... .......... .......... .......... .......... 83%  524M 0s
 27550K .......... .......... .......... .......... .......... 84%  510M 0s
 27600K .......... .......... .......... .......... .......... 84%  429M 0s
 27650K .......... .......... .......... .......... .......... 84%  510M 0s
 27700K .......... .......... .......... .......... .......... 84%  445M 0s
 27750K .......... .......... .......... .......... .......... 84%  475M 0s
 27800K .......... .......... .......... .......... .......... 84%  418M 0s
 27850K .......... .......... .......... .......... .......... 84%  464M 0s
 27900K .......... .......... .......... .......... .......... 85%  524M 0s
 27950K .......... .......... .......... .......... .......... 85%  465M 0s
 28000K .......... .......... .......... .......... .......... 85%  540M 0s
 28050K .......... .......... .......... .......... .......... 85%  512M 0s
 28100K .......... .......... .......... .......... .......... 85%  448M 0s
 28150K .......... .......... .......... .......... .......... 85%  466M 0s
 28200K .......... .......... .......... .......... .......... 86%  449M 0s
 28250K .......... .......... .......... .......... .......... 86%  437M 0s
 28300K .......... .......... .......... .......... .......... 86%  542M 0s
 28350K .......... .......... .......... .......... .......... 86%  446M 0s
 28400K .......... .......... .......... .......... .......... 86%  482M 0s
 28450K .......... .......... .......... .......... .......... 86%  476M 0s
 28500K .......... .......... .......... .......... .......... 86%  518M 0s
 28550K .......... .......... .......... .......... .......... 87%  504M 0s
 28600K .......... .......... .......... .......... .......... 87%  467M 0s
 28650K .......... .......... .......... .......... .......... 87%  537M 0s
 28700K .......... .......... .......... .......... .......... 87%  437M 0s
 28750K .......... .......... .......... .......... .......... 87%  514M 0s
 28800K .......... .......... .......... .......... .......... 87%  550M 0s
 28850K .......... .......... .......... .......... .......... 88%  451M 0s
 28900K .......... .......... .......... .......... .......... 88%  969K 0s
 28950K .......... .......... .......... .......... .......... 88% 95.5M 0s
 29000K .......... .......... .......... .......... .......... 88%  544M 0s
 29050K .......... .......... .......... .......... .......... 88%  472M 0s
 29100K .......... .......... .......... .......... .......... 88%  445M 0s
 29150K .......... .......... .......... .......... .......... 88%  541M 0s
 29200K .......... .......... .......... .......... .......... 89%  413M 0s
 29250K .......... .......... .......... .......... .......... 89%  520M 0s
 29300K .......... .......... .......... .......... .......... 89%  538M 0s
 29350K .......... .......... .......... .......... .......... 89%  374M 0s
 29400K .......... .......... .......... .......... .......... 89%  511M 0s
 29450K .......... .......... .......... .......... .......... 89%  447M 0s
 29500K .......... .......... .......... .......... .......... 89%  490M 0s
 29550K .......... .......... .......... .......... .......... 90%  514M 0s
 29600K .......... .......... .......... .......... .......... 90%  451M 0s
 29650K .......... .......... .......... .......... .......... 90%  533M 0s
 29700K .......... .......... .......... .......... .......... 90%  450M 0s
 29750K .......... .......... .......... .......... .......... 90%  403M 0s
 29800K .......... .......... .......... .......... .......... 90%  434M 0s
 29850K .......... .......... .......... .......... .......... 91%  467M 0s
 29900K .......... .......... .......... .......... .......... 91%  514M 0s
 29950K .......... .......... .......... .......... .......... 91%  463M 0s
 30000K .......... .......... .......... .......... .......... 91%  532M 0s
 30050K .......... .......... .......... .......... .......... 91%  521M 0s
 30100K .......... .......... .......... .......... .......... 91%  446M 0s
 30150K .......... .......... .......... .......... .......... 91% 53.1M 0s
 30200K .......... .......... .......... .......... .......... 92% 93.0M 0s
 30250K .......... .......... .......... .......... .......... 92%  469M 0s
 30300K .......... .......... .......... .......... .......... 92%  482M 0s
 30350K .......... .......... .......... .......... .......... 92%  408M 0s
 30400K .......... .......... .......... .......... .......... 92%  521M 0s
 30450K .......... .......... .......... .......... .......... 92%  444M 0s
 30500K .......... .......... .......... .......... .......... 93%  499M 0s
 30550K .......... .......... .......... .......... .......... 93%  520M 0s
 30600K .......... .......... .......... .......... .......... 93%  444M 0s
 30650K .......... .......... .......... .......... .......... 93%  514M 0s
 30700K .......... .......... .......... .......... .......... 93%  448M 0s
 30750K .......... .......... .......... .......... .......... 93%  498M 0s
 30800K .......... .......... .......... .......... .......... 93%  545M 0s
 30850K .......... .......... .......... .......... .......... 94%  433M 0s
 30900K .......... .......... .......... .......... .......... 94%  419M 0s
 30950K .......... .......... .......... .......... .......... 94%  439M 0s
 31000K .......... .......... .......... .......... .......... 94%  483M 0s
 31050K .......... .......... .......... .......... .......... 94%  471M 0s
 31100K .......... .......... .......... .......... .......... 94%  373M 0s
 31150K .......... .......... .......... .......... .......... 95%  502M 0s
 31200K .......... .......... .......... .......... .......... 95%  401M 0s
 31250K .......... .......... .......... .......... .......... 95%  456M 0s
 31300K .......... .......... .......... .......... .......... 95%  515M 0s
 31350K .......... .......... .......... .......... .......... 95%  389M 0s
 31400K .......... .......... .......... .......... .......... 95%  470M 0s
 31450K .......... .......... .......... .......... .......... 95%  436M 0s
 31500K .......... .......... .......... .......... .......... 96%  480M 0s
 31550K .......... .......... .......... .......... .......... 96%  394M 0s
 31600K .......... .......... .......... .......... .......... 96%  412M 0s
 31650K .......... .......... .......... .......... .......... 96%  502M 0s
 31700K .......... .......... .......... .......... .......... 96%  400M 0s
 31750K .......... .......... .......... .......... .......... 96%  489M 0s
 31800K .......... .......... .......... .......... .......... 96%  491M 0s
 31850K .......... .......... .......... .......... .......... 97%  400M 0s
 31900K .......... .......... .......... .......... .......... 97%  483M 0s
 31950K .......... .......... .......... .......... .......... 97%  442M 0s
 32000K .......... .......... .......... .......... .......... 97%  457M 0s
 32050K .......... .......... .......... .......... .......... 97%  472M 0s
 32100K .......... .......... .......... .......... .......... 97%  404M 0s
 32150K .......... .......... .......... .......... .......... 98%  485M 0s
 32200K .......... .......... .......... .......... .......... 98%  411M 0s
 32250K .......... .......... .......... .......... .......... 98%  463M 0s
 32300K .......... .......... .......... .......... .......... 98%  486M 0s
 32350K .......... .......... .......... .......... .......... 98%  400M 0s
 32400K .......... .......... .......... .......... .......... 98%  475M 0s
 32450K .......... .......... .......... .......... .......... 98% 1.01M 0s
 32500K .......... .......... .......... .......... .......... 99%  102M 0s
 32550K .......... .......... .......... .......... .......... 99% 20.5M 0s
 32600K .......... .......... .......... .......... .......... 99%  349M 0s
 32650K .......... .......... .......... .......... .......... 99%  405M 0s
 32700K .......... .......... .......... .......... .......... 99%  394M 0s
 32750K .......... .......... .......... .......... .......... 99% 71.6M 0s
 32800K .......... .......... .......... .........            100%  465M=0.7s

2026-07-11 21:46:04 (48.6 MB/s) - ‘/workspace/backups/cindemirlaw.com-20260711-214047/wp-content/uploads/2020/06/rlandal-Turist-Konutu-Trkiyeyi-ok-Seviyorum.mp4?_=1’ saved [33627920/33627920]

--2026-07-11 21:46:05--  https://cindemirlaw.com/wp-content/uploads/2020/06/rlandal-Turist-Konutu-Trkiyeyi-ok-Seviyorum.mp4
Reusing existing connection to cindemirlaw.com:443.
HTTP request sent, awaiting response... 200 OK
Length: 33627920 (32M) [video/mp4]
Saving to: ‘/workspace/backups/cindemirlaw.com-20260711-214047/wp-content/uploads/2020/06/rlandal-Turist-Konutu-Trkiyeyi-ok-Seviyorum.mp4’

     0K .......... .......... .......... .......... ..........  0%  114M 0s
    50K .......... .......... .......... .......... ..........  0%  641M 0s
   100K .......... .......... .......... .......... ..........  0%  426M 0s
   150K .......... .......... .......... .......... ..........  0%  496M 0s
   200K .......... .......... .......... .......... ..........  0%  363M 0s
   250K .......... .......... .......... .......... ..........  0%  431M 0s
   300K .......... .......... .......... .......... ..........  1%  444M 0s
   350K .......... .......... .......... .......... ..........  1%  447M 0s
   400K .......... .......... .......... .......... ..........  1%  504M 0s
   450K .......... .......... .......... .......... ..........  1%  470M 0s
   500K .......... .......... .......... .......... ..........  1%  486M 0s
   550K .......... .......... .......... .......... ..........  1%  455M 0s
   600K .......... .......... .......... .......... ..........  1%  404M 0s
   650K .......... .......... .......... .......... ..........  2%  505M 0s
   700K .......... .......... .......... .......... ..........  2%  422M 0s
   750K .......... .......... .......... .......... ..........  2%  534M 0s
   800K .......... .......... .......... .......... ..........  2%  542M 0s
   850K .......... .......... .......... .......... ..........  2%  441M 0s
   900K .......... .......... .......... .......... ..........  2%  521M 0s
   950K .......... .......... .......... .......... ..........  3%  463M 0s
  1000K .......... .......... .......... .......... ..........  3%  431M 0s
  1050K .......... .......... .......... .......... ..........  3%  704M 0s
  1100K .......... .......... .......... .......... ..........  3%  581M 0s
  1150K .......... .......... .......... .......... ..........  3%  743M 0s
  1200K .......... .......... .......... .......... ..........  3%  585M 0s
  1250K .......... .......... .......... .......... ..........  3%  723M 0s
  1300K .......... .......... .......... .......... ..........  4%  737M 0s
  1350K .......... .......... .......... .......... ..........  4%  611M 0s
  1400K .......... .......... .......... .......... ..........  4%  599M 0s
  1450K .......... .......... .......... .......... ..........  4%  523M 0s
  1500K .......... .......... .......... .......... ..........  4%  562M 0s
  1550K .......... .......... .......... .......... ..........  4%  638M 0s
  1600K .......... .......... .......... .......... ..........  5%  518M 0s
  1650K .......... .......... .......... .......... ..........  5%  578M 0s
  1700K .......... .......... .......... .......... ..........  5%  599M 0s
  1750K .......... .......... .......... .......... ..........  5%  616M 0s
  1800K .......... .......... .......... .......... ..........  5%  657M 0s
  1850K .......... .......... .......... .......... ..........  5%  583M 0s
  1900K .......... .......... .......... .......... ..........  5%  741M 0s
  1950K .......... .......... .......... .......... ..........  6%  560M 0s
  2000K .......... .......... .......... .......... ..........  6%  692M 0s
  2050K .......... .......... .......... .......... ..........  6%  679M 0s
  2100K .......... .......... .......... .......... ..........  6%  555M 0s
  2150K .......... .......... .......... .......... ..........  6%  596M 0s
  2200K .......... .......... .......... .......... ..........  6%  595M 0s
  2250K .......... .......... .......... .......... ..........  7%  654M 0s
  2300K .......... .......... .......... .......... ..........  7%  737M 0s
  2350K .......... .......... .......... .......... ..........  7%  429M 0s
  2400K .......... .......... .......... .......... ..........  7%  475M 0s
  2450K .......... .......... .......... .......... ..........  7%  412M 0s
  2500K .......... .......... .......... .......... ..........  7%  493M 0s
  2550K .......... .......... .......... .......... ..........  7%  466M 0s
  2600K .......... .......... .......... .......... ..........  8%  395M 0s
  2650K .......... .......... .......... .......... ..........  8%  491M 0s
  2700K .......... .......... .......... .......... ..........  8%  415M 0s
  2750K .......... .......... .......... .......... ..........  8%  463M 0s
  2800K .......... .......... .......... .......... ..........  8%  442M 0s
  2850K .......... .......... .......... .......... ..........  8%  402M 0s
  2900K .......... .......... .......... .......... ..........  8%  463M 0s
  2950K .......... .......... .......... .......... ..........  9%  436M 0s
  3000K .......... .......... .......... .......... ..........  9%  471M 0s
  3050K .......... .......... .......... .......... ..........  9%  459M 0s
  3100K .......... .......... .......... .......... ..........  9%  421M 0s
  3150K .......... .......... .......... .......... ..........  9%  535M 0s
  3200K .......... .......... .......... .......... ..........  9%  850K 1s
  3250K .......... .......... .......... .......... .......... 10%  447M 1s
  3300K .......... .......... .......... .......... .......... 10%  442M 1s
  3350K .......... .......... .......... .......... .......... 10%  966K 1s
  3400K .......... .......... .......... .......... .......... 10% 16.1M 1s
  3450K .......... .......... .......... .......... .......... 10%  393M 1s
  3500K .......... .......... .......... .......... .......... 10%  426M 1s
  3550K .......... .......... .......... .......... .......... 10%  425M 1s
  3600K .......... .......... .......... .......... .......... 11%  355M 1s
  3650K .......... .......... .......... .......... .......... 11%  497M 1s
  3700K .......... .......... .......... .......... .......... 11%  409M 1s
  3750K .......... .......... .......... .......... .......... 11%  486M 1s
  3800K .......... .......... .......... .......... .......... 11%  543M 1s
  3850K .......... .......... .......... .......... .......... 11%  433M 1s
  3900K .......... .......... .......... .......... .......... 12%  520M 1s
  3950K .......... .......... .......... .......... .......... 12%  461M 1s
  4000K .......... .......... .......... .......... .......... 12%  508M 1s
  4050K .......... .......... .......... .......... .......... 12%  515M 1s
  4100K .......... .......... .......... .......... .......... 12%  453M 1s
  4150K .......... .......... .......... .......... .......... 12%  520M 1s
  4200K .......... .......... .......... .......... .......... 12%  444M 1s
  4250K .......... .......... .......... .......... .......... 13%  518M 1s
  4300K .......... .......... .......... .......... .......... 13%  523M 1s
  4350K .......... .......... .......... .......... .......... 13%  449M 1s
  4400K .......... .......... .......... .......... .......... 13%  514M 1s
  4450K .......... .......... .......... .......... .......... 13%  404M 1s
  4500K .......... .......... .......... .......... .......... 13%  518M 1s
  4550K .......... .......... .......... .......... .......... 14%  497M 1s
  4600K .......... .......... .......... .......... .......... 14%  443M 1s
  4650K .......... .......... .......... .......... .......... 14%  553M 1s
  4700K .......... .......... .......... .......... .......... 14%  431M 1s
  4750K .......... .......... .......... .......... .......... 14%  501M 1s
  4800K .......... .......... .......... .......... .......... 14%  447M 1s
  4850K .......... .......... .......... .......... .......... 14%  419M 1s
  4900K .......... .......... .......... .......... .......... 15%  510M 1s
  4950K .......... .......... .......... .......... .......... 15%  449M 1s
  5000K .......... .......... .......... .......... .......... 15%  512M 1s
  5050K .......... .......... .......... .......... .......... 15%  526M 1s
  5100K .......... .......... .......... .......... .......... 15%  422M 1s
  5150K .......... .......... .......... .......... .......... 15%  547M 1s
  5200K .......... .......... .......... .......... .......... 15%  439M 1s
  5250K .......... .......... .......... .......... .......... 16%  499M 1s
  5300K .......... .......... .......... .......... .......... 16%  536M 1s
  5350K .......... .......... .......... .......... .......... 16%  439M 1s
  5400K .......... .......... .......... .......... .......... 16%  499M 1s
  5450K .......... .......... .......... .......... .......... 16%  462M 1s
  5500K .......... .......... .......... .......... .......... 16%  519M 1s
  5550K .......... .......... .......... .......... .......... 17%  487M 1s
  5600K .......... .......... .......... .......... .......... 17%  437M 1s
  5650K .......... .......... .......... .......... .......... 17%  541M 1s
  5700K .......... .......... .......... .......... .......... 17%  439M 1s
  5750K .......... .......... .......... .......... .......... 17%  528M 1s
  5800K .......... .......... .......... .......... .......... 17%  543M 1s
  5850K .......... .......... .......... .......... .......... 17%  445M 1s
  5900K .......... .......... .......... .......... .......... 18%  525M 1s
  5950K .......... .......... .......... .......... .......... 18%  475M 1s
  6000K .......... .......... .......... .......... .......... 18%  522M 1s
  6050K .......... .......... .......... .......... .......... 18%  518M 1s
  6100K .......... .......... .......... .......... .......... 18%  451M 1s
  6150K .......... .......... .......... .......... .......... 18%  553M 1s
  6200K .......... .......... .......... .......... .......... 19%  430M 1s
  6250K .......... .......... .......... .......... .......... 19%  464M 1s
  6300K .......... .......... .......... .......... .......... 19%  526M 1s
  6350K .......... .......... .......... .......... .......... 19%  434M 1s
  6400K .......... .......... .......... .......... .......... 19%  510M 1s
  6450K .......... .......... .......... .......... .......... 19%  384M 1s
  6500K .......... .......... .......... .......... .......... 19%  656M 1s
  6550K .......... .......... .......... .......... .......... 20%  564M 1s
  6600K .......... .......... .......... .......... .......... 20%  608M 0s
  6650K .......... .......... .......... .......... .......... 20%  676M 0s
  6700K .......... .......... .......... .......... .......... 20%  590M 0s
  6750K .......... .......... .......... .......... .......... 20%  716M 0s
  6800K .......... .......... .......... .......... .......... 20%  723M 0s
  6850K .......... .......... .......... .......... .......... 21%  619M 0s
  6900K .......... .......... .......... .......... .......... 21%  700M 0s
  6950K .......... .......... .......... .......... .......... 21%  601M 0s
  7000K .......... .......... .......... .......... .......... 21%  992K 1s
  7050K .......... .......... .......... .......... .......... 21% 89.9M 1s
  7100K .......... .......... .......... .......... .......... 21%  499M 1s
  7150K .......... .......... .......... .......... .......... 21%  639M 1s
  7200K .......... .......... .......... .......... .......... 22%  404M 1s
  7250K .......... .......... .......... .......... .......... 22%  522M 1s
  7300K .......... .......... .......... .......... .......... 22%  640M 1s
  7350K .......... .......... .......... .......... .......... 22%  509M 1s
  7400K .......... .......... .......... .......... .......... 22%  566M 1s
  7450K .......... .......... .......... .......... .......... 22%  671M 1s
  7500K .......... .......... .......... .......... .......... 22%  749M 1s
  7550K .......... .......... .......... .......... .......... 23%  684M 1s
  7600K .......... .......... .......... .......... .......... 23%  613M 1s
  7650K .......... .......... .......... .......... .......... 23%  694M 1s
  7700K .......... .......... .......... .......... .......... 23%  616M 1s
  7750K .......... .......... .......... .......... .......... 23%  647M 1s
  7800K .......... .......... .......... .......... .......... 23%  736M 1s
  7850K .......... .......... .......... .......... .......... 24%  634M 1s
  7900K .......... .......... .......... .......... .......... 24%  625M 1s
  7950K .......... .......... .......... .......... .......... 24%  652M 1s
  8000K .......... .......... .......... .......... .......... 24%  288M 1s
  8050K .......... .......... .......... .......... .......... 24%  593M 1s
  8100K .......... .......... .......... .......... .......... 24%  626M 1s
  8150K .......... .......... .......... .......... .......... 24%  771M 1s
  8200K .......... .......... .......... .......... .......... 25%  609M 1s
  8250K .......... .......... .......... .......... .......... 25%  621M 1s
  8300K .......... .......... .......... .......... .......... 25%  779M 1s
  8350K .......... .......... .......... .......... .......... 25%  601M 1s
  8400K .......... .......... .......... .......... .......... 25%  702M 1s
  8450K .......... .......... .......... .......... .......... 25%  451M 1s
  8500K .......... .......... .......... .......... .......... 26%  684M 1s
  8550K .......... .......... .......... .......... .......... 26%  695M 1s
  8600K .......... .......... .......... .......... .......... 26%  608M 1s
  8650K .......... .......... .......... .......... .......... 26%  723M 1s
  8700K .......... .......... .......... .......... .......... 26%  601M 0s
  8750K .......... .......... .......... .......... .......... 26%  733M 0s
  8800K .......... .......... .......... .......... .......... 26%  731M 0s
  8850K .......... .......... .......... .......... .......... 27%  399M 0s
  8900K .......... .......... .......... .......... .......... 27%  691M 0s
  8950K .......... .......... .......... .......... .......... 27%  499M 0s
  9000K .......... .......... .......... .......... .......... 27%  678M 0s
  9050K .......... .......... .......... .......... .......... 27%  701M 0s
  9100K .......... .......... .......... .......... .......... 27%  634M 0s
  9150K .......... .......... .......... .......... .......... 28%  263M 0s
  9200K .......... .......... .......... .......... .......... 28%  622M 0s
  9250K .......... .......... .......... .......... .......... 28%  704M 0s
  9300K .......... .......... .......... .......... .......... 28%  750M 0s
  9350K .......... .......... .......... .......... .......... 28%  600M 0s
  9400K .......... .......... .......... .......... .......... 28%  184M 0s
  9450K .......... .......... .......... .......... .......... 28%  591M 0s
  9500K .......... .......... .......... .......... .......... 29%  575M 0s
  9550K .......... .......... .......... .......... .......... 29%  923K 1s
  9600K .......... .......... .......... .......... .......... 29%  520M 1s
  9650K .......... .......... .......... .......... .......... 29%  810M 1s
  9700K .......... .......... .......... .......... .......... 29%  612M 1s
  9750K .......... .......... .......... .......... .......... 29%  631M 1s
  9800K .......... .......... .......... .......... .......... 29%  705M 1s
  9850K .......... .......... .......... .......... .......... 30%  510M 1s
  9900K .......... .......... .......... .......... .......... 30%  639M 1s
  9950K .......... .......... .......... .......... .......... 30%  492M 1s
 10000K .......... .......... .......... .......... .......... 30%  645M 1s
 10050K .......... .......... .......... .......... .......... 30%  570M 1s
 10100K .......... .......... .......... .......... .......... 30% 16.8M 1s
 10150K .......... .......... .......... .......... .......... 31%  656M 1s
 10200K .......... .......... .......... .......... .......... 31%  408M 1s
 10250K .......... .......... .......... .......... .......... 31%  571M 1s
 10300K .......... .......... .......... .......... .......... 31%  628M 1s
 10350K .......... .......... .......... .......... .......... 31%  463M 1s
 10400K .......... .......... .......... .......... .......... 31%  535M 1s
 10450K .......... .......... .......... .......... .......... 31%  537M 1s
 10500K .......... .......... .......... .......... .......... 32%  562M 1s
 10550K .......... .......... .......... .......... .......... 32%  536M 1s
 10600K .......... .......... .......... .......... .......... 32%  596M 1s
 10650K .......... .......... .......... .......... .......... 32%  714M 0s
 10700K .......... .......... .......... .......... .......... 32%  536M 0s
 10750K .......... .......... .......... .......... .......... 32%  574M 0s
 10800K .......... .......... .......... .......... .......... 33%  617M 0s
 10850K .......... .......... .......... .......... .......... 33%  489M 0s
 10900K .......... .......... .......... .......... .......... 33%  551M 0s
 10950K .......... .......... .......... .......... .......... 33%  546M 0s
 11000K .......... .......... .......... .......... .......... 33%  597M 0s
 11050K .......... .......... .......... .......... .......... 33%  695M 0s
 11100K .......... .......... .......... .......... .......... 33%  609M 0s
 11150K .......... .......... .......... .......... .......... 34%  704M 0s
 11200K .......... .......... .......... .......... .......... 34%  635M 0s
 11250K .......... .......... .......... .......... .......... 34%  710M 0s
 11300K .......... .......... .......... .......... .......... 34%  762M 0s
 11350K .......... .......... .......... .......... .......... 34%  513M 0s
 11400K .......... .......... .......... .......... .......... 34%  698M 0s
 11450K .......... .......... .......... .......... .......... 35%  644M 0s
 11500K .......... .......... .......... .......... .......... 35%  694M 0s
 11550K .......... .......... .......... .......... .......... 35%  732M 0s
 11600K .......... .......... .......... .......... .......... 35%  628M 0s
 11650K .......... .......... .......... .......... .......... 35%  676M 0s
 11700K .......... .......... .......... .......... .......... 35%  635M 0s
 11750K .......... .......... .......... .......... .......... 35%  741M 0s
 11800K .......... .......... .......... .......... .......... 36%  718M 0s
 11850K .......... .......... .......... .......... .......... 36%  649M 0s
 11900K .......... .......... .......... .......... .......... 36%  703M 0s
 11950K .......... .......... .......... .......... .......... 36%  606M 0s
 12000K .......... .......... .......... .......... .......... 36%  732M 0s
 12050K .......... .......... .......... .......... .......... 36%  723M 0s
 12100K .......... .......... .......... .......... .......... 36%  607M 0s
 12150K .......... .......... .......... .......... .......... 37%  774M 0s
 12200K .......... .......... .......... .......... .......... 37%  619M 0s
 12250K .......... .......... .......... .......... .......... 37%  974K 0s
 12300K .......... .......... .......... .......... .......... 37%  771M 0s
 12350K .......... .......... .......... .......... .......... 37%  688M 0s
 12400K .......... .......... .......... .......... .......... 37%  655M 0s
 12450K .......... .......... .......... .......... .......... 38%  255M 0s
 12500K .......... .......... .......... .......... .......... 38%  739M 0s
 12550K .......... .......... .......... .......... .......... 38%  755M 0s
 12600K .......... .......... .......... .......... .......... 38%  715M 0s
 12650K .......... .......... .......... .......... .......... 38%  856M 0s
 12700K .......... .......... .......... .......... .......... 38%  282M 0s
 12750K .......... .......... .......... .......... .......... 38%  680M 0s
 12800K .......... .......... .......... .......... .......... 39%  827M 0s
 12850K .......... .......... .......... .......... .......... 39%  546M 0s
 12900K .......... .......... .......... .......... .......... 39%  655M 0s
 12950K .......... .......... .......... .......... .......... 39%  627M 0s
 13000K .......... .......... .......... .......... .......... 39%  737M 0s
 13050K .......... .......... .......... .......... .......... 39%  632M 0s
 13100K .......... .......... .......... .......... .......... 40%  585M 0s
 13150K .......... .......... .......... .......... .......... 40%  750M 0s
 13200K .......... .......... .......... .......... .......... 40%  592M 0s
 13250K .......... .......... .......... .......... .......... 40%  658M 0s
 13300K .......... .......... .......... .......... .......... 40%  815M 0s
 13350K .......... .......... .......... .......... .......... 40%  550M 0s
 13400K .......... .......... .......... .......... .......... 40%  687M 0s
 13450K .......... .......... .......... .......... .......... 41%  635M 0s
 13500K .......... .......... .......... .......... .......... 41%  640M 0s
 13550K .......... .......... .......... .......... .......... 41%  636M 0s
 13600K .......... .......... .......... .......... .......... 41%  546M 0s
 13650K .......... .......... .......... .......... .......... 41%  655M 0s
 13700K .......... .......... .......... .......... .......... 41%  552M 0s
 13750K .......... .......... .......... .......... .......... 42%  597M 0s
 13800K .......... .......... .......... .......... .......... 42%  696M 0s
 13850K .......... .......... .......... .......... .......... 42%  193M 0s
 13900K .......... .......... .......... .......... .......... 42%  698M 0s
 13950K .......... .......... .......... .......... .......... 42%  622M 0s
 14000K .......... .......... .......... .......... .......... 42%  709M 0s
 14050K .......... .......... .......... .......... .......... 42%  705M 0s
 14100K .......... .......... .......... .......... .......... 43%  599M 0s
 14150K .......... .......... .......... .......... .......... 43%  675M 0s
 14200K .......... .......... .......... .......... .......... 43%  563M 0s
 14250K .......... .......... .......... .......... .......... 43%  705M 0s
 14300K .......... .......... .......... .......... .......... 43%  565M 0s
 14350K .......... .......... .......... .......... .......... 43%  586M 0s
 14400K .......... .......... .......... .......... .......... 44%  615M 0s
 14450K .......... .......... .......... .......... .......... 44%  467M 0s
 14500K .......... .......... .......... .......... .......... 44%  518M 0s
 14550K .......... .......... .......... .......... .......... 44%  524M 0s
 14600K .......... .......... .......... .......... .......... 44%  447M 0s
 14650K .......... .......... .......... .......... .......... 44%  556M 0s
 14700K .......... .......... .......... .......... .......... 44%  455M 0s
 14750K .......... .......... .......... .......... .......... 45%  514M 0s
 14800K .......... .......... .......... .......... .......... 45%  566M 0s
 14850K .......... .......... .......... .......... .......... 45%  456M 0s
 14900K .......... .......... .......... .......... .......... 45%  522M 0s
 14950K .......... .......... .......... .......... .......... 45%  934K 0s
 15000K .......... .......... .......... .......... .......... 45%  497M 0s
 15050K .......... .......... .......... .......... .......... 45%  177M 0s
 15100K .......... .......... .......... .......... .......... 46%  443M 0s
 15150K .......... .......... .......... .......... .......... 46%  550M 0s
 15200K .......... .......... .......... .......... .......... 46%  439M 0s
 15250K .......... .......... .......... .......... .......... 46%  526M 0s
 15300K .......... .......... .......... .......... .......... 46%  516M 0s
 15350K .......... .......... .......... .......... .......... 46%  452M 0s
 15400K .......... .......... .......... .......... .......... 47%  478M 0s
 15450K .......... .......... .......... .......... .......... 47%  469M 0s
 15500K .......... .......... .......... .......... .......... 47%  465M 0s
 15550K .......... .......... .......... .......... .......... 47%  497M 0s
 15600K .......... .......... .......... .......... .......... 47%  452M 0s
 15650K .......... .......... .......... .......... .......... 47%  559M 0s
 15700K .......... .......... .......... .......... .......... 47%  424M 0s
 15750K .......... .......... .......... .......... .......... 48%  543M 0s
 15800K .......... .......... .......... .......... .......... 48%  567M 0s
 15850K .......... .......... .......... .......... .......... 48%  440M 0s
 15900K .......... .......... .......... .......... .......... 48%  542M 0s
 15950K .......... .......... .......... .......... .......... 48%  481M 0s
 16000K .......... .......... .......... .......... .......... 48%  534M 0s
 16050K .......... .......... .......... .......... .......... 49%  505M 0s
 16100K .......... .......... .......... .......... .......... 49%  418M 0s
 16150K .......... .......... .......... .......... .......... 49%  550M 0s
 16200K .......... .......... .......... .......... .......... 49%  441M 0s
 16250K .......... .......... .......... .......... .......... 49%  526M 0s
 16300K .......... .......... .......... .......... .......... 49%  535M 0s
 16350K .......... .......... .......... .......... .......... 49%  418M 0s
 16400K .......... .......... .......... .......... .......... 50%  443M 0s
 16450K .......... .......... .......... .......... .......... 50%  427M 0s
 16500K .......... .......... .......... .......... .......... 50%  496M 0s
 16550K .......... .......... .......... .......... .......... 50%  488M 0s
 16600K .......... .......... .......... .......... .......... 50%  440M 0s
 16650K .......... .......... .......... .......... .......... 50%  509M 0s
 16700K .......... .......... .......... .......... .......... 51%  423M 0s
 16750K .......... .......... .......... .......... .......... 51%  469M 0s
 16800K .......... .......... .......... .......... .......... 51%  501M 0s
 16850K .......... .......... .......... .......... .......... 51%  397M 0s
 16900K .......... .......... .......... .......... .......... 51%  525M 0s
 16950K .......... .......... .......... .......... .......... 51%  550M 0s
 17000K .......... .......... .......... .......... .......... 51%  539M 0s
 17050K .......... .......... .......... .......... .......... 52%  521M 0s
 17100K .......... .......... .......... .......... .......... 52%  561M 0s
 17150K .......... .......... .......... .......... .......... 52%  757M 0s
 17200K .......... .......... .......... .......... .......... 52%  535M 0s
 17250K .......... .......... .......... .......... .......... 52%  514M 0s
 17300K .......... .......... .......... .......... .......... 52%  546M 0s
 17350K .......... .......... .......... .......... .......... 52%  449M 0s
 17400K .......... .......... .......... .......... .......... 53%  522M 0s
 17450K .......... .......... .......... .......... .......... 53%  483M 0s
 17500K .......... .......... .......... .......... .......... 53%  497M 0s
 17550K .......... .......... .......... .......... .......... 53%  484M 0s
 17600K .......... .......... .......... .......... .......... 53%  453M 0s
 17650K .......... .......... .......... .......... .......... 53%  941K 0s
 17700K .......... .......... .......... .......... .......... 54% 94.1M 0s
 17750K .......... .......... .......... .......... .......... 54%  497M 0s
 17800K .......... .......... .......... .......... .......... 54%  529M 0s
 17850K .......... .......... .......... .......... .......... 54%  413M 0s
 17900K .......... .......... .......... .......... .......... 54%  453M 0s
 17950K .......... .......... .......... .......... .......... 54%  466M 0s
 18000K .......... .......... .......... .......... .......... 54%  536M 0s
 18050K .......... .......... .......... .......... .......... 55%  495M 0s
 18100K .......... .......... .......... .......... .......... 55%  420M 0s
 18150K .......... .......... .......... .......... .......... 55%  554M 0s
 18200K .......... .......... .......... .......... .......... 55%  425M 0s
 18250K .......... .......... .......... .......... .......... 55%  511M 0s
 18300K .......... .......... .......... .......... .......... 55%  558M 0s
 18350K .......... .......... .......... .......... .......... 56%  441M 0s
 18400K .......... .......... .......... .......... .......... 56%  516M 0s
 18450K .......... .......... .......... .......... .......... 56%  473M 0s
 18500K .......... .......... .......... .......... .......... 56%  625M 0s
 18550K .......... .......... .......... .......... .......... 56%  669M 0s
 18600K .......... .......... .......... .......... .......... 56%  624M 0s
 18650K .......... .......... .......... .......... .......... 56%  726M 0s
 18700K .......... .......... .......... .......... .......... 57%  546M 0s
 18750K .......... .......... .......... .......... .......... 57%  688M 0s
 18800K .......... .......... .......... .......... .......... 57%  723M 0s
 18850K .......... .......... .......... .......... .......... 57%  535M 0s
 18900K .......... .......... .......... .......... .......... 57%  659M 0s
 18950K .......... .......... .......... .......... .......... 57%  596M 0s
 19000K .......... .......... .......... .......... .......... 58%  725M 0s
 19050K .......... .......... .......... .......... .......... 58%  654M 0s
 19100K .......... .......... .......... .......... .......... 58%  558M 0s
 19150K .......... .......... .......... .......... .......... 58%  769M 0s
 19200K .......... .......... .......... .......... .......... 58%  606M 0s
 19250K .......... .......... .......... .......... .......... 58%  716M 0s
 19300K .......... .......... .......... .......... .......... 58%  698M 0s
 19350K .......... .......... .......... .......... .......... 59%  618M 0s
 19400K .......... .......... .......... .......... .......... 59%  704M 0s
 19450K .......... .......... .......... .......... .......... 59%  587M 0s
 19500K .......... .......... .......... .......... .......... 59%  732M 0s
 19550K .......... .......... .......... .......... .......... 59%  641M 0s
 19600K .......... .......... .......... .......... .......... 59%  538M 0s
 19650K .......... .......... .......... .......... .......... 59%  778M 0s
 19700K .......... .......... .......... .......... .......... 60%  617M 0s
 19750K .......... .......... .......... .......... .......... 60%  681M 0s
 19800K .......... .......... .......... .......... .......... 60%  760M 0s
 19850K .......... .......... .......... .......... .......... 60%  606M 0s
 19900K .......... .......... .......... .......... .......... 60%  675M 0s
 19950K .......... .......... .......... .......... .......... 60%  388M 0s
 20000K .......... .......... .......... .......... .......... 61%  521M 0s
 20050K .......... .......... .......... .......... .......... 61%  571M 0s
 20100K .......... .......... .......... .......... .......... 61%  501M 0s
 20150K .......... .......... .......... .......... .......... 61%  617M 0s
 20200K .......... .......... .......... .......... .......... 61%  440M 0s
 20250K .......... .......... .......... .......... .......... 61%  544M 0s
 20300K .......... .......... .......... .......... .......... 61%  753M 0s
 20350K .......... .......... .......... .......... .......... 62%  608M 0s
 20400K .......... .......... .......... .......... .......... 62%  946K 0s
 20450K .......... .......... .......... .......... .......... 62% 92.4M 0s
 20500K .......... .......... .......... .......... .......... 62%  674M 0s
 20550K .......... .......... .......... .......... .......... 62%  571M 0s
 20600K .......... .......... .......... .......... .......... 62%  313M 0s
 20650K .......... .......... .......... .......... .......... 63%  611M 0s
 20700K .......... .......... .......... .......... .......... 63%  575M 0s
 20750K .......... .......... .......... .......... .......... 63%  541M 0s
 20800K .......... .......... .......... .......... .......... 63%  614M 0s
 20850K .......... .......... .......... .......... .......... 63% 87.5M 0s
 20900K .......... .......... .......... .......... .......... 63%  689M 0s
 20950K .......... .......... .......... .......... .......... 63%  571M 0s
 21000K .......... .......... .......... .......... .......... 64%  703M 0s
 21050K .......... .......... .......... .......... .......... 64%  524M 0s
 21100K .......... .......... .......... .......... .......... 64%  610M 0s
 21150K .......... .......... .......... .......... .......... 64%  739M 0s
 21200K .......... .......... .......... .......... .......... 64%  525M 0s
 21250K .......... .......... .......... .......... .......... 64%  685M 0s
 21300K .......... .......... .......... .......... .......... 65%  622M 0s
 21350K .......... .......... .......... .......... .......... 65%  564M 0s
 21400K .......... .......... .......... .......... .......... 65%  619M 0s
 21450K .......... .......... .......... .......... .......... 65%  657M 0s
 21500K .......... .......... .......... .......... .......... 65%  733M 0s
 21550K .......... .......... .......... .......... .......... 65%  631M 0s
 21600K .......... .......... .......... .......... .......... 65%  632M 0s
 21650K .......... .......... .......... .......... .......... 66%  665M 0s
 21700K .......... .......... .......... .......... .......... 66%  567M 0s
 21750K .......... .......... .......... .......... .......... 66%  707M 0s
 21800K .......... .......... .......... .......... .......... 66%  750M 0s
 21850K .......... .......... .......... .......... .......... 66%  589M 0s
 21900K .......... .......... .......... .......... .......... 66%  697M 0s
 21950K .......... .......... .......... .......... .......... 66%  634M 0s
 22000K .......... .......... .......... .......... .......... 67%  682M 0s
 22050K .......... .......... .......... .......... .......... 67%  617M 0s
 22100K .......... .......... .......... .......... .......... 67%  612M 0s
 22150K .......... .......... .......... .......... .......... 67%  690M 0s
 22200K .......... .......... .......... .......... .......... 67%  444M 0s
 22250K .......... .......... .......... .......... .......... 67%  513M 0s
 22300K .......... .......... .......... .......... .......... 68%  473M 0s
 22350K .......... .......... .......... .......... .......... 68%  455M 0s
 22400K .......... .......... .......... .......... .......... 68%  562M 0s
 22450K .......... .......... .......... .......... .......... 68%  569M 0s
 22500K .......... .......... .......... .......... .......... 68%  702M 0s
 22550K .......... .......... .......... .......... .......... 68%  688M 0s
 22600K .......... .......... .......... .......... .......... 68%  585M 0s
 22650K .......... .......... .......... .......... .......... 69%  692M 0s
 22700K .......... .......... .......... .......... .......... 69%  633M 0s
 22750K .......... .......... .......... .......... .......... 69%  438M 0s
 22800K .......... .......... .......... .......... .......... 69%  695M 0s
 22850K .......... .......... .......... .......... .......... 69%  631M 0s
 22900K .......... .......... .......... .......... .......... 69%  702M 0s
 22950K .......... .......... .......... .......... .......... 70%  574M 0s
 23000K .......... .......... .......... .......... .......... 70%  708M 0s
 23050K .......... .......... .......... .......... .......... 70%  682M 0s
 23100K .......... .......... .......... .......... .......... 70%  977K 0s
 23150K .......... .......... .......... .......... .......... 70% 7.54M 0s
 23200K .......... .......... .......... .......... .......... 70%  117M 0s
 23250K .......... .......... .......... .......... .......... 70%  558M 0s
 23300K .......... .......... .......... .......... .......... 71%  639M 0s
 23350K .......... .......... .......... .......... .......... 71%  624M 0s
 23400K .......... .......... .......... .......... .......... 71%  641M 0s
 23450K .......... .......... .......... .......... .......... 71%  572M 0s
 23500K .......... .......... .......... .......... .......... 71%  712M 0s
 23550K .......... .......... .......... .......... .......... 71%  656M 0s
 23600K .......... .......... .......... .......... .......... 72%  630M 0s
 23650K .......... .......... .......... .......... .......... 72%  721M 0s
 23700K .......... .......... .......... .......... .......... 72%  558M 0s
 23750K .......... .......... .......... .......... .......... 72%  682M 0s
 23800K .......... .......... .......... .......... .......... 72%  743M 0s
 23850K .......... .......... .......... .......... .......... 72% 27.1M 0s
 23900K .......... .......... .......... .......... .......... 72%  107M 0s
 23950K .......... .......... .......... .......... .......... 73%  563M 0s
 24000K .......... .......... .......... .......... .......... 73%  694M 0s
 24050K .......... .......... .......... .......... .......... 73%  615M 0s
 24100K .......... .......... .......... .......... .......... 73%  642M 0s
 24150K .......... .......... .......... .......... .......... 73%  694M 0s
 24200K .......... .......... .......... .......... .......... 73%  515M 0s
 24250K .......... .......... .......... .......... .......... 73%  703M 0s
 24300K .......... .......... .......... .......... .......... 74%  756M 0s
 24350K .......... .......... .......... .......... .......... 74%  534M 0s
 24400K .......... .......... .......... .......... .......... 74%  670M 0s
 24450K .......... .......... .......... .......... .......... 74%  525M 0s
 24500K .......... .......... .......... .......... .......... 74%  590M 0s
 24550K .......... .......... .......... .......... .......... 74%  652M 0s
 24600K .......... .......... .......... .......... .......... 75%  579M 0s
 24650K .......... .......... .......... .......... .......... 75%  646M 0s
 24700K .......... .......... .......... .......... .......... 75%  510M 0s
 24750K .......... .......... .......... .......... .......... 75%  664M 0s
 24800K .......... .......... .......... .......... .......... 75%  688M 0s
 24850K .......... .......... .......... .......... .......... 75%  608M 0s
 24900K .......... .......... .......... .......... .......... 75%  684M 0s
 24950K .......... .......... .......... .......... .......... 76%  609M 0s
 25000K .......... .......... .......... .......... .......... 76%  691M 0s
 25050K .......... .......... .......... .......... .......... 76%  711M 0s
 25100K .......... .......... .......... .......... .......... 76%  597M 0s
 25150K .......... .......... .......... .......... .......... 76%  711M 0s
 25200K .......... .......... .......... .......... .......... 76%  598M 0s
 25250K .......... .......... .......... .......... .......... 77%  696M 0s
 25300K .......... .......... .......... .......... .......... 77%  693M 0s
 25350K .......... .......... .......... .......... .......... 77%  523M 0s
 25400K .......... .......... .......... .......... .......... 77%  517M 0s
 25450K .......... .......... .......... .......... .......... 77%  474M 0s
 25500K .......... .......... .......... .......... .......... 77%  522M 0s
 25550K .......... .......... .......... .......... .......... 77%  495M 0s
 25600K .......... .......... .......... .......... .......... 78%  424M 0s
 25650K .......... .......... .......... .......... .......... 78%  538M 0s
 25700K .......... .......... .......... .......... .......... 78%  435M 0s
 25750K .......... .......... .......... .......... .......... 78%  457M 0s
 25800K .......... .......... .......... .......... .......... 78%  545M 0s
 25850K .......... .......... .......... .......... .......... 78%  445M 0s
 25900K .......... .......... .......... .......... .......... 79%  972K 0s
 25950K .......... .......... .......... .......... .......... 79% 97.2M 0s
 26000K .......... .......... .......... .......... .......... 79%  381M 0s
 26050K .......... .......... .......... .......... .......... 79%  508M 0s
 26100K .......... .......... .......... .......... .......... 79%  410M 0s
 26150K .......... .......... .......... .......... .......... 79%  545M 0s
 26200K .......... .......... .......... .......... .......... 79%  407M 0s
 26250K .......... .......... .......... .......... .......... 80%  525M 0s
 26300K .......... .......... .......... .......... .......... 80%  556M 0s
 26350K .......... .......... .......... .......... .......... 80%  412M 0s
 26400K .......... .......... .......... .......... .......... 80%  536M 0s
 26450K .......... .......... .......... .......... .......... 80%  470M 0s
 26500K .......... .......... .......... .......... .......... 80%  524M 0s
 26550K .......... .......... .......... .......... .......... 80%  511M 0s
 26600K .......... .......... .......... .......... .......... 81% 43.6M 0s
 26650K .......... .......... .......... .......... .......... 81%  124M 0s
 26700K .......... .......... .......... .......... .......... 81%  163M 0s
 26750K .......... .......... .......... .......... .......... 81%  477M 0s
 26800K .......... .......... .......... .......... .......... 81%  531M 0s
 26850K .......... .......... .......... .......... .......... 81%  411M 0s
 26900K .......... .......... .......... .......... .......... 82%  474M 0s
 26950K .......... .......... .......... .......... .......... 82%  421M 0s
 27000K .......... .......... .......... .......... .......... 82%  461M 0s
 27050K .......... .......... .......... .......... .......... 82%  459M 0s
 27100K .......... .......... .......... .......... .......... 82%  407M 0s
 27150K .......... .......... .......... .......... .......... 82%  232M 0s
 27200K .......... .......... .......... .......... .......... 82%  350M 0s
 27250K .......... .......... .......... .......... .......... 83%  461M 0s
 27300K .......... .......... .......... .......... .......... 83%  471M 0s
 27350K .......... .......... .......... .......... .......... 83%  400M 0s
 27400K .......... .......... .......... .......... .......... 83%  459M 0s
 27450K .......... .......... .......... .......... .......... 83%  422M 0s
 27500K .......... .......... .......... .......... .......... 83%  445M 0s
 27550K .......... .......... .......... .......... .......... 84%  480M 0s
 27600K .......... .......... .......... .......... .......... 84%  403M 0s
 27650K .......... .......... .......... .......... .......... 84%  472M 0s
 27700K .......... .......... .......... .......... .......... 84%  403M 0s
 27750K .......... .......... .......... .......... .......... 84%  438M 0s
 27800K .......... .......... .......... .......... .......... 84%  500M 0s
 27850K .......... .......... .......... .......... .......... 84%  381M 0s
 27900K .......... .......... .......... .......... .......... 85%  464M 0s
 27950K .......... .......... .......... .......... .......... 85%  413M 0s
 28000K .......... .......... .......... .......... .......... 85%  427M 0s
 28050K .......... .......... .......... .......... .......... 85%  455M 0s
 28100K .......... .......... .......... .......... .......... 85%  396M 0s
 28150K .......... .......... .......... .......... .......... 85%  444M 0s
 28200K .......... .......... .......... .......... .......... 86%  451M 0s
 28250K .......... .......... .......... .......... .......... 86%  499M 0s
 28300K .......... .......... .......... .......... .......... 86%  540M 0s
 28350K .......... .......... .......... .......... .......... 86%  444M 0s
 28400K .......... .......... .......... .......... .......... 86%  497M 0s
 28450K .......... .......... .......... .......... .......... 86%  466M 0s
 28500K .......... .......... .......... .......... .......... 86%  447M 0s
 28550K .......... .......... .......... .......... .......... 87%  492M 0s
 28600K .......... .......... .......... .......... .......... 87%  992K 0s
 28650K .......... .......... .......... .......... .......... 87%  120M 0s
 28700K .......... .......... .......... .......... .......... 87%  402M 0s
 28750K .......... .......... .......... .......... .......... 87%  216M 0s
 28800K .......... .......... .......... .......... .......... 87%  538M 0s
 28850K .......... .......... .......... .......... .......... 88%  422M 0s
 28900K .......... .......... .......... .......... .......... 88%  514M 0s
 28950K .......... .......... .......... .......... .......... 88%  442M 0s
 29000K .......... .......... .......... .......... .......... 88%  499M 0s
 29050K .......... .......... .......... .......... .......... 88%  512M 0s
 29100K .......... .......... .......... .......... .......... 88%  403M 0s
 29150K .......... .......... .......... .......... .......... 88%  548M 0s
 29200K .......... .......... .......... .......... .......... 89%  275M 0s
 29250K .......... .......... .......... .......... .......... 89% 63.8M 0s
 29300K .......... .......... .......... .......... .......... 89%  148M 0s
 29350K .......... .......... .......... .......... .......... 89% 84.9M 0s
 29400K .......... .......... .......... .......... .......... 89%  188M 0s
 29450K .......... .......... .......... .......... .......... 89%  189M 0s
 29500K .......... .......... .......... .......... .......... 89%  696M 0s
 29550K .......... .......... .......... .......... .......... 90%  709M 0s
 29600K .......... .......... .......... .......... .......... 90%  622M 0s
 29650K .......... .......... .......... .......... .......... 90%  230M 0s
 29700K .......... .......... .......... .......... .......... 90%  603M 0s
 29750K .......... .......... .......... .......... .......... 90%  281M 0s
 29800K .......... .......... .......... .......... .......... 90%  600M 0s
 29850K .......... .......... .......... .......... .......... 91%  550M 0s
 29900K .......... .......... .......... .......... .......... 91%  647M 0s
 29950K .......... .......... .......... .......... .......... 91%  518M 0s
 30000K .......... .......... .......... .......... .......... 91%  644M 0s
 30050K .......... .......... .......... .......... .......... 91%  603M 0s
 30100K .......... .......... .......... .......... .......... 91%  557M 0s
 30150K .......... .......... .......... .......... .......... 91%  714M 0s
 30200K .......... .......... .......... .......... .......... 92%  471M 0s
 30250K .......... .......... .......... .......... .......... 92%  509M 0s
 30300K .......... .......... .......... .......... .......... 92%  609M 0s
 30350K .......... .......... .......... .......... .......... 92%  538M 0s
 30400K .......... .......... .......... .......... .......... 92%  266M 0s
 30450K .......... .......... .......... .......... .......... 92%  506M 0s
 30500K .......... .......... .......... .......... .......... 93%  624M 0s
 30550K .......... .......... .......... .......... .......... 93%  269M 0s
 30600K .......... .......... .......... .......... .......... 93%  476M 0s
 30650K .......... .......... .......... .......... .......... 93%  672M 0s
 30700K .......... .......... .......... .......... .......... 93%  530M 0s
 30750K .......... .......... .......... .......... .......... 93%  594M 0s
 30800K .......... .......... .......... .......... .......... 93%  668M 0s
 30850K .......... .......... .......... .......... .......... 94%  533M 0s
 30900K .......... .......... .......... .......... .......... 94%  553M 0s
 30950K .......... .......... .......... .......... .......... 94%  548M 0s
 31000K .......... .......... .......... .......... .......... 94%  653M 0s
 31050K .......... .......... .......... .......... .......... 94%  581M 0s
 31100K .......... .......... .......... .......... .......... 94%  526M 0s
 31150K .......... .......... .......... .......... .......... 95%  660M 0s
 31200K .......... .......... .......... .......... .......... 95%  441M 0s
 31250K .......... .......... .......... .......... .......... 95%  627M 0s
 31300K .......... .......... .......... .......... .......... 95%  658M 0s
 31350K .......... .......... .......... .......... .......... 95%  991K 0s
 31400K .......... .......... .......... .......... .......... 95%  138M 0s
 31450K .......... .......... .......... .......... .......... 95%  532M 0s
 31500K .......... .......... .......... .......... .......... 96%  136M 0s
 31550K .......... .......... .......... .......... .......... 96%  140M 0s
 31600K .......... .......... .......... .......... .......... 96%  566M 0s
 31650K .......... .......... .......... .......... .......... 96%  759M 0s
 31700K .......... .......... .......... .......... .......... 96%  535M 0s
 31750K .......... .......... .......... .......... .......... 96%  726M 0s
 31800K .......... .......... .......... .......... .......... 96%  783M 0s
 31850K .......... .......... .......... .......... .......... 97%  266M 0s
 31900K .......... .......... .......... .......... .......... 97%  696M 0s
 31950K .......... .......... .......... .......... .......... 97%  333M 0s
 32000K .......... .......... .......... .......... .......... 97% 24.6M 0s
 32050K .......... .......... .......... .......... .......... 97%  425M 0s
 32100K .......... .......... .......... .......... .......... 97%  468M 0s
 32150K .......... .......... .......... .......... .......... 98%  411M 0s
 32200K .......... .......... .......... .......... .......... 98%  362M 0s
 32250K .......... .......... .......... .......... .......... 98%  479M 0s
 32300K .......... .......... .......... .......... .......... 98%  501M 0s
 32350K .......... .......... .......... .......... .......... 98%  354M 0s
 32400K .......... .......... .......... .......... .......... 98%  440M 0s
 32450K .......... .......... .......... .......... .......... 98%  424M 0s
 32500K .......... .......... .......... .......... .......... 99%  138M 0s
 32550K .......... .......... .......... .......... .......... 99%  492M 0s
 32600K .......... .......... .......... .......... .......... 99%  430M 0s
 32650K .......... .......... .......... .......... .......... 99%  394M 0s
 32700K .......... .......... .......... .......... .......... 99%  425M 0s
 32750K .......... .......... .......... .......... .......... 99%  443M 0s
 32800K .......... .......... .......... .........            100%  426M=0.7s

2026-07-11 21:46:05 (45.0 MB/s) - ‘/workspace/backups/cindemirlaw.com-20260711-214047/wp-content/uploads/2020/06/rlandal-Turist-Konutu-Trkiyeyi-ok-Seviyorum.mp4’ saved [33627920/33627920]

--2026-07-11 21:46:06--  https://cindemirlaw.com/wp-content/cache/debloat/js/f07222093db2e413c253441c95ab4ad9.js
Reusing existing connection to cindemirlaw.com:443.
HTTP request sent, awaiting response... 200 OK
Length: 455785 (445K) [text/javascript]
Saving to: ‘/workspace/backups/cindemirlaw.com-20260711-214047/wp-content/cache/debloat/js/f07222093db2e413c253441c95ab4ad9.js’

     0K .......... .......... .......... .......... .......... 11%  224M 0s
    50K .......... .......... .......... .......... .......... 22%  523M 0s
   100K .......... .......... .......... .......... .......... 33%  401M 0s
   150K .......... .......... .......... .......... .......... 44%  595M 0s
   200K .......... .......... .......... .......... .......... 56%  490M 0s
   250K .......... .......... .......... .......... .......... 67%  356M 0s
   300K .......... .......... .......... .......... .......... 78%  536M 0s
   350K .......... .......... .......... .......... .......... 89%  264M 0s
   400K .......... .......... .......... .......... .....     100%  502M=0.001s

2026-07-11 21:46:06 (390 MB/s) - ‘/workspace/backups/cindemirlaw.com-20260711-214047/wp-content/cache/debloat/js/f07222093db2e413c253441c95ab4ad9.js’ saved [455785/455785]

--2026-07-11 21:46:06--  https://cindemirlaw.com/russian/wp-content/uploads/2014/11/white-5-copy-150x150.jpg
Reusing existing connection to cindemirlaw.com:443.
HTTP request sent, awaiting response... 404 Not Found
2026-07-11 21:46:06 ERROR 404: Not Found.

--2026-07-11 21:46:07--  https://cindemirlaw.com/russian/wp-content/uploads/2014/11/white-2-copy-150x150.jpg
Reusing existing connection to cindemirlaw.com:443.
HTTP request sent, awaiting response... 404 Not Found
2026-07-11 21:46:07 ERROR 404: Not Found.

--2026-07-11 21:46:07--  https://cindemirlaw.com/news-events/
Reusing existing connection to cindemirlaw.com:443.
HTTP request sent, awaiting response... 200 OK
Length: unspecified [text/html]
Saving to: ‘/workspace/backups/cindemirlaw.com-20260711-214047/news-events/index.html’

     0K .......... .......... .......... .......... .......... 29.2M
    50K .......... .......... .......... .......... .......... 28.3M
   100K .......... .......... .......... .......... .......... 12.1M
   150K .......... .......... .......... .......... .......... 4.56M
   200K .......... .......... .......... .......... .......... 42.4M
   250K .......... .......... .......... .......... .......... 80.1M
   300K .......... .......... .......... .......... ..........  130M
   350K .......... .......... .......... .......... .......... 11.9M
   400K .......... .......... .......... .......... ..........  614M
   450K .......... .......... .......... .......... ..........  534M
   500K .......... .......... .......... .......... ..........  504M
   550K .......... .......... .......... .......... ..........  461M
   600K .......... .                                            184M=0.02s

2026-07-11 21:46:08 (24.1 MB/s) - ‘/workspace/backups/cindemirlaw.com-20260711-214047/news-events/index.html’ saved [626165]

--2026-07-11 21:46:09--  https://cindemirlaw.com/stati/
Reusing existing connection to cindemirlaw.com:443.
HTTP request sent, awaiting response... 200 OK
Length: unspecified [text/html]
Saving to: ‘/workspace/backups/cindemirlaw.com-20260711-214047/stati/index.html’

     0K .......... .......... .......... .......... .......... 11.7M
    50K .......... .......... .......... .......... .......... 17.9M
   100K .......... .......... .......... .......... .......... 23.0M
   150K .......... .......... .......... .......... .......... 27.6M
   200K .......... .......... .......... .......... .......... 22.7M
   250K .......... .......... .......... .......... ..........  592M
   300K .......... .......... .......... .......... ..........  128M
   350K .......... .......... .......... .......... .......... 33.7M
   400K .......... .......... .......... .......... ..........  587M
   450K .......... .......... .......... .......... .......... 78.5M
   500K .......... .......... .......... .......... ..........  569M
   550K .......... .......... .......... .......... ..........  477M
   600K .......... .                                            785M=0.02s

2026-07-11 21:46:09 (37.9 MB/s) - ‘/workspace/backups/cindemirlaw.com-20260711-214047/stati/index.html’ saved [626645]

--2026-07-11 21:46:10--  https://cindemirlaw.com/komanda/
Reusing existing connection to cindemirlaw.com:443.
HTTP request sent, awaiting response... 200 OK
Length: unspecified [text/html]
Saving to: ‘/workspace/backups/cindemirlaw.com-20260711-214047/komanda/index.html’

     0K .......... .......... .......... .......... .......... 30.8M
    50K .......... .......... .......... .......... .......... 34.8M
   100K .......... .......... .......... .......... .......... 55.4M
   150K .......... .......... .......... .......... .......... 37.8M
   200K .......... .......... .......... .......... ..........  504M
   250K .......... .......... .......... .......... ..........  179M
   300K .......... .......... .......... .......... .......... 42.8M
   350K .......... .......... .......... .......... ..........  461M
   400K .......... .......... .......... .......... ..........  413M
   450K .......... .......... .......... .......... ..........  446M
   500K .......... .......... .......... .......... ..........  451M
   550K .......... .......... .......... .......... .......... 37.5M
   600K .......... .                                           37.2M=0.009s

2026-07-11 21:46:10 (68.4 MB/s) - ‘/workspace/backups/cindemirlaw.com-20260711-214047/komanda/index.html’ saved [626446]

--2026-07-11 21:46:11--  https://cindemirlaw.com/onas/
Reusing existing connection to cindemirlaw.com:443.
HTTP request sent, awaiting response... 200 OK
Length: unspecified [text/html]
Saving to: ‘/workspace/backups/cindemirlaw.com-20260711-214047/onas/index.html’

     0K .......... .......... .......... .......... .......... 29.8M
    50K .......... .......... .......... .......... .......... 42.0M
   100K .......... .......... .......... .......... .......... 47.0M
   150K .......... .......... .......... .......... .......... 3.10M
   200K .......... .......... .......... .......... ..........  104M
   250K .......... .......... .......... .......... .......... 63.8M
   300K .......... .......... .......... .......... .......... 47.5M
   350K .......... .......... .......... .......... ..........  370M
   400K .......... .......... .......... .......... ..........  439M
   450K .......... .......... .......... .......... .......... 53.8M
   500K .......... .......... .......... .......... ..........  398M
   550K .......... .......... .......... .......... ..........  356M
   600K .......... .....                                        393M=0.02s

2026-07-11 21:46:11 (25.8 MB/s) - ‘/workspace/backups/cindemirlaw.com-20260711-214047/onas/index.html’ saved [630579]

--2026-07-11 21:46:12--  https://cindemirlaw.com/kontak/
Reusing existing connection to cindemirlaw.com:443.
HTTP request sent, awaiting response... 200 OK
Length: unspecified [text/html]
Saving to: ‘/workspace/backups/cindemirlaw.com-20260711-214047/kontak/index.html’

     0K .......... .......... .......... .......... .......... 12.8M
    50K .......... .......... .......... .......... .......... 32.9M
   100K .......... .......... .......... .......... .......... 29.6M
   150K .......... .......... .......... .......... .......... 21.2M
   200K .......... .......... .......... .......... .......... 76.2M
   250K .......... .......... .......... .......... .......... 39.4M
   300K .......... .......... .......... .......... .......... 75.3M
   350K .......... .......... .......... .......... ..........  210M
   400K .......... .......... .......... .......... ..........  606M
   450K .......... .......... .......... .......... .......... 54.5M
   500K .......... .......... .......... .......... ..........  129M
   550K .......... .......... .......... .......... ..........  234M
   600K .......... .                                            540M=0.01s

2026-07-11 21:46:12 (43.9 MB/s) - ‘/workspace/backups/cindemirlaw.com-20260711-214047/kontak/index.html’ saved [626354]

--2026-07-11 21:46:12--  https://cindemirlaw.com/wp-content/uploads/2014/10/health-image-80x80.png
Reusing existing connection to cindemirlaw.com:443.
HTTP request sent, awaiting response... 200 OK
Length: 5109 (5.0K) [image/png]
Saving to: ‘/workspace/backups/cindemirlaw.com-20260711-214047/wp-content/uploads/2014/10/health-image-80x80.png’

     0K ....                                                  100% 5.01G=0s

2026-07-11 21:46:12 (5.01 GB/s) - ‘/workspace/backups/cindemirlaw.com-20260711-214047/wp-content/uploads/2014/10/health-image-80x80.png’ saved [5109/5109]

--2026-07-11 21:46:13--  https://cindemirlaw.com/wp-content/uploads/2014/10/health-image-36x36.png
Reusing existing connection to cindemirlaw.com:443.
HTTP request sent, awaiting response... 404 Not Found
2026-07-11 21:46:13 ERROR 404: Not Found.

--2026-07-11 21:46:13--  https://cindemirlaw.com/contacts-2/?lang=zh-hans
Reusing existing connection to cindemirlaw.com:443.
HTTP request sent, awaiting response... 404 Not Found
2026-07-11 21:46:14 ERROR 404: Not Found.

--2026-07-11 21:46:14--  https://cindemirlaw.com/wp-content/cache/debloat/js/d84693910229efedcfcf3e3095c2d312.js
Reusing existing connection to cindemirlaw.com:443.
HTTP request sent, awaiting response... 200 OK
Length: 290745 (284K) [text/javascript]
Saving to: ‘/workspace/backups/cindemirlaw.com-20260711-214047/wp-content/cache/debloat/js/d84693910229efedcfcf3e3095c2d312.js’

     0K .......... .......... .......... .......... .......... 17%  432M 0s
    50K .......... .......... .......... .......... .......... 35%  555M 0s
   100K .......... .......... .......... .......... .......... 52%  495M 0s
   150K .......... .......... .......... .......... .......... 70%  566M 0s
   200K .......... .......... .......... .......... .......... 88%  417M 0s
   250K .......... .......... .......... ...                  100%  414M=0.001s

2026-07-11 21:46:14 (476 MB/s) - ‘/workspace/backups/cindemirlaw.com-20260711-214047/wp-content/cache/debloat/js/d84693910229efedcfcf3e3095c2d312.js’ saved [290745/290745]

--2026-07-11 21:46:15--  https://cindemirlaw.com/wp-content/plugins/ninja-forms/assets/fonts/fontawesome-webfont.eot?v=4.5.0
Reusing existing connection to cindemirlaw.com:443.
HTTP request sent, awaiting response... 200 OK
Length: 70807 (69K) [application/vnd.ms-fontobject]
Saving to: ‘/workspace/backups/cindemirlaw.com-20260711-214047/wp-content/plugins/ninja-forms/assets/fonts/fontawesome-webfont.eot?v=4.5.0’

     0K .......... .......... .......... .......... .......... 72% 12.6M 0s
    50K .......... .........                                  100% 27.8M=0.005s

2026-07-11 21:46:15 (14.8 MB/s) - ‘/workspace/backups/cindemirlaw.com-20260711-214047/wp-content/plugins/ninja-forms/assets/fonts/fontawesome-webfont.eot?v=4.5.0’ saved [70807/70807]

--2026-07-11 21:46:15--  https://cindemirlaw.com/wp-content/plugins/ninja-forms/assets/fonts/fontawesome-webfont.eot?
Reusing existing connection to cindemirlaw.com:443.
HTTP request sent, awaiting response... 200 OK
Length: 70807 (69K) [application/vnd.ms-fontobject]
Saving to: ‘/workspace/backups/cindemirlaw.com-20260711-214047/wp-content/plugins/ninja-forms/assets/fonts/fontawesome-webfont.eot?’

     0K .......... .......... .......... .......... .......... 72% 26.2M 0s
    50K .......... .........                                  100%  399M=0.002s

2026-07-11 21:46:15 (35.3 MB/s) - ‘/workspace/backups/cindemirlaw.com-20260711-214047/wp-content/plugins/ninja-forms/assets/fonts/fontawesome-webfont.eot?’ saved [70807/70807]

--2026-07-11 21:46:16--  https://cindemirlaw.com/wp-content/plugins/ninja-forms/assets/fonts/fontawesome-webfont.woff2?v=4.5.0
Reusing existing connection to cindemirlaw.com:443.
HTTP request sent, awaiting response... 200 OK
Length: 66624 (65K) [font/woff2]
Saving to: ‘/workspace/backups/cindemirlaw.com-20260711-214047/wp-content/plugins/ninja-forms/assets/fonts/fontawesome-webfont.woff2?v=4.5.0’

     0K .......... .......... .......... .......... .......... 76% 60.9M 0s
    50K .......... .....                                      100%  360M=0.001s

2026-07-11 21:46:16 (75.4 MB/s) - ‘/workspace/backups/cindemirlaw.com-20260711-214047/wp-content/plugins/ninja-forms/assets/fonts/fontawesome-webfont.woff2?v=4.5.0’ saved [66624/66624]

--2026-07-11 21:46:17--  https://cindemirlaw.com/wp-content/plugins/ninja-forms/assets/fonts/fontawesome-webfont.woff?v=4.5.0
Reusing existing connection to cindemirlaw.com:443.
HTTP request sent, awaiting response... 200 OK
Length: 83588 (82K) [font/woff]
Saving to: ‘/workspace/backups/cindemirlaw.com-20260711-214047/wp-content/plugins/ninja-forms/assets/fonts/fontawesome-webfont.woff?v=4.5.0’

     0K .......... .......... .......... .......... .......... 61% 65.7M 0s
    50K .......... .......... .......... .                    100%  540M=0.001s

2026-07-11 21:46:17 (99.7 MB/s) - ‘/workspace/backups/cindemirlaw.com-20260711-214047/wp-content/plugins/ninja-forms/assets/fonts/fontawesome-webfont.woff?v=4.5.0’ saved [83588/83588]

--2026-07-11 21:46:17--  https://cindemirlaw.com/wp-content/plugins/ninja-forms/assets/fonts/fontawesome-webfont.ttf?v=4.5.0
Reusing existing connection to cindemirlaw.com:443.
HTTP request sent, awaiting response... 200 OK
Length: 142072 (139K) [font/ttf]
Saving to: ‘/workspace/backups/cindemirlaw.com-20260711-214047/wp-content/plugins/ninja-forms/assets/fonts/fontawesome-webfont.ttf?v=4.5.0’

     0K .......... .......... .......... .......... .......... 36% 8.80M 0s
    50K .......... .......... .......... .......... .......... 72% 31.1M 0s
   100K .......... .......... .......... ........             100% 18.7M=0.009s

2026-07-11 21:46:17 (14.8 MB/s) - ‘/workspace/backups/cindemirlaw.com-20260711-214047/wp-content/plugins/ninja-forms/assets/fonts/fontawesome-webfont.ttf?v=4.5.0’ saved [142072/142072]

--2026-07-11 21:46:18--  https://cindemirlaw.com/wp-content/plugins/ninja-forms/assets/fonts/fontawesome-webfont.svg?v=4.5.0
Reusing existing connection to cindemirlaw.com:443.
HTTP request sent, awaiting response... 200 OK
Length: 365616 (357K) [image/svg+xml]
Saving to: ‘/workspace/backups/cindemirlaw.com-20260711-214047/wp-content/plugins/ninja-forms/assets/fonts/fontawesome-webfont.svg?v=4.5.0’

     0K .......... .......... .......... .......... .......... 14% 63.0M 0s
    50K .......... .......... .......... .......... .......... 28%  433M 0s
   100K .......... .......... .......... .......... .......... 42%  483M 0s
   150K .......... .......... .......... .......... .......... 56%  544M 0s
   200K .......... .......... .......... .......... .......... 70%  510M 0s
   250K .......... .......... .......... .......... .......... 84%  647M 0s
   300K .......... .......... .......... .......... .......... 98%  825M 0s
   350K .......                                               100%  373M=0.001s

2026-07-11 21:46:18 (263 MB/s) - ‘/workspace/backups/cindemirlaw.com-20260711-214047/wp-content/plugins/ninja-forms/assets/fonts/fontawesome-webfont.svg?v=4.5.0’ saved [365616/365616]

--2026-07-11 21:46:19--  https://cindemirlaw.com/wp-content/uploads/2020/10/portrait-5-copy-240x300.jpg
Reusing existing connection to cindemirlaw.com:443.
HTTP request sent, awaiting response... 200 OK
Length: 67188 (66K) [image/jpeg]
Saving to: ‘/workspace/backups/cindemirlaw.com-20260711-214047/wp-content/uploads/2020/10/portrait-5-copy-240x300.jpg’

     0K .......... .......... .......... .......... .......... 76%  406M 0s
    50K .......... .....                                      100%  527M=0s

2026-07-11 21:46:19 (430 MB/s) - ‘/workspace/backups/cindemirlaw.com-20260711-214047/wp-content/uploads/2020/10/portrait-5-copy-240x300.jpg’ saved [67188/67188]

--2026-07-11 21:46:19--  https://cindemirlaw.com/wp-content/uploads/2020/10/portrait-5-copy-768x960.jpg
Reusing existing connection to cindemirlaw.com:443.
HTTP request sent, awaiting response... 200 OK
Length: 492684 (481K) [image/jpeg]
Saving to: ‘/workspace/backups/cindemirlaw.com-20260711-214047/wp-content/uploads/2020/10/portrait-5-copy-768x960.jpg’

     0K .......... .......... .......... .......... .......... 10%  277M 0s
    50K .......... .......... .......... .......... .......... 20% 95.1M 0s
   100K .......... .......... .......... .......... .......... 31%  493M 0s
   150K .......... .......... .......... .......... .......... 41%  814M 0s
   200K .......... .......... .......... .......... .......... 51%  479M 0s
   250K .......... .......... .......... .......... .......... 62%  497M 0s
   300K .......... .......... .......... .......... .......... 72%  749M 0s
   350K .......... .......... .......... .......... .......... 83%  589M 0s
   400K .......... .......... .......... .......... .......... 93%  729M 0s
   450K .......... .......... .......... .                    100%  577M=0.001s

2026-07-11 21:46:19 (357 MB/s) - ‘/workspace/backups/cindemirlaw.com-20260711-214047/wp-content/uploads/2020/10/portrait-5-copy-768x960.jpg’ saved [492684/492684]

--2026-07-11 21:46:20--  https://cindemirlaw.com/wp-content/uploads/2020/10/portrait-5-copy-564x705.jpg
Reusing existing connection to cindemirlaw.com:443.
HTTP request sent, awaiting response... 200 OK
Length: 295156 (288K) [image/jpeg]
Saving to: ‘/workspace/backups/cindemirlaw.com-20260711-214047/wp-content/uploads/2020/10/portrait-5-copy-564x705.jpg’

     0K .......... .......... .......... .......... .......... 17%  520M 0s
    50K .......... .......... .......... .......... .......... 34%  499M 0s
   100K .......... .......... .......... .......... .......... 52%  470M 0s
   150K .......... .......... .......... .......... .......... 69%  572M 0s
   200K .......... .......... .......... .......... .......... 86%  572M 0s
   250K .......... .......... .......... ........             100%  572M=0.001s

2026-07-11 21:46:20 (529 MB/s) - ‘/workspace/backups/cindemirlaw.com-20260711-214047/wp-content/uploads/2020/10/portrait-5-copy-564x705.jpg’ saved [295156/295156]

--2026-07-11 21:46:20--  https://cindemirlaw.com/wp-content/uploads/2020/10/portrait-5-copy.jpg
Reusing existing connection to cindemirlaw.com:443.
HTTP request sent, awaiting response... 200 OK
Length: 143093 (140K) [image/jpeg]
Saving to: ‘/workspace/backups/cindemirlaw.com-20260711-214047/wp-content/uploads/2020/10/portrait-5-copy.jpg’

     0K .......... .......... .......... .......... .......... 35%  525M 0s
    50K .......... .......... .......... .......... .......... 71%  541M 0s
   100K .......... .......... .......... .........            100%  511M=0s

2026-07-11 21:46:20 (526 MB/s) - ‘/workspace/backups/cindemirlaw.com-20260711-214047/wp-content/uploads/2020/10/portrait-5-copy.jpg’ saved [143093/143093]

--2026-07-11 21:46:21--  https://cindemirlaw.com/wp-content/uploads/2022/04/rehberi_Rusca-1.pdf
Reusing existing connection to cindemirlaw.com:443.
HTTP request sent, awaiting response... 200 OK
Length: 1089320 (1.0M) [application/pdf]
Saving to: ‘/workspace/backups/cindemirlaw.com-20260711-214047/wp-content/uploads/2022/04/rehberi_Rusca-1.pdf’

     0K .......... .......... .......... .......... ..........  4%  298M 0s
    50K .......... .......... .......... .......... ..........  9%  577M 0s
   100K .......... .......... .......... .......... .......... 14%  310M 0s
   150K .......... .......... .......... .......... .......... 18%  599M 0s
   200K .......... .......... .......... .......... .......... 23%  563M 0s
   250K .......... .......... .......... .......... .......... 28%  334M 0s
   300K .......... .......... .......... .......... .......... 32%  615M 0s
   350K .......... .......... .......... .......... .......... 37%  613M 0s
   400K .......... .......... .......... .......... .......... 42%  401M 0s
   450K .......... .......... .......... .......... .......... 47%  641M 0s
   500K .......... .......... .......... .......... .......... 51%  779M 0s
   550K .......... .......... .......... .......... .......... 56%  737M 0s
   600K .......... .......... .......... .......... .......... 61%  668M 0s
   650K .......... .......... .......... .......... .......... 65%  815M 0s
   700K .......... .......... .......... .......... .......... 70%  698M 0s
   750K .......... .......... .......... .......... .......... 75%  768M 0s
   800K .......... .......... .......... .......... .......... 79%  866M 0s
   850K .......... .......... .......... .......... .......... 84%  552M 0s
   900K .......... .......... .......... .......... .......... 89%  641M 0s
   950K .......... .......... .......... .......... .......... 94%  610M 0s
  1000K .......... .......... .......... .......... .......... 98%  720M 0s
  1050K .......... ...                                        100%  626M=0.002s

2026-07-11 21:46:21 (557 MB/s) - ‘/workspace/backups/cindemirlaw.com-20260711-214047/wp-content/uploads/2022/04/rehberi_Rusca-1.pdf’ saved [1089320/1089320]

--2026-07-11 21:46:21--  https://cindemirlaw.com/wp-content/cache/debloat/js/ab64a88a75b3b75f98ca260d57e3d7d4.js
Reusing existing connection to cindemirlaw.com:443.
HTTP request sent, awaiting response... 200 OK
Length: 63772 (62K) [text/javascript]
Saving to: ‘/workspace/backups/cindemirlaw.com-20260711-214047/wp-content/cache/debloat/js/ab64a88a75b3b75f98ca260d57e3d7d4.js’

     0K .......... .......... .......... .......... .......... 80%  411M 0s
    50K .......... ..                                         100%  772M=0s

2026-07-11 21:46:21 (453 MB/s) - ‘/workspace/backups/cindemirlaw.com-20260711-214047/wp-content/cache/debloat/js/ab64a88a75b3b75f98ca260d57e3d7d4.js’ saved [63772/63772]

--2026-07-11 21:46:22--  https://cindemirlaw.com/wp-content/cache/debloat/js/d6d34b970769014bfd6f166a1582c845.js
Reusing existing connection to cindemirlaw.com:443.
HTTP request sent, awaiting response... 200 OK
Length: 125710 (123K) [text/javascript]
Saving to: ‘/workspace/backups/cindemirlaw.com-20260711-214047/wp-content/cache/debloat/js/d6d34b970769014bfd6f166a1582c845.js’

     0K .......... .......... .......... .......... .......... 40%  312M 0s
    50K .......... .......... .......... .......... .......... 81%  550M 0s
   100K .......... .......... ..                              100%  450M=0s

2026-07-11 21:46:22 (407 MB/s) - ‘/workspace/backups/cindemirlaw.com-20260711-214047/wp-content/cache/debloat/js/d6d34b970769014bfd6f166a1582c845.js’ saved [125710/125710]

--2026-07-11 21:46:22--  https://cindemirlaw.com/fde1068e3bda46a37dd24126f9ec4b09df0c999365011ec71028e1a7d4c45bfdd0fde1068e3bda46a37dd24126f9ec4b09df0c999365011ec71028e1a7d4c45bfdb0fde1068e3bda46a37dd24126f9ec4b09df0c999365011ec71028e1a7d4c45bf-2/?lang=ru
Reusing existing connection to cindemirlaw.com:443.
HTTP request sent, awaiting response... 404 Not Found
2026-07-11 21:46:23 ERROR 404: Not Found.

--2026-07-11 21:46:23--  https://cindemirlaw.com/wp-content/uploads/2022/04/DONE_F_RU_guide_to_foreign_citizens_acquisition_of_turkish_citizenship_converted-1.pdf
Reusing existing connection to cindemirlaw.com:443.
HTTP request sent, awaiting response... 200 OK
Length: 522532 (510K) [application/pdf]
Saving to: ‘/workspace/backups/cindemirlaw.com-20260711-214047/wp-content/uploads/2022/04/DONE_F_RU_guide_to_foreign_citizens_acquisition_of_turkish_citizenship_converted-1.pdf’

     0K .......... .......... .......... .......... ..........  9%  390M 0s
    50K .......... .......... .......... .......... .......... 19%  522M 0s
   100K .......... .......... .......... .......... .......... 29%  424M 0s
   150K .......... .......... .......... .......... .......... 39%  614M 0s
   200K .......... .......... .......... .......... .......... 48%  442M 0s
   250K .......... .......... .......... .......... .......... 58%  460M 0s
   300K .......... .......... .......... .......... .......... 68%  510M 0s
   350K .......... .......... .......... .......... .......... 78%  434M 0s
   400K .......... .......... .......... .......... .......... 88%  520M 0s
   450K .......... .......... .......... .......... .......... 97%  448M 0s
   500K ..........                                            100%  643M=0.001s

2026-07-11 21:46:23 (472 MB/s) - ‘/workspace/backups/cindemirlaw.com-20260711-214047/wp-content/uploads/2022/04/DONE_F_RU_guide_to_foreign_citizens_acquisition_of_turkish_citizenship_converted-1.pdf’ saved [522532/522532]

--2026-07-11 21:46:24--  https://cindemirlaw.com/wp-content/uploads/2014/10/health-image.png
Reusing existing connection to cindemirlaw.com:443.
HTTP request sent, awaiting response... 200 OK
Length: 14153 (14K) [image/png]
Saving to: ‘/workspace/backups/cindemirlaw.com-20260711-214047/wp-content/uploads/2014/10/health-image.png’

     0K .......... ...                                        100%  356M=0s

2026-07-11 21:46:24 (356 MB/s) - ‘/workspace/backups/cindemirlaw.com-20260711-214047/wp-content/uploads/2014/10/health-image.png’ saved [14153/14153]

--2026-07-11 21:46:25--  https://cindemirlaw.com/cindemir-hukuk/?lang=zh-hans
Reusing existing connection to cindemirlaw.com:443.
HTTP request sent, awaiting response... 200 OK
Length: unspecified [text/html]
Saving to: ‘/workspace/backups/cindemirlaw.com-20260711-214047/cindemir-hukuk/index.html?lang=zh-hans.html’

     0K .......... .......... .......... .......... .......... 14.0M
    50K .......... .......... .......... .......... .......... 22.5M
   100K .......... .......... .......... .......... .......... 30.2M
   150K .......... .......... .......... .......... .......... 31.4M
   200K .......... .......... .......... .......... .......... 47.0M
   250K .......... .......... .......... .......... .......... 21.7M
   300K .......... .......... .......... .......... ..........  580M
   350K .......... .......... .......... .......... .......... 39.0M
   400K .......... .......... .......... .......... ..........  139M
   450K .......... .......... .......... .......... ..........  579M
   500K .......... .......... .......... .......... .......... 71.0M
   550K .......... .......... .......... .......... ..........  461M
   600K .......... ........                                     651M=0.01s

2026-07-11 21:46:25 (41.1 MB/s) - ‘/workspace/backups/cindemirlaw.com-20260711-214047/cindemir-hukuk/index.html?lang=zh-hans.html’ saved [633734]

--2026-07-11 21:46:26--  https://cindemirlaw.com/hakan/?lang=zh-hans
Reusing existing connection to cindemirlaw.com:443.
HTTP request sent, awaiting response... 200 OK
Length: unspecified [text/html]
Saving to: ‘/workspace/backups/cindemirlaw.com-20260711-214047/hakan/index.html?lang=zh-hans.html’

     0K .......... .......... .......... .......... .......... 13.2M
    50K .......... .......... .......... .......... .......... 9.88M
   100K .......... .......... .......... .......... .......... 94.6M
   150K .......... .......... .......... .......... .......... 21.8M
   200K .......... .......... .......... .......... ..........  141M
   250K .......... .......... .......... .......... .......... 34.7M
   300K .......... .......... .......... .......... ..........  276M
   350K .......... .......... .......... .......... ..........  187M
   400K .......... .......... .......... .......... ..........  179M
   450K .......... .......... .......... .......... .......... 32.1M
   500K .......... .......... .......... .......... ..........  141M
   550K .......... .......... .......... .......... ..........  445M
   600K .......... .......... .                                 692M=0.02s

2026-07-11 21:46:26 (38.2 MB/s) - ‘/workspace/backups/cindemirlaw.com-20260711-214047/hakan/index.html?lang=zh-hans.html’ saved [636427]

--2026-07-11 21:46:27--  https://cindemirlaw.com/chinese/wp-content/uploads/2014/11/white-2-copy.jpg
Reusing existing connection to cindemirlaw.com:443.
HTTP request sent, awaiting response... 404 Not Found
2026-07-11 21:46:27 ERROR 404: Not Found.

--2026-07-11 21:46:27--  https://cindemirlaw.com/chinese/wp-content/uploads/2014/11/white-2-copy-150x150.jpg
Reusing existing connection to cindemirlaw.com:443.
HTTP request sent, awaiting response... 404 Not Found
2026-07-11 21:46:27 ERROR 404: Not Found.

--2026-07-11 21:46:28--  https://cindemirlaw.com/gokhan-cindemir-attorney-at-law-2-2/?lang=zh-hans
Reusing existing connection to cindemirlaw.com:443.
HTTP request sent, awaiting response... 200 OK
Length: unspecified [text/html]
Saving to: ‘/workspace/backups/cindemirlaw.com-20260711-214047/gokhan-cindemir-attorney-at-law-2-2/index.html?lang=zh-hans.html’

     0K .......... .......... .......... .......... .......... 13.3M
    50K .......... .......... .......... .......... .......... 22.6M
   100K .......... .......... .......... .......... .......... 30.9M
   150K .......... .......... .......... .......... .......... 66.6M
   200K .......... .......... .......... .......... ..........  210M
   250K .......... .......... .......... .......... .......... 40.8M
   300K .......... .......... .......... .......... ..........  130M
   350K .......... .......... .......... .......... .......... 91.6M
   400K .......... .......... .......... .......... ..........  139M
   450K .......... .......... .......... .......... .......... 1.16M
   500K .......... .......... .......... .......... ..........  240M
   550K .......... .......... .......... .......... ..........  482M
   600K .......... ..........                                   700M=0.05s

2026-07-11 21:46:28 (11.4 MB/s) - ‘/workspace/backups/cindemirlaw.com-20260711-214047/gokhan-cindemir-attorney-at-law-2-2/index.html?lang=zh-hans.html’ saved [635311]

--2026-07-11 21:46:29--  https://cindemirlaw.com/chinese/wp-content/uploads/2014/11/white-1-copy.jpg
Reusing existing connection to cindemirlaw.com:443.
HTTP request sent, awaiting response... 404 Not Found
2026-07-11 21:46:29 ERROR 404: Not Found.

--2026-07-11 21:46:29--  https://cindemirlaw.com/chinese/wp-content/uploads/2014/11/white-1-copy-150x150.jpg
Reusing existing connection to cindemirlaw.com:443.
HTTP request sent, awaiting response... 404 Not Found
2026-07-11 21:46:29 ERROR 404: Not Found.

--2026-07-11 21:46:30--  https://cindemirlaw.com/link11/?lang=zh-hans
Reusing existing connection to cindemirlaw.com:443.
HTTP request sent, awaiting response... 200 OK
Length: unspecified [text/html]
Saving to: ‘/workspace/backups/cindemirlaw.com-20260711-214047/link11/index.html?lang=zh-hans.html’

     0K .......... .......... .......... .......... .......... 14.8M
    50K .......... .......... .......... .......... .......... 22.2M
   100K .......... .......... .......... .......... .......... 31.5M
   150K .......... .......... .......... .......... .......... 24.8M
   200K .......... .......... .......... .......... .......... 56.6M
   250K .......... .......... .......... .......... .......... 24.1M
   300K .......... .......... .......... .......... .......... 25.5M
   350K .......... .......... .......... .......... .......... 21.1M
   400K .......... .......... .......... .......... ..........  452M
   450K .......... .......... .......... .......... ..........  531M
   500K .......... .......... .......... .......... ..........  548M
   550K .......... .......... .......... .......... .......... 57.4M
   600K .......... .......                                      137M=0.02s

2026-07-11 21:46:30 (34.6 MB/s) - ‘/workspace/backups/cindemirlaw.com-20260711-214047/link11/index.html?lang=zh-hans.html’ saved [632377]

--2026-07-11 21:46:31--  https://cindemirlaw.com/link13/?lang=zh-hans
Reusing existing connection to cindemirlaw.com:443.
HTTP request sent, awaiting response... 200 OK
Length: unspecified [text/html]
Saving to: ‘/workspace/backups/cindemirlaw.com-20260711-214047/link13/index.html?lang=zh-hans.html’

     0K .......... .......... .......... .......... .......... 12.9M
    50K .......... .......... .......... .......... .......... 23.3M
   100K .......... .......... .......... .......... .......... 23.6M
   150K .......... .......... .......... .......... .......... 19.2M
   200K .......... .......... .......... .......... ..........  398M
   250K .......... .......... .......... .......... ..........  189M
   300K .......... .......... .......... .......... ..........  515M
   350K .......... .......... .......... .......... .......... 39.4M
   400K .......... .......... .......... .......... ..........  533M
   450K .......... .......... .......... .......... ..........  203M
   500K .......... .......... .......... .......... ..........  218M
   550K .......... .......... .......... .......... ..........  459M
   600K .......... ........                                    45.8M=0.01s

2026-07-11 21:46:31 (45.5 MB/s) - ‘/workspace/backups/cindemirlaw.com-20260711-214047/link13/index.html?lang=zh-hans.html’ saved [633387]

--2026-07-11 21:46:32--  https://cindemirlaw.com/link25/?lang=zh-hans
Reusing existing connection to cindemirlaw.com:443.
HTTP request sent, awaiting response... 200 OK
Length: unspecified [text/html]
Saving to: ‘/workspace/backups/cindemirlaw.com-20260711-214047/link25/index.html?lang=zh-hans.html’

     0K .......... .......... .......... .......... .......... 15.3M
    50K .......... .......... .......... .......... .......... 8.12M
   100K .......... .......... .......... .......... .......... 21.4M
   150K .......... .......... .......... .......... .......... 1.53M
   200K .......... .......... .......... .......... .......... 29.4M
   250K .......... .......... .......... .......... .......... 78.7M
   300K .......... .......... .......... .......... .......... 45.3M
   350K .......... .......... .......... .......... .......... 96.0M
   400K .......... .......... .......... .......... ..........  467M
   450K .......... .......... .......... .......... ..........  177M
   500K .......... .......... .......... .......... ..........  461M
   550K .......... .......... .......... .......... ..........  137M
   600K .......... .......... ....                              411K=0.1s

2026-07-11 21:46:33 (5.63 MB/s) - ‘/workspace/backups/cindemirlaw.com-20260711-214047/link25/index.html?lang=zh-hans.html’ saved [639748]

--2026-07-11 21:46:33--  https://cindemirlaw.com/link15/?lang=zh-hans
Reusing existing connection to cindemirlaw.com:443.
HTTP request sent, awaiting response... 200 OK
Length: unspecified [text/html]
Saving to: ‘/workspace/backups/cindemirlaw.com-20260711-214047/link15/index.html?lang=zh-hans.html’

     0K .......... .......... .......... .......... .......... 34.1M
    50K .......... .......... .......... .......... .......... 48.4M
   100K .......... .......... .......... .......... .......... 51.9M
   150K .......... .......... .......... .......... .......... 86.9M
   200K .......... .......... .......... .......... ..........  450M
   250K .......... .......... .......... .......... .......... 89.9M
   300K .......... .......... .......... .......... ..........  128M
   350K .......... .......... .......... .......... ..........  414M
   400K .......... .......... .......... .......... ..........  492M
   450K .......... .......... .......... .......... ..........  538M
   500K .......... .......... .......... .......... ..........  101M
   550K .......... .......... .......... .......... ..........  521M
   600K .......... .......... ....                             6.62M=0.009s

2026-07-11 21:46:34 (64.8 MB/s) - ‘/workspace/backups/cindemirlaw.com-20260711-214047/link15/index.html?lang=zh-hans.html’ saved [639014]

FINISHED --2026-07-11 21:46:34--
Total wall clock time: 5m 43s
Downloaded: 491 files, 273M in 11s (25.8 MB/s)
Converting links in /workspace/backups/cindemirlaw.com-20260711-214047/malpractice-cases-in-turkey/index.html... 73.
72-1
Converting links in /workspace/backups/cindemirlaw.com-20260711-214047/independent-certified-public-accountant-financial-consultant-taner-cevik-2/index.html... 49.
48-1
Converting links in /workspace/backups/cindemirlaw.com-20260711-214047/enforcement-and-recognition-of-foreign-arbitral-awards-in-turkey/index.html... 77.
76-1
Converting links in /workspace/backups/cindemirlaw.com-20260711-214047/opening-a-company-in-turkey-for-foreigners/index.html... 68.
67-1
Converting links in /workspace/backups/cindemirlaw.com-20260711-214047/payment/index.html... 50.
49-1
Converting links in /workspace/backups/cindemirlaw.com-20260711-214047/компенсации-положенные-в-результате/index.html?lang=ru.html... 47.
46-1
Converting links in /workspace/backups/cindemirlaw.com-20260711-214047/due-dilligence/index.html... 49.
48-1
Converting links in /workspace/backups/cindemirlaw.com-20260711-214047/turkish-lawyer-online-consultancy/index.html... 71.
70-1
Converting links in /workspace/backups/cindemirlaw.com-20260711-214047/enforcement-of-a-foreign-decision-in-turkey/index.html... 66.
65-1
Converting links in /workspace/backups/cindemirlaw.com-20260711-214047/наследственное-право-турции-2/index.html?lang=ru.html... 55.
54-1
Converting links in /workspace/backups/cindemirlaw.com-20260711-214047/escrow-account-turkey/index.html... 68.
67-1
Converting links in /workspace/backups/cindemirlaw.com-20260711-214047/establishing-a-commercial-enterprise-in-turkey/index.html... 71.
70-1
Converting links in /workspace/backups/cindemirlaw.com-20260711-214047/русскоязычный-юрист-в-турции-юридич/index.html?lang=ru.html... 54.
53-1
Converting links in /workspace/backups/cindemirlaw.com-20260711-214047/international-apostille-services-in-turkey/index.html... 63.
62-1
Converting links in /workspace/backups/cindemirlaw.com-20260711-214047/enforcement-of-promissory-notes-bills-of-exchange-and-cheques-in-turkey/index.html... 64.
63-1
Converting links in /workspace/backups/cindemirlaw.com-20260711-214047/cindemir-hukuk/index.html?lang=zh-hans.html... 46.
45-1
Converting links in /workspace/backups/cindemirlaw.com-20260711-214047/about-us/index.html?lang=zh-hans.html... 44.
43-1
Converting links in /workspace/backups/cindemirlaw.com-20260711-214047/assistance-for-foreign-families-supporting-inmates-in-turkish-prisons/index.html... 62.
61-1
Converting links in /workspace/backups/cindemirlaw.com-20260711-214047/administrative-law/index.html... 49.
48-1
Converting links in /workspace/backups/cindemirlaw.com-20260711-214047/link25/index.html?lang=zh-hans.html... 44.
43-1
Converting links in /workspace/backups/cindemirlaw.com-20260711-214047/hakan-cindemir-attorney-at-law-senior-attorney-of-the-law-office/index.html... 64.
63-1
Converting links in /workspace/backups/cindemirlaw.com-20260711-214047/regulatory-landscape-for-crypto-asset-trading-platforms-in-turkey/index.html... 65.
64-1
Converting links in /workspace/backups/cindemirlaw.com-20260711-214047/link20/index.html... 49.
48-1
Converting links in /workspace/backups/cindemirlaw.com-20260711-214047/criminal-record-deletion-in-turkey-for-foreign-nationals/index.html... 65.
64-1
Converting links in /workspace/backups/cindemirlaw.com-20260711-214047/turkish-companies-before-the-court-of-justice-of-the-european-union/index.html... 59.
58-1
Converting links in /workspace/backups/cindemirlaw.com-20260711-214047/exit-bans-in-turkey-a-critical-exploration-of-judicial-control/index.html... 63.
62-1
Converting links in /workspace/backups/cindemirlaw.com-20260711-214047/our-articles-3/index.html... 49.
48-1
Converting links in /workspace/backups/cindemirlaw.com-20260711-214047/pod/index.html... 46.
45-1
Converting links in /workspace/backups/cindemirlaw.com-20260711-214047/survivor-pension-for-spouses-of-deceased-turkish-citizens/index.html... 57.
56-1
Converting links in /workspace/backups/cindemirlaw.com-20260711-214047/form-a-document-legal-proof-of-birth-in-turkey-and-application-procedures/index.html... 60.
59-1
Converting links in /workspace/backups/cindemirlaw.com-20260711-214047/notice-of-termination-for-employment-contracts-in-turkish-labor-law/index.html... 62.
61-1
Converting links in /workspace/backups/cindemirlaw.com-20260711-214047/eu-ai-act-prohibited-practices-and-compliance-obligations/index.html... 55.
54-1
Converting links in /workspace/backups/cindemirlaw.com-20260711-214047/prosecutor/index.html... 64.
63-1
Converting links in /workspace/backups/cindemirlaw.com-20260711-214047/открытие-банковского-счета-для-росси/index.html?lang=ru.html... 54.
53-1
Converting links in /workspace/backups/cindemirlaw.com-20260711-214047/direct-foreign-invesment-law-in-turkey/index.html... 69.
68-1
Converting links in /workspace/backups/cindemirlaw.com-20260711-214047/enforcement-of-icsid-awards-in-turkey-the-light-of-last-developments/index.html... 74.
73-1
Converting links in /workspace/backups/cindemirlaw.com-20260711-214047/inheritance-contracts-under-turkish-civil-code/index.html... 68.
67-1
Converting links in /workspace/backups/cindemirlaw.com-20260711-214047/gokhan-cindemir-attorney-at-law/index.html... 73.
72-1
Converting links in /workspace/backups/cindemirlaw.com-20260711-214047/how-to-divorce-in-turkey/index.html... 62.
61-1
Converting links in /workspace/backups/cindemirlaw.com-20260711-214047/как-открыть-компанию-в-турции-пошагов/index.html?lang=ru.html... 48.
47-1
Converting links in /workspace/backups/cindemirlaw.com-20260711-214047/профессиональные-юридические-консул/index.html?lang=ru.html... 52.
51-1
Converting links in /workspace/backups/cindemirlaw.com-20260711-214047/inheritance-rights-for-divorced-spouses/index.html... 63.
62-1
Converting links in /workspace/backups/cindemirlaw.com-20260711-214047/services/index.html?lang=ru.html... 50.
49-1
Converting links in /workspace/backups/cindemirlaw.com-20260711-214047/liquidation-in-turkey/index.html... 68.
67-1
Converting links in /workspace/backups/cindemirlaw.com-20260711-214047/compulsory-earthquake-insurance-in-turkey-compensation-claim/index.html... 70.
69-1
Converting links in /workspace/backups/cindemirlaw.com-20260711-214047/verdict-rendered-for-the-unbelievable-accident-killing-a-tour-guide-hurriyet-newspaper/index.html... 55.
54-1
Converting links in /workspace/backups/cindemirlaw.com-20260711-214047/real-estate-conveyancing/index.html... 50.
49-1
Converting links in /workspace/backups/cindemirlaw.com-20260711-214047/how-to-apply-to-the-european-court-of-human-rights-echr-legal-conditions-and-procedure/index.html... 61.
60-1
Converting links in /workspace/backups/cindemirlaw.com-20260711-214047/privacy-policy/index.html... 49.
48-1
Converting links in /workspace/backups/cindemirlaw.com-20260711-214047/gokhan-cindemir/index.html... 50.
49-1
Converting links in /workspace/backups/cindemirlaw.com-20260711-214047/team/index.html?lang=ru.html... 97.
96-1
Converting links in /workspace/backups/cindemirlaw.com-20260711-214047/paternity-in-turkish-law-under-new-turkish-constitution-court-decision/index.html... 72.
71-1
Converting links in /workspace/backups/cindemirlaw.com-20260711-214047/inheritance-investigation-in-turkey-guiding-international-heirs-through-a-complex-process/index.html... 65.
64-1
Converting links in /workspace/backups/cindemirlaw.com-20260711-214047/yabanci-uyruklu-hukumlu-ve-tutuklularin-ziyareti-hakkinda-bilgilendirme/index.html... 50.
49-1
Converting links in /workspace/backups/cindemirlaw.com-20260711-214047/litigation-adr/index.html... 51.
50-1
Converting links in /workspace/backups/cindemirlaw.com-20260711-214047/deportation-law-in-turkey/index.html... 71.
70-1
Converting links in /workspace/backups/cindemirlaw.com-20260711-214047/establishing-a-branch-in-turkey-2/index.html... 56.
55-1
Converting links in /workspace/backups/cindemirlaw.com-20260711-214047/articles/index.html... 761.
760-1
Converting links in /workspace/backups/cindemirlaw.com-20260711-214047/cindemir-law/index.html... 63.
62-1
Converting links in /workspace/backups/cindemirlaw.com-20260711-214047/legal-services-for-digital-asset-businesses/index.html... 58.
57-1
Converting links in /workspace/backups/cindemirlaw.com-20260711-214047/legal-assistance-for-foreign-lawyers-visiting-prisoners-in-turkey/index.html... 66.
65-1
Converting links in /workspace/backups/cindemirlaw.com-20260711-214047/tourism-law-in-turkey/index.html... 66.
65-1
Converting links in /workspace/backups/cindemirlaw.com-20260711-214047/resolution-in-the-course-of-litigation-proceedings-regarding-turkish-law/index.html... 63.
62-1
Converting links in /workspace/backups/cindemirlaw.com-20260711-214047/family-heritage/index.html... 61.
60-1
Converting links in /workspace/backups/cindemirlaw.com-20260711-214047/link13/index.html?lang=zh-hans.html... 44.
43-1
Converting links in /workspace/backups/cindemirlaw.com-20260711-214047/the-structure-of-board-of-directors-according-to-turkish-commercial-code/index.html... 54.
53-1
Converting links in /workspace/backups/cindemirlaw.com-20260711-214047/fde1068e3bda46a37dd24126f9ec4b09df0c999365011ec71028e1a7d4c45bfdd0fde1068e3bda46a37dd24126f9ec4b09df0c999365011ec71028e1a7d4c45bfdb3fde1068e3bda46a37dd24126f9ec4b09df0c999365011ec71028e1a7d4c45bf/index.html?lang=ru.html... 53.
52-1
Converting links in /workspace/backups/cindemirlaw.com-20260711-214047/basic-principles-of-turkish-labor-law/index.html... 71.
70-1
Converting links in /workspace/backups/cindemirlaw.com-20260711-214047/hakan-cindemir-2/index.html... 49.
48-1
Converting links in /workspace/backups/cindemirlaw.com-20260711-214047/airport-customs-seizures-and-smuggling-offences-under-turkish-law/index.html... 64.
63-1
Converting links in /workspace/backups/cindemirlaw.com-20260711-214047/proving-the-damage-of-a-victim-by-forensic-hospitals-under-malpractice-law-in-turkey/index.html... 70.
69-1
Converting links in /workspace/backups/cindemirlaw.com-20260711-214047/embed-list/index.html... 45.
44-1
Converting links in /workspace/backups/cindemirlaw.com-20260711-214047/tag/damage/index.html... 48.
47-1
Converting links in /workspace/backups/cindemirlaw.com-20260711-214047/internet-blackmail-and-turkish-criminal-law/index.html... 59.
58-1
Converting links in /workspace/backups/cindemirlaw.com-20260711-214047/turkish-law-of-torts/index.html... 67.
66-1
Converting links in /workspace/backups/cindemirlaw.com-20260711-214047/re-employment-lawsuit/index.html... 65.
64-1
Converting links in /workspace/backups/cindemirlaw.com-20260711-214047/obtaining-a-criminal-record-certificate-in-turkey-a-step-by-step-guide/index.html... 71.
70-1
Converting links in /workspace/backups/cindemirlaw.com-20260711-214047/открытие-банковского-счета-в-турции/index.html?lang=ru.html... 70.
69-1
Converting links in /workspace/backups/cindemirlaw.com-20260711-214047/p91/index.html... 73.
72-1
Converting links in /workspace/backups/cindemirlaw.com-20260711-214047/как-получить-справку-о-наличии-судимо/index.html?lang=ru.html... 47.
46-1
Converting links in /workspace/backups/cindemirlaw.com-20260711-214047/hakan-cindemir/index.html... 49.
48-1
Converting links in /workspace/backups/cindemirlaw.com-20260711-214047/energy-law-and-investment/index.html... 51.
50-1
Converting links in /workspace/backups/cindemirlaw.com-20260711-214047/about-us/index.html... 69.
68-1
Converting links in /workspace/backups/cindemirlaw.com-20260711-214047/enforcement-of-us-judgments-in-turkey/index.html... 73.
72-1
Converting links in /workspace/backups/cindemirlaw.com-20260711-214047/stati/index.html... 46.
45-1
Converting links in /workspace/backups/cindemirlaw.com-20260711-214047/articles/index.html?lang=zh-hans.html... 44.
43-1
Converting links in /workspace/backups/cindemirlaw.com-20260711-214047/fde1068e3bda46a37dd24126f9ec4b09df0c999365011ec71028e1a7d4c45bfdd0fde1068e3bda46a37dd24126f9ec4b09df0c999365011ec71028e1a7d4c45bfdb4fde1068e3bda46a37dd24126f9ec4b09df0c999365011ec71028e1a7d4c45bf/index.html?lang=ru.html... 46.
45-1
Converting links in /workspace/backups/cindemirlaw.com-20260711-214047/a-practical-overview-of-crypto-asset-service-providers-and-platforms-in-turkiye/index.html... 61.
60-1
Converting links in /workspace/backups/cindemirlaw.com-20260711-214047/escrow-in-turkey/index.html... 64.
63-1
Converting links in /workspace/backups/cindemirlaw.com-20260711-214047/cisg-in-turkey-international-sale-of-goods-disputes-and-legal-framework/index.html... 68.
67-1
Converting links in /workspace/backups/cindemirlaw.com-20260711-214047/international-marriage-certificate-form-b-turkey-marriage-records/index.html... 65.
64-1
Converting links in /workspace/backups/cindemirlaw.com-20260711-214047/fde1068e3bda46a37dd24126f9ec4b09df0c999365011ec71028e1a7d4c45bfdd1fde1068e3bda46a37dd24126f9ec4b09df0c999365011ec71028e1a7d4c45bfd82fde1068e3bda46a37dd24126f9ec4b09df0c999365011ec71028e1a7d4c45bf-2/index.html?lang=ru.html... 45.
44-1
Converting links in /workspace/backups/cindemirlaw.com-20260711-214047/contacts/index.html?lang=zh-hans.html... 44.
43-1
Converting links in /workspace/backups/cindemirlaw.com-20260711-214047/icsid/index.html... 73.
72-1
Converting links in /workspace/backups/cindemirlaw.com-20260711-214047/international-private/index.html... 68.
67-1
Converting links in /workspace/backups/cindemirlaw.com-20260711-214047/financial-rights-of-daughters-under-turkish-social-security-law/index.html... 65.
64-1
Converting links in /workspace/backups/cindemirlaw.com-20260711-214047/задержание-в-аэропорту-турции-правов/index.html?lang=ru.html... 50.
49-1
Converting links in /workspace/backups/cindemirlaw.com-20260711-214047/training/index.html... 51.
50-1
Converting links in /workspace/backups/cindemirlaw.com-20260711-214047/enforcement-of-foreign-judgments-austria-in-turkey/index.html... 64.
63-1
Converting links in /workspace/backups/cindemirlaw.com-20260711-214047/exemptions-on-the-legislation-of-the-documents-in-turkey/index.html... 52.
51-1
Converting links in /workspace/backups/cindemirlaw.com-20260711-214047/humanitarian-residence-permit-application-in-turkey/index.html... 59.
58-1
Converting links in /workspace/backups/cindemirlaw.com-20260711-214047/methods-of-debt-collection-in-the-light-of-turkish-law/index.html... 75.
74-1
Converting links in /workspace/backups/cindemirlaw.com-20260711-214047/estates-trusts/index.html... 49.
48-1
Converting links in /workspace/backups/cindemirlaw.com-20260711-214047/feed/index.html?lang=zh-hans.html... 102.
101-1
Converting links in /workspace/backups/cindemirlaw.com-20260711-214047/the-scope-of-turkish-labor-law/index.html... 66.
65-1
Converting links in /workspace/backups/cindemirlaw.com-20260711-214047/юридическая-помощь-при-отправке-веще/index.html?lang=ru.html... 47.
46-1
Converting links in /workspace/backups/cindemirlaw.com-20260711-214047/tort-law-in-turkey/index.html... 73.
72-1
Converting links in /workspace/backups/cindemirlaw.com-20260711-214047/who-is-hafiz-huseyin-husnu-efendi/index.html... 62.
61-1
Converting links in /workspace/backups/cindemirlaw.com-20260711-214047/fde1068e3bda46a37dd24126f9ec4b09df0c999365011ec71028e1a7d4c45bfdd0fde1068e3bda46a37dd24126f9ec4b09df0c999365011ec71028e1a7d4c45bfdb5fde1068e3bda46a37dd24126f9ec4b09df0c999365011ec71028e1a7d4c45bf/index.html?lang=ru.html... 52.
51-1
Converting links in /workspace/backups/cindemirlaw.com-20260711-214047/foreigners-and-international-protection-in-turkey/index.html... 64.
63-1
Converting links in /workspace/backups/cindemirlaw.com-20260711-214047/overcoming-the-5-year-entry-ban-in-turkey-a-path-to-redemption/index.html... 75.
74-1
Converting links in /workspace/backups/cindemirlaw.com-20260711-214047/humanitarian-residence-permit-in-turkey-legal-insights-by-cindemir-law-office/index.html... 66.
65-1
Converting links in /workspace/backups/cindemirlaw.com-20260711-214047/legal-opinion-and-expert-opinion-in-turkey-why-the-distinction-matters/index.html... 65.
64-1
Converting links in /workspace/backups/cindemirlaw.com-20260711-214047/cindemir-law-3/index.html... 48.
47-1
Converting links in /workspace/backups/cindemirlaw.com-20260711-214047/cenker-degirmenci-legal-advisorgeneral-coordinator/index.html... 52.
51-1
Converting links in /workspace/backups/cindemirlaw.com-20260711-214047/administration-of-crypto-assets-under-turkish-law/index.html... 65.
64-1
Converting links in /workspace/backups/cindemirlaw.com-20260711-214047/understanding-spks-introduction-guide-for-information-systems-independent-audit/index.html... 66.
65-1
Converting links in /workspace/backups/cindemirlaw.com-20260711-214047/tag/prescription/index.html... 51.
50-1
Converting links in /workspace/backups/cindemirlaw.com-20260711-214047/labor-contract-termination-with-just-cause/index.html... 61.
60-1
Converting links in /workspace/backups/cindemirlaw.com-20260711-214047/turkey-asset-repatriation-2026-legal-framework-for-bringing-foreign-assets-to-turkey/index.html... 74.
73-1
Converting links in /workspace/backups/cindemirlaw.com-20260711-214047/testamentary-disposition-and-testaments-in-turkish-inheritance-law/index.html... 62.
61-1
Converting links in /workspace/backups/cindemirlaw.com-20260711-214047/electric-distribution-and-transmission-in-turkey/index.html... 60.
59-1
Converting links in /workspace/backups/cindemirlaw.com-20260711-214047/enforcement-of-a-chinese-foreign-judgment-in-turkey/index.html... 63.
62-1
Converting links in /workspace/backups/cindemirlaw.com-20260711-214047/online-appointment-booking/index.html... 50.
48-2
Converting links in /workspace/backups/cindemirlaw.com-20260711-214047/alternative-dispute-resolutions-in-turkey/index.html... 66.
65-1
Converting links in /workspace/backups/cindemirlaw.com-20260711-214047/gokhan-cindemir-attorney-at-law-2/index.html... 49.
48-1
Converting links in /workspace/backups/cindemirlaw.com-20260711-214047/fde1/index.html?lang=ru.html... 49.
48-1
Converting links in /workspace/backups/cindemirlaw.com-20260711-214047/consensual-divorce-in-turkey-uncontested-divorce/index.html... 76.
75-1
Converting links in /workspace/backups/cindemirlaw.com-20260711-214047/gokhan-cindemir-3/index.html... 49.
48-1
Converting links in /workspace/backups/cindemirlaw.com-20260711-214047/our-articles-2/index.html... 49.
48-1
Converting links in /workspace/backups/cindemirlaw.com-20260711-214047/intentional-killing-under-turkish-law/index.html... 71.
70-1
Converting links in /workspace/backups/cindemirlaw.com-20260711-214047/private-international-law-rules/index.html... 57.
56-1
Converting links in /workspace/backups/cindemirlaw.com-20260711-214047/типы-компаний-в-турции/index.html?lang=ru.html... 54.
53-1
Converting links in /workspace/backups/cindemirlaw.com-20260711-214047/tag/injury/index.html... 57.
56-1
Converting links in /workspace/backups/cindemirlaw.com-20260711-214047/irish-tourist-s-attorney-gokhan-cindemir-s-press-statement/index.html... 51.
50-1
Converting links in /workspace/backups/cindemirlaw.com-20260711-214047/about-us/index.html?lang=ru.html... 55.
54-1
Converting links in /workspace/backups/cindemirlaw.com-20260711-214047/unfair-competition-in-turkey-understanding-the-issues-and-finding-solutions/index.html... 68.
67-1
Converting links in /workspace/backups/cindemirlaw.com-20260711-214047/crypto-asset-issuers-under-turkish-law/index.html... 64.
63-1
Converting links in /workspace/backups/cindemirlaw.com-20260711-214047/child-abduction-and-retention-under-turkish-law/index.html... 59.
58-1
Converting links in /workspace/backups/cindemirlaw.com-20260711-214047/market-abuse-in-the-crypto-asset-market-in-turkey/index.html... 66.
65-1
Converting links in /workspace/backups/cindemirlaw.com-20260711-214047/corporate-commercial/index.html... 53.
52-1
Converting links in /workspace/backups/cindemirlaw.com-20260711-214047/principle-of-family-unity-deportation-procedures-and-protection-of-family-unity-for-deportees/index.html... 71.
70-1
Converting links in /workspace/backups/cindemirlaw.com-20260711-214047/feed/index.html... 81.
80-1
Converting links in /workspace/backups/cindemirlaw.com-20260711-214047/liaison-offices-in-turkey/index.html... 59.
58-1
Converting links in /workspace/backups/cindemirlaw.com-20260711-214047/our-articles/index.html... 51.
50-1
Converting links in /workspace/backups/cindemirlaw.com-20260711-214047/enforcement-of-a-foreign-romania-judgment-in-turkey/index.html... 63.
62-1
Converting links in /workspace/backups/cindemirlaw.com-20260711-214047/irish-boxer-acquitted-in-epic-brawl-case/index.html... 63.
62-1
Converting links in /workspace/backups/cindemirlaw.com-20260711-214047/how-to-establish-a-limited-partnership-in-turkey/index.html... 57.
56-1
Converting links in /workspace/backups/cindemirlaw.com-20260711-214047/title-deeds-in-turkey-a-legal-and-historical-overview/index.html... 66.
65-1
Converting links in /workspace/backups/cindemirlaw.com-20260711-214047/как-получить-судимость-в-турции/index.html?lang=ru.html... 55.
54-1
Converting links in /workspace/backups/cindemirlaw.com-20260711-214047/fde1068e3bda46a37dd24126f9ec4b09df0c999365011ec71028e1a7d4c45bfdd0fde1068e3bda46a37dd24126f9ec4b09df0c999365011ec71028e1a7d4c45bfdb0fde1068e3bda46a37dd24126f9ec4b09df0c999365011ec71028e1a7d4c45bf/index.html?lang=ru.html... 46.
45-1
Converting links in /workspace/backups/cindemirlaw.com-20260711-214047/hakan/index.html?lang=zh-hans.html... 44.
43-1
Converting links in /workspace/backups/cindemirlaw.com-20260711-214047/team/index.html... 103.
102-1
Converting links in /workspace/backups/cindemirlaw.com-20260711-214047/services/index.html?lang=zh-hans.html... 44.
43-1
Converting links in /workspace/backups/cindemirlaw.com-20260711-214047/наследственное-право-турции/index.html?lang=ru.html... 55.
54-1
Converting links in /workspace/backups/cindemirlaw.com-20260711-214047/new-spk-decision-on-crypto-assets-a-comprehensive-overview-of-regulatory-amendments/index.html... 63.
62-1
Converting links in /workspace/backups/cindemirlaw.com-20260711-214047/nashiyurist/index.html... 46.
45-1
Converting links in /workspace/backups/cindemirlaw.com-20260711-214047/obtaining-an-e-devlet-password-in-turkey-through-a-power-of-attorney/index.html?lang=ru.html... 46.
45-1
Converting links in /workspace/backups/cindemirlaw.com-20260711-214047/gokhan-cindemir-attorney-at-law-2-2/index.html?lang=zh-hans.html... 44.
43-1
Converting links in /workspace/backups/cindemirlaw.com-20260711-214047/ottoman-title-deeds-in-turkiye-inheritance-registration-and-land-search/index.html... 62.
61-1
Converting links in /workspace/backups/cindemirlaw.com-20260711-214047/some-notes-about-opening-a-bank-account-for-a-foreign-company-in-turkey/index.html... 68.
67-1
Converting links in /workspace/backups/cindemirlaw.com-20260711-214047/cisg-в-турции-международная-купля-продаж/index.html... 50.
49-1
Converting links in /workspace/backups/cindemirlaw.com-20260711-214047/starting-a-company-in-turkey-a-comprehensive-guide-for-entrepreneurs/index.html... 59.
58-1
Converting links in /workspace/backups/cindemirlaw.com-20260711-214047/komanda/index.html... 46.
45-1
Converting links in /workspace/backups/cindemirlaw.com-20260711-214047/migrant-smuggling-and-human-trafficking-under-turkish-law/index.html... 55.
54-1
Converting links in /workspace/backups/cindemirlaw.com-20260711-214047/turkish-inheritance-law/index.html... 63.
62-1
Converting links in /workspace/backups/cindemirlaw.com-20260711-214047/to-file-a-case-in-turkey-petition/index.html... 62.
61-1
Converting links in /workspace/backups/cindemirlaw.com-20260711-214047/kontak/index.html... 46.
45-1
Converting links in /workspace/backups/cindemirlaw.com-20260711-214047/как-открыть-филиал-в-турции/index.html?lang=ru.html... 54.
53-1
Converting links in /workspace/backups/cindemirlaw.com-20260711-214047/insurance/index.html... 50.
49-1
Converting links in /workspace/backups/cindemirlaw.com-20260711-214047/team/index.html?lang=zh-hans.html... 53.
52-1
Converting links in /workspace/backups/cindemirlaw.com-20260711-214047/crypto-asset-fraud-in-turkey-legal-perspective/index.html... 60.
59-1
Converting links in /workspace/backups/cindemirlaw.com-20260711-214047/legal-status-of-late-registered-turkish-citizens-concerning-military-service-obligations-under-law-no-7179/index.html... 61.
60-1
Converting links in /workspace/backups/cindemirlaw.com-20260711-214047/what-are-the-limitations-of-a-will-under-turkish-law/index.html... 65.
64-1
Converting links in /workspace/backups/cindemirlaw.com-20260711-214047/гуманитарный-вид-на-жительство-в-турц/index.html?lang=ru.html... 50.
49-1
Converting links in /workspace/backups/cindemirlaw.com-20260711-214047/legal-affidavit-preparation-in-turkey/index.html... 63.
62-1
Converting links in /workspace/backups/cindemirlaw.com-20260711-214047/onas/index.html... 47.
46-1
Converting links in /workspace/backups/cindemirlaw.com-20260711-214047/offences-of-bodily-harm-under-turkish-law/index.html... 60.
59-1
Converting links in /workspace/backups/cindemirlaw.com-20260711-214047/nominee-director-in-turkey/index.html... 65.
64-1
Converting links in /workspace/backups/cindemirlaw.com-20260711-214047/international-private-law-and-conventions-that-turkey-is-party/index.html... 58.
57-1
Converting links in /workspace/backups/cindemirlaw.com-20260711-214047/fde1068e3bda46a37dd24126f9ec4b09df0c999365011ec71028e1a7d4c45bfdd0fde1068e3bda46a37dd24126f9ec4b09df0c999365011ec71028e1a7d4c45bfdbdfde1068e3bda46a37dd24126f9ec4b09df0c999365011ec71028e1a7d4c45bf/index.html?lang=ru.html... 46.
45-1
Converting links in /workspace/backups/cindemirlaw.com-20260711-214047/link11/index.html?lang=zh-hans.html... 44.
43-1
Converting links in /workspace/backups/cindemirlaw.com-20260711-214047/paternity-suit-in-turkey-under-turkish-family-law/index.html... 70.
69-1
Converting links in /workspace/backups/cindemirlaw.com-20260711-214047/расследование-наследства-в-турции-юр/index.html... 50.
49-1
Converting links in /workspace/backups/cindemirlaw.com-20260711-214047/turkish-procedural-law/index.html... 62.
61-1
Converting links in /workspace/backups/cindemirlaw.com-20260711-214047/intentional-injury-resulting-in-death-under-turkish-criminal-law/index.html... 57.
56-1
Converting links in /workspace/backups/cindemirlaw.com-20260711-214047/вторичная-защита/index.html?lang=ru.html... 45.
44-1
Converting links in /workspace/backups/cindemirlaw.com-20260711-214047/руководство-по-приобретению-иностра/index.html?lang=ru.html... 69.
68-1
Converting links in /workspace/backups/cindemirlaw.com-20260711-214047/sales-of-real-estate-to-foreigners-in-turkey/index.html... 70.
69-1
Converting links in /workspace/backups/cindemirlaw.com-20260711-214047/statute-of-limitations-related-to-personal-injury-cases-in-turkey/index.html... 63.
62-1
Converting links in /workspace/backups/cindemirlaw.com-20260711-214047/fde1068e3bda46a37dd24126f9ec4b09df0c999365011ec71028e1a7d4c45bfdd0fde1068e3bda46a37dd24126f9ec4b09df0c999365011ec71028e1a7d4c45bfdbefde1068e3bda46a37dd24126f9ec4b09df0c999365011ec71028e1a7d4c45bf/index.html... 49.
48-1
Converting links in /workspace/backups/cindemirlaw.com-20260711-214047/crypto-asset-fraud-common-schemes-legal-analysis-what-victims-should-do/index.html... 66.
65-1
Converting links in /workspace/backups/cindemirlaw.com-20260711-214047/открытие-банковского-счета-русскими/index.html?lang=ru.html... 47.
46-1
Converting links in /workspace/backups/cindemirlaw.com-20260711-214047/termination-of-employment-under-turkish-law/index.html... 65.
64-1
Converting links in /workspace/backups/cindemirlaw.com-20260711-214047/provisions-of-custody-under-turkish-civil-code/index.html... 66.
65-1
Converting links in /workspace/backups/cindemirlaw.com-20260711-214047/services/index.html... 81.
80-1
Converting links in /workspace/backups/cindemirlaw.com-20260711-214047/software-account-services/index.html... 65.
64-1
Converting links in /workspace/backups/cindemirlaw.com-20260711-214047/website-legal-services​/index.html... 64.
63-1
Converting links in /workspace/backups/cindemirlaw.com-20260711-214047/преступления-с-криптовалютой-в-турци/index.html... 50.
49-1
Converting links in /workspace/backups/cindemirlaw.com-20260711-214047/anti-dumping-measures/index.html... 66.
65-1
Converting links in /workspace/backups/cindemirlaw.com-20260711-214047/fde1068e3bda46a37dd24126f9ec4b09df0c999365011ec71028e1a7d4c45bfdd0fde1068e3bda46a37dd24126f9ec4b09df0c999365011ec71028e1a7d4c45bfdb0fde1068e3bda46a37dd24126f9ec4b09df0c999365011ec71028e1a7d4c45bf-2/index.html... 49.
48-1
Converting links in /workspace/backups/cindemirlaw.com-20260711-214047/legal-visits-in-prison-lawyer-services-for-detainees-and-convicts-in-turkey/index.html... 68.
67-1
Converting links in /workspace/backups/cindemirlaw.com-20260711-214047/car-accident-in-turkey-and-legal-compensation-issues/index.html... 61.
60-1
Converting links in /workspace/backups/cindemirlaw.com-20260711-214047/enforcement-of-a-foreign-ukraine-judgment-in-turkey/index.html... 72.
71-1
Converting links in /workspace/backups/cindemirlaw.com-20260711-214047/consequences-of-a-divorce-decision-in-turkey/index.html... 67.
66-1
Converting links in /workspace/backups/cindemirlaw.com-20260711-214047/finding-a-nominee-director-in-turkey/index.html... 68.
67-1
Converting links in /workspace/backups/cindemirlaw.com-20260711-214047/fde1068e3bda46a37dd24126f9ec4b09df0c999365011ec71028e1a7d4c45bfdd1fde1068e3bda46a37dd24126f9ec4b09df0c999365011ec71028e1a7d4c45bfd83fde1068e3bda46a37dd24126f9ec4b09df0c999365011ec71028e1a7d4c45bf-2/index.html?lang=ru.html... 53.
52-1
Converting links in /workspace/backups/cindemirlaw.com-20260711-214047/index.html?lang=ru.html... 98.
97-1
Converting links in /workspace/backups/cindemirlaw.com-20260711-214047/accidents-on-the-road-in-turkey-car-crashes-traffic-accidents/index.html... 84.
83-1
Converting links in /workspace/backups/cindemirlaw.com-20260711-214047/compensation-of-damages-for-foreign-victims-due-to-terror-under-turkish-law/index.html... 71.
70-1
Converting links in /workspace/backups/cindemirlaw.com-20260711-214047/nominee-directory-services-in-turkey/index.html... 68.
67-1
Converting links in /workspace/backups/cindemirlaw.com-20260711-214047/irish-kuwaiti-tourist-acquitted-in-street-brawl-case-in-turkey-hurriyet-daily-news/index.html... 63.
62-1
Converting links in /workspace/backups/cindemirlaw.com-20260711-214047/cautio-judicatum-solvi-security-payment-under-turkish-international-private-law/index.html... 59.
58-1
Converting links in /workspace/backups/cindemirlaw.com-20260711-214047/gokhan-cindemir-2/index.html... 49.
48-1
Converting links in /workspace/backups/cindemirlaw.com-20260711-214047/eu-ai-act-compliance-for-non-eu-companies-legal-requirements-under-the-destination-principle/index.html?lang=ru.html... 46.
45-1
Converting links in /workspace/backups/cindemirlaw.com-20260711-214047/права-и-обязанности/index.html?lang=ru.html... 55.
54-1
Converting links in /workspace/backups/cindemirlaw.com-20260711-214047/contacts/index.html?lang=ru.html... 46.
45-1
Converting links in /workspace/backups/cindemirlaw.com-20260711-214047/fde1068e3bda46a37dd24126f9ec4b09df0c999365011ec71028e1a7d4c45bfdd0fde1068e3bda46a37dd24126f9ec4b09df0c999365011ec71028e1a7d4c45bfdb6fde1068e3bda46a37dd24126f9ec4b09df0c999365011ec71028e1a7d4c45bf/index.html?lang=ru.html... 46.
45-1
Converting links in /workspace/backups/cindemirlaw.com-20260711-214047/nominee-director-in-turkey/index.html?lang=ru.html... 58.
57-1
Converting links in /workspace/backups/cindemirlaw.com-20260711-214047/transferring-a-tiktok-account-with-escrow/index.html... 59.
58-1
Converting links in /workspace/backups/cindemirlaw.com-20260711-214047/fde1068e3bda46a37dd24126f9ec4b09df0c999365011ec71028e1a7d4c45bfdd1fde1068e3bda46a37dd24126f9ec4b09df0c999365011ec71028e1a7d4c45bfd83fde1068e3bda46a37dd24126f9ec4b09df0c999365011ec71028e1a7d4c45bf-3/index.html?lang=ru.html... 55.
54-1
Converting links in /workspace/backups/cindemirlaw.com-20260711-214047/tag/turkish/index.html... 66.
65-1
Converting links in /workspace/backups/cindemirlaw.com-20260711-214047/appointment-of-a-turkish-lawyer-with-power-of-attorney/index.html... 70.
69-1
Converting links in /workspace/backups/cindemirlaw.com-20260711-214047/репатриация-активов-в-турцию-в-2026-году-п/index.html?lang=ru.html... 47.
46-1
Converting links in /workspace/backups/cindemirlaw.com-20260711-214047/eu-representative-services-for-non-eu-companies-under-the-gdpr/index.html... 59.
58-1
Converting links in /workspace/backups/cindemirlaw.com-20260711-214047/plastic-surgery-malpractice-in-turkish-law/index.html... 73.
72-1
Converting links in /workspace/backups/cindemirlaw.com-20260711-214047/how-to-lift-entry-ban-to-turkey/index.html?lang=zh-hans.html... 50.
49-1
Converting links in /workspace/backups/cindemirlaw.com-20260711-214047/fde1068e3bda46a37dd24126f9ec4b09df0c999365011ec71028e1a7d4c45bfdd1fde1068e3bda46a37dd24126f9ec4b09df0c999365011ec71028e1a7d4c45bfd81fde1068e3bda46a37dd24126f9ec4b09df0c999365011ec71028e1a7d4c45bf-3/index.html?lang=ru.html... 49.
48-1
Converting links in /workspace/backups/cindemirlaw.com-20260711-214047/independent-certified-public-accountant-financial-consultant-taner-cevik/index.html... 52.
51-1
Converting links in /workspace/backups/cindemirlaw.com-20260711-214047/index.html?lang=zh-hans.html... 102.
101-1
Converting links in /workspace/backups/cindemirlaw.com-20260711-214047/legal-rights-of-foreign-nationals-in-police-custody-in-istanbul/index.html... 61.
60-1
Converting links in /workspace/backups/cindemirlaw.com-20260711-214047/turk-hukukunda-kripto-varliklarin-duzenlenmesi/index.html... 58.
57-1
Converting links in /workspace/backups/cindemirlaw.com-20260711-214047/виды-компании-в-турции/index.html?lang=ru.html... 78.
77-1
Converting links in /workspace/backups/cindemirlaw.com-20260711-214047/interim-injunctions-in-turkish-law/index.html... 73.
72-1
Converting links in /workspace/backups/cindemirlaw.com-20260711-214047/support/index.html... 51.
50-1
Converting links in /workspace/backups/cindemirlaw.com-20260711-214047/что-такое-заявление-в-еспч-кто-может-по/index.html?lang=ru.html... 49.
48-1
Converting links in /workspace/backups/cindemirlaw.com-20260711-214047/fde1068e3bda46a37dd24126f9ec4b09df0c999365011ec71028e1a7d4c45bfdd0fde1068e3bda46a37dd24126f9ec4b09df0c999365011ec71028e1a7d4c45bfdb7fde1068e3bda46a37dd24126f9ec4b09df0c999365011ec71028e1a7d4c45bf/index.html?lang=ru.html... 53.
52-1
Converting links in /workspace/backups/cindemirlaw.com-20260711-214047/contacts/index.html... 51.
50-1
Converting links in /workspace/backups/cindemirlaw.com-20260711-214047/new-crypto-asset-regulation-of-turkey-and-understanding-provisions-related-to-crypto-asset-service-providers-casps/index.html... 70.
69-1
Converting links in /workspace/backups/cindemirlaw.com-20260711-214047/employment/index.html... 55.
54-1
Converting links in /workspace/backups/cindemirlaw.com-20260711-214047/insurance-arbitration-and-compensation-claims-regarding-car-accidents-in-turkey/index.html... 70.
69-1
Converting links in /workspace/backups/cindemirlaw.com-20260711-214047/turkish-succession-law/index.html... 66.
65-1
Converting links in /workspace/backups/cindemirlaw.com-20260711-214047/privacy-policy-in-turkish-law/index.html... 64.
63-1
Converting links in /workspace/backups/cindemirlaw.com-20260711-214047/criminal-law/index.html... 52.
51-1
Converting links in /workspace/backups/cindemirlaw.com-20260711-214047/our-press-statement-regarding-keshia-handa/index.html... 55.
54-1
Converting links in /workspace/backups/cindemirlaw.com-20260711-214047/fde1068e3bda46a37dd24126f9ec4b09df0c999365011ec71028e1a7d4c45bfdd1fde1068e3bda46a37dd24126f9ec4b09df0c999365011ec71028e1a7d4c45bfd81fde1068e3bda46a37dd24126f9ec4b09df0c999365011ec71028e1a7d4c45bf/index.html?lang=ru.html... 49.
48-1
Converting links in /workspace/backups/cindemirlaw.com-20260711-214047/nft-law-in-turkey/index.html... 67.
66-1
Converting links in /workspace/backups/cindemirlaw.com-20260711-214047/narcotic-crimes-drugs-and-cordials-in-turkish-penal-code/index.html... 66.
65-1
Converting links in /workspace/backups/cindemirlaw.com-20260711-214047/bank-account-opening-in-turkey-for-russian-companies/index.html... 61.
60-1
Converting links in /workspace/backups/cindemirlaw.com-20260711-214047/как-развестись-в-турции/index.html?lang=ru.html... 59.
58-1
Converting links in /workspace/backups/cindemirlaw.com-20260711-214047/fde1068e3bda46a37dd24126f9ec4b09df0c999365011ec71028e1a7d4c45bfdd0fde1068e3bda46a37dd24126f9ec4b09df0c999365011ec71028e1a7d4c45bfdb1fde1068e3bda46a37dd24126f9ec4b09df0c999365011ec71028e1a7d4c45bf/index.html?lang=ru.html... 47.
46-1
Converting links in /workspace/backups/cindemirlaw.com-20260711-214047/debt-collection-service/index.html... 50.
49-1
Converting links in /workspace/backups/cindemirlaw.com-20260711-214047/international-death-certificate-form-c-and-procedures-for-obtaining-in-turkey/index.html... 65.
64-1
Converting links in /workspace/backups/cindemirlaw.com-20260711-214047/pig-butchering-cryptocurrency-scam-key-risks-and-legal-considerations-for-investors-in-turkey/index.html?lang=ru.html... 47.
46-1
Converting links in /workspace/backups/cindemirlaw.com-20260711-214047/definition-regarding-conflict-of-laws-in-turkey/index.html... 71.
70-1
Converting links in /workspace/backups/cindemirlaw.com-20260711-214047/иск-об-установлении-отцовства-в-турци/index.html?lang=ru.html... 50.
49-1
Converting links in /workspace/backups/cindemirlaw.com-20260711-214047/legal-alert-new-regulation-on-timeshare-rights-in-turkey-7-day-minimum-period-introduced/index.html... 64.
63-1
Converting links in /workspace/backups/cindemirlaw.com-20260711-214047/personal-injury-liability-in-turkey/index.html... 74.
73-1
Converting links in /workspace/backups/cindemirlaw.com-20260711-214047/free-trade-zone-company-in-turkey/index.html... 68.
67-1
Converting links in /workspace/backups/cindemirlaw.com-20260711-214047/debt-recovery-in-turkey/index.html... 70.
69-1
Converting links in /workspace/backups/cindemirlaw.com-20260711-214047/trade-law-of-turkey/index.html... 62.
61-1
Converting links in /workspace/backups/cindemirlaw.com-20260711-214047/escrow-agency-escrow-agreement/index.html... 51.
50-1
Converting links in /workspace/backups/cindemirlaw.com-20260711-214047/статус-беженца-в-турции/index.html?lang=ru.html... 45.
44-1
Converting links in /workspace/backups/cindemirlaw.com-20260711-214047/cindemir-hukuk-burosu-cindemir-law-office-kusdili-caddesi-osmanaga-mahallesi-artunc-apartmani-no173-34714-kadikoy-istanbul-2/index.html... 51.
50-1
Converting links in /workspace/backups/cindemirlaw.com-20260711-214047/link15/index.html?lang=zh-hans.html... 43.
42-1
Converting links in /workspace/backups/cindemirlaw.com-20260711-214047/airport-detention-in-turkey-legal-risks-for-foreign-travellers-and-how-to-respond/index.html... 69.
68-1
Converting links in /workspace/backups/cindemirlaw.com-20260711-214047/wrongful-death-claim-in-turkey-under-turkish-law/index.html... 73.
72-1
Converting links in /workspace/backups/cindemirlaw.com-20260711-214047/ottoman-archival-documents-and-their-role-in-legal-and-historical-investigations/index.html... 59.
58-1
Converting links in /workspace/backups/cindemirlaw.com-20260711-214047/fde1068e3bda46a37dd24126f9ec4b09df0c999365011ec71028e1a7d4c45bfdd1fde1068e3bda46a37dd24126f9ec4b09df0c999365011ec71028e1a7d4c45bfd82fde1068e3bda46a37dd24126f9ec4b09df0c999365011ec71028e1a7d4c45bf/index.html?lang=ru.html... 49.
48-1
Converting links in /workspace/backups/cindemirlaw.com-20260711-214047/crypto-assets-status-a-perspective-following-turkeys-stance-on-crypto-use/index.html... 65.
64-1
Converting links in /workspace/backups/cindemirlaw.com-20260711-214047/getting-criminal-record-in-turkey/index.html... 65.
64-1
Converting links in /workspace/backups/cindemirlaw.com-20260711-214047/institutionalized-nominee-director/index.html... 67.
66-1
Converting links in /workspace/backups/cindemirlaw.com-20260711-214047/создание-компании-с-ограниченной-отв/index.html?lang=ru.html... 51.
50-1
Converting links in /workspace/backups/cindemirlaw.com-20260711-214047/crypto-market-manipulation-and-its-legal-implications-under-turkish-law/index.html... 71.
70-1
Converting links in /workspace/backups/cindemirlaw.com-20260711-214047/туристическое-право-в-турции/index.html... 51.
50-1
Converting links in /workspace/backups/cindemirlaw.com-20260711-214047/can-russian-establish-a-company-in-turkey/index.html... 74.
73-1
Converting links in /workspace/backups/cindemirlaw.com-20260711-214047/family/index.html... 51.
50-1
Converting links in /workspace/backups/cindemirlaw.com-20260711-214047/turkish-citizenship-law-in-english/index.html... 62.
61-1
Converting links in /workspace/backups/cindemirlaw.com-20260711-214047/news-events/index.html... 46.
45-1
Converting links in /workspace/backups/cindemirlaw.com-20260711-214047/enforcement-of-a-foreign-iran-judgment-in-turkey/index.html... 65.
64-1
Converting links in /workspace/backups/cindemirlaw.com-20260711-214047/fde1068e/index.html?lang=ru.html... 60.
59-1
Converting links in /workspace/backups/cindemirlaw.com-20260711-214047/personal-injury-and-car-accidents-under-turkish-law/index.html... 63.
62-1
Converting links in /workspace/backups/cindemirlaw.com-20260711-214047/legal-services-in-sapanca/index.html... 56.
55-1
Converting links in /workspace/backups/cindemirlaw.com-20260711-214047/sexual-assault-in-turkey/index.html... 64.
63-1
Converting links in /workspace/backups/cindemirlaw.com-20260711-214047/hakan-cindemir-3/index.html... 50.
49-1
Converting links in /workspace/backups/cindemirlaw.com-20260711-214047/cindemir/index.html... 50.
49-1
Converting links in /workspace/backups/cindemirlaw.com-20260711-214047/european-law-rights-concerning-ankara-agreement/index.html... 51.
50-1
Converting links in /workspace/backups/cindemirlaw.com-20260711-214047/banking-finance/index.html... 52.
51-1
Converting links in /workspace/backups/cindemirlaw.com-20260711-214047/enforcement-of-a-foreign-poland-judgment-in-turkey/index.html... 63.
62-1
Converting links in /workspace/backups/cindemirlaw.com-20260711-214047/legal-support-for-visiting-foreign-nationals-in-turkish-prisons/index.html... 63.
62-1
Converting links in /workspace/backups/cindemirlaw.com-20260711-214047/fde1068e3bda46a37dd24126f9ec4b09df0c999365011ec71028e1a7d4c45bfdd1fde1068e3bda46a37dd24126f9ec4b09df0c999365011ec71028e1a7d4c45bfd83fde1068e3bda46a37dd24126f9ec4b09df0c999365011ec71028e1a7d4c45bf/index.html?lang=ru.html... 46.
45-1
Converting links in /workspace/backups/cindemirlaw.com-20260711-214047/eu-legal-representative-services-for-ai-companies-outside-the-european-union/index.html... 65.
64-1
Converting links in /workspace/backups/cindemirlaw.com-20260711-214047/introduction-to-jurisdiction-of-divorce-in-turkey/index.html... 79.
78-1
Converting links in /workspace/backups/cindemirlaw.com-20260711-214047/посещение-иностранных-заключённых-в/index.html?lang=ru.html... 47.
46-1
Converting links in /workspace/backups/cindemirlaw.com-20260711-214047/turkey-crypto-crimes-legal-landscape-enforcement-and-investor-protection/index.html... 67.
66-1
Converting links in /workspace/backups/cindemirlaw.com-20260711-214047/enforcement-of-uk-judgments-in-turkey/index.html... 73.
72-1
Converting links in /workspace/backups/cindemirlaw.com-20260711-214047/fde1068e3bda46a37dd24126f9ec4b09df0c999365011ec71028e1a7d4c45bfdd1fde1068e3bda46a37dd24126f9ec4b09df0c999365011ec71028e1a7d4c45bfd81fde1068e3bda46a37dd24126f9ec4b09df0c999365011ec71028e1a7d4c45bf-2/index.html?lang=ru.html... 47.
46-1
Converting links in /workspace/backups/cindemirlaw.com-20260711-214047/fde1068e3bda46a37dd24126f9ec4b09df0c999365011ec71028e1a7d4c45bfdd0fde1068e3bda46a37dd24126f9ec4b09df0c999365011ec71028e1a7d4c45bfdbdfde1068e3bda46a37dd24126f9ec4b09df0c999365011ec71028e1a7d4c45bf-2/index.html?lang=ru.html... 46.
45-1
Converting links in /workspace/backups/cindemirlaw.com-20260711-214047/enforcement-of-promissory-notes-bills-of-exchange-and-cheques-in-turkey/index.html?lang=ru.html... 51.
50-1
Converting links in /workspace/backups/cindemirlaw.com-20260711-214047/index.html... 81.
80-1
Converting links in /workspace/backups/cindemirlaw.com-20260711-214047/удаление-судимости-в-турции-для-иност/index.html?lang=ru.html... 47.
46-1
Converting links in /workspace/backups/cindemirlaw.com-20260711-214047/how-to-lift-entry-ban-to-turkey/index.html... 75.
74-1
Converting links in /workspace/backups/cindemirlaw.com-20260711-214047/статус-условного-беженца/index.html?lang=ru.html... 46.
45-1
Converting links in /workspace/backups/cindemirlaw.com-20260711-214047/articles/index.html?lang=ru.html... 229.
228-1
Converting links in /workspace/backups/cindemirlaw.com-20260711-214047/understanding-the-role-and-responsibilities-of-a-commercial-agent/index.html... 70.
69-1
Converting links in /workspace/backups/cindemirlaw.com-20260711-214047/legal-risks-in-token-launches-how-crypto-startups-can-stay-compliant-across-jurisdictions/index.html... 60.
59-1
Converting links in /workspace/backups/cindemirlaw.com-20260711-214047/cindemir-law-2/index.html?lang=ru.html... 51.
50-1
Converting links in /workspace/backups/cindemirlaw.com-20260711-214047/feed/index.html?lang=ru.html... 98.
97-1
Converted links in 308 files in 1.8 seconds.
