--2026-07-09 11:30:08--  https://cindemirlaw.com/
Resolving cindemirlaw.com (cindemirlaw.com)... 162.241.252.122
Connecting to cindemirlaw.com (cindemirlaw.com)|162.241.252.122|:443... connected.
HTTP request sent, awaiting response... 200 OK
Length: unspecified [text/html]
Saving to: ‘/workspace/backups/cindemirlaw.com-20260709-113003/cindemirlaw.com/index.html’

     0K .......... .......... .......... .......... ..........  447K
    50K .......... .......... .......... .......... ..........  898K
   100K .......... .......... .......... .......... .......... 55.9M
   150K .......... .......... .......... .......... ..........  888K
   200K .......... .......... .......... .......... ..........  398M
   250K .......... .......... .......... .......... ..........  701M
   300K .......... .......... .......... .......... .......... 55.3M
   350K .......... .......... .......... .......... ..........  913K
   400K .......... .......... .......... .......... .......... 48.9M
   450K .......... .......... .......... .......... ..........  521M
   500K .......... .......... .......... .......... ..........  564M
   550K .......... .......... .......... .......... ..........  612M
   600K .......... .......... .......... .......... .....       723M=0.3s

2026-07-09 11:30:09 (2.24 MB/s) - ‘/workspace/backups/cindemirlaw.com-20260709-113003/cindemirlaw.com/index.html’ saved [660609]

Loading robots.txt; please ignore errors.
--2026-07-09 11:30:09--  https://cindemirlaw.com/robots.txt
Reusing existing connection to cindemirlaw.com:443.
HTTP request sent, awaiting response... 200 OK
Length: 247 [text/plain]
Saving to: ‘/workspace/backups/cindemirlaw.com-20260709-113003/cindemirlaw.com/robots.txt’

     0K                                                       100%  338M=0s

2026-07-09 11:30:09 (338 MB/s) - ‘/workspace/backups/cindemirlaw.com-20260709-113003/cindemirlaw.com/robots.txt’ saved [247/247]

--2026-07-09 11:30:09--  https://cindemirlaw.com/?lang=zh-hans
Reusing existing connection to cindemirlaw.com:443.
HTTP request sent, awaiting response... 200 OK
Length: unspecified [text/html]
Saving to: ‘/workspace/backups/cindemirlaw.com-20260709-113003/cindemirlaw.com/index.html?lang=zh-hans.html’

     0K .......... .......... .......... .......... .......... 11.9M
    50K .......... .......... .......... .......... .......... 23.1M
   100K .......... .......... .......... .......... .......... 32.0M
   150K .......... .......... .......... .......... .......... 28.9M
   200K .......... .......... .......... .......... .......... 21.6M
   250K .......... .......... .......... .......... .......... 31.0M
   300K .......... .......... .......... .......... ..........  153M
   350K .......... .......... .......... .......... .......... 74.9M
   400K .......... .......... .......... .......... .......... 67.5M
   450K .......... .......... .......... .......... ..........  109M
   500K .......... .......... .......... .......... .......... 47.4M
   550K .......... .......... .......... .......... .......... 1.24M
   600K .......... .......... .......... .......... .......... 21.7M
   650K ....                                                   9.05T=0.06s

2026-07-09 11:30:10 (11.0 MB/s) - ‘/workspace/backups/cindemirlaw.com-20260709-113003/cindemirlaw.com/index.html?lang=zh-hans.html’ saved [670578]

--2026-07-09 11:30:10--  https://cindemirlaw.com/?lang=ru
Reusing existing connection to cindemirlaw.com:443.
HTTP request sent, awaiting response... 200 OK
Length: unspecified [text/html]
Saving to: ‘/workspace/backups/cindemirlaw.com-20260709-113003/cindemirlaw.com/index.html?lang=ru.html’

     0K .......... .......... .......... .......... .......... 13.6M
    50K .......... .......... .......... .......... .......... 25.4M
   100K .......... .......... .......... .......... .......... 24.1M
   150K .......... .......... .......... .......... .......... 37.4M
   200K .......... .......... .......... .......... .......... 62.4M
   250K .......... .......... .......... .......... ..........  125M
   300K .......... .......... .......... .......... .......... 35.9M
   350K .......... .......... .......... .......... ..........  737M
   400K .......... .......... .......... .......... .......... 5.75M
   450K .......... .......... .......... .......... ..........  156M
   500K .......... .......... .......... .......... ..........  905M
   550K .......... .......... .......... .......... .......... 1.54M
   600K .......... .......... .......... .......... ....        706M=0.05s

2026-07-09 11:30:11 (12.1 MB/s) - ‘/workspace/backups/cindemirlaw.com-20260709-113003/cindemirlaw.com/index.html?lang=ru.html’ saved [660301]

--2026-07-09 11:30:12--  https://cindemirlaw.com/wp-content/themes/enfold/images/layout/loading.gif
Reusing existing connection to cindemirlaw.com:443.
HTTP request sent, awaiting response... 200 OK
Length: 2093 (2.0K) [image/gif]
Saving to: ‘/workspace/backups/cindemirlaw.com-20260709-113003/cindemirlaw.com/wp-content/themes/enfold/images/layout/loading.gif’

     0K ..                                                    100% 1.20G=0s

2026-07-09 11:30:12 (1.20 GB/s) - ‘/workspace/backups/cindemirlaw.com-20260709-113003/cindemirlaw.com/wp-content/themes/enfold/images/layout/loading.gif’ saved [2093/2093]

--2026-07-09 11:30:12--  https://cindemirlaw.com/wp-content/themes/enfold/images/layout/fake_facebook.jpg
Reusing existing connection to cindemirlaw.com:443.
HTTP request sent, awaiting response... 200 OK
Length: 23832 (23K) [image/jpeg]
Saving to: ‘/workspace/backups/cindemirlaw.com-20260709-113003/cindemirlaw.com/wp-content/themes/enfold/images/layout/fake_facebook.jpg’

     0K .......... .......... ...                             100% 67.7M=0s

2026-07-09 11:30:12 (67.7 MB/s) - ‘/workspace/backups/cindemirlaw.com-20260709-113003/cindemirlaw.com/wp-content/themes/enfold/images/layout/fake_facebook.jpg’ saved [23832/23832]

--2026-07-09 11:30:13--  https://cindemirlaw.com/wp-content/uploads/2020/10/540664430.jpg
Reusing existing connection to cindemirlaw.com:443.
HTTP request sent, awaiting response... 200 OK
Length: 97113 (95K) [image/jpeg]
Saving to: ‘/workspace/backups/cindemirlaw.com-20260709-113003/cindemirlaw.com/wp-content/uploads/2020/10/540664430.jpg’

     0K .......... .......... .......... .......... .......... 52%  137M 0s
    50K .......... .......... .......... .......... ....      100%  699M=0s

2026-07-09 11:30:13 (221 MB/s) - ‘/workspace/backups/cindemirlaw.com-20260709-113003/cindemirlaw.com/wp-content/uploads/2020/10/540664430.jpg’ saved [97113/97113]

--2026-07-09 11:30:14--  https://cindemirlaw.com/wp-content/uploads/2020/06/5295681199059.jpg
Reusing existing connection to cindemirlaw.com:443.
HTTP request sent, awaiting response... 200 OK
Length: 45833 (45K) [image/jpeg]
Saving to: ‘/workspace/backups/cindemirlaw.com-20260709-113003/cindemirlaw.com/wp-content/uploads/2020/06/5295681199059.jpg’

     0K .......... .......... .......... .......... ....      100% 87.0M=0.001s

2026-07-09 11:30:14 (87.0 MB/s) - ‘/workspace/backups/cindemirlaw.com-20260709-113003/cindemirlaw.com/wp-content/uploads/2020/06/5295681199059.jpg’ saved [45833/45833]

--2026-07-09 11:30:14--  https://cindemirlaw.com/wp-content/plugins/wpml-cms-nav/res/img/cms-nav-dark-s.gif
Reusing existing connection to cindemirlaw.com:443.
HTTP request sent, awaiting response... 200 OK
Length: 62 [image/gif]
Saving to: ‘/workspace/backups/cindemirlaw.com-20260709-113003/cindemirlaw.com/wp-content/plugins/wpml-cms-nav/res/img/cms-nav-dark-s.gif’

     0K                                                       100% 36.5M=0s

2026-07-09 11:30:14 (36.5 MB/s) - ‘/workspace/backups/cindemirlaw.com-20260709-113003/cindemirlaw.com/wp-content/plugins/wpml-cms-nav/res/img/cms-nav-dark-s.gif’ saved [62/62]

--2026-07-09 11:30:14--  https://cindemirlaw.com/wp-content/cache/debloat/js/bb1fbc2b3ac223bcd52153761d293537.js
Reusing existing connection to cindemirlaw.com:443.
HTTP request sent, awaiting response... 200 OK
Length: 87553 (86K) [text/javascript]
Saving to: ‘/workspace/backups/cindemirlaw.com-20260709-113003/cindemirlaw.com/wp-content/cache/debloat/js/bb1fbc2b3ac223bcd52153761d293537.js’

     0K .......... .......... .......... .......... .......... 58%  177M 0s
    50K .......... .......... .......... .....                100%  772M=0s

2026-07-09 11:30:15 (260 MB/s) - ‘/workspace/backups/cindemirlaw.com-20260709-113003/cindemirlaw.com/wp-content/cache/debloat/js/bb1fbc2b3ac223bcd52153761d293537.js’ saved [87553/87553]

--2026-07-09 11:30:15--  https://cindemirlaw.com/wp-content/uploads/2020/06/cropped-cropped-logoicon-1-1-300x300.jpg
Reusing existing connection to cindemirlaw.com:443.
HTTP request sent, awaiting response... 200 OK
Length: 22692 (22K) [image/jpeg]
Saving to: ‘/workspace/backups/cindemirlaw.com-20260709-113003/cindemirlaw.com/wp-content/uploads/2020/06/cropped-cropped-logoicon-1-1-300x300.jpg’

     0K .......... .......... ..                              100%  444M=0s

2026-07-09 11:30:15 (444 MB/s) - ‘/workspace/backups/cindemirlaw.com-20260709-113003/cindemirlaw.com/wp-content/uploads/2020/06/cropped-cropped-logoicon-1-1-300x300.jpg’ saved [22692/22692]

--2026-07-09 11:30:16--  https://cindemirlaw.com/feed/
Reusing existing connection to cindemirlaw.com:443.
HTTP request sent, awaiting response... 301 Moved Permanently
Location: https://cindemirlaw.com [following]
--2026-07-09 11:30:17--  https://cindemirlaw.com/
Reusing existing connection to cindemirlaw.com:443.
HTTP request sent, awaiting response... 200 OK
Length: unspecified [text/html]
Saving to: ‘/workspace/backups/cindemirlaw.com-20260709-113003/cindemirlaw.com/feed/index.html’

     0K .......... .......... .......... .......... .......... 12.3M
    50K .......... .......... .......... .......... .......... 21.1M
   100K .......... .......... .......... .......... .......... 44.2M
   150K .......... .......... .......... .......... .......... 20.5M
   200K .......... .......... .......... .......... ..........  459M
   250K .......... .......... .......... .......... ..........  363M
   300K .......... .......... .......... .......... .......... 54.4M
   350K .......... .......... .......... .......... .......... 13.4M
   400K .......... .......... .......... .......... ..........  484M
   450K .......... .......... .......... .......... ..........  553M
   500K .......... .......... .......... .......... ..........  503M
   550K .......... .......... .......... .......... ..........  125M
   600K .......... .......... .......... .......... .....      37.2M=0.02s

2026-07-09 11:30:17 (38.3 MB/s) - ‘/workspace/backups/cindemirlaw.com-20260709-113003/cindemirlaw.com/feed/index.html’ saved [660609]

--2026-07-09 11:30:18--  https://cindemirlaw.com/wp-content/uploads/2020/06/cropped-cropped-logoicon-1-1-32x32.jpg
Reusing existing connection to cindemirlaw.com:443.
HTTP request sent, awaiting response... 200 OK
Length: 1208 (1.2K) [image/jpeg]
Saving to: ‘/workspace/backups/cindemirlaw.com-20260709-113003/cindemirlaw.com/wp-content/uploads/2020/06/cropped-cropped-logoicon-1-1-32x32.jpg’

     0K .                                                     100% 1.53G=0s

2026-07-09 11:30:18 (1.53 GB/s) - ‘/workspace/backups/cindemirlaw.com-20260709-113003/cindemirlaw.com/wp-content/uploads/2020/06/cropped-cropped-logoicon-1-1-32x32.jpg’ saved [1208/1208]

--2026-07-09 11:30:18--  https://cindemirlaw.com/wp-content/uploads/2020/06/cropped-cropped-logoicon-1-1-192x192.jpg
Reusing existing connection to cindemirlaw.com:443.
HTTP request sent, awaiting response... 200 OK
Length: 11572 (11K) [image/jpeg]
Saving to: ‘/workspace/backups/cindemirlaw.com-20260709-113003/cindemirlaw.com/wp-content/uploads/2020/06/cropped-cropped-logoicon-1-1-192x192.jpg’

     0K .......... .                                          100%  311M=0s

2026-07-09 11:30:18 (311 MB/s) - ‘/workspace/backups/cindemirlaw.com-20260709-113003/cindemirlaw.com/wp-content/uploads/2020/06/cropped-cropped-logoicon-1-1-192x192.jpg’ saved [11572/11572]

--2026-07-09 11:30:19--  https://cindemirlaw.com/wp-content/uploads/2020/06/cropped-cropped-logoicon-1-1-180x180.jpg
Reusing existing connection to cindemirlaw.com:443.
HTTP request sent, awaiting response... 200 OK
Length: 11064 (11K) [image/jpeg]
Saving to: ‘/workspace/backups/cindemirlaw.com-20260709-113003/cindemirlaw.com/wp-content/uploads/2020/06/cropped-cropped-logoicon-1-1-180x180.jpg’

     0K ..........                                            100%  281M=0s

2026-07-09 11:30:19 (281 MB/s) - ‘/workspace/backups/cindemirlaw.com-20260709-113003/cindemirlaw.com/wp-content/uploads/2020/06/cropped-cropped-logoicon-1-1-180x180.jpg’ saved [11064/11064]

--2026-07-09 11:30:20--  https://cindemirlaw.com/wp-content/themes/enfold/config-templatebuilder/avia-template-builder/assets/fonts/entypo-fontello-enfold/entypo-fontello-enfold.woff2
Reusing existing connection to cindemirlaw.com:443.
HTTP request sent, awaiting response... 200 OK
Length: 3472 (3.4K) [font/woff2]
Saving to: ‘/workspace/backups/cindemirlaw.com-20260709-113003/cindemirlaw.com/wp-content/themes/enfold/config-templatebuilder/avia-template-builder/assets/fonts/entypo-fontello-enfold/entypo-fontello-enfold.woff2’

     0K ...                                                   100% 1.87G=0s

2026-07-09 11:30:20 (1.87 GB/s) - ‘/workspace/backups/cindemirlaw.com-20260709-113003/cindemirlaw.com/wp-content/themes/enfold/config-templatebuilder/avia-template-builder/assets/fonts/entypo-fontello-enfold/entypo-fontello-enfold.woff2’ saved [3472/3472]

--2026-07-09 11:30:20--  https://cindemirlaw.com/wp-content/themes/enfold/config-templatebuilder/avia-template-builder/assets/fonts/entypo-fontello-enfold/entypo-fontello-enfold.woff
Reusing existing connection to cindemirlaw.com:443.
HTTP request sent, awaiting response... 200 OK
Length: 4300 (4.2K) [font/woff]
Saving to: ‘/workspace/backups/cindemirlaw.com-20260709-113003/cindemirlaw.com/wp-content/themes/enfold/config-templatebuilder/avia-template-builder/assets/fonts/entypo-fontello-enfold/entypo-fontello-enfold.woff’

     0K ....                                                  100% 3.93G=0s

2026-07-09 11:30:20 (3.93 GB/s) - ‘/workspace/backups/cindemirlaw.com-20260709-113003/cindemirlaw.com/wp-content/themes/enfold/config-templatebuilder/avia-template-builder/assets/fonts/entypo-fontello-enfold/entypo-fontello-enfold.woff’ saved [4300/4300]

--2026-07-09 11:30:21--  https://cindemirlaw.com/wp-content/themes/enfold/config-templatebuilder/avia-template-builder/assets/fonts/entypo-fontello-enfold/entypo-fontello-enfold.ttf
Reusing existing connection to cindemirlaw.com:443.
HTTP request sent, awaiting response... 200 OK
Length: 7356 (7.2K) [font/ttf]
Saving to: ‘/workspace/backups/cindemirlaw.com-20260709-113003/cindemirlaw.com/wp-content/themes/enfold/config-templatebuilder/avia-template-builder/assets/fonts/entypo-fontello-enfold/entypo-fontello-enfold.ttf’

     0K .......                                               100% 6.33G=0s

2026-07-09 11:30:21 (6.33 GB/s) - ‘/workspace/backups/cindemirlaw.com-20260709-113003/cindemirlaw.com/wp-content/themes/enfold/config-templatebuilder/avia-template-builder/assets/fonts/entypo-fontello-enfold/entypo-fontello-enfold.ttf’ saved [7356/7356]

--2026-07-09 11:30:21--  https://cindemirlaw.com/wp-content/themes/enfold/config-templatebuilder/avia-template-builder/assets/fonts/entypo-fontello-enfold/entypo-fontello-enfold.svg
Reusing existing connection to cindemirlaw.com:443.
HTTP request sent, awaiting response... 200 OK
Length: 3074 (3.0K) [image/svg+xml]
Saving to: ‘/workspace/backups/cindemirlaw.com-20260709-113003/cindemirlaw.com/wp-content/themes/enfold/config-templatebuilder/avia-template-builder/assets/fonts/entypo-fontello-enfold/entypo-fontello-enfold.svg’

     0K ...                                                   100% 3.03G=0s

2026-07-09 11:30:21 (3.03 GB/s) - ‘/workspace/backups/cindemirlaw.com-20260709-113003/cindemirlaw.com/wp-content/themes/enfold/config-templatebuilder/avia-template-builder/assets/fonts/entypo-fontello-enfold/entypo-fontello-enfold.svg’ saved [3074/3074]

--2026-07-09 11:30:22--  https://cindemirlaw.com/wp-content/themes/enfold/config-templatebuilder/avia-template-builder/assets/fonts/entypo-fontello-enfold/entypo-fontello-enfold.eot
Reusing existing connection to cindemirlaw.com:443.
HTTP request sent, awaiting response... 200 OK
Length: 7580 (7.4K) [application/vnd.ms-fontobject]
Saving to: ‘/workspace/backups/cindemirlaw.com-20260709-113003/cindemirlaw.com/wp-content/themes/enfold/config-templatebuilder/avia-template-builder/assets/fonts/entypo-fontello-enfold/entypo-fontello-enfold.eot’

     0K .......                                               100% 3.89G=0s

2026-07-09 11:30:22 (3.89 GB/s) - ‘/workspace/backups/cindemirlaw.com-20260709-113003/cindemirlaw.com/wp-content/themes/enfold/config-templatebuilder/avia-template-builder/assets/fonts/entypo-fontello-enfold/entypo-fontello-enfold.eot’ saved [7580/7580]

--2026-07-09 11:30:22--  https://cindemirlaw.com/wp-content/themes/enfold/config-templatebuilder/avia-template-builder/assets/fonts/entypo-fontello-enfold/entypo-fontello-enfold.eot?
Reusing existing connection to cindemirlaw.com:443.
HTTP request sent, awaiting response... 200 OK
Length: 7580 (7.4K) [application/vnd.ms-fontobject]
Saving to: ‘/workspace/backups/cindemirlaw.com-20260709-113003/cindemirlaw.com/wp-content/themes/enfold/config-templatebuilder/avia-template-builder/assets/fonts/entypo-fontello-enfold/entypo-fontello-enfold.eot?’

     0K .......                                               100% 6.77G=0s

2026-07-09 11:30:23 (6.77 GB/s) - ‘/workspace/backups/cindemirlaw.com-20260709-113003/cindemirlaw.com/wp-content/themes/enfold/config-templatebuilder/avia-template-builder/assets/fonts/entypo-fontello-enfold/entypo-fontello-enfold.eot?’ saved [7580/7580]

--2026-07-09 11:30:23--  https://cindemirlaw.com/wp-content/themes/enfold/config-templatebuilder/avia-template-builder/assets/fonts/entypo-fontello/entypo-fontello.woff2
Reusing existing connection to cindemirlaw.com:443.
HTTP request sent, awaiting response... 200 OK
Length: 39912 (39K) [font/woff2]
Saving to: ‘/workspace/backups/cindemirlaw.com-20260709-113003/cindemirlaw.com/wp-content/themes/enfold/config-templatebuilder/avia-template-builder/assets/fonts/entypo-fontello/entypo-fontello.woff2’

     0K .......... .......... .......... ........             100% 87.0M=0s

2026-07-09 11:30:23 (87.0 MB/s) - ‘/workspace/backups/cindemirlaw.com-20260709-113003/cindemirlaw.com/wp-content/themes/enfold/config-templatebuilder/avia-template-builder/assets/fonts/entypo-fontello/entypo-fontello.woff2’ saved [39912/39912]

--2026-07-09 11:30:24--  https://cindemirlaw.com/wp-content/themes/enfold/config-templatebuilder/avia-template-builder/assets/fonts/entypo-fontello/entypo-fontello.woff
Reusing existing connection to cindemirlaw.com:443.
HTTP request sent, awaiting response... 200 OK
Length: 48840 (48K) [font/woff]
Saving to: ‘/workspace/backups/cindemirlaw.com-20260709-113003/cindemirlaw.com/wp-content/themes/enfold/config-templatebuilder/avia-template-builder/assets/fonts/entypo-fontello/entypo-fontello.woff’

     0K .......... .......... .......... .......... .......   100%  139M=0s

2026-07-09 11:30:24 (139 MB/s) - ‘/workspace/backups/cindemirlaw.com-20260709-113003/cindemirlaw.com/wp-content/themes/enfold/config-templatebuilder/avia-template-builder/assets/fonts/entypo-fontello/entypo-fontello.woff’ saved [48840/48840]

--2026-07-09 11:30:24--  https://cindemirlaw.com/wp-content/themes/enfold/config-templatebuilder/avia-template-builder/assets/fonts/entypo-fontello/entypo-fontello.ttf
Reusing existing connection to cindemirlaw.com:443.
HTTP request sent, awaiting response... 200 OK
Length: 78736 (77K) [font/ttf]
Saving to: ‘/workspace/backups/cindemirlaw.com-20260709-113003/cindemirlaw.com/wp-content/themes/enfold/config-templatebuilder/avia-template-builder/assets/fonts/entypo-fontello/entypo-fontello.ttf’

     0K .......... .......... .......... .......... .......... 65% 33.4M 0s
    50K .......... .......... ......                          100% 41.8M=0.002s

2026-07-09 11:30:24 (35.9 MB/s) - ‘/workspace/backups/cindemirlaw.com-20260709-113003/cindemirlaw.com/wp-content/themes/enfold/config-templatebuilder/avia-template-builder/assets/fonts/entypo-fontello/entypo-fontello.ttf’ saved [78736/78736]

--2026-07-09 11:30:25--  https://cindemirlaw.com/wp-content/themes/enfold/config-templatebuilder/avia-template-builder/assets/fonts/entypo-fontello/entypo-fontello.svg
Reusing existing connection to cindemirlaw.com:443.
HTTP request sent, awaiting response... 200 OK
Length: 115002 (112K) [image/svg+xml]
Saving to: ‘/workspace/backups/cindemirlaw.com-20260709-113003/cindemirlaw.com/wp-content/themes/enfold/config-templatebuilder/avia-template-builder/assets/fonts/entypo-fontello/entypo-fontello.svg’

     0K .......... .......... .......... .......... .......... 44%  101M 0s
    50K .......... .......... .......... .......... .......... 89%  478M 0s
   100K .......... ..                                         100%  345M=0.001s

2026-07-09 11:30:25 (177 MB/s) - ‘/workspace/backups/cindemirlaw.com-20260709-113003/cindemirlaw.com/wp-content/themes/enfold/config-templatebuilder/avia-template-builder/assets/fonts/entypo-fontello/entypo-fontello.svg’ saved [115002/115002]

--2026-07-09 11:30:25--  https://cindemirlaw.com/wp-content/themes/enfold/config-templatebuilder/avia-template-builder/assets/fonts/entypo-fontello/entypo-fontello.eot
Reusing existing connection to cindemirlaw.com:443.
HTTP request sent, awaiting response... 200 OK
Length: 78932 (77K) [application/vnd.ms-fontobject]
Saving to: ‘/workspace/backups/cindemirlaw.com-20260709-113003/cindemirlaw.com/wp-content/themes/enfold/config-templatebuilder/avia-template-builder/assets/fonts/entypo-fontello/entypo-fontello.eot’

     0K .......... .......... .......... .......... .......... 64% 28.5M 0s
    50K .......... .......... .......                         100% 47.0M=0.002s

2026-07-09 11:30:25 (33.1 MB/s) - ‘/workspace/backups/cindemirlaw.com-20260709-113003/cindemirlaw.com/wp-content/themes/enfold/config-templatebuilder/avia-template-builder/assets/fonts/entypo-fontello/entypo-fontello.eot’ saved [78932/78932]

--2026-07-09 11:30:26--  https://cindemirlaw.com/wp-content/themes/enfold/config-templatebuilder/avia-template-builder/assets/fonts/entypo-fontello/entypo-fontello.eot?
Reusing existing connection to cindemirlaw.com:443.
HTTP request sent, awaiting response... 200 OK
Length: 78932 (77K) [application/vnd.ms-fontobject]
Saving to: ‘/workspace/backups/cindemirlaw.com-20260709-113003/cindemirlaw.com/wp-content/themes/enfold/config-templatebuilder/avia-template-builder/assets/fonts/entypo-fontello/entypo-fontello.eot?’

     0K .......... .......... .......... .......... .......... 64% 12.2M 0s
    50K .......... .......... .......                         100% 26.6M=0.005s

2026-07-09 11:30:26 (15.0 MB/s) - ‘/workspace/backups/cindemirlaw.com-20260709-113003/cindemirlaw.com/wp-content/themes/enfold/config-templatebuilder/avia-template-builder/assets/fonts/entypo-fontello/entypo-fontello.eot?’ saved [78932/78932]

--2026-07-09 11:30:26--  https://cindemirlaw.com/wp-content/plugins/sitepress-multilingual-cms/res/flags/en.png
Reusing existing connection to cindemirlaw.com:443.
HTTP request sent, awaiting response... 200 OK
Length: 600 [image/png]
Saving to: ‘/workspace/backups/cindemirlaw.com-20260709-113003/cindemirlaw.com/wp-content/plugins/sitepress-multilingual-cms/res/flags/en.png’

     0K                                                       100%  352M=0s

2026-07-09 11:30:26 (352 MB/s) - ‘/workspace/backups/cindemirlaw.com-20260709-113003/cindemirlaw.com/wp-content/plugins/sitepress-multilingual-cms/res/flags/en.png’ saved [600/600]

--2026-07-09 11:30:27--  https://cindemirlaw.com/wp-content/uploads/flags/china-flag-xs.png
Reusing existing connection to cindemirlaw.com:443.
HTTP request sent, awaiting response... 200 OK
Length: 184 [image/png]
Saving to: ‘/workspace/backups/cindemirlaw.com-20260709-113003/cindemirlaw.com/wp-content/uploads/flags/china-flag-xs.png’

     0K                                                       100%  194M=0s

2026-07-09 11:30:27 (194 MB/s) - ‘/workspace/backups/cindemirlaw.com-20260709-113003/cindemirlaw.com/wp-content/uploads/flags/china-flag-xs.png’ saved [184/184]

--2026-07-09 11:30:27--  https://cindemirlaw.com/wp-content/plugins/sitepress-multilingual-cms/res/flags/ru.png
Reusing existing connection to cindemirlaw.com:443.
HTTP request sent, awaiting response... 200 OK
Length: 241 [image/png]
Saving to: ‘/workspace/backups/cindemirlaw.com-20260709-113003/cindemirlaw.com/wp-content/plugins/sitepress-multilingual-cms/res/flags/ru.png’

     0K                                                       100%  296M=0s

2026-07-09 11:30:27 (296 MB/s) - ‘/workspace/backups/cindemirlaw.com-20260709-113003/cindemirlaw.com/wp-content/plugins/sitepress-multilingual-cms/res/flags/ru.png’ saved [241/241]

--2026-07-09 11:30:27--  https://cindemirlaw.com/wp-content/uploads/2020/06/cropped-logoicon-1-1-300x300.jpg
Reusing existing connection to cindemirlaw.com:443.
HTTP request sent, awaiting response... 200 OK
Length: 23398 (23K) [image/jpeg]
Saving to: ‘/workspace/backups/cindemirlaw.com-20260709-113003/cindemirlaw.com/wp-content/uploads/2020/06/cropped-logoicon-1-1-300x300.jpg’

     0K .......... .......... ..                              100%  273M=0s

2026-07-09 11:30:27 (273 MB/s) - ‘/workspace/backups/cindemirlaw.com-20260709-113003/cindemirlaw.com/wp-content/uploads/2020/06/cropped-logoicon-1-1-300x300.jpg’ saved [23398/23398]

--2026-07-09 11:30:28--  https://cindemirlaw.com/about-us/
Reusing existing connection to cindemirlaw.com:443.
HTTP request sent, awaiting response... 200 OK
Length: unspecified [text/html]
Saving to: ‘/workspace/backups/cindemirlaw.com-20260709-113003/cindemirlaw.com/about-us/index.html’

     0K .......... .......... .......... .......... .......... 18.8M
    50K .......... .......... .......... .......... .......... 23.2M
   100K .......... .......... .......... .......... .......... 24.8M
   150K .......... .......... .......... .......... .......... 42.4M
   200K .......... .......... .......... .......... .......... 73.4M
   250K .......... .......... .......... .......... ..........  439M
   300K .......... .......... .......... .......... .......... 96.4M
   350K .......... .......... .......... .......... ..........  107M
   400K .......... .......... .......... .......... ..........  498M
   450K .......... .......... .......... .......... ..........  364M
   500K .......... .......... .......... .......... .......... 68.1M
   550K .......... .......... .......... .......... .......... 2.17M
   600K .......... .....                                        830M=0.03s

2026-07-09 11:30:28 (18.2 MB/s) - ‘/workspace/backups/cindemirlaw.com-20260709-113003/cindemirlaw.com/about-us/index.html’ saved [630376]

--2026-07-09 11:30:29--  https://cindemirlaw.com/who-is-hafiz-huseyin-husnu-efendi/
Reusing existing connection to cindemirlaw.com:443.
HTTP request sent, awaiting response... 200 OK
Length: unspecified [text/html]
Saving to: ‘/workspace/backups/cindemirlaw.com-20260709-113003/cindemirlaw.com/who-is-hafiz-huseyin-husnu-efendi/index.html’

     0K .......... .......... .......... .......... .......... 14.7M
    50K .......... .......... .......... .......... .......... 24.6M
   100K .......... .......... .......... .......... .......... 21.9M
   150K .......... .......... .......... .......... ..........  117M
   200K .......... .......... .......... .......... .......... 31.0M
   250K .......... .......... .......... .......... ..........  424M
   300K .......... .......... .......... .......... ..........  683M
   350K .......... .......... .......... .......... .......... 73.6M
   400K .......... .......... .......... .......... ..........  512M
   450K .......... .......... .......... .......... .......... 51.2M
   500K .......... .......... .......... .......... ..........  123M
   550K .......... .......... .......... .......... ..........  533M
   600K .......... ..                                           979M=0.01s

2026-07-09 11:30:29 (50.1 MB/s) - ‘/workspace/backups/cindemirlaw.com-20260709-113003/cindemirlaw.com/who-is-hafiz-huseyin-husnu-efendi/index.html’ saved [626804]

--2026-07-09 11:30:29--  https://cindemirlaw.com/family-heritage/
Reusing existing connection to cindemirlaw.com:443.
HTTP request sent, awaiting response... 200 OK
Length: unspecified [text/html]
Saving to: ‘/workspace/backups/cindemirlaw.com-20260709-113003/cindemirlaw.com/family-heritage/index.html’

     0K .......... .......... .......... .......... .......... 15.7M
    50K .......... .......... .......... .......... .......... 26.9M
   100K .......... .......... .......... .......... .......... 25.8M
   150K .......... .......... .......... .......... .......... 28.0M
   200K .......... .......... .......... .......... ..........  174M
   250K .......... .......... .......... .......... ..........  220M
   300K .......... .......... .......... .......... ..........  217M
   350K .......... .......... .......... .......... .......... 40.3M
   400K .......... .......... .......... .......... ..........  401M
   450K .......... .......... .......... .......... ..........  145M
   500K .......... .......... .......... .......... ..........  128M
   550K .......... .......... .......... .......... ..........  616M
   600K .......... ..                                          1.15G=0.01s

2026-07-09 11:30:29 (52.4 MB/s) - ‘/workspace/backups/cindemirlaw.com-20260709-113003/cindemirlaw.com/family-heritage/index.html’ saved [627589]

--2026-07-09 11:30:30--  https://cindemirlaw.com/articles/
Reusing existing connection to cindemirlaw.com:443.
HTTP request sent, awaiting response... 200 OK
Length: unspecified [text/html]
Saving to: ‘/workspace/backups/cindemirlaw.com-20260709-113003/cindemirlaw.com/articles/index.html’

     0K .......... .......... .......... .......... .......... 13.3M
    50K .......... .......... .......... .......... .......... 20.4M
   100K .......... .......... .......... .......... .......... 31.8M
   150K .......... .......... .......... .......... .......... 88.0M
   200K .......... .......... .......... .......... ..........  140M
   250K .......... .......... .......... .......... .......... 34.3M
   300K .......... .......... .......... .......... .......... 87.9M
   350K .......... .......... .......... .......... ..........  149M
   400K .......... .......... .......... .......... ..........  181M
   450K .......... .......... .......... .......... ..........  542M
   500K .......... .......... .......... .......... .......... 34.1M
   550K .......... .......... .......... .......... ..........  574M
   600K .......... .......... .......... .......... ..........  114M
   650K .......... .......... .......... .......... ..........  648M
   700K .......... .......... .......... .......... ..........  732M
   750K .......... .......... .......... .......... ..........  548M
   800K .......... .......... .......... .......... ..........  670M
   850K .......... .......... .......... .......... ..........  160M
   900K .......... .......... .......... .......... ..........  645M
   950K .......... .......... .......... .......... ..........  316M
  1000K .......... .......... .......... .......... .......... 93.6M
  1050K .......... .......... .......... .......... ..........  910M
  1100K .......... .......... .......... .......... ..........  191M
  1150K .......... .......... .......... .......... ..........  808M
  1200K .......... .......... .......... .......... ..........  174M
  1250K .......... .......... ........                         1004M=0.02s

2026-07-09 11:30:35 (82.5 MB/s) - ‘/workspace/backups/cindemirlaw.com-20260709-113003/cindemirlaw.com/articles/index.html’ saved [1309217]

--2026-07-09 11:30:35--  https://cindemirlaw.com/services/
Reusing existing connection to cindemirlaw.com:443.
HTTP request sent, awaiting response... 200 OK
Length: unspecified [text/html]
Saving to: ‘/workspace/backups/cindemirlaw.com-20260709-113003/cindemirlaw.com/services/index.html’

     0K .......... .......... .......... .......... .......... 27.9M
    50K .......... .......... .......... .......... .......... 64.8M
   100K .......... .......... .......... .......... .......... 42.6M
   150K .......... .......... .......... .......... .......... 19.9M
   200K .......... .......... .......... .......... ..........  896M
   250K .......... .......... .......... .......... ..........  199M
   300K .......... .......... .......... .......... .......... 52.3M
   350K .......... .......... .......... .......... ..........  171M
   400K .......... .......... .......... .......... ..........  115M
   450K .......... .......... .......... .......... ..........  110M
   500K .......... .......... .......... .......... ..........  451M
   550K .......... .......... .......... .......... ..........  497M
   600K .......... .......... .......... .......... ..........  628M
   650K .......... .......... .......... ........               621M=0.009s

2026-07-09 11:30:36 (76.2 MB/s) - ‘/workspace/backups/cindemirlaw.com-20260709-113003/cindemirlaw.com/services/index.html’ saved [705220]

--2026-07-09 11:30:36--  https://cindemirlaw.com/team/
Reusing existing connection to cindemirlaw.com:443.
HTTP request sent, awaiting response... 200 OK
Length: unspecified [text/html]
Saving to: ‘/workspace/backups/cindemirlaw.com-20260709-113003/cindemirlaw.com/team/index.html’

     0K .......... .......... .......... .......... .......... 18.0M
    50K .......... .......... .......... .......... .......... 33.1M
   100K .......... .......... .......... .......... .......... 61.8M
   150K .......... .......... .......... .......... .......... 32.7M
   200K .......... .......... .......... .......... ..........  113M
   250K .......... .......... .......... .......... ..........  536M
   300K .......... .......... .......... .......... ..........  984M
   350K .......... .......... .......... .......... .......... 89.0M
   400K .......... .......... .......... .......... ..........  636M
   450K .......... .......... .......... .......... .......... 70.4M
   500K .......... .......... .......... .......... ..........  698M
   550K .......... .......... .......... .......... ..........  112M
   600K .......... .......... .......... .......... ........   18.5M=0.01s

2026-07-09 11:30:37 (55.4 MB/s) - ‘/workspace/backups/cindemirlaw.com-20260709-113003/cindemirlaw.com/team/index.html’ saved [663829]

--2026-07-09 11:30:38--  https://cindemirlaw.com/contacts/
Reusing existing connection to cindemirlaw.com:443.
HTTP request sent, awaiting response... 200 OK
Length: unspecified [text/html]
Saving to: ‘/workspace/backups/cindemirlaw.com-20260709-113003/cindemirlaw.com/contacts/index.html’

     0K .......... .......... .......... .......... .......... 13.7M
    50K .......... .......... .......... .......... .......... 25.9M
   100K .......... .......... .......... .......... .......... 33.5M
   150K .......... .......... .......... .......... .......... 3.60M
   200K .......... .......... .......... .......... .......... 82.3M
   250K .......... .......... .......... .......... .......... 30.7M
   300K .......... .......... .......... .......... .......... 31.1M
   350K .......... .......... .......... .......... .......... 78.9M
   400K .......... .......... .......... .......... ..........  112M
   450K .......... .......... .......... .......... .......... 48.0M
   500K .......... .......... .......... .......... ..........  460M
   550K .......... .......... .......... .......... ..........  453M
   600K .......... ...                                          453K=0.06s

2026-07-09 11:30:38 (10.7 MB/s) - ‘/workspace/backups/cindemirlaw.com-20260709-113003/cindemirlaw.com/contacts/index.html’ saved [627923]

--2026-07-09 11:30:39--  https://cindemirlaw.com/press/
Reusing existing connection to cindemirlaw.com:443.
HTTP request sent, awaiting response... 301 Moved Permanently
Location: https://cindemir.av.tr/en/we-are-in-news/ [following]
--2026-07-09 11:30:39--  https://cindemir.av.tr/en/we-are-in-news/
Resolving cindemir.av.tr (cindemir.av.tr)... 212.58.20.196
Connecting to cindemir.av.tr (cindemir.av.tr)|212.58.20.196|:443... connected.
HTTP request sent, awaiting response... 200 OK
Length: unspecified [text/html]
Saving to: ‘/workspace/backups/cindemirlaw.com-20260709-113003/cindemirlaw.com/press/index.html’

     0K .......... .......... .......... .......... ..........  393K
    50K .......... .......... .......... .......... ..........  392K
   100K .......... .......... .......... .......... ..........  116M
   150K .......... .......... .......... .......... ..........  391K
   200K ....                                                   8.71T=0.4s

2026-07-09 11:30:41 (534 KB/s) - ‘/workspace/backups/cindemirlaw.com-20260709-113003/cindemirlaw.com/press/index.html’ saved [209587]

--2026-07-09 11:30:42--  https://cindemirlaw.com/finding-a-nominee-director-in-turkey/
Connecting to cindemirlaw.com (cindemirlaw.com)|162.241.252.122|:443... connected.
HTTP request sent, awaiting response... 200 OK
Length: unspecified [text/html]
Saving to: ‘/workspace/backups/cindemirlaw.com-20260709-113003/cindemirlaw.com/finding-a-nominee-director-in-turkey/index.html’

     0K .......... .......... .......... .......... ..........  447K
    50K .......... .......... .......... .......... .......... 8.18M
   100K .......... .......... .......... .......... ..........  994K
   150K .......... .......... .......... .......... ..........  886K
   200K .......... .......... .......... .......... ..........  455M
   250K .......... .......... .......... .......... ..........  899K
   300K .......... .......... .......... .......... ..........  416M
   350K .......... .......... .......... .......... .......... 74.4M
   400K .......... .......... .......... .......... .......... 10.0M
   450K .......... .......... .......... .......... ..........  986K
   500K .......... .......... .......... .......... ..........  325M
   550K .......... .......... .......... .......... ..........  622M
   600K .......... .......... .......... .                      730M=0.3s

2026-07-09 11:30:43 (1.83 MB/s) - ‘/workspace/backups/cindemirlaw.com-20260709-113003/cindemirlaw.com/finding-a-nominee-director-in-turkey/index.html’ saved [646914]

--2026-07-09 11:30:43--  https://cindemirlaw.com/basic-principles-of-turkish-labor-law/
Reusing existing connection to cindemirlaw.com:443.
HTTP request sent, awaiting response... 200 OK
Length: unspecified [text/html]
Saving to: ‘/workspace/backups/cindemirlaw.com-20260709-113003/cindemirlaw.com/basic-principles-of-turkish-labor-law/index.html’

     0K .......... .......... .......... .......... .......... 12.9M
    50K .......... .......... .......... .......... .......... 22.0M
   100K .......... .......... .......... .......... .......... 38.8M
   150K .......... .......... .......... .......... .......... 49.5M
   200K .......... .......... .......... .......... .......... 27.7M
   250K .......... .......... .......... .......... ..........  325M
   300K .......... .......... .......... .......... ..........  511M
   350K .......... .......... .......... .......... ..........  175M
   400K .......... .......... .......... .......... .......... 62.5M
   450K .......... .......... .......... .......... .......... 1.10M
   500K .......... .......... .......... .......... .......... 20.6M
   550K .......... .......... .......... .......... .......... 28.6M
   600K .......... .......... .......... .....                 74.3M=0.06s

2026-07-09 11:30:43 (10.3 MB/s) - ‘/workspace/backups/cindemirlaw.com-20260709-113003/cindemirlaw.com/basic-principles-of-turkish-labor-law/index.html’ saved [651250]

--2026-07-09 11:30:44--  https://cindemirlaw.com/website-legal-services%e2%80%8b/
Reusing existing connection to cindemirlaw.com:443.
HTTP request sent, awaiting response... 200 OK
Length: unspecified [text/html]
Saving to: ‘/workspace/backups/cindemirlaw.com-20260709-113003/cindemirlaw.com/website-legal-services​/index.html’

     0K .......... .......... .......... .......... .......... 12.7M
    50K .......... .......... .......... .......... .......... 25.1M
   100K .......... .......... .......... .......... .......... 25.0M
   150K .......... .......... .......... .......... .......... 81.4M
   200K .......... .......... .......... .......... ..........  419M
   250K .......... .......... .......... .......... .......... 57.1M
   300K .......... .......... .......... .......... .......... 55.5M
   350K .......... .......... .......... .......... ..........  393M
   400K .......... .......... .......... .......... ..........  218M
   450K .......... .......... .......... .......... .......... 91.1M
   500K .......... .......... .......... .......... ..........  102M
   550K .......... .......... .......... .......... ..........  108M
   600K .......... .......... .......... .....                 1.11M=0.04s

2026-07-09 11:30:44 (14.3 MB/s) - ‘/workspace/backups/cindemirlaw.com-20260709-113003/cindemirlaw.com/website-legal-services​/index.html’ saved [650785]

--2026-07-09 11:30:45--  https://cindemirlaw.com/legal-services-for-digital-asset-businesses/
Reusing existing connection to cindemirlaw.com:443.
HTTP request sent, awaiting response... 200 OK
Length: unspecified [text/html]
Saving to: ‘/workspace/backups/cindemirlaw.com-20260709-113003/cindemirlaw.com/legal-services-for-digital-asset-businesses/index.html’

     0K .......... .......... .......... .......... .......... 14.2M
    50K .......... .......... .......... .......... .......... 28.7M
   100K .......... .......... .......... .......... .......... 21.2M
   150K .......... .......... .......... .......... .......... 66.7M
   200K .......... .......... .......... .......... .......... 62.5M
   250K .......... .......... .......... .......... .......... 48.5M
   300K .......... .......... .......... .......... ..........  395M
   350K .......... .......... .......... .......... ..........  458M
   400K .......... .......... .......... .......... .......... 33.1M
   450K .......... .......... .......... .......... ..........  324M
   500K .......... .......... .......... .......... ..........  464M
   550K .......... .......... .......... .......... ..........  384M
   600K .......... .......... ..                                506M=0.01s

2026-07-09 11:30:45 (50.2 MB/s) - ‘/workspace/backups/cindemirlaw.com-20260709-113003/cindemirlaw.com/legal-services-for-digital-asset-businesses/index.html’ saved [637284]

--2026-07-09 11:30:46--  https://cindemirlaw.com/software-account-services/
Reusing existing connection to cindemirlaw.com:443.
HTTP request sent, awaiting response... 200 OK
Length: unspecified [text/html]
Saving to: ‘/workspace/backups/cindemirlaw.com-20260709-113003/cindemirlaw.com/software-account-services/index.html’

     0K .......... .......... .......... .......... .......... 13.2M
    50K .......... .......... .......... .......... .......... 17.6M
   100K .......... .......... .......... .......... .......... 24.6M
   150K .......... .......... .......... .......... .......... 22.0M
   200K .......... .......... .......... .......... .......... 72.1M
   250K .......... .......... .......... .......... ..........  396M
   300K .......... .......... .......... .......... .......... 88.6M
   350K .......... .......... .......... .......... .......... 49.2M
   400K .......... .......... .......... .......... ..........  398M
   450K .......... .......... .......... .......... ..........  176M
   500K .......... .......... .......... .......... ..........  111M
   550K .......... .......... .......... .......... .......... 49.2M
   600K .......... .......... .....                             375M=0.01s

2026-07-09 11:30:46 (40.9 MB/s) - ‘/workspace/backups/cindemirlaw.com-20260709-113003/cindemirlaw.com/software-account-services/index.html’ saved [640509]

--2026-07-09 11:30:47--  https://cindemirlaw.com/transferring-a-tiktok-account-with-escrow/
Reusing existing connection to cindemirlaw.com:443.
HTTP request sent, awaiting response... 200 OK
Length: unspecified [text/html]
Saving to: ‘/workspace/backups/cindemirlaw.com-20260709-113003/cindemirlaw.com/transferring-a-tiktok-account-with-escrow/index.html’

     0K .......... .......... .......... .......... .......... 13.9M
    50K .......... .......... .......... .......... .......... 23.5M
   100K .......... .......... .......... .......... .......... 21.6M
   150K .......... .......... .......... .......... .......... 85.2M
   200K .......... .......... .......... .......... .......... 39.0M
   250K .......... .......... .......... .......... ..........  135M
   300K .......... .......... .......... .......... .......... 73.2M
   350K .......... .......... .......... .......... ..........  403M
   400K .......... .......... .......... .......... ..........  500M
   450K .......... .......... .......... .......... .......... 51.5M
   500K .......... .......... .......... .......... ..........  102M
   550K .......... .......... .......... .......... ..........  343M
   600K .......... .......... ........                          481M=0.01s

2026-07-09 11:30:47 (48.9 MB/s) - ‘/workspace/backups/cindemirlaw.com-20260709-113003/cindemirlaw.com/transferring-a-tiktok-account-with-escrow/index.html’ saved [643234]

--2026-07-09 11:30:48--  https://cindemirlaw.com/escrow-account-turkey/
Reusing existing connection to cindemirlaw.com:443.
HTTP request sent, awaiting response... 200 OK
Length: unspecified [text/html]
Saving to: ‘/workspace/backups/cindemirlaw.com-20260709-113003/cindemirlaw.com/escrow-account-turkey/index.html’

     0K .......... .......... .......... .......... .......... 13.2M
    50K .......... .......... .......... .......... .......... 17.2M
   100K .......... .......... .......... .......... .......... 42.2M
   150K .......... .......... .......... .......... .......... 31.4M
   200K .......... .......... .......... .......... ..........  477M
   250K .......... .......... .......... .......... .......... 41.4M
   300K .......... .......... .......... .......... .......... 85.2M
   350K .......... .......... .......... .......... ..........  117M
   400K .......... .......... .......... .......... ..........  495M
   450K .......... .......... .......... .......... .......... 71.4M
   500K .......... .......... .......... .......... ..........  162M
   550K .......... .......... .......... .......... ..........  133M
   600K .......... .......... .......... ..                    71.5M=0.01s

2026-07-09 11:30:49 (46.0 MB/s) - ‘/workspace/backups/cindemirlaw.com-20260709-113003/cindemirlaw.com/escrow-account-turkey/index.html’ saved [647413]

--2026-07-09 11:30:49--  https://cindemirlaw.com/understanding-the-role-and-responsibilities-of-a-commercial-agent/
Reusing existing connection to cindemirlaw.com:443.
HTTP request sent, awaiting response... 200 OK
Length: unspecified [text/html]
Saving to: ‘/workspace/backups/cindemirlaw.com-20260709-113003/cindemirlaw.com/understanding-the-role-and-responsibilities-of-a-commercial-agent/index.html’

     0K .......... .......... .......... .......... .......... 11.2M
    50K .......... .......... .......... .......... .......... 28.4M
   100K .......... .......... .......... .......... .......... 28.4M
   150K .......... .......... .......... .......... .......... 78.3M
   200K .......... .......... .......... .......... ..........  163M
   250K .......... .......... .......... .......... .......... 45.9M
   300K .......... .......... .......... .......... .......... 63.0M
   350K .......... .......... .......... .......... ..........  160M
   400K .......... .......... .......... .......... ..........  395M
   450K .......... .......... .......... .......... ..........  217M
   500K .......... .......... .......... .......... .......... 31.6M
   550K .......... .......... .......... .......... ..........  287M
   600K .......... .......... .......... .......... ....        387M=0.01s

2026-07-09 11:30:50 (48.3 MB/s) - ‘/workspace/backups/cindemirlaw.com-20260709-113003/cindemirlaw.com/understanding-the-role-and-responsibilities-of-a-commercial-agent/index.html’ saved [660112]

--2026-07-09 11:30:50--  https://cindemirlaw.com/unfair-competition-in-turkey-understanding-the-issues-and-finding-solutions/
Reusing existing connection to cindemirlaw.com:443.
HTTP request sent, awaiting response... 200 OK
Length: unspecified [text/html]
Saving to: ‘/workspace/backups/cindemirlaw.com-20260709-113003/cindemirlaw.com/unfair-competition-in-turkey-understanding-the-issues-and-finding-solutions/index.html’

     0K .......... .......... .......... .......... .......... 12.7M
    50K .......... .......... .......... .......... .......... 21.9M
   100K .......... .......... .......... .......... .......... 31.1M
   150K .......... .......... .......... .......... .......... 70.7M
   200K .......... .......... .......... .......... ..........  163M
   250K .......... .......... .......... .......... ..........  149M
   300K .......... .......... .......... .......... .......... 33.8M
   350K .......... .......... .......... .......... .......... 95.9M
   400K .......... .......... .......... .......... ..........  379M
   450K .......... .......... .......... .......... ..........  303M
   500K .......... .......... .......... .......... ..........  266M
   550K .......... .......... .......... .......... .......... 97.9M
   600K .......... .......... .......... ..                     310M=0.01s

2026-07-09 11:30:51 (51.5 MB/s) - ‘/workspace/backups/cindemirlaw.com-20260709-113003/cindemirlaw.com/unfair-competition-in-turkey-understanding-the-issues-and-finding-solutions/index.html’ saved [647860]

--2026-07-09 11:30:51--  https://cindemirlaw.com/insurance-arbitration-and-compensation-claims-regarding-car-accidents-in-turkey/
Reusing existing connection to cindemirlaw.com:443.
HTTP request sent, awaiting response... 200 OK
Length: unspecified [text/html]
Saving to: ‘/workspace/backups/cindemirlaw.com-20260709-113003/cindemirlaw.com/insurance-arbitration-and-compensation-claims-regarding-car-accidents-in-turkey/index.html’

     0K .......... .......... .......... .......... .......... 12.2M
    50K .......... .......... .......... .......... .......... 24.4M
   100K .......... .......... .......... .......... .......... 22.4M
   150K .......... .......... .......... .......... .......... 24.3M
   200K .......... .......... .......... .......... .......... 20.2M
   250K .......... .......... .......... .......... .......... 22.2M
   300K .......... .......... .......... .......... .......... 27.9M
   350K .......... .......... .......... .......... .......... 14.3M
   400K .......... .......... .......... .......... .......... 26.3M
   450K .......... .......... .......... .......... .......... 18.7M
   500K .......... .......... .......... .......... .......... 27.1M
   550K .......... .......... .......... .......... .......... 19.1M
   600K .......... .......... .......... ....                  13.4M=0.03s

2026-07-09 11:30:52 (19.8 MB/s) - ‘/workspace/backups/cindemirlaw.com-20260709-113003/cindemirlaw.com/insurance-arbitration-and-compensation-claims-regarding-car-accidents-in-turkey/index.html’ saved [649907]

--2026-07-09 11:30:52--  https://cindemirlaw.com/principle-of-family-unity-deportation-procedures-and-protection-of-family-unity-for-deportees/
Reusing existing connection to cindemirlaw.com:443.
HTTP request sent, awaiting response... 200 OK
Length: unspecified [text/html]
Saving to: ‘/workspace/backups/cindemirlaw.com-20260709-113003/cindemirlaw.com/principle-of-family-unity-deportation-procedures-and-protection-of-family-unity-for-deportees/index.html’

     0K .......... .......... .......... .......... .......... 13.3M
    50K .......... .......... .......... .......... .......... 23.5M
   100K .......... .......... .......... .......... .......... 19.7M
   150K .......... .......... .......... .......... .......... 30.9M
   200K .......... .......... .......... .......... .......... 80.0M
   250K .......... .......... .......... .......... ..........  115M
   300K .......... .......... .......... .......... .......... 44.1M
   350K .......... .......... .......... .......... ..........  116M
   400K .......... .......... .......... .......... .......... 43.1M
   450K .......... .......... .......... .......... ..........  411M
   500K .......... .......... .......... .......... ..........  502M
   550K .......... .......... .......... .......... ..........  105M
   600K .......... .......... .......... ....                   194M=0.01s

2026-07-09 11:30:53 (43.2 MB/s) - ‘/workspace/backups/cindemirlaw.com-20260709-113003/cindemirlaw.com/principle-of-family-unity-deportation-procedures-and-protection-of-family-unity-for-deportees/index.html’ saved [649413]

--2026-07-09 11:30:53--  https://cindemirlaw.com/tort-law-in-turkey/
Reusing existing connection to cindemirlaw.com:443.
HTTP request sent, awaiting response... 200 OK
Length: unspecified [text/html]
Saving to: ‘/workspace/backups/cindemirlaw.com-20260709-113003/cindemirlaw.com/tort-law-in-turkey/index.html’

     0K .......... .......... .......... .......... .......... 7.56M
    50K .......... .......... .......... .......... .......... 45.8M
   100K .......... .......... .......... .......... .......... 12.5M
   150K .......... .......... .......... .......... .......... 60.9M
   200K .......... .......... .......... .......... .......... 87.8M
   250K .......... .......... .......... .......... ..........  455M
   300K .......... .......... .......... .......... ..........  411M
   350K .......... .......... .......... .......... .......... 66.9M
   400K .......... .......... .......... .......... ..........  425M
   450K .......... .......... .......... .......... .......... 49.1M
   500K .......... .......... .......... .......... ..........  463M
   550K .......... .......... .......... .......... .......... 83.0M
   600K .......... .......... .......... .....                 5.76M=0.02s

2026-07-09 11:30:54 (28.8 MB/s) - ‘/workspace/backups/cindemirlaw.com-20260709-113003/cindemirlaw.com/tort-law-in-turkey/index.html’ saved [650404]

--2026-07-09 11:30:54--  https://cindemirlaw.com/some-notes-about-opening-a-bank-account-for-a-foreign-company-in-turkey/
Reusing existing connection to cindemirlaw.com:443.
HTTP request sent, awaiting response... 200 OK
Length: unspecified [text/html]
Saving to: ‘/workspace/backups/cindemirlaw.com-20260709-113003/cindemirlaw.com/some-notes-about-opening-a-bank-account-for-a-foreign-company-in-turkey/index.html’

     0K .......... .......... .......... .......... .......... 11.7M
    50K .......... .......... .......... .......... .......... 25.3M
   100K .......... .......... .......... .......... .......... 29.4M
   150K .......... .......... .......... .......... .......... 65.3M
   200K .......... .......... .......... .......... ..........  127M
   250K .......... .......... .......... .......... .......... 51.7M
   300K .......... .......... .......... .......... .......... 72.2M
   350K .......... .......... .......... .......... ..........  105M
   400K .......... .......... .......... .......... ..........  513M
   450K .......... .......... .......... .......... ..........  481M
   500K .......... .......... .......... .......... .......... 44.1M
   550K .......... .......... .......... .......... .......... 85.8M
   600K .......... .......... ..........                        511M=0.01s

2026-07-09 11:30:55 (47.7 MB/s) - ‘/workspace/backups/cindemirlaw.com-20260709-113003/cindemirlaw.com/some-notes-about-opening-a-bank-account-for-a-foreign-company-in-turkey/index.html’ saved [645809]

--2026-07-09 11:30:55--  https://cindemirlaw.com/turkish-lawyer-online-consultancy/
Reusing existing connection to cindemirlaw.com:443.
HTTP request sent, awaiting response... 200 OK
Length: unspecified [text/html]
Saving to: ‘/workspace/backups/cindemirlaw.com-20260709-113003/cindemirlaw.com/turkish-lawyer-online-consultancy/index.html’

     0K .......... .......... .......... .......... .......... 13.3M
    50K .......... .......... .......... .......... .......... 29.6M
   100K .......... .......... .......... .......... .......... 17.3M
   150K .......... .......... .......... .......... .......... 65.1M
   200K .......... .......... .......... .......... .......... 47.9M
   250K .......... .......... .......... .......... .......... 70.3M
   300K .......... .......... .......... .......... ..........  147M
   350K .......... .......... .......... .......... ..........  114M
   400K .......... .......... .......... .......... ..........  451M
   450K .......... .......... .......... .......... .......... 53.5M
   500K .......... .......... .......... .......... ..........  111M
   550K .......... .......... .......... .......... ..........  213M
   600K .......... .......... .......... .                      514M=0.01s

2026-07-09 11:30:55 (47.1 MB/s) - ‘/workspace/backups/cindemirlaw.com-20260709-113003/cindemirlaw.com/turkish-lawyer-online-consultancy/index.html’ saved [646374]

--2026-07-09 11:30:56--  https://cindemirlaw.com/opening-a-company-in-turkey-for-foreigners/
Reusing existing connection to cindemirlaw.com:443.
HTTP request sent, awaiting response... 200 OK
Length: unspecified [text/html]
Saving to: ‘/workspace/backups/cindemirlaw.com-20260709-113003/cindemirlaw.com/opening-a-company-in-turkey-for-foreigners/index.html’

     0K .......... .......... .......... .......... .......... 12.3M
    50K .......... .......... .......... .......... .......... 20.7M
   100K .......... .......... .......... .......... .......... 33.3M
   150K .......... .......... .......... .......... .......... 23.6M
   200K .......... .......... .......... .......... .......... 40.5M
   250K .......... .......... .......... .......... .......... 38.0M
   300K .......... .......... .......... .......... .......... 75.0M
   350K .......... .......... .......... .......... ..........  361M
   400K .......... .......... .......... .......... .......... 60.3M
   450K .......... .......... .......... .......... .......... 83.6M
   500K .......... .......... .......... .......... ..........  129M
   550K .......... .......... .......... .......... ..........  139M
   600K .......... .......... ......                            376M=0.02s

2026-07-09 11:30:56 (39.9 MB/s) - ‘/workspace/backups/cindemirlaw.com-20260709-113003/cindemirlaw.com/opening-a-company-in-turkey-for-foreigners/index.html’ saved [641771]

--2026-07-09 11:30:57--  https://cindemirlaw.com/getting-criminal-record-in-turkey/
Reusing existing connection to cindemirlaw.com:443.
HTTP request sent, awaiting response... 200 OK
Length: unspecified [text/html]
Saving to: ‘/workspace/backups/cindemirlaw.com-20260709-113003/cindemirlaw.com/getting-criminal-record-in-turkey/index.html’

     0K .......... .......... .......... .......... .......... 30.1M
    50K .......... .......... .......... .......... .......... 57.2M
   100K .......... .......... .......... .......... .......... 30.4M
   150K .......... .......... .......... .......... ..........  346M
   200K .......... .......... .......... .......... .......... 86.0M
   250K .......... .......... .......... .......... .......... 85.7M
   300K .......... .......... .......... .......... ..........  468M
   350K .......... .......... .......... .......... ..........  278M
   400K .......... .......... .......... .......... ..........  310M
   450K .......... .......... .......... .......... ..........  305M
   500K .......... .......... .......... .......... ..........  144M
   550K .......... .......... .......... .......... ..........  160M
   600K .......... .......... .......... ...                    453M=0.007s

2026-07-09 11:30:57 (92.7 MB/s) - ‘/workspace/backups/cindemirlaw.com-20260709-113003/cindemirlaw.com/getting-criminal-record-in-turkey/index.html’ saved [648750]

--2026-07-09 11:30:58--  https://cindemirlaw.com/humanitarian-residence-permit-application-in-turkey/
Reusing existing connection to cindemirlaw.com:443.
HTTP request sent, awaiting response... 200 OK
Length: unspecified [text/html]
Saving to: ‘/workspace/backups/cindemirlaw.com-20260709-113003/cindemirlaw.com/humanitarian-residence-permit-application-in-turkey/index.html’

     0K .......... .......... .......... .......... .......... 24.3M
    50K .......... .......... .......... .......... .......... 43.2M
   100K .......... .......... .......... .......... .......... 35.8M
   150K .......... .......... .......... .......... ..........  276M
   200K .......... .......... .......... .......... .......... 31.9M
   250K .......... .......... .......... .......... ..........  204M
   300K .......... .......... .......... .......... .......... 42.5M
   350K .......... .......... .......... .......... ..........  233M
   400K .......... .......... .......... .......... ..........  518M
   450K .......... .......... .......... .......... .......... 83.9M
   500K .......... .......... .......... .......... ..........  116M
   550K .......... .......... .......... .......... ..........  444M
   600K .......... .......... ...                               638M=0.009s

2026-07-09 11:30:58 (67.2 MB/s) - ‘/workspace/backups/cindemirlaw.com-20260709-113003/cindemirlaw.com/humanitarian-residence-permit-application-in-turkey/index.html’ saved [638631]

--2026-07-09 11:30:59--  https://cindemirlaw.com/wp-content/cache/debloat/js/d373f3bb895643def11fdc2f1a428545.js
Reusing existing connection to cindemirlaw.com:443.
HTTP request sent, awaiting response... 200 OK
Length: 7890 (7.7K) [text/javascript]
Saving to: ‘/workspace/backups/cindemirlaw.com-20260709-113003/cindemirlaw.com/wp-content/cache/debloat/js/d373f3bb895643def11fdc2f1a428545.js’

     0K .......                                               100%  150M=0s

2026-07-09 11:30:59 (150 MB/s) - ‘/workspace/backups/cindemirlaw.com-20260709-113003/cindemirlaw.com/wp-content/cache/debloat/js/d373f3bb895643def11fdc2f1a428545.js’ saved [7890/7890]

--2026-07-09 11:30:59--  https://cindemirlaw.com/wp-content/cache/debloat/js/b05d37e8f77a8fb363b59f3e0070b377.js
Reusing existing connection to cindemirlaw.com:443.
HTTP request sent, awaiting response... 200 OK
Length: 286234 (280K) [text/javascript]
Saving to: ‘/workspace/backups/cindemirlaw.com-20260709-113003/cindemirlaw.com/wp-content/cache/debloat/js/b05d37e8f77a8fb363b59f3e0070b377.js’

     0K .......... .......... .......... .......... .......... 17%  175M 0s
    50K .......... .......... .......... .......... .......... 35%  547M 0s
   100K .......... .......... .......... .......... .......... 53%  311M 0s
   150K .......... .......... .......... .......... .......... 71%  473M 0s
   200K .......... .......... .......... .......... .......... 89%  516M 0s
   250K .......... .......... .........                       100%  647M=0.001s

2026-07-09 11:30:59 (356 MB/s) - ‘/workspace/backups/cindemirlaw.com-20260709-113003/cindemirlaw.com/wp-content/cache/debloat/js/b05d37e8f77a8fb363b59f3e0070b377.js’ saved [286234/286234]

--2026-07-09 11:31:00--  https://cindemirlaw.com/wp-content/plugins/debloat/inc/delay-load/js/delay-load.min.js?ver=1.3.0
Reusing existing connection to cindemirlaw.com:443.
HTTP request sent, awaiting response... 200 OK
Length: 3299 (3.2K) [text/javascript]
Saving to: ‘/workspace/backups/cindemirlaw.com-20260709-113003/cindemirlaw.com/wp-content/plugins/debloat/inc/delay-load/js/delay-load.min.js?ver=1.3.0’

     0K ...                                                   100% 1.98G=0s

2026-07-09 11:31:00 (1.98 GB/s) - ‘/workspace/backups/cindemirlaw.com-20260709-113003/cindemirlaw.com/wp-content/plugins/debloat/inc/delay-load/js/delay-load.min.js?ver=1.3.0’ saved [3299/3299]

--2026-07-09 11:31:01--  https://cindemirlaw.com/wp-content/uploads/2020/06/540664430.jpg
Reusing existing connection to cindemirlaw.com:443.
HTTP request sent, awaiting response... 200 OK
Length: 67158 (66K) [image/jpeg]
Saving to: ‘/workspace/backups/cindemirlaw.com-20260709-113003/cindemirlaw.com/wp-content/uploads/2020/06/540664430.jpg’

     0K .......... .......... .......... .......... .......... 76%  237M 0s
    50K .......... .....                                      100%  355M=0s

2026-07-09 11:31:01 (258 MB/s) - ‘/workspace/backups/cindemirlaw.com-20260709-113003/cindemirlaw.com/wp-content/uploads/2020/06/540664430.jpg’ saved [67158/67158]

--2026-07-09 11:31:01--  https://cindemirlaw.com/wp-content/cache/debloat/js/52cfc7c025d5d6e450402891822f93ef.js
Reusing existing connection to cindemirlaw.com:443.
HTTP request sent, awaiting response... 200 OK
Length: 409 [text/javascript]
Saving to: ‘/workspace/backups/cindemirlaw.com-20260709-113003/cindemirlaw.com/wp-content/cache/debloat/js/52cfc7c025d5d6e450402891822f93ef.js’

     0K                                                       100%  579M=0s

2026-07-09 11:31:01 (579 MB/s) - ‘/workspace/backups/cindemirlaw.com-20260709-113003/cindemirlaw.com/wp-content/cache/debloat/js/52cfc7c025d5d6e450402891822f93ef.js’ saved [409/409]

--2026-07-09 11:31:02--  https://cindemirlaw.com/wp-content/cache/debloat/js/29e3444ab7ae6e2f0649c1278d7372f5.js
Reusing existing connection to cindemirlaw.com:443.
HTTP request sent, awaiting response... 200 OK
Length: 1964 (1.9K) [text/javascript]
Saving to: ‘/workspace/backups/cindemirlaw.com-20260709-113003/cindemirlaw.com/wp-content/cache/debloat/js/29e3444ab7ae6e2f0649c1278d7372f5.js’

     0K .                                                     100% 1.85G=0s

2026-07-09 11:31:02 (1.85 GB/s) - ‘/workspace/backups/cindemirlaw.com-20260709-113003/cindemirlaw.com/wp-content/cache/debloat/js/29e3444ab7ae6e2f0649c1278d7372f5.js’ saved [1964/1964]

--2026-07-09 11:31:02--  https://cindemirlaw.com/feed/?lang=zh-hans
Reusing existing connection to cindemirlaw.com:443.
HTTP request sent, awaiting response... 301 Moved Permanently
Location: https://cindemirlaw.com/?lang=zh-hans [following]
--2026-07-09 11:31:03--  https://cindemirlaw.com/?lang=zh-hans
Reusing existing connection to cindemirlaw.com:443.
HTTP request sent, awaiting response... 200 OK
Length: unspecified [text/html]
Saving to: ‘/workspace/backups/cindemirlaw.com-20260709-113003/cindemirlaw.com/feed/index.html?lang=zh-hans.html’

     0K .......... .......... .......... .......... .......... 11.6M
    50K .......... .......... .......... .......... .......... 29.5M
   100K .......... .......... .......... .......... .......... 32.3M
   150K .......... .......... .......... .......... .......... 59.9M
   200K .......... .......... .......... .......... .......... 42.8M
   250K .......... .......... .......... .......... ..........  141M
   300K .......... .......... .......... .......... ..........  423M
   350K .......... .......... .......... .......... ..........  279M
   400K .......... .......... .......... .......... ..........  275M
   450K .......... .......... .......... .......... .......... 34.8M
   500K .......... .......... .......... .......... ..........  289M
   550K .......... .......... .......... .......... ..........  303M
   600K .......... .......... .......... .......... .......... 12.6M
   650K ....                                                   9.05T=0.02s

2026-07-09 11:31:03 (40.6 MB/s) - ‘/workspace/backups/cindemirlaw.com-20260709-113003/cindemirlaw.com/feed/index.html?lang=zh-hans.html’ saved [670578]

--2026-07-09 11:31:04--  https://cindemirlaw.com/wp-content/themes/enfold/images/layout/logo.png
Reusing existing connection to cindemirlaw.com:443.
HTTP request sent, awaiting response... 200 OK
Length: 3487 (3.4K) [image/png]
Saving to: ‘/workspace/backups/cindemirlaw.com-20260709-113003/cindemirlaw.com/wp-content/themes/enfold/images/layout/logo.png’

     0K ...                                                   100% 2.49G=0s

2026-07-09 11:31:04 (2.49 GB/s) - ‘/workspace/backups/cindemirlaw.com-20260709-113003/cindemirlaw.com/wp-content/themes/enfold/images/layout/logo.png’ saved [3487/3487]

--2026-07-09 11:31:04--  https://cindemirlaw.com/about-us/?lang=zh-hans
Reusing existing connection to cindemirlaw.com:443.
HTTP request sent, awaiting response... 200 OK
Length: unspecified [text/html]
Saving to: ‘/workspace/backups/cindemirlaw.com-20260709-113003/cindemirlaw.com/about-us/index.html?lang=zh-hans.html’

     0K .......... .......... .......... .......... .......... 12.7M
    50K .......... .......... .......... .......... .......... 21.5M
   100K .......... .......... .......... .......... .......... 26.3M
   150K .......... .......... .......... .......... .......... 67.5M
   200K .......... .......... .......... .......... .......... 41.9M
   250K .......... .......... .......... .......... ..........  115M
   300K .......... .......... .......... .......... ..........  123M
   350K .......... .......... .......... .......... ..........  262M
   400K .......... .......... .......... .......... ..........  108M
   450K .......... .......... .......... .......... .......... 64.8M
   500K .......... .......... .......... .......... ..........  110M
   550K .......... .......... .......... .......... .......... 40.4M
   600K ........                                                436M=0.01s

2026-07-09 11:31:04 (43.3 MB/s) - ‘/workspace/backups/cindemirlaw.com-20260709-113003/cindemirlaw.com/about-us/index.html?lang=zh-hans.html’ saved [622942]

--2026-07-09 11:31:05--  https://cindemirlaw.com/articles/?lang=zh-hans
Reusing existing connection to cindemirlaw.com:443.
HTTP request sent, awaiting response... 200 OK
Length: unspecified [text/html]
Saving to: ‘/workspace/backups/cindemirlaw.com-20260709-113003/cindemirlaw.com/articles/index.html?lang=zh-hans.html’

     0K .......... .......... .......... .......... .......... 12.2M
    50K .......... .......... .......... .......... .......... 20.9M
   100K .......... .......... .......... .......... .......... 32.7M
   150K .......... .......... .......... .......... .......... 48.6M
   200K .......... .......... .......... .......... ..........  498M
   250K .......... .......... .......... .......... ..........  413M
   300K .......... .......... .......... .......... .......... 30.4M
   350K .......... .......... .......... .......... ..........  424M
   400K .......... .......... .......... .......... ..........  184M
   450K .......... .......... .......... .......... ..........  523M
   500K .......... .......... .......... .......... .......... 36.4M
   550K .......... .......... .......... .......... ..........  207M
   600K ......                                                 12.7T=0.01s

2026-07-09 11:31:05 (46.6 MB/s) - ‘/workspace/backups/cindemirlaw.com-20260709-113003/cindemirlaw.com/articles/index.html?lang=zh-hans.html’ saved [621391]

--2026-07-09 11:31:06--  https://cindemirlaw.com/services/?lang=zh-hans
Reusing existing connection to cindemirlaw.com:443.
HTTP request sent, awaiting response... 200 OK
Length: unspecified [text/html]
Saving to: ‘/workspace/backups/cindemirlaw.com-20260709-113003/cindemirlaw.com/services/index.html?lang=zh-hans.html’

     0K .......... .......... .......... .......... .......... 30.2M
    50K .......... .......... .......... .......... .......... 51.0M
   100K .......... .......... .......... .......... .......... 77.7M
   150K .......... .......... .......... .......... .......... 90.9M
   200K .......... .......... .......... .......... .......... 59.0M
   250K .......... .......... .......... .......... .......... 36.8M
   300K .......... .......... .......... .......... ..........  484M
   350K .......... .......... .......... .......... ..........  425M
   400K .......... .......... .......... .......... ..........  477M
   450K .......... .......... .......... .......... ..........  535M
   500K .......... .......... .......... .......... .......... 90.5M
   550K .......... .......... .......... .......... ..........  437M
   600K .......... .......... ...                               542M=0.007s

2026-07-09 11:31:06 (87.0 MB/s) - ‘/workspace/backups/cindemirlaw.com-20260709-113003/cindemirlaw.com/services/index.html?lang=zh-hans.html’ saved [638653]

--2026-07-09 11:31:07--  https://cindemirlaw.com/team/?lang=zh-hans
Reusing existing connection to cindemirlaw.com:443.
HTTP request sent, awaiting response... 200 OK
Length: unspecified [text/html]
Saving to: ‘/workspace/backups/cindemirlaw.com-20260709-113003/cindemirlaw.com/team/index.html?lang=zh-hans.html’

     0K .......... .......... .......... .......... .......... 12.4M
    50K .......... .......... .......... .......... .......... 22.9M
   100K .......... .......... .......... .......... .......... 32.7M
   150K .......... .......... .......... .......... .......... 41.9M
   200K .......... .......... .......... .......... .......... 30.9M
   250K .......... .......... .......... .......... ..........  130M
   300K .......... .......... .......... .......... ..........  565M
   350K .......... .......... .......... .......... ..........  350M
   400K .......... .......... .......... .......... ..........  559M
   450K .......... .......... .......... .......... .......... 44.6M
   500K .......... .......... .......... .......... ..........  122M
   550K .......... .......... .......... .......... ..........  429M
   600K .......... .......... .                                 633M=0.01s

2026-07-09 11:31:07 (48.0 MB/s) - ‘/workspace/backups/cindemirlaw.com-20260709-113003/cindemirlaw.com/team/index.html?lang=zh-hans.html’ saved [636302]

--2026-07-09 11:31:07--  https://cindemirlaw.com/press/?lang=zh-hans
Reusing existing connection to cindemirlaw.com:443.
HTTP request sent, awaiting response... 200 OK
Length: unspecified [text/html]
Saving to: ‘/workspace/backups/cindemirlaw.com-20260709-113003/cindemirlaw.com/press/index.html?lang=zh-hans.html’

     0K .......... .......... .......... .......... .......... 12.3M
    50K .......... .......... .......... .......... .......... 20.3M
   100K .......... .......... .......... .......... .......... 30.9M
   150K .......... .......... .......... .......... .......... 50.4M
   200K .......... .......... .......... .......... .......... 42.0M
   250K .......... .......... .......... .......... .......... 64.2M
   300K .......... .......... .......... .......... ..........  164M
   350K .......... .......... .......... .......... ..........  159M
   400K .......... .......... .......... .......... ..........  514M
   450K .......... .......... .......... .......... .......... 49.7M
   500K .......... .......... .......... .......... ..........  155M
   550K .......... .......... .......... .......... ..........  469M
   600K ........                                                484M=0.01s

2026-07-09 11:31:07 (45.8 MB/s) - ‘/workspace/backups/cindemirlaw.com-20260709-113003/cindemirlaw.com/press/index.html?lang=zh-hans.html’ saved [622820]

--2026-07-09 11:31:08--  https://cindemirlaw.com/wp-content/uploads/2020/06/5295681199059-300x135.jpg
Reusing existing connection to cindemirlaw.com:443.
HTTP request sent, awaiting response... 200 OK
Length: 30828 (30K) [image/jpeg]
Saving to: ‘/workspace/backups/cindemirlaw.com-20260709-113003/cindemirlaw.com/wp-content/uploads/2020/06/5295681199059-300x135.jpg’

     0K .......... .......... ..........                      100% 29.8M=0.001s

2026-07-09 11:31:08 (29.8 MB/s) - ‘/workspace/backups/cindemirlaw.com-20260709-113003/cindemirlaw.com/wp-content/uploads/2020/06/5295681199059-300x135.jpg’ saved [30828/30828]

--2026-07-09 11:31:08--  https://cindemirlaw.com/wp-content/uploads/2020/06/5295681199059-768x346.jpg
Reusing existing connection to cindemirlaw.com:443.
HTTP request sent, awaiting response... 200 OK
Length: 150797 (147K) [image/jpeg]
Saving to: ‘/workspace/backups/cindemirlaw.com-20260709-113003/cindemirlaw.com/wp-content/uploads/2020/06/5295681199059-768x346.jpg’

     0K .......... .......... .......... .......... .......... 33%  101M 0s
    50K .......... .......... .......... .......... .......... 67%  491M 0s
   100K .......... .......... .......... .......... .......   100%  462M=0.001s

2026-07-09 11:31:08 (211 MB/s) - ‘/workspace/backups/cindemirlaw.com-20260709-113003/cindemirlaw.com/wp-content/uploads/2020/06/5295681199059-768x346.jpg’ saved [150797/150797]

--2026-07-09 11:31:09--  https://cindemirlaw.com/wp-content/uploads/2020/06/5295681199059-705x318.jpg
Reusing existing connection to cindemirlaw.com:443.
HTTP request sent, awaiting response... 200 OK
Length: 130741 (128K) [image/jpeg]
Saving to: ‘/workspace/backups/cindemirlaw.com-20260709-113003/cindemirlaw.com/wp-content/uploads/2020/06/5295681199059-705x318.jpg’

     0K .......... .......... .......... .......... .......... 39%  336M 0s
    50K .......... .......... .......... .......... .......... 78%  475M 0s
   100K .......... .......... .......                         100%  401M=0s

2026-07-09 11:31:09 (395 MB/s) - ‘/workspace/backups/cindemirlaw.com-20260709-113003/cindemirlaw.com/wp-content/uploads/2020/06/5295681199059-705x318.jpg’ saved [130741/130741]

--2026-07-09 11:31:09--  https://cindemirlaw.com/wp-content/uploads/2020/06/5244720168412.jpg
Reusing existing connection to cindemirlaw.com:443.
HTTP request sent, awaiting response... 200 OK
Length: 42849 (42K) [image/jpeg]
Saving to: ‘/workspace/backups/cindemirlaw.com-20260709-113003/cindemirlaw.com/wp-content/uploads/2020/06/5244720168412.jpg’

     0K .......... .......... .......... .......... .         100%  403M=0s

2026-07-09 11:31:09 (403 MB/s) - ‘/workspace/backups/cindemirlaw.com-20260709-113003/cindemirlaw.com/wp-content/uploads/2020/06/5244720168412.jpg’ saved [42849/42849]

--2026-07-09 11:31:10--  https://cindemirlaw.com/wp-content/uploads/2020/06/5244720168412-300x135.jpg
Reusing existing connection to cindemirlaw.com:443.
HTTP request sent, awaiting response... 200 OK
Length: 34271 (33K) [image/jpeg]
Saving to: ‘/workspace/backups/cindemirlaw.com-20260709-113003/cindemirlaw.com/wp-content/uploads/2020/06/5244720168412-300x135.jpg’

     0K .......... .......... .......... ...                  100%  323M=0s

2026-07-09 11:31:10 (323 MB/s) - ‘/workspace/backups/cindemirlaw.com-20260709-113003/cindemirlaw.com/wp-content/uploads/2020/06/5244720168412-300x135.jpg’ saved [34271/34271]

--2026-07-09 11:31:11--  https://cindemirlaw.com/wp-content/uploads/2020/06/5244720168412-768x346.jpg
Reusing existing connection to cindemirlaw.com:443.
HTTP request sent, awaiting response... 200 OK
Length: 181024 (177K) [image/jpeg]
Saving to: ‘/workspace/backups/cindemirlaw.com-20260709-113003/cindemirlaw.com/wp-content/uploads/2020/06/5244720168412-768x346.jpg’

     0K .......... .......... .......... .......... .......... 28% 92.4M 0s
    50K .......... .......... .......... .......... .......... 56%  114M 0s
   100K .......... .......... .......... .......... .......... 84%  343M 0s
   150K .......... .......... ......                          100%  662M=0.001s

2026-07-09 11:31:11 (152 MB/s) - ‘/workspace/backups/cindemirlaw.com-20260709-113003/cindemirlaw.com/wp-content/uploads/2020/06/5244720168412-768x346.jpg’ saved [181024/181024]

--2026-07-09 11:31:11--  https://cindemirlaw.com/wp-content/uploads/2020/06/5244720168412-705x318.jpg
Reusing existing connection to cindemirlaw.com:443.
HTTP request sent, awaiting response... 200 OK
Length: 155959 (152K) [image/jpeg]
Saving to: ‘/workspace/backups/cindemirlaw.com-20260709-113003/cindemirlaw.com/wp-content/uploads/2020/06/5244720168412-705x318.jpg’

     0K .......... .......... .......... .......... .......... 32%  394M 0s
    50K .......... .......... .......... .......... .......... 65%  357M 0s
   100K .......... .......... .......... .......... .......... 98%  455M 0s
   150K ..                                                    100% 4.29T=0s

2026-07-09 11:31:11 (404 MB/s) - ‘/workspace/backups/cindemirlaw.com-20260709-113003/cindemirlaw.com/wp-content/uploads/2020/06/5244720168412-705x318.jpg’ saved [155959/155959]

--2026-07-09 11:31:12--  https://cindemirlaw.com/wp-content/uploads/2020/06/1250986877.jpg
Reusing existing connection to cindemirlaw.com:443.
HTTP request sent, awaiting response... 200 OK
Length: 35606 (35K) [image/jpeg]
Saving to: ‘/workspace/backups/cindemirlaw.com-20260709-113003/cindemirlaw.com/wp-content/uploads/2020/06/1250986877.jpg’

     0K .......... .......... .......... ....                 100%  367M=0s

2026-07-09 11:31:12 (367 MB/s) - ‘/workspace/backups/cindemirlaw.com-20260709-113003/cindemirlaw.com/wp-content/uploads/2020/06/1250986877.jpg’ saved [35606/35606]

--2026-07-09 11:31:12--  https://cindemirlaw.com/wp-content/uploads/2020/06/1250986877-300x135.jpg
Reusing existing connection to cindemirlaw.com:443.
HTTP request sent, awaiting response... 200 OK
Length: 34745 (34K) [image/jpeg]
Saving to: ‘/workspace/backups/cindemirlaw.com-20260709-113003/cindemirlaw.com/wp-content/uploads/2020/06/1250986877-300x135.jpg’

     0K .......... .......... .......... ...                  100%  264M=0s

2026-07-09 11:31:12 (264 MB/s) - ‘/workspace/backups/cindemirlaw.com-20260709-113003/cindemirlaw.com/wp-content/uploads/2020/06/1250986877-300x135.jpg’ saved [34745/34745]

--2026-07-09 11:31:13--  https://cindemirlaw.com/wp-content/uploads/2020/06/1250986877-768x346.jpg
Reusing existing connection to cindemirlaw.com:443.
HTTP request sent, awaiting response... 200 OK
Length: 144029 (141K) [image/jpeg]
Saving to: ‘/workspace/backups/cindemirlaw.com-20260709-113003/cindemirlaw.com/wp-content/uploads/2020/06/1250986877-768x346.jpg’

     0K .......... .......... .......... .......... .......... 35% 98.8M 0s
    50K .......... .......... .......... .......... .......... 71%  266M 0s
   100K .......... .......... .......... ..........           100%  408M=0.001s

2026-07-09 11:31:13 (177 MB/s) - ‘/workspace/backups/cindemirlaw.com-20260709-113003/cindemirlaw.com/wp-content/uploads/2020/06/1250986877-768x346.jpg’ saved [144029/144029]

--2026-07-09 11:31:13--  https://cindemirlaw.com/wp-content/uploads/2020/06/1250986877-705x318.jpg
Reusing existing connection to cindemirlaw.com:443.
HTTP request sent, awaiting response... 200 OK
Length: 127505 (125K) [image/jpeg]
Saving to: ‘/workspace/backups/cindemirlaw.com-20260709-113003/cindemirlaw.com/wp-content/uploads/2020/06/1250986877-705x318.jpg’

     0K .......... .......... .......... .......... .......... 40%  426M 0s
    50K .......... .......... .......... .......... .......... 80%  450M 0s
   100K .......... .......... ....                            100%  414M=0s

2026-07-09 11:31:13 (433 MB/s) - ‘/workspace/backups/cindemirlaw.com-20260709-113003/cindemirlaw.com/wp-content/uploads/2020/06/1250986877-705x318.jpg’ saved [127505/127505]

--2026-07-09 11:31:14--  https://cindemirlaw.com/wp-content/uploads/2020/06/540664430-300x135.jpg
Reusing existing connection to cindemirlaw.com:443.
HTTP request sent, awaiting response... 200 OK
Length: 53636 (52K) [image/jpeg]
Saving to: ‘/workspace/backups/cindemirlaw.com-20260709-113003/cindemirlaw.com/wp-content/uploads/2020/06/540664430-300x135.jpg’

     0K .......... .......... .......... .......... .......... 95%  426M 0s
    50K ..                                                    100% 4.43T=0s

2026-07-09 11:31:14 (447 MB/s) - ‘/workspace/backups/cindemirlaw.com-20260709-113003/cindemirlaw.com/wp-content/uploads/2020/06/540664430-300x135.jpg’ saved [53636/53636]

--2026-07-09 11:31:14--  https://cindemirlaw.com/wp-content/uploads/2020/06/540664430-768x346.jpg
Reusing existing connection to cindemirlaw.com:443.
HTTP request sent, awaiting response... 200 OK
Length: 260432 (254K) [image/jpeg]
Saving to: ‘/workspace/backups/cindemirlaw.com-20260709-113003/cindemirlaw.com/wp-content/uploads/2020/06/540664430-768x346.jpg’

     0K .......... .......... .......... .......... .......... 19%  255M 0s
    50K .......... .......... .......... .......... .......... 39% 77.5M 0s
   100K .......... .......... .......... .......... .......... 58%  453M 0s
   150K .......... .......... .......... .......... .......... 78%  419M 0s
   200K .......... .......... .......... .......... .......... 98%  424M 0s
   250K ....                                                  100% 8.06T=0.001s

2026-07-09 11:31:14 (214 MB/s) - ‘/workspace/backups/cindemirlaw.com-20260709-113003/cindemirlaw.com/wp-content/uploads/2020/06/540664430-768x346.jpg’ saved [260432/260432]

--2026-07-09 11:31:15--  https://cindemirlaw.com/wp-content/uploads/2020/06/540664430-705x318.jpg
Reusing existing connection to cindemirlaw.com:443.
HTTP request sent, awaiting response... 200 OK
Length: 226515 (221K) [image/jpeg]
Saving to: ‘/workspace/backups/cindemirlaw.com-20260709-113003/cindemirlaw.com/wp-content/uploads/2020/06/540664430-705x318.jpg’

     0K .......... .......... .......... .......... .......... 22%  351M 0s
    50K .......... .......... .......... .......... .......... 45%  509M 0s
   100K .......... .......... .......... .......... .......... 67%  422M 0s
   150K .......... .......... .......... .......... .......... 90%  511M 0s
   200K .......... .......... .                               100%  449M=0s

2026-07-09 11:31:15 (438 MB/s) - ‘/workspace/backups/cindemirlaw.com-20260709-113003/cindemirlaw.com/wp-content/uploads/2020/06/540664430-705x318.jpg’ saved [226515/226515]

--2026-07-09 11:31:15--  https://cindemirlaw.com/wp-content/uploads/2020/06/455473935-1446x630.jpg
Reusing existing connection to cindemirlaw.com:443.
HTTP request sent, awaiting response... 200 OK
Length: 77694 (76K) [image/jpeg]
Saving to: ‘/workspace/backups/cindemirlaw.com-20260709-113003/cindemirlaw.com/wp-content/uploads/2020/06/455473935-1446x630.jpg’

     0K .......... .......... .......... .......... .......... 65%  319M 0s
    50K .......... .......... .....                           100%  438M=0s

2026-07-09 11:31:15 (352 MB/s) - ‘/workspace/backups/cindemirlaw.com-20260709-113003/cindemirlaw.com/wp-content/uploads/2020/06/455473935-1446x630.jpg’ saved [77694/77694]

--2026-07-09 11:31:16--  https://cindemirlaw.com/wp-content/uploads/2020/06/533113363.jpg
Reusing existing connection to cindemirlaw.com:443.
HTTP request sent, awaiting response... 200 OK
Length: 34414 (34K) [image/jpeg]
Saving to: ‘/workspace/backups/cindemirlaw.com-20260709-113003/cindemirlaw.com/wp-content/uploads/2020/06/533113363.jpg’

     0K .......... .......... .......... ...                  100%  382M=0s

2026-07-09 11:31:16 (382 MB/s) - ‘/workspace/backups/cindemirlaw.com-20260709-113003/cindemirlaw.com/wp-content/uploads/2020/06/533113363.jpg’ saved [34414/34414]

--2026-07-09 11:31:16--  https://cindemirlaw.com/wp-content/uploads/2020/06/533113363-300x135.jpg
Reusing existing connection to cindemirlaw.com:443.
HTTP request sent, awaiting response... 200 OK
Length: 28628 (28K) [image/jpeg]
Saving to: ‘/workspace/backups/cindemirlaw.com-20260709-113003/cindemirlaw.com/wp-content/uploads/2020/06/533113363-300x135.jpg’

     0K .......... .......... .......                         100%  441M=0s

2026-07-09 11:31:16 (441 MB/s) - ‘/workspace/backups/cindemirlaw.com-20260709-113003/cindemirlaw.com/wp-content/uploads/2020/06/533113363-300x135.jpg’ saved [28628/28628]

--2026-07-09 11:31:17--  https://cindemirlaw.com/wp-content/uploads/2020/06/533113363-768x346.jpg
Reusing existing connection to cindemirlaw.com:443.
HTTP request sent, awaiting response... 200 OK
Length: 123563 (121K) [image/jpeg]
Saving to: ‘/workspace/backups/cindemirlaw.com-20260709-113003/cindemirlaw.com/wp-content/uploads/2020/06/533113363-768x346.jpg’

     0K .......... .......... .......... .......... .......... 41%  100M 0s
    50K .......... .......... .......... .......... .......... 82%  461M 0s
   100K .......... ..........                                 100% 69.3M=0.001s

2026-07-09 11:31:17 (133 MB/s) - ‘/workspace/backups/cindemirlaw.com-20260709-113003/cindemirlaw.com/wp-content/uploads/2020/06/533113363-768x346.jpg’ saved [123563/123563]

--2026-07-09 11:31:17--  https://cindemirlaw.com/wp-content/uploads/2020/06/533113363-705x318.jpg
Reusing existing connection to cindemirlaw.com:443.
HTTP request sent, awaiting response... 200 OK
Length: 108767 (106K) [image/jpeg]
Saving to: ‘/workspace/backups/cindemirlaw.com-20260709-113003/cindemirlaw.com/wp-content/uploads/2020/06/533113363-705x318.jpg’

     0K .......... .......... .......... .......... .......... 47%  103M 0s
    50K .......... .......... .......... .......... .......... 94%  403M 0s
   100K ......                                                100%  356M=0.001s

2026-07-09 11:31:17 (169 MB/s) - ‘/workspace/backups/cindemirlaw.com-20260709-113003/cindemirlaw.com/wp-content/uploads/2020/06/533113363-705x318.jpg’ saved [108767/108767]

--2026-07-09 11:31:17--  https://cindemirlaw.com/wp-content/uploads/2020/09/Hakan_Cindemir_AttorneyatLaw1.jpg
Reusing existing connection to cindemirlaw.com:443.
HTTP request sent, awaiting response... 200 OK
Length: 10071 (9.8K) [image/jpeg]
Saving to: ‘/workspace/backups/cindemirlaw.com-20260709-113003/cindemirlaw.com/wp-content/uploads/2020/09/Hakan_Cindemir_AttorneyatLaw1.jpg’

     0K .........                                             100%  261M=0s

2026-07-09 11:31:18 (261 MB/s) - ‘/workspace/backups/cindemirlaw.com-20260709-113003/cindemirlaw.com/wp-content/uploads/2020/09/Hakan_Cindemir_AttorneyatLaw1.jpg’ saved [10071/10071]

--2026-07-09 11:31:18--  https://cindemirlaw.com/wp-content/uploads/2020/09/Gokhan_Cindemir_AttorneyAtLaw2.jpg
Reusing existing connection to cindemirlaw.com:443.
HTTP request sent, awaiting response... 200 OK
Length: 9669 (9.4K) [image/jpeg]
Saving to: ‘/workspace/backups/cindemirlaw.com-20260709-113003/cindemirlaw.com/wp-content/uploads/2020/09/Gokhan_Cindemir_AttorneyAtLaw2.jpg’

     0K .........                                             100%  266M=0s

2026-07-09 11:31:18 (266 MB/s) - ‘/workspace/backups/cindemirlaw.com-20260709-113003/cindemirlaw.com/wp-content/uploads/2020/09/Gokhan_Cindemir_AttorneyAtLaw2.jpg’ saved [9669/9669]

--2026-07-09 11:31:18--  https://cindemirlaw.com/wp-content/uploads/2020/10/brochure.pdf
Reusing existing connection to cindemirlaw.com:443.
HTTP request sent, awaiting response... 200 OK
Length: 6905127 (6.6M) [application/pdf]
Saving to: ‘/workspace/backups/cindemirlaw.com-20260709-113003/cindemirlaw.com/wp-content/uploads/2020/10/brochure.pdf’

     0K .......... .......... .......... .......... ..........  0%  101M 0s
    50K .......... .......... .......... .......... ..........  1%  126M 0s
   100K .......... .......... .......... .......... ..........  2%  402M 0s
   150K .......... .......... .......... .......... ..........  2%  619M 0s
   200K .......... .......... .......... .......... ..........  3%  379M 0s
   250K .......... .......... .......... .......... ..........  4%  572M 0s
   300K .......... .......... .......... .......... ..........  5%  618M 0s
   350K .......... .......... .......... .......... ..........  5%  503M 0s
   400K .......... .......... .......... .......... ..........  6%  410M 0s
   450K .......... .......... .......... .......... ..........  7%  535M 0s
   500K .......... .......... .......... .......... ..........  8%  623M 0s
   550K .......... .......... .......... .......... ..........  8%  596M 0s
   600K .......... .......... .......... .......... ..........  9%  493M 0s
   650K .......... .......... .......... .......... .......... 10%  450M 0s
   700K .......... .......... .......... .......... .......... 11%  521M 0s
   750K .......... .......... .......... .......... .......... 11%  627M 0s
   800K .......... .......... .......... .......... .......... 12%  685M 0s
   850K .......... .......... .......... .......... .......... 13%  542M 0s
   900K .......... .......... .......... .......... .......... 14%  630M 0s
   950K .......... .......... .......... .......... .......... 14%  561M 0s
  1000K .......... .......... .......... .......... .......... 15%  648M 0s
  1050K .......... .......... .......... .......... .......... 16%  576M 0s
  1100K .......... .......... .......... .......... .......... 17%  510M 0s
  1150K .......... .......... .......... .......... .......... 17%  606M 0s
  1200K .......... .......... .......... .......... .......... 18%  501M 0s
  1250K .......... .......... .......... .......... .......... 19%  612M 0s
  1300K .......... .......... .......... .......... .......... 20%  943K 0s
  1350K .......... .......... .......... .......... .......... 20% 97.5M 0s
  1400K .......... .......... .......... .......... .......... 21%  500M 0s
  1450K .......... .......... .......... .......... .......... 22%  481M 0s
  1500K .......... .......... .......... .......... .......... 22%  386M 0s
  1550K .......... .......... .......... .......... .......... 23%  538M 0s
  1600K .......... .......... .......... .......... .......... 24%  365M 0s
  1650K .......... .......... .......... .......... .......... 25%  495M 0s
  1700K .......... .......... .......... .......... .......... 25%  438M 0s
  1750K .......... .......... .......... .......... .......... 26%  445M 0s
  1800K .......... .......... .......... .......... .......... 27%  495M 0s
  1850K .......... .......... .......... .......... .......... 28%  425M 0s
  1900K .......... .......... .......... .......... .......... 28%  550M 0s
  1950K .......... .......... .......... .......... .......... 29%  459M 0s
  2000K .......... .......... .......... .......... .......... 30%  487M 0s
  2050K .......... .......... .......... .......... .......... 31% 47.2M 0s
  2100K .......... .......... .......... .......... .......... 31%  403M 0s
  2150K .......... .......... .......... .......... .......... 32%  504M 0s
  2200K .......... .......... .......... .......... .......... 33%  418M 0s
  2250K .......... .......... .......... .......... .......... 34%  607M 0s
  2300K .......... .......... .......... .......... .......... 34%  539M 0s
  2350K .......... .......... .......... .......... .......... 35%  477M 0s
  2400K .......... .......... .......... .......... .......... 36%  551M 0s
  2450K .......... .......... .......... .......... .......... 37%  482M 0s
  2500K .......... .......... .......... .......... .......... 37%  586M 0s
  2550K .......... .......... .......... .......... .......... 38%  515M 0s
  2600K .......... .......... .......... .......... .......... 39%  510M 0s
  2650K .......... .......... .......... .......... .......... 40%  623M 0s
  2700K .......... .......... .......... .......... .......... 40%  516M 0s
  2750K .......... .......... .......... .......... .......... 41%  579M 0s
  2800K .......... .......... .......... .......... .......... 42%  617M 0s
  2850K .......... .......... .......... .......... .......... 43%  407M 0s
  2900K .......... .......... .......... .......... .......... 43%  615M 0s
  2950K .......... .......... .......... .......... .......... 44%  580M 0s
  3000K .......... .......... .......... .......... .......... 45%  393M 0s
  3050K .......... .......... .......... .......... .......... 45%  518M 0s
  3100K .......... .......... .......... .......... .......... 46%  447M 0s
  3150K .......... .......... .......... .......... .......... 47%  669M 0s
  3200K .......... .......... .......... .......... .......... 48%  414M 0s
  3250K .......... .......... .......... .......... .......... 48%  558M 0s
  3300K .......... .......... .......... .......... .......... 49%  605M 0s
  3350K .......... .......... .......... .......... .......... 50%  444M 0s
  3400K .......... .......... .......... .......... .......... 51%  630M 0s
  3450K .......... .......... .......... .......... .......... 51%  530M 0s
  3500K .......... .......... .......... .......... .......... 52%  455M 0s
  3550K .......... .......... .......... .......... .......... 53%  581M 0s
  3600K .......... .......... .......... .......... .......... 54%  499M 0s
  3650K .......... .......... .......... .......... .......... 54%  601M 0s
  3700K .......... .......... .......... .......... .......... 55%  444M 0s
  3750K .......... .......... .......... .......... .......... 56%  519M 0s
  3800K .......... .......... .......... .......... .......... 57%  544M 0s
  3850K .......... .......... .......... .......... .......... 57%  389M 0s
  3900K .......... .......... .......... .......... .......... 58%  561M 0s
  3950K .......... .......... .......... .......... .......... 59%  423M 0s
  4000K .......... .......... .......... .......... .......... 60%  479M 0s
  4050K .......... .......... .......... .......... .......... 60%  486M 0s
  4100K .......... .......... .......... .......... .......... 61% 1015K 0s
  4150K .......... .......... .......... .......... .......... 62%  373M 0s
  4200K .......... .......... .......... .......... .......... 63%  375M 0s
  4250K .......... .......... .......... .......... .......... 63%  543M 0s
  4300K .......... .......... .......... .......... .......... 64%  486M 0s
  4350K .......... .......... .......... .......... .......... 65%  439M 0s
  4400K .......... .......... .......... .......... .......... 65%  584M 0s
  4450K .......... .......... .......... .......... .......... 66%  522M 0s
  4500K .......... .......... .......... .......... .......... 67%  381M 0s
  4550K .......... .......... .......... .......... .......... 68%  255M 0s
  4600K .......... .......... .......... .......... .......... 68%  513M 0s
  4650K .......... .......... .......... .......... .......... 69%  596M 0s
  4700K .......... .......... .......... .......... .......... 70%  465M 0s
  4750K .......... .......... .......... .......... .......... 71%  534M 0s
  4800K .......... .......... .......... .......... .......... 71%  561M 0s
  4850K .......... .......... .......... .......... .......... 72%  522M 0s
  4900K .......... .......... .......... .......... .......... 73%  457M 0s
  4950K .......... .......... .......... .......... .......... 74%  457M 0s
  5000K .......... .......... .......... .......... .......... 74%  591M 0s
  5050K .......... .......... .......... .......... .......... 75%  601M 0s
  5100K .......... .......... .......... .......... .......... 76%  486M 0s
  5150K .......... .......... .......... .......... .......... 77%  605M 0s
  5200K .......... .......... .......... .......... .......... 77%  392M 0s
  5250K .......... .......... .......... .......... .......... 78%  342M 0s
  5300K .......... .......... .......... .......... .......... 79%  578M 0s
  5350K .......... .......... .......... .......... .......... 80%  487M 0s
  5400K .......... .......... .......... .......... .......... 80%  543M 0s
  5450K .......... .......... .......... .......... .......... 81%  523M 0s
  5500K .......... .......... .......... .......... .......... 82%  500M 0s
  5550K .......... .......... .......... .......... .......... 83%  563M 0s
  5600K .......... .......... .......... .......... .......... 83%  516M 0s
  5650K .......... .......... .......... .......... .......... 84%  620M 0s
  5700K .......... .......... .......... .......... .......... 85%  457M 0s
  5750K .......... .......... .......... .......... .......... 86%  605M 0s
  5800K .......... .......... .......... .......... .......... 86%  626M 0s
  5850K .......... .......... .......... .......... .......... 87%  521M 0s
  5900K .......... .......... .......... .......... .......... 88%  575M 0s
  5950K .......... .......... .......... .......... .......... 88%  481M 0s
  6000K .......... .......... .......... .......... .......... 89%  571M 0s
  6050K .......... .......... .......... .......... .......... 90%  593M 0s
  6100K .......... .......... .......... .......... .......... 91%  516M 0s
  6150K .......... .......... .......... .......... .......... 91%  482M 0s
  6200K .......... .......... .......... .......... .......... 92%  498M 0s
  6250K .......... .......... .......... .......... .......... 93%  655M 0s
  6300K .......... .......... .......... .......... .......... 94%  669M 0s
  6350K .......... .......... .......... .......... .......... 94%  510M 0s
  6400K .......... .......... .......... .......... .......... 95%  591M 0s
  6450K .......... .......... .......... .......... .......... 96%  520M 0s
  6500K .......... .......... .......... .......... .......... 97%  580M 0s
  6550K .......... .......... .......... .......... .......... 97%  589M 0s
  6600K .......... .......... .......... .......... .......... 98%  522M 0s
  6650K .......... .......... .......... .......... .......... 99%  602M 0s
  6700K .......... .......... .......... .......... ...       100%  474M=0.1s

2026-07-09 11:31:19 (56.2 MB/s) - ‘/workspace/backups/cindemirlaw.com-20260709-113003/cindemirlaw.com/wp-content/uploads/2020/10/brochure.pdf’ saved [6905127/6905127]

--2026-07-09 11:31:19--  https://cindemirlaw.com/wp-content/uploads/2020/10/footlaw_banner.jpg
Reusing existing connection to cindemirlaw.com:443.
HTTP request sent, awaiting response... 200 OK
Length: 8294 (8.1K) [image/jpeg]
Saving to: ‘/workspace/backups/cindemirlaw.com-20260709-113003/cindemirlaw.com/wp-content/uploads/2020/10/footlaw_banner.jpg’

     0K ........                                              100%  228M=0s

2026-07-09 11:31:19 (228 MB/s) - ‘/workspace/backups/cindemirlaw.com-20260709-113003/cindemirlaw.com/wp-content/uploads/2020/10/footlaw_banner.jpg’ saved [8294/8294]

--2026-07-09 11:31:20--  https://cindemirlaw.com/wp-content/uploads/2020/10/footlaw_banner-300x123.jpg
Reusing existing connection to cindemirlaw.com:443.
HTTP request sent, awaiting response... 200 OK
Length: 9449 (9.2K) [image/jpeg]
Saving to: ‘/workspace/backups/cindemirlaw.com-20260709-113003/cindemirlaw.com/wp-content/uploads/2020/10/footlaw_banner-300x123.jpg’

     0K .........                                             100%  210M=0s

2026-07-09 11:31:20 (210 MB/s) - ‘/workspace/backups/cindemirlaw.com-20260709-113003/cindemirlaw.com/wp-content/uploads/2020/10/footlaw_banner-300x123.jpg’ saved [9449/9449]

--2026-07-09 11:31:20--  https://cindemirlaw.com/wp-content/cache/debloat/js/ee837dae86d76068cc6ddce90aefca46.js
Reusing existing connection to cindemirlaw.com:443.
HTTP request sent, awaiting response... 200 OK
Length: 19 [text/javascript]
Saving to: ‘/workspace/backups/cindemirlaw.com-20260709-113003/cindemirlaw.com/wp-content/cache/debloat/js/ee837dae86d76068cc6ddce90aefca46.js’

     0K                                                       100% 21.5M=0s

2026-07-09 11:31:20 (21.5 MB/s) - ‘/workspace/backups/cindemirlaw.com-20260709-113003/cindemirlaw.com/wp-content/cache/debloat/js/ee837dae86d76068cc6ddce90aefca46.js’ saved [19/19]

--2026-07-09 11:31:21--  https://cindemirlaw.com/wp-content/cache/debloat/js/5183165c1d4d8183f79fee8f051f43d9.js
Reusing existing connection to cindemirlaw.com:443.
HTTP request sent, awaiting response... 200 OK
Length: 326 [text/javascript]
Saving to: ‘/workspace/backups/cindemirlaw.com-20260709-113003/cindemirlaw.com/wp-content/cache/debloat/js/5183165c1d4d8183f79fee8f051f43d9.js’

     0K                                                       100%  459M=0s

2026-07-09 11:31:21 (459 MB/s) - ‘/workspace/backups/cindemirlaw.com-20260709-113003/cindemirlaw.com/wp-content/cache/debloat/js/5183165c1d4d8183f79fee8f051f43d9.js’ saved [326/326]

--2026-07-09 11:31:22--  https://cindemirlaw.com/wp-content/cache/debloat/js/164f7b07059167a8a325dbf20ed564ac.js
Reusing existing connection to cindemirlaw.com:443.
HTTP request sent, awaiting response... 200 OK
Length: 686 [text/javascript]
Saving to: ‘/workspace/backups/cindemirlaw.com-20260709-113003/cindemirlaw.com/wp-content/cache/debloat/js/164f7b07059167a8a325dbf20ed564ac.js’

     0K                                                       100%  925M=0s

2026-07-09 11:31:22 (925 MB/s) - ‘/workspace/backups/cindemirlaw.com-20260709-113003/cindemirlaw.com/wp-content/cache/debloat/js/164f7b07059167a8a325dbf20ed564ac.js’ saved [686/686]

--2026-07-09 11:31:23--  https://cindemirlaw.com/wp-content/cache/debloat/js/96d855ffd978299f822e30a3481b5138.js
Reusing existing connection to cindemirlaw.com:443.
HTTP request sent, awaiting response... 200 OK
Length: 11161 (11K) [text/javascript]
Saving to: ‘/workspace/backups/cindemirlaw.com-20260709-113003/cindemirlaw.com/wp-content/cache/debloat/js/96d855ffd978299f822e30a3481b5138.js’

     0K ..........                                            100%  289M=0s

2026-07-09 11:31:23 (289 MB/s) - ‘/workspace/backups/cindemirlaw.com-20260709-113003/cindemirlaw.com/wp-content/cache/debloat/js/96d855ffd978299f822e30a3481b5138.js’ saved [11161/11161]

--2026-07-09 11:31:23--  https://cindemirlaw.com/wp-content/cache/debloat/js/7a427311292e12e473430ac48835c670.js
Reusing existing connection to cindemirlaw.com:443.
HTTP request sent, awaiting response... 200 OK
Length: 19012 (19K) [text/javascript]
Saving to: ‘/workspace/backups/cindemirlaw.com-20260709-113003/cindemirlaw.com/wp-content/cache/debloat/js/7a427311292e12e473430ac48835c670.js’

     0K .......... ........                                   100% 44.3M=0s

2026-07-09 11:31:23 (44.3 MB/s) - ‘/workspace/backups/cindemirlaw.com-20260709-113003/cindemirlaw.com/wp-content/cache/debloat/js/7a427311292e12e473430ac48835c670.js’ saved [19012/19012]

--2026-07-09 11:31:24--  https://cindemirlaw.com/wp-content/cache/debloat/js/95adfba3db26fc11202c84ff78b12f1e.js
Reusing existing connection to cindemirlaw.com:443.
HTTP request sent, awaiting response... 200 OK
Length: 24314 (24K) [text/javascript]
Saving to: ‘/workspace/backups/cindemirlaw.com-20260709-113003/cindemirlaw.com/wp-content/cache/debloat/js/95adfba3db26fc11202c84ff78b12f1e.js’

     0K .......... .......... ...                             100%  168M=0s

2026-07-09 11:31:24 (168 MB/s) - ‘/workspace/backups/cindemirlaw.com-20260709-113003/cindemirlaw.com/wp-content/cache/debloat/js/95adfba3db26fc11202c84ff78b12f1e.js’ saved [24314/24314]

--2026-07-09 11:31:24--  https://cindemirlaw.com/wp-content/cache/debloat/js/d07215f6a56b9c2489ad44e50fdb75a4.js
Reusing existing connection to cindemirlaw.com:443.
HTTP request sent, awaiting response... 200 OK
Length: 6301 (6.2K) [text/javascript]
Saving to: ‘/workspace/backups/cindemirlaw.com-20260709-113003/cindemirlaw.com/wp-content/cache/debloat/js/d07215f6a56b9c2489ad44e50fdb75a4.js’

     0K ......                                                100% 6.14G=0s

2026-07-09 11:31:24 (6.14 GB/s) - ‘/workspace/backups/cindemirlaw.com-20260709-113003/cindemirlaw.com/wp-content/cache/debloat/js/d07215f6a56b9c2489ad44e50fdb75a4.js’ saved [6301/6301]

--2026-07-09 11:31:25--  https://cindemirlaw.com/wp-content/cache/debloat/js/a1c18ca540e7d5195f94b02cc2df8586.js
Reusing existing connection to cindemirlaw.com:443.
HTTP request sent, awaiting response... 200 OK
Length: 87478 (85K) [text/javascript]
Saving to: ‘/workspace/backups/cindemirlaw.com-20260709-113003/cindemirlaw.com/wp-content/cache/debloat/js/a1c18ca540e7d5195f94b02cc2df8586.js’

     0K .......... .......... .......... .......... .......... 58% 58.3M 0s
    50K .......... .......... .......... .....                100%  476M=0.001s

2026-07-09 11:31:25 (91.7 MB/s) - ‘/workspace/backups/cindemirlaw.com-20260709-113003/cindemirlaw.com/wp-content/cache/debloat/js/a1c18ca540e7d5195f94b02cc2df8586.js’ saved [87478/87478]

--2026-07-09 11:31:25--  https://cindemirlaw.com/wp-content/cache/debloat/js/b14cb0c3309fa3fb857e5c52dff90045.js
Reusing existing connection to cindemirlaw.com:443.
HTTP request sent, awaiting response... 200 OK
Length: 130532 (127K) [text/javascript]
Saving to: ‘/workspace/backups/cindemirlaw.com-20260709-113003/cindemirlaw.com/wp-content/cache/debloat/js/b14cb0c3309fa3fb857e5c52dff90045.js’

     0K .......... .......... .......... .......... .......... 39%  115M 0s
    50K .......... .......... .......... .......... .......... 78%  529M 0s
   100K .......... .......... .......                         100%  469M=0.001s

2026-07-09 11:31:26 (217 MB/s) - ‘/workspace/backups/cindemirlaw.com-20260709-113003/cindemirlaw.com/wp-content/cache/debloat/js/b14cb0c3309fa3fb857e5c52dff90045.js’ saved [130532/130532]

--2026-07-09 11:31:26--  https://cindemirlaw.com/feed/?lang=ru
Reusing existing connection to cindemirlaw.com:443.
HTTP request sent, awaiting response... 301 Moved Permanently
Location: https://cindemirlaw.com/?lang=ru [following]
--2026-07-09 11:31:27--  https://cindemirlaw.com/?lang=ru
Reusing existing connection to cindemirlaw.com:443.
HTTP request sent, awaiting response... 200 OK
Length: unspecified [text/html]
Saving to: ‘/workspace/backups/cindemirlaw.com-20260709-113003/cindemirlaw.com/feed/index.html?lang=ru.html’

     0K .......... .......... .......... .......... .......... 11.5M
    50K .......... .......... .......... .......... .......... 26.1M
   100K .......... .......... .......... .......... .......... 23.3M
   150K .......... .......... .......... .......... .......... 51.3M
   200K .......... .......... .......... .......... .......... 61.0M
   250K .......... .......... .......... .......... ..........  153M
   300K .......... .......... .......... .......... ..........  146M
   350K .......... .......... .......... .......... .......... 47.0M
   400K .......... .......... .......... .......... ..........  100M
   450K .......... .......... .......... .......... ..........  492M
   500K .......... .......... .......... .......... ..........  166M
   550K .......... .......... .......... .......... ..........  430M
   600K .......... .......... .......... .......... ....        283M=0.01s

2026-07-09 11:31:27 (49.2 MB/s) - ‘/workspace/backups/cindemirlaw.com-20260709-113003/cindemirlaw.com/feed/index.html?lang=ru.html’ saved [660328]

--2026-07-09 11:31:27--  https://cindemirlaw.com/about-us/?lang=ru
Reusing existing connection to cindemirlaw.com:443.
HTTP request sent, awaiting response... 200 OK
Length: unspecified [text/html]
Saving to: ‘/workspace/backups/cindemirlaw.com-20260709-113003/cindemirlaw.com/about-us/index.html?lang=ru.html’

     0K .......... .......... .......... .......... .......... 13.4M
    50K .......... .......... .......... .......... .......... 21.2M
   100K .......... .......... .......... .......... .......... 34.5M
   150K .......... .......... .......... .......... .......... 27.8M
   200K .......... .......... .......... .......... .......... 44.0M
   250K .......... .......... .......... .......... ..........  180M
   300K .......... .......... .......... .......... .......... 43.1M
   350K .......... .......... .......... .......... ..........  125M
   400K .......... .......... .......... .......... ..........  369M
   450K .......... .......... .......... .......... ..........  506M
   500K .......... .......... .......... .......... ..........  366M
   550K .......... .......... .......... .......... .......... 95.6M
   600K .......... ...                                          776M=0.01s

2026-07-09 11:31:28 (46.4 MB/s) - ‘/workspace/backups/cindemirlaw.com-20260709-113003/cindemirlaw.com/about-us/index.html?lang=ru.html’ saved [627948]

--2026-07-09 11:31:28--  https://cindemirlaw.com/articles/?lang=ru
Reusing existing connection to cindemirlaw.com:443.
HTTP request sent, awaiting response... 200 OK
Length: unspecified [text/html]
Saving to: ‘/workspace/backups/cindemirlaw.com-20260709-113003/cindemirlaw.com/articles/index.html?lang=ru.html’

     0K .......... .......... .......... .......... .......... 13.3M
    50K .......... .......... .......... .......... .......... 22.8M
   100K .......... .......... .......... .......... .......... 38.4M
   150K .......... .......... .......... .......... .......... 88.8M
   200K .......... .......... .......... .......... .......... 24.7M
   250K .......... .......... .......... .......... ..........  486M
   300K .......... .......... .......... .......... ..........  454M
   350K .......... .......... .......... .......... ..........  101M
   400K .......... .......... .......... .......... ..........  449M
   450K .......... .......... .......... .......... ..........  121M
   500K .......... .......... .......... .......... ..........  120M
   550K .......... .......... .......... .......... ..........  105M
   600K .......... .......... .......... .......... ..........  464M
   650K .......... .......... .......... .......... ..........  522M
   700K .......... .......... .......... .......... ..........  469M
   750K .......... .......... .......... .......... ..........  417M
   800K .......... .......... .......... .......... ..........  423M
   850K .......... .......... .......... .......... ..........  537M
   900K .......... .......... .......... ........              79.3M=0.01s

2026-07-09 11:31:29 (71.7 MB/s) - ‘/workspace/backups/cindemirlaw.com-20260709-113003/cindemirlaw.com/articles/index.html?lang=ru.html’ saved [960838]

--2026-07-09 11:31:30--  https://cindemirlaw.com/services/?lang=ru
Reusing existing connection to cindemirlaw.com:443.
HTTP request sent, awaiting response... 200 OK
Length: unspecified [text/html]
Saving to: ‘/workspace/backups/cindemirlaw.com-20260709-113003/cindemirlaw.com/services/index.html?lang=ru.html’

     0K .......... .......... .......... .......... .......... 13.0M
    50K .......... .......... .......... .......... .......... 18.2M
   100K .......... .......... .......... .......... .......... 36.3M
   150K .......... .......... .......... .......... .......... 46.5M
   200K .......... .......... .......... .......... ..........  551M
   250K .......... .......... .......... .......... .......... 88.1M
   300K .......... .......... .......... .......... .......... 36.9M
   350K .......... .......... .......... .......... ..........  155M
   400K .......... .......... .......... .......... ..........  515M
   450K .......... .......... .......... .......... ..........  243M
   500K .......... .......... .......... .......... ..........  349M
   550K .......... .......... .......... .......... .......... 37.1M
   600K .......... .......... .......... ..........             467M=0.01s

2026-07-09 11:31:31 (48.3 MB/s) - ‘/workspace/backups/cindemirlaw.com-20260709-113003/cindemirlaw.com/services/index.html?lang=ru.html’ saved [655955]

--2026-07-09 11:31:31--  https://cindemirlaw.com/team/?lang=ru
Reusing existing connection to cindemirlaw.com:443.
HTTP request sent, awaiting response... 200 OK
Length: unspecified [text/html]
Saving to: ‘/workspace/backups/cindemirlaw.com-20260709-113003/cindemirlaw.com/team/index.html?lang=ru.html’

     0K .......... .......... .......... .......... .......... 25.4M
    50K .......... .......... .......... .......... .......... 35.2M
   100K .......... .......... .......... .......... .......... 80.5M
   150K .......... .......... .......... .......... .......... 74.4M
   200K .......... .......... .......... .......... .......... 86.5M
   250K .......... .......... .......... .......... .......... 88.8M
   300K .......... .......... .......... .......... ..........  585M
   350K .......... .......... .......... .......... ..........  413M
   400K .......... .......... .......... .......... ..........  233M
   450K .......... .......... .......... .......... ..........  462M
   500K .......... .......... .......... .......... ..........  499M
   550K .......... .......... .......... .......... ..........  182M
   600K .......... .......... .......... ..........             524M=0.007s

2026-07-09 11:31:31 (94.1 MB/s) - ‘/workspace/backups/cindemirlaw.com-20260709-113003/cindemirlaw.com/team/index.html?lang=ru.html’ saved [656168]

--2026-07-09 11:31:32--  https://cindemirlaw.com/press/?lang=ru
Reusing existing connection to cindemirlaw.com:443.
HTTP request sent, awaiting response... 200 OK
Length: unspecified [text/html]
Saving to: ‘/workspace/backups/cindemirlaw.com-20260709-113003/cindemirlaw.com/press/index.html?lang=ru.html’

     0K .......... .......... .......... .......... .......... 14.3M
    50K .......... .......... .......... .......... .......... 26.7M
   100K .......... .......... .......... .......... .......... 25.4M
   150K .......... .......... .......... .......... .......... 24.0M
   200K .......... .......... .......... .......... .......... 28.2M
   250K .......... .......... .......... .......... .......... 89.2M
   300K .......... .......... .......... .......... ..........  535M
   350K .......... .......... .......... .......... .......... 61.6M
   400K .......... .......... .......... .......... .......... 85.6M
   450K .......... .......... .......... .......... .......... 81.3M
   500K .......... .......... .......... .......... .......... 93.8M
   550K .......... .......... .......... .......... ..........  364M
   600K .......... ....                                         635M=0.01s

2026-07-09 11:31:33 (42.2 MB/s) - ‘/workspace/backups/cindemirlaw.com-20260709-113003/cindemirlaw.com/press/index.html?lang=ru.html’ saved [629709]

--2026-07-09 11:31:33--  https://cindemirlaw.com/contacts/?lang=ru
Reusing existing connection to cindemirlaw.com:443.
HTTP request sent, awaiting response... 200 OK
Length: unspecified [text/html]
Saving to: ‘/workspace/backups/cindemirlaw.com-20260709-113003/cindemirlaw.com/contacts/index.html?lang=ru.html’

     0K .......... .......... .......... .......... .......... 11.8M
    50K .......... .......... .......... .......... .......... 23.3M
   100K .......... .......... .......... .......... .......... 37.5M
   150K .......... .......... .......... .......... .......... 50.2M
   200K .......... .......... .......... .......... .......... 29.6M
   250K .......... .......... .......... .......... ..........  466M
   300K .......... .......... .......... .......... ..........  165M
   350K .......... .......... .......... .......... ..........  132M
   400K .......... .......... .......... .......... ..........  146M
   450K .......... .......... .......... .......... .......... 56.3M
   500K .......... .......... .......... .......... ..........  114M
   550K .......... .......... .......... .......... ..........  305M
   600K .......... .                                           2.31M=0.02s

2026-07-09 11:31:33 (34.0 MB/s) - ‘/workspace/backups/cindemirlaw.com-20260709-113003/cindemirlaw.com/contacts/index.html?lang=ru.html’ saved [626163]

--2026-07-09 11:31:34--  https://cindemirlaw.com/%d1%80%d0%b5%d0%bf%d0%b0%d1%82%d1%80%d0%b8%d0%b0%d1%86%d0%b8%d1%8f-%d0%b0%d0%ba%d1%82%d0%b8%d0%b2%d0%be%d0%b2-%d0%b2-%d1%82%d1%83%d1%80%d1%86%d0%b8%d1%8e-%d0%b2-2026-%d0%b3%d0%be%d0%b4%d1%83-%d0%bf/?lang=ru
Reusing existing connection to cindemirlaw.com:443.
HTTP request sent, awaiting response... 200 OK
Length: unspecified [text/html]
Saving to: ‘/workspace/backups/cindemirlaw.com-20260709-113003/cindemirlaw.com/репатриация-активов-в-турцию-в-2026-году-п/index.html?lang=ru.html’

     0K .......... .......... .......... .......... .......... 15.1M
    50K .......... .......... .......... .......... .......... 18.0M
   100K .......... .......... .......... .......... .......... 33.3M
   150K .......... .......... .......... .......... .......... 23.2M
   200K .......... .......... .......... .......... ..........  137M
   250K .......... .......... .......... .......... .......... 34.7M
   300K .......... .......... .......... .......... .......... 96.2M
   350K .......... .......... .......... .......... ..........  156M
   400K .......... .......... .......... .......... ..........  247M
   450K .......... .......... .......... .......... .......... 45.2M
   500K .......... .......... .......... .......... ..........  501M
   550K .......... .......... .......... .......... ..........  262M
   600K .......... .......... .......... .......... .......... 92.9M
   650K .......... .......... .......... ...                    480M=0.01s

2026-07-09 11:31:35 (46.8 MB/s) - ‘/workspace/backups/cindemirlaw.com-20260709-113003/cindemirlaw.com/репатриация-активов-в-турцию-в-2026-году-п/index.html?lang=ru.html’ saved [699816]

--2026-07-09 11:31:35--  https://cindemirlaw.com/eu-ai-act-prohibited-practices-and-compliance-obligations/
Reusing existing connection to cindemirlaw.com:443.
HTTP request sent, awaiting response... 200 OK
Length: unspecified [text/html]
Saving to: ‘/workspace/backups/cindemirlaw.com-20260709-113003/cindemirlaw.com/eu-ai-act-prohibited-practices-and-compliance-obligations/index.html’

     0K .......... .......... .......... .......... .......... 15.8M
    50K .......... .......... .......... .......... .......... 19.0M
   100K .......... .......... .......... .......... .......... 34.2M
   150K .......... .......... .......... .......... .......... 22.5M
   200K .......... .......... .......... .......... ..........  170M
   250K .......... .......... .......... .......... .......... 24.7M
   300K .......... .......... .......... .......... .......... 26.3M
   350K .......... .......... .......... .......... ..........  136M
   400K .......... .......... .......... .......... ..........  149M
   450K .......... .......... .......... .......... .......... 28.2M
   500K .......... .......... .......... .......... ..........  279M
   550K .......... .......... .......... .......... ..........  436M
   600K .......... .......... ...                               559M=0.02s

2026-07-09 11:31:36 (37.7 MB/s) - ‘/workspace/backups/cindemirlaw.com-20260709-113003/cindemirlaw.com/eu-ai-act-prohibited-practices-and-compliance-obligations/index.html’ saved [638254]

--2026-07-09 11:31:36--  https://cindemirlaw.com/nominee-directory-services-in-turkey/
Reusing existing connection to cindemirlaw.com:443.
HTTP request sent, awaiting response... 200 OK
Length: unspecified [text/html]
Saving to: ‘/workspace/backups/cindemirlaw.com-20260709-113003/cindemirlaw.com/nominee-directory-services-in-turkey/index.html’

     0K .......... .......... .......... .......... .......... 13.4M
    50K .......... .......... .......... .......... .......... 26.5M
   100K .......... .......... .......... .......... .......... 28.0M
   150K .......... .......... .......... .......... .......... 56.9M
   200K .......... .......... .......... .......... ..........  181M
   250K .......... .......... .......... .......... .......... 44.0M
   300K .......... .......... .......... .......... ..........  163M
   350K .......... .......... .......... .......... ..........  179M
   400K .......... .......... .......... .......... ..........  121M
   450K .......... .......... .......... .......... ..........  384M
   500K .......... .......... .......... .......... ..........  200M
   550K .......... .......... .......... .......... .......... 43.3M
   600K .......... .......... ......                            507M=0.01s

2026-07-09 11:31:37 (51.0 MB/s) - ‘/workspace/backups/cindemirlaw.com-20260709-113003/cindemirlaw.com/nominee-directory-services-in-turkey/index.html’ saved [641718]

--2026-07-09 11:31:37--  https://cindemirlaw.com/interim-injunctions-in-turkish-law/
Reusing existing connection to cindemirlaw.com:443.
HTTP request sent, awaiting response... 200 OK
Length: unspecified [text/html]
Saving to: ‘/workspace/backups/cindemirlaw.com-20260709-113003/cindemirlaw.com/interim-injunctions-in-turkish-law/index.html’

     0K .......... .......... .......... .......... .......... 13.0M
    50K .......... .......... .......... .......... .......... 32.6M
   100K .......... .......... .......... .......... ..........  316M
   150K .......... .......... .......... .......... .......... 18.6M
   200K .......... .......... .......... .......... ..........  497M
   250K .......... .......... .......... .......... ..........  114M
   300K .......... .......... .......... .......... .......... 63.1M
   350K .......... .......... .......... .......... ..........  255M
   400K .......... .......... .......... .......... ..........  343M
   450K .......... .......... .......... .......... ..........  322M
   500K .......... .......... .......... .......... ..........  358M
   550K .......... .......... .......... .......... .......... 1.68M
   600K .......... .......... .......... .....                  311M=0.04s

2026-07-09 11:31:38 (15.9 MB/s) - ‘/workspace/backups/cindemirlaw.com-20260709-113003/cindemirlaw.com/interim-injunctions-in-turkish-law/index.html’ saved [650399]

--2026-07-09 11:31:38--  https://cindemirlaw.com/p91/
Connecting to cindemirlaw.com (cindemirlaw.com)|162.241.252.122|:443... connected.
HTTP request sent, awaiting response... 200 OK
Length: unspecified [text/html]
Saving to: ‘/workspace/backups/cindemirlaw.com-20260709-113003/cindemirlaw.com/p91/index.html’

     0K .......... .......... .......... .......... ..........  445K
    50K .......... .......... .......... .......... ..........  901K
   100K .......... .......... .......... .......... .......... 64.7M
   150K .......... .......... .......... .......... ..........  906K
   200K .......... .......... .......... .......... .......... 72.1M
   250K .......... .......... .......... .......... ..........  522M
   300K .......... .......... .......... .......... .......... 40.6M
   350K .......... .......... .......... .......... ..........  921K
   400K .......... .......... .......... .......... ..........  516M
   450K .......... .......... .......... .......... ..........  341M
   500K .......... .......... .......... .......... .......... 86.5M
   550K .......... .......... .......... .......... ..........  403M
   600K .......... .......... .......... .......... ......      448M=0.3s

2026-07-09 11:31:39 (2.25 MB/s) - ‘/workspace/backups/cindemirlaw.com-20260709-113003/cindemirlaw.com/p91/index.html’ saved [662116]

--2026-07-09 11:31:39--  https://cindemirlaw.com/wp-content/uploads/2023/11/efendi-300x300.jpg
Reusing existing connection to cindemirlaw.com:443.
HTTP request sent, awaiting response... 200 OK
Length: 54427 (53K) [image/jpeg]
Saving to: ‘/workspace/backups/cindemirlaw.com-20260709-113003/cindemirlaw.com/wp-content/uploads/2023/11/efendi-300x300.jpg’

     0K .......... .......... .......... .......... .......... 94%  366M 0s
    50K ...                                                   100% 5.87T=0s

2026-07-09 11:31:40 (389 MB/s) - ‘/workspace/backups/cindemirlaw.com-20260709-113003/cindemirlaw.com/wp-content/uploads/2023/11/efendi-300x300.jpg’ saved [54427/54427]

--2026-07-09 11:31:40--  https://cindemirlaw.com/wp-content/uploads/2023/11/efendi-80x80.jpg
Reusing existing connection to cindemirlaw.com:443.
HTTP request sent, awaiting response... 200 OK
Length: 6316 (6.2K) [image/jpeg]
Saving to: ‘/workspace/backups/cindemirlaw.com-20260709-113003/cindemirlaw.com/wp-content/uploads/2023/11/efendi-80x80.jpg’

     0K ......                                                100% 6.62G=0s

2026-07-09 11:31:40 (6.62 GB/s) - ‘/workspace/backups/cindemirlaw.com-20260709-113003/cindemirlaw.com/wp-content/uploads/2023/11/efendi-80x80.jpg’ saved [6316/6316]

--2026-07-09 11:31:40--  https://cindemirlaw.com/wp-content/uploads/2023/11/efendi-768x768.jpg
Reusing existing connection to cindemirlaw.com:443.
HTTP request sent, awaiting response... 200 OK
Length: 275249 (269K) [image/jpeg]
Saving to: ‘/workspace/backups/cindemirlaw.com-20260709-113003/cindemirlaw.com/wp-content/uploads/2023/11/efendi-768x768.jpg’

     0K .......... .......... .......... .......... .......... 18%  102M 0s
    50K .......... .......... .......... .......... .......... 37%  155M 0s
   100K .......... .......... .......... .......... .......... 55%  351M 0s
   150K .......... .......... .......... .......... .......... 74%  493M 0s
   200K .......... .......... .......... .......... .......... 93%  451M 0s
   250K .......... ........                                   100%  544M=0.001s

2026-07-09 11:31:40 (224 MB/s) - ‘/workspace/backups/cindemirlaw.com-20260709-113003/cindemirlaw.com/wp-content/uploads/2023/11/efendi-768x768.jpg’ saved [275249/275249]

--2026-07-09 11:31:41--  https://cindemirlaw.com/wp-content/uploads/2023/11/efendi-36x36.jpg
Reusing existing connection to cindemirlaw.com:443.
HTTP request sent, awaiting response... 200 OK
Length: 2028 (2.0K) [image/jpeg]
Saving to: ‘/workspace/backups/cindemirlaw.com-20260709-113003/cindemirlaw.com/wp-content/uploads/2023/11/efendi-36x36.jpg’

     0K .                                                     100% 2.06G=0s

2026-07-09 11:31:41 (2.06 GB/s) - ‘/workspace/backups/cindemirlaw.com-20260709-113003/cindemirlaw.com/wp-content/uploads/2023/11/efendi-36x36.jpg’ saved [2028/2028]

--2026-07-09 11:31:41--  https://cindemirlaw.com/wp-content/uploads/2023/11/efendi-180x180.jpg
Reusing existing connection to cindemirlaw.com:443.
HTTP request sent, awaiting response... 200 OK
Length: 23898 (23K) [image/jpeg]
Saving to: ‘/workspace/backups/cindemirlaw.com-20260709-113003/cindemirlaw.com/wp-content/uploads/2023/11/efendi-180x180.jpg’

     0K .......... .......... ...                             100%  185M=0s

2026-07-09 11:31:41 (185 MB/s) - ‘/workspace/backups/cindemirlaw.com-20260709-113003/cindemirlaw.com/wp-content/uploads/2023/11/efendi-180x180.jpg’ saved [23898/23898]

--2026-07-09 11:31:42--  https://cindemirlaw.com/wp-content/uploads/2023/11/efendi-705x705.jpg
Reusing existing connection to cindemirlaw.com:443.
HTTP request sent, awaiting response... 200 OK
Length: 245679 (240K) [image/jpeg]
Saving to: ‘/workspace/backups/cindemirlaw.com-20260709-113003/cindemirlaw.com/wp-content/uploads/2023/11/efendi-705x705.jpg’

     0K .......... .......... .......... .......... .......... 20%  103M 0s
    50K .......... .......... .......... .......... .......... 41% 83.3M 0s
   100K .......... .......... .......... .......... .......... 62%  356M 0s
   150K .......... .......... .......... .......... .......... 83%  517M 0s
   200K .......... .......... .......... .........            100%  552M=0.001s

2026-07-09 11:31:42 (172 MB/s) - ‘/workspace/backups/cindemirlaw.com-20260709-113003/cindemirlaw.com/wp-content/uploads/2023/11/efendi-705x705.jpg’ saved [245679/245679]

--2026-07-09 11:31:42--  https://cindemirlaw.com/wp-content/uploads/2023/11/efendi.jpg
Reusing existing connection to cindemirlaw.com:443.
HTTP request sent, awaiting response... 200 OK
Length: 65872 (64K) [image/jpeg]
Saving to: ‘/workspace/backups/cindemirlaw.com-20260709-113003/cindemirlaw.com/wp-content/uploads/2023/11/efendi.jpg’

     0K .......... .......... .......... .......... .......... 77%  423M 0s
    50K .......... ....                                       100%  379M=0s

2026-07-09 11:31:42 (412 MB/s) - ‘/workspace/backups/cindemirlaw.com-20260709-113003/cindemirlaw.com/wp-content/uploads/2023/11/efendi.jpg’ saved [65872/65872]

--2026-07-09 11:31:43--  https://cindemirlaw.com/online-appointment-booking/
Reusing existing connection to cindemirlaw.com:443.
HTTP request sent, awaiting response... 200 OK
Length: unspecified [text/html]
Saving to: ‘/workspace/backups/cindemirlaw.com-20260709-113003/cindemirlaw.com/online-appointment-booking/index.html’

     0K .......... .......... .......... .......... .......... 25.0M
    50K .......... .......... .......... .......... .......... 35.9M
   100K .......... .......... .......... .......... .......... 53.7M
   150K .......... .......... .......... .......... ..........  388M
   200K .......... .......... .......... .......... ..........  507M
   250K .......... .......... .......... .......... .......... 59.7M
   300K .......... .......... .......... .......... .......... 81.5M
   350K .......... .......... .......... .......... ..........  468M
   400K .......... .......... .......... .......... ..........  193M
   450K .......... .......... .......... .......... ..........  388M
   500K .......... .......... .......... .......... ..........  151M
   550K .......... .......... .......... .......... .......... 59.2M
   600K .......                                                14.0T=0.007s

2026-07-09 11:31:43 (79.2 MB/s) - ‘/workspace/backups/cindemirlaw.com-20260709-113003/cindemirlaw.com/online-appointment-booking/index.html’ saved [622080]

--2026-07-09 11:31:44--  https://cindemirlaw.com/inheritance-rights-for-divorced-spouses/
Reusing existing connection to cindemirlaw.com:443.
HTTP request sent, awaiting response... 200 OK
Length: unspecified [text/html]
Saving to: ‘/workspace/backups/cindemirlaw.com-20260709-113003/cindemirlaw.com/inheritance-rights-for-divorced-spouses/index.html’

     0K .......... .......... .......... .......... .......... 13.4M
    50K .......... .......... .......... .......... .......... 33.1M
   100K .......... .......... .......... .......... .......... 21.9M
   150K .......... .......... .......... .......... .......... 27.0M
   200K .......... .......... .......... .......... .......... 27.7M
   250K .......... .......... .......... .......... ..........  103M
   300K .......... .......... .......... .......... ..........  163M
   350K .......... .......... .......... .......... .......... 65.0M
   400K .......... .......... .......... .......... .......... 66.1M
   450K .......... .......... .......... .......... ..........  256M
   500K .......... .......... .......... .......... ..........  146M
   550K .......... .......... .......... .......... ..........  439M
   600K .......... .......... .......... .                      348M=0.01s

2026-07-09 11:31:45 (44.3 MB/s) - ‘/workspace/backups/cindemirlaw.com-20260709-113003/cindemirlaw.com/inheritance-rights-for-divorced-spouses/index.html’ saved [647095]

--2026-07-09 11:31:45--  https://cindemirlaw.com/wp-content/uploads/2023/11/2e20a321-6694-44e0-ae3e-8a1a551ccdbb-300x171.webp
Reusing existing connection to cindemirlaw.com:443.
HTTP request sent, awaiting response... 200 OK
Length: 10466 (10K) [image/webp]
Saving to: ‘/workspace/backups/cindemirlaw.com-20260709-113003/cindemirlaw.com/wp-content/uploads/2023/11/2e20a321-6694-44e0-ae3e-8a1a551ccdbb-300x171.webp’

     0K ..........                                            100%  173M=0s

2026-07-09 11:31:45 (173 MB/s) - ‘/workspace/backups/cindemirlaw.com-20260709-113003/cindemirlaw.com/wp-content/uploads/2023/11/2e20a321-6694-44e0-ae3e-8a1a551ccdbb-300x171.webp’ saved [10466/10466]

--2026-07-09 11:31:46--  https://cindemirlaw.com/wp-content/uploads/2023/11/2e20a321-6694-44e0-ae3e-8a1a551ccdbb-1030x589.webp
Reusing existing connection to cindemirlaw.com:443.
HTTP request sent, awaiting response... 200 OK
Length: 86668 (85K) [image/webp]
Saving to: ‘/workspace/backups/cindemirlaw.com-20260709-113003/cindemirlaw.com/wp-content/uploads/2023/11/2e20a321-6694-44e0-ae3e-8a1a551ccdbb-1030x589.webp’

     0K .......... .......... .......... .......... .......... 59% 27.9M 0s
    50K .......... .......... .......... ....                 100% 31.1M=0.003s

2026-07-09 11:31:46 (29.1 MB/s) - ‘/workspace/backups/cindemirlaw.com-20260709-113003/cindemirlaw.com/wp-content/uploads/2023/11/2e20a321-6694-44e0-ae3e-8a1a551ccdbb-1030x589.webp’ saved [86668/86668]

--2026-07-09 11:31:47--  https://cindemirlaw.com/wp-content/uploads/2023/11/2e20a321-6694-44e0-ae3e-8a1a551ccdbb-768x439.webp
Reusing existing connection to cindemirlaw.com:443.
HTTP request sent, awaiting response... 200 OK
Length: 50872 (50K) [image/webp]
Saving to: ‘/workspace/backups/cindemirlaw.com-20260709-113003/cindemirlaw.com/wp-content/uploads/2023/11/2e20a321-6694-44e0-ae3e-8a1a551ccdbb-768x439.webp’

     0K .......... .......... .......... .......... ......... 100% 14.5M=0.003s

2026-07-09 11:31:47 (14.5 MB/s) - ‘/workspace/backups/cindemirlaw.com-20260709-113003/cindemirlaw.com/wp-content/uploads/2023/11/2e20a321-6694-44e0-ae3e-8a1a551ccdbb-768x439.webp’ saved [50872/50872]

--2026-07-09 11:31:47--  https://cindemirlaw.com/wp-content/uploads/2023/11/2e20a321-6694-44e0-ae3e-8a1a551ccdbb-1536x878.webp
Reusing existing connection to cindemirlaw.com:443.
HTTP request sent, awaiting response... 200 OK
Length: 180778 (177K) [image/webp]
Saving to: ‘/workspace/backups/cindemirlaw.com-20260709-113003/cindemirlaw.com/wp-content/uploads/2023/11/2e20a321-6694-44e0-ae3e-8a1a551ccdbb-1536x878.webp’

     0K .......... .......... .......... .......... .......... 28% 12.5M 0s
    50K .......... .......... .......... .......... .......... 56% 19.3M 0s
   100K .......... .......... .......... .......... .......... 84% 26.9M 0s
   150K .......... .......... ......                          100% 41.0M=0.009s

2026-07-09 11:31:47 (19.4 MB/s) - ‘/workspace/backups/cindemirlaw.com-20260709-113003/cindemirlaw.com/wp-content/uploads/2023/11/2e20a321-6694-44e0-ae3e-8a1a551ccdbb-1536x878.webp’ saved [180778/180778]

--2026-07-09 11:31:48--  https://cindemirlaw.com/wp-content/uploads/2023/11/2e20a321-6694-44e0-ae3e-8a1a551ccdbb-1500x857.webp
Reusing existing connection to cindemirlaw.com:443.
HTTP request sent, awaiting response... 200 OK
Length: 172402 (168K) [image/webp]
Saving to: ‘/workspace/backups/cindemirlaw.com-20260709-113003/cindemirlaw.com/wp-content/uploads/2023/11/2e20a321-6694-44e0-ae3e-8a1a551ccdbb-1500x857.webp’

     0K .......... .......... .......... .......... .......... 29% 29.8M 0s
    50K .......... .......... .......... .......... .......... 59% 77.3M 0s
   100K .......... .......... .......... .......... .......... 89% 20.5M 0s
   150K .......... ........                                   100% 13.9M=0.006s

2026-07-09 11:31:48 (27.7 MB/s) - ‘/workspace/backups/cindemirlaw.com-20260709-113003/cindemirlaw.com/wp-content/uploads/2023/11/2e20a321-6694-44e0-ae3e-8a1a551ccdbb-1500x857.webp’ saved [172402/172402]

--2026-07-09 11:31:48--  https://cindemirlaw.com/wp-content/uploads/2023/11/2e20a321-6694-44e0-ae3e-8a1a551ccdbb-705x403.webp
Reusing existing connection to cindemirlaw.com:443.
HTTP request sent, awaiting response... 200 OK
Length: 43790 (43K) [image/webp]
Saving to: ‘/workspace/backups/cindemirlaw.com-20260709-113003/cindemirlaw.com/wp-content/uploads/2023/11/2e20a321-6694-44e0-ae3e-8a1a551ccdbb-705x403.webp’

     0K .......... .......... .......... .......... ..        100% 20.6M=0.002s

2026-07-09 11:31:48 (20.6 MB/s) - ‘/workspace/backups/cindemirlaw.com-20260709-113003/cindemirlaw.com/wp-content/uploads/2023/11/2e20a321-6694-44e0-ae3e-8a1a551ccdbb-705x403.webp’ saved [43790/43790]

--2026-07-09 11:31:49--  https://cindemirlaw.com/wp-content/uploads/2023/11/2e20a321-6694-44e0-ae3e-8a1a551ccdbb.webp
Reusing existing connection to cindemirlaw.com:443.
HTTP request sent, awaiting response... 200 OK
Length: 311590 (304K) [image/webp]
Saving to: ‘/workspace/backups/cindemirlaw.com-20260709-113003/cindemirlaw.com/wp-content/uploads/2023/11/2e20a321-6694-44e0-ae3e-8a1a551ccdbb.webp’

     0K .......... .......... .......... .......... .......... 16% 12.0M 0s
    50K .......... .......... .......... .......... .......... 32% 25.6M 0s
   100K .......... .......... .......... .......... .......... 49% 25.1M 0s
   150K .......... .......... .......... .......... .......... 65% 85.8M 0s
   200K .......... .......... .......... .......... .......... 82% 40.9M 0s
   250K .......... .......... .......... .......... .......... 98% 70.2M 0s
   300K ....                                                  100%  168M=0.01s

2026-07-09 11:31:49 (28.6 MB/s) - ‘/workspace/backups/cindemirlaw.com-20260709-113003/cindemirlaw.com/wp-content/uploads/2023/11/2e20a321-6694-44e0-ae3e-8a1a551ccdbb.webp’ saved [311590/311590]

--2026-07-09 11:31:50--  https://cindemirlaw.com/foreigners-and-international-protection-in-turkey/
Reusing existing connection to cindemirlaw.com:443.
HTTP request sent, awaiting response... 200 OK
Length: unspecified [text/html]
Saving to: ‘/workspace/backups/cindemirlaw.com-20260709-113003/cindemirlaw.com/foreigners-and-international-protection-in-turkey/index.html’

     0K .......... .......... .......... .......... .......... 13.4M
    50K .......... .......... .......... .......... .......... 23.9M
   100K .......... .......... .......... .......... .......... 28.9M
   150K .......... .......... .......... .......... .......... 49.3M
   200K .......... .......... .......... .......... .......... 31.0M
   250K .......... .......... .......... .......... ..........  350M
   300K .......... .......... .......... .......... ..........  173M
   350K .......... .......... .......... .......... .......... 46.5M
   400K .......... .......... .......... .......... .......... 22.2M
   450K .......... .......... .......... .......... ..........  448M
   500K .......... .......... .......... .......... ..........  463M
   550K .......... .......... .......... .......... ..........  374M
   600K .......... .......... .......... ....                  50.1M=0.01s

2026-07-09 11:31:50 (42.3 MB/s) - ‘/workspace/backups/cindemirlaw.com-20260709-113003/cindemirlaw.com/foreigners-and-international-protection-in-turkey/index.html’ saved [650161]

--2026-07-09 11:31:51--  https://cindemirlaw.com/wp-content/cache/wp-includes/js/mediaelement/mejs-controls.svg
Reusing existing connection to cindemirlaw.com:443.
HTTP request sent, awaiting response... 404 Not Found
2026-07-09 11:31:51 ERROR 404: Not Found.

--2026-07-09 11:31:51--  https://cindemirlaw.com/cisg-%d0%b2-%d1%82%d1%83%d1%80%d1%86%d0%b8%d0%b8-%d0%bc%d0%b5%d0%b6%d0%b4%d1%83%d0%bd%d0%b0%d1%80%d0%be%d0%b4%d0%bd%d0%b0%d1%8f-%d0%ba%d1%83%d0%bf%d0%bb%d1%8f-%d0%bf%d1%80%d0%be%d0%b4%d0%b0%d0%b6/
Reusing existing connection to cindemirlaw.com:443.
HTTP request sent, awaiting response... 200 OK
Length: unspecified [text/html]
Saving to: ‘/workspace/backups/cindemirlaw.com-20260709-113003/cindemirlaw.com/cisg-в-турции-международная-купля-продаж/index.html’

     0K .......... .......... .......... .......... .......... 31.2M
    50K .......... .......... .......... .......... .......... 58.1M
   100K .......... .......... .......... .......... .......... 57.6M
   150K .......... .......... .......... .......... .......... 47.0M
   200K .......... .......... .......... .......... .......... 87.8M
   250K .......... .......... .......... .......... ..........  110M
   300K .......... .......... .......... .......... .......... 63.4M
   350K .......... .......... .......... .......... ..........  361M
   400K .......... .......... .......... .......... ..........  531M
   450K .......... .......... .......... .......... ..........  404M
   500K .......... .......... .......... .......... ..........  521M
   550K .......... .......... .......... .......... ..........  182M
   600K .......... .......... .......... .......... ..........  120M
   650K .......... .......... .....                            18.1M=0.009s

2026-07-09 11:31:51 (77.2 MB/s) - ‘/workspace/backups/cindemirlaw.com-20260709-113003/cindemirlaw.com/cisg-в-турции-международная-купля-продаж/index.html’ saved [691481]

--2026-07-09 11:31:52--  https://cindemirlaw.com/author/admin/
Reusing existing connection to cindemirlaw.com:443.
HTTP request sent, awaiting response... 301 Moved Permanently
Location: https://cindemirlaw.com [following]
--2026-07-09 11:31:53--  https://cindemirlaw.com/
Reusing existing connection to cindemirlaw.com:443.
HTTP request sent, awaiting response... 200 OK
Length: unspecified [text/html]
Saving to: ‘/workspace/backups/cindemirlaw.com-20260709-113003/cindemirlaw.com/author/admin/index.html’

     0K .......... .......... .......... .......... .......... 12.6M
    50K .......... .......... .......... .......... .......... 31.1M
   100K .......... .......... .......... .......... .......... 18.7M
   150K .......... .......... .......... .......... .......... 89.9M
   200K .......... .......... .......... .......... .......... 25.7M
   250K .......... .......... .......... .......... ..........  126M
   300K .......... .......... .......... .......... ..........  257M
   350K .......... .......... .......... .......... ..........  410M
   400K .......... .......... .......... .......... .......... 33.0M
   450K .......... .......... .......... .......... ..........  198M
   500K .......... .......... .......... .......... ..........  461M
   550K .......... .......... .......... .......... ..........  465M
   600K .......... .......... .......... .......... .....       213M=0.01s

2026-07-09 11:31:53 (47.2 MB/s) - ‘/workspace/backups/cindemirlaw.com-20260709-113003/cindemirlaw.com/author/admin/index.html’ saved [660609]

--2026-07-09 11:31:53--  https://cindemirlaw.com/cisg-in-turkey-international-sale-of-goods-disputes-and-legal-framework/
Reusing existing connection to cindemirlaw.com:443.
HTTP request sent, awaiting response... 200 OK
Length: unspecified [text/html]
Saving to: ‘/workspace/backups/cindemirlaw.com-20260709-113003/cindemirlaw.com/cisg-in-turkey-international-sale-of-goods-disputes-and-legal-framework/index.html’

     0K .......... .......... .......... .......... .......... 13.7M
    50K .......... .......... .......... .......... .......... 21.2M
   100K .......... .......... .......... .......... .......... 27.0M
   150K .......... .......... .......... .......... .......... 26.0M
   200K .......... .......... .......... .......... .......... 27.6M
   250K .......... .......... .......... .......... .......... 21.5M
   300K .......... .......... .......... .......... .......... 18.9M
   350K .......... .......... .......... .......... .......... 23.7M
   400K .......... .......... .......... .......... .......... 30.1M
   450K .......... .......... .......... .......... .......... 83.4M
   500K .......... .......... .......... .......... .......... 38.3M
   550K .......... .......... .......... .......... .......... 97.5M
   600K .......... .......... .......... ......                 530M=0.02s

2026-07-09 11:31:54 (27.9 MB/s) - ‘/workspace/backups/cindemirlaw.com-20260709-113003/cindemirlaw.com/cisg-in-turkey-international-sale-of-goods-disputes-and-legal-framework/index.html’ saved [651336]

--2026-07-09 11:31:54--  https://cindemirlaw.com/international-apostille-services-in-turkey/
Reusing existing connection to cindemirlaw.com:443.
HTTP request sent, awaiting response... 200 OK
Length: unspecified [text/html]
Saving to: ‘/workspace/backups/cindemirlaw.com-20260709-113003/cindemirlaw.com/international-apostille-services-in-turkey/index.html’

     0K .......... .......... .......... .......... .......... 12.5M
    50K .......... .......... .......... .......... .......... 24.2M
   100K .......... .......... .......... .......... .......... 23.5M
   150K .......... .......... .......... .......... .......... 48.4M
   200K .......... .......... .......... .......... ..........  159M
   250K .......... .......... .......... .......... .......... 96.7M
   300K .......... .......... .......... .......... .......... 45.2M
   350K .......... .......... .......... .......... ..........  178M
   400K .......... .......... .......... .......... ..........  125M
   450K .......... .......... .......... .......... ..........  496M
   500K .......... .......... .......... .......... .......... 84.4M
   550K .......... .......... .......... .......... .......... 65.4M
   600K .......... .......... .......... ......                 536M=0.01s

2026-07-09 11:31:55 (47.6 MB/s) - ‘/workspace/backups/cindemirlaw.com-20260709-113003/cindemirlaw.com/international-apostille-services-in-turkey/index.html’ saved [651356]

--2026-07-09 11:31:55--  https://cindemirlaw.com/ottoman-title-deeds-in-turkiye-inheritance-registration-and-land-search/
Reusing existing connection to cindemirlaw.com:443.
HTTP request sent, awaiting response... 200 OK
Length: unspecified [text/html]
Saving to: ‘/workspace/backups/cindemirlaw.com-20260709-113003/cindemirlaw.com/ottoman-title-deeds-in-turkiye-inheritance-registration-and-land-search/index.html’

     0K .......... .......... .......... .......... .......... 13.5M
    50K .......... .......... .......... .......... .......... 22.7M
   100K .......... .......... .......... .......... .......... 23.4M
   150K .......... .......... .......... .......... ..........  158M
   200K .......... .......... .......... .......... .......... 38.5M
   250K .......... .......... .......... .......... ..........  125M
   300K .......... .......... .......... .......... ..........  474M
   350K .......... .......... .......... .......... .......... 37.9M
   400K .......... .......... .......... .......... ..........  304M
   450K .......... .......... .......... .......... ..........  438M
   500K .......... .......... .......... .......... ..........  233M
   550K .......... .......... .......... .......... .......... 93.2M
   600K .......... .......... .........                         561M=0.01s

2026-07-09 11:31:55 (50.1 MB/s) - ‘/workspace/backups/cindemirlaw.com-20260709-113003/cindemirlaw.com/ottoman-title-deeds-in-turkiye-inheritance-registration-and-land-search/index.html’ saved [645080]

--2026-07-09 11:31:56--  https://cindemirlaw.com/crypto-market-manipulation-and-its-legal-implications-under-turkish-law/
Reusing existing connection to cindemirlaw.com:443.
HTTP request sent, awaiting response... 200 OK
Length: unspecified [text/html]
Saving to: ‘/workspace/backups/cindemirlaw.com-20260709-113003/cindemirlaw.com/crypto-market-manipulation-and-its-legal-implications-under-turkish-law/index.html’

     0K .......... .......... .......... .......... .......... 12.2M
    50K .......... .......... .......... .......... .......... 17.3M
   100K .......... .......... .......... .......... .......... 34.1M
   150K .......... .......... .......... .......... .......... 55.2M
   200K .......... .......... .......... .......... .......... 34.8M
   250K .......... .......... .......... .......... .......... 49.5M
   300K .......... .......... .......... .......... ..........  491M
   350K .......... .......... .......... .......... ..........  333M
   400K .......... .......... .......... .......... ..........  429M
   450K .......... .......... .......... .......... .......... 48.6M
   500K .......... .......... .......... .......... ..........  123M
   550K .......... .......... .......... .......... ..........  128M
   600K .......... .......... .......... .......... .....       128M=0.01s

2026-07-09 11:31:56 (44.9 MB/s) - ‘/workspace/backups/cindemirlaw.com-20260709-113003/cindemirlaw.com/crypto-market-manipulation-and-its-legal-implications-under-turkish-law/index.html’ saved [660637]

--2026-07-09 11:31:56--  https://cindemirlaw.com/how-to-apply-to-the-european-court-of-human-rights-echr-legal-conditions-and-procedure/
Reusing existing connection to cindemirlaw.com:443.
HTTP request sent, awaiting response... 200 OK
Length: unspecified [text/html]
Saving to: ‘/workspace/backups/cindemirlaw.com-20260709-113003/cindemirlaw.com/how-to-apply-to-the-european-court-of-human-rights-echr-legal-conditions-and-procedure/index.html’

     0K .......... .......... .......... .......... .......... 25.5M
    50K .......... .......... .......... .......... .......... 53.9M
   100K .......... .......... .......... .......... .......... 39.3M
   150K .......... .......... .......... .......... .......... 97.2M
   200K .......... .......... .......... .......... .......... 73.4M
   250K .......... .......... .......... .......... ..........  510M
   300K .......... .......... .......... .......... ..........  537M
   350K .......... .......... .......... .......... .......... 48.4M
   400K .......... .......... .......... .......... ..........  479M
   450K .......... .......... .......... .......... ..........  528M
   500K .......... .......... .......... .......... ..........  519M
   550K .......... .......... .......... .......... ..........  455M
   600K .......... .......... ......                            693K=0.05s

2026-07-09 11:31:57 (13.5 MB/s) - ‘/workspace/backups/cindemirlaw.com-20260709-113003/cindemirlaw.com/how-to-apply-to-the-european-court-of-human-rights-echr-legal-conditions-and-procedure/index.html’ saved [641683]

--2026-07-09 11:31:57--  https://cindemirlaw.com/%d1%82%d1%83%d1%80%d0%b8%d1%81%d1%82%d0%b8%d1%87%d0%b5%d1%81%d0%ba%d0%be%d0%b5-%d0%bf%d1%80%d0%b0%d0%b2%d0%be-%d0%b2-%d1%82%d1%83%d1%80%d1%86%d0%b8%d0%b8/
Reusing existing connection to cindemirlaw.com:443.
HTTP request sent, awaiting response... 200 OK
Length: unspecified [text/html]
Saving to: ‘/workspace/backups/cindemirlaw.com-20260709-113003/cindemirlaw.com/туристическое-право-в-турции/index.html’

     0K .......... .......... .......... .......... .......... 24.4M
    50K .......... .......... .......... .......... .......... 63.9M
   100K .......... .......... .......... .......... .......... 14.5M
   150K .......... .......... .......... .......... .......... 38.0M
   200K .......... .......... .......... .......... .......... 24.8M
   250K .......... .......... .......... .......... .......... 49.7M
   300K .......... .......... .......... .......... .......... 47.9M
   350K .......... .......... .......... .......... .......... 42.9M
   400K .......... .......... .......... .......... .......... 67.2M
   450K .......... .......... .......... .......... .......... 34.8M
   500K .......... .......... .......... .......... ..........  500M
   550K .......... .......... .......... .......... ..........  444M
   600K .......... .......... .......... .......... ..........  448M
   650K .......... .......... .......... ....                  61.3M=0.02s

2026-07-09 11:31:58 (43.1 MB/s) - ‘/workspace/backups/cindemirlaw.com-20260709-113003/cindemirlaw.com/туристическое-право-в-турции/index.html’ saved [701208]

--2026-07-09 11:31:58--  https://cindemirlaw.com/tourism-law-in-turkey/
Reusing existing connection to cindemirlaw.com:443.
HTTP request sent, awaiting response... 200 OK
Length: unspecified [text/html]
Saving to: ‘/workspace/backups/cindemirlaw.com-20260709-113003/cindemirlaw.com/tourism-law-in-turkey/index.html’

     0K .......... .......... .......... .......... .......... 11.9M
    50K .......... .......... .......... .......... .......... 22.0M
   100K .......... .......... .......... .......... .......... 26.9M
   150K .......... .......... .......... .......... ..........  122M
   200K .......... .......... .......... .......... ..........  106M
   250K .......... .......... .......... .......... .......... 33.2M
   300K .......... .......... .......... .......... ..........  260M
   350K .......... .......... .......... .......... ..........  445M
   400K .......... .......... .......... .......... ..........  152M
   450K .......... .......... .......... .......... ..........  535M
   500K .......... .......... .......... .......... .......... 49.9M
   550K .......... .......... .......... .......... .......... 95.8M
   600K .......... .......... .......... ........               572M=0.01s

2026-07-09 11:31:59 (49.0 MB/s) - ‘/workspace/backups/cindemirlaw.com-20260709-113003/cindemirlaw.com/tourism-law-in-turkey/index.html’ saved [653718]

--2026-07-09 11:31:59--  https://cindemirlaw.com/turkey-asset-repatriation-2026-legal-framework-for-bringing-foreign-assets-to-turkey/
Reusing existing connection to cindemirlaw.com:443.
HTTP request sent, awaiting response... 200 OK
Length: unspecified [text/html]
Saving to: ‘/workspace/backups/cindemirlaw.com-20260709-113003/cindemirlaw.com/turkey-asset-repatriation-2026-legal-framework-for-bringing-foreign-assets-to-turkey/index.html’

     0K .......... .......... .......... .......... .......... 13.2M
    50K .......... .......... .......... .......... .......... 24.6M
   100K .......... .......... .......... .......... .......... 23.8M
   150K .......... .......... .......... .......... ..........  393M
   200K .......... .......... .......... .......... .......... 90.7M
   250K .......... .......... .......... .......... .......... 40.5M
   300K .......... .......... .......... .......... ..........  339M
   350K .......... .......... .......... .......... .......... 78.4M
   400K .......... .......... .......... .......... ..........  505M
   450K .......... .......... .......... .......... ..........  475M
   500K .......... .......... .......... .......... ..........  488M
   550K .......... .......... .......... .......... .......... 54.2M
   600K .......... .......... .......... .......... .           453M=0.01s

2026-07-09 11:31:59 (53.8 MB/s) - ‘/workspace/backups/cindemirlaw.com-20260709-113003/cindemirlaw.com/turkey-asset-repatriation-2026-legal-framework-for-bringing-foreign-assets-to-turkey/index.html’ saved [657349]

--2026-07-09 11:32:00--  https://cindemirlaw.com/airport-detention-in-turkey-legal-risks-for-foreign-travellers-and-how-to-respond/
Reusing existing connection to cindemirlaw.com:443.
HTTP request sent, awaiting response... 200 OK
Length: unspecified [text/html]
Saving to: ‘/workspace/backups/cindemirlaw.com-20260709-113003/cindemirlaw.com/airport-detention-in-turkey-legal-risks-for-foreign-travellers-and-how-to-respond/index.html’

     0K .......... .......... .......... .......... .......... 12.5M
    50K .......... .......... .......... .......... .......... 16.1M
   100K .......... .......... .......... .......... .......... 65.7M
   150K .......... .......... .......... .......... .......... 24.2M
   200K .......... .......... .......... .......... .......... 31.7M
   250K .......... .......... .......... .......... ..........  159M
   300K .......... .......... .......... .......... ..........  504M
   350K .......... .......... .......... .......... .......... 30.6M
   400K .......... .......... .......... .......... ..........  163M
   450K .......... .......... .......... .......... ..........  530M
   500K .......... .......... .......... .......... ..........  152M
   550K .......... .......... .......... .......... ..........  463M
   600K .......... .......... .......... .......... .......... 94.9M
   650K ..                                                     5.31T=0.01s

2026-07-09 11:32:00 (43.7 MB/s) - ‘/workspace/backups/cindemirlaw.com-20260709-113003/cindemirlaw.com/airport-detention-in-turkey-legal-risks-for-foreign-travellers-and-how-to-respond/index.html’ saved [668518]

--2026-07-09 11:32:01--  https://cindemirlaw.com/child-abduction-and-retention-under-turkish-law/
Reusing existing connection to cindemirlaw.com:443.
HTTP request sent, awaiting response... 200 OK
Length: unspecified [text/html]
Saving to: ‘/workspace/backups/cindemirlaw.com-20260709-113003/cindemirlaw.com/child-abduction-and-retention-under-turkish-law/index.html’

     0K .......... .......... .......... .......... .......... 13.9M
    50K .......... .......... .......... .......... .......... 20.3M
   100K .......... .......... .......... .......... .......... 24.8M
   150K .......... .......... .......... .......... ..........  147M
   200K .......... .......... .......... .......... ..........  483M
   250K .......... .......... .......... .......... .......... 25.0M
   300K .......... .......... .......... .......... ..........  527M
   350K .......... .......... .......... .......... ..........  375M
   400K .......... .......... .......... .......... ..........  524M
   450K .......... .......... .......... .......... .......... 97.2M
   500K .......... .......... .......... .......... ..........  191M
   550K .......... .......... .......... .......... .......... 58.7M
   600K .......... .......... .......... ......                 541M=0.01s

2026-07-09 11:32:01 (50.8 MB/s) - ‘/workspace/backups/cindemirlaw.com-20260709-113003/cindemirlaw.com/child-abduction-and-retention-under-turkish-law/index.html’ saved [651472]

--2026-07-09 11:32:01--  https://cindemirlaw.com/enforcement-of-promissory-notes-bills-of-exchange-and-cheques-in-turkey/
Reusing existing connection to cindemirlaw.com:443.
HTTP request sent, awaiting response... 200 OK
Length: unspecified [text/html]
Saving to: ‘/workspace/backups/cindemirlaw.com-20260709-113003/cindemirlaw.com/enforcement-of-promissory-notes-bills-of-exchange-and-cheques-in-turkey/index.html’

     0K .......... .......... .......... .......... .......... 13.0M
    50K .......... .......... .......... .......... .......... 20.1M
   100K .......... .......... .......... .......... .......... 36.1M
   150K .......... .......... .......... .......... ..........  108M
   200K .......... .......... .......... .......... .......... 34.2M
   250K .......... .......... .......... .......... ..........  102M
   300K .......... .......... .......... .......... ..........  472M
   350K .......... .......... .......... .......... ..........  448M
   400K .......... .......... .......... .......... ..........  481M
   450K .......... .......... .......... .......... .......... 38.2M
   500K .......... .......... .......... .......... ..........  151M
   550K .......... .......... .......... .......... ..........  489M
   600K .......... .......... .......... .......... ....        571M=0.01s

2026-07-09 11:32:01 (52.5 MB/s) - ‘/workspace/backups/cindemirlaw.com-20260709-113003/cindemirlaw.com/enforcement-of-promissory-notes-bills-of-exchange-and-cheques-in-turkey/index.html’ saved [659911]

--2026-07-09 11:32:02--  https://cindemirlaw.com/legal-opinion-and-expert-opinion-in-turkey-why-the-distinction-matters/
Reusing existing connection to cindemirlaw.com:443.
HTTP request sent, awaiting response... 200 OK
Length: unspecified [text/html]
Saving to: ‘/workspace/backups/cindemirlaw.com-20260709-113003/cindemirlaw.com/legal-opinion-and-expert-opinion-in-turkey-why-the-distinction-matters/index.html’

     0K .......... .......... .......... .......... .......... 13.6M
    50K .......... .......... .......... .......... .......... 24.1M
   100K .......... .......... .......... .......... .......... 30.7M
   150K .......... .......... .......... .......... .......... 26.3M
   200K .......... .......... .......... .......... .......... 24.3M
   250K .......... .......... .......... .......... .......... 62.7M
   300K .......... .......... .......... .......... ..........  131M
   350K .......... .......... .......... .......... .......... 38.3M
   400K .......... .......... .......... .......... ..........  399M
   450K .......... .......... .......... .......... ..........  109M
   500K .......... .......... .......... .......... ..........  518M
   550K .......... .......... .......... .......... ..........  475M
   600K .......... .......... .......... .......... ......      599M=0.01s

2026-07-09 11:32:02 (44.0 MB/s) - ‘/workspace/backups/cindemirlaw.com-20260709-113003/cindemirlaw.com/legal-opinion-and-expert-opinion-in-turkey-why-the-distinction-matters/index.html’ saved [661728]

--2026-07-09 11:32:02--  https://cindemirlaw.com/exit-bans-in-turkey-a-critical-exploration-of-judicial-control/
Reusing existing connection to cindemirlaw.com:443.
HTTP request sent, awaiting response... 200 OK
Length: unspecified [text/html]
Saving to: ‘/workspace/backups/cindemirlaw.com-20260709-113003/cindemirlaw.com/exit-bans-in-turkey-a-critical-exploration-of-judicial-control/index.html’

     0K .......... .......... .......... .......... .......... 13.5M
    50K .......... .......... .......... .......... .......... 20.1M
   100K .......... .......... .......... .......... .......... 31.5M
   150K .......... .......... .......... .......... .......... 17.7M
   200K .......... .......... .......... .......... .......... 21.4M
   250K .......... .......... .......... .......... .......... 15.0M
   300K .......... .......... .......... .......... .......... 26.9M
   350K .......... .......... .......... .......... .......... 21.0M
   400K .......... .......... .......... .......... .......... 29.1M
   450K .......... .......... .......... .......... .......... 15.3M
   500K .......... .......... .......... .......... .......... 19.8M
   550K .......... .......... .......... .......... .......... 21.5M
   600K .......... .......... ....                             47.2M=0.03s

2026-07-09 11:32:03 (20.2 MB/s) - ‘/workspace/backups/cindemirlaw.com-20260709-113003/cindemirlaw.com/exit-bans-in-turkey-a-critical-exploration-of-judicial-control/index.html’ saved [639547]

--2026-07-09 11:32:03--  https://cindemirlaw.com/legal-rights-of-foreign-nationals-in-police-custody-in-istanbul/
Reusing existing connection to cindemirlaw.com:443.
HTTP request sent, awaiting response... 200 OK
Length: unspecified [text/html]
Saving to: ‘/workspace/backups/cindemirlaw.com-20260709-113003/cindemirlaw.com/legal-rights-of-foreign-nationals-in-police-custody-in-istanbul/index.html’

     0K .......... .......... .......... .......... .......... 14.5M
    50K .......... .......... .......... .......... .......... 17.3M
   100K .......... .......... .......... .......... .......... 24.9M
   150K .......... .......... .......... .......... ..........  106M
   200K .......... .......... .......... .......... .......... 27.2M
   250K .......... .......... .......... .......... ..........  445M
   300K .......... .......... .......... .......... ..........  275M
   350K .......... .......... .......... .......... .......... 37.5M
   400K .......... .......... .......... .......... ..........  141M
   450K .......... .......... .......... .......... ..........  460M
   500K .......... .......... .......... .......... ..........  224M
   550K .......... .......... .......... .......... ..........  169M
   600K .......... ..........                                   634M=0.01s

2026-07-09 11:32:03 (46.7 MB/s) - ‘/workspace/backups/cindemirlaw.com-20260709-113003/cindemirlaw.com/legal-rights-of-foreign-nationals-in-police-custody-in-istanbul/index.html’ saved [635860]

--2026-07-09 11:32:04--  https://cindemirlaw.com/intentional-injury-resulting-in-death-under-turkish-criminal-law/
Reusing existing connection to cindemirlaw.com:443.
HTTP request sent, awaiting response... 200 OK
Length: unspecified [text/html]
Saving to: ‘/workspace/backups/cindemirlaw.com-20260709-113003/cindemirlaw.com/intentional-injury-resulting-in-death-under-turkish-criminal-law/index.html’

     0K .......... .......... .......... .......... .......... 12.4M
    50K .......... .......... .......... .......... .......... 28.3M
   100K .......... .......... .......... .......... .......... 29.4M
   150K .......... .......... .......... .......... .......... 29.6M
   200K .......... .......... .......... .......... .......... 93.7M
   250K .......... .......... .......... .......... .......... 65.5M
   300K .......... .......... .......... .......... ..........  466M
   350K .......... .......... .......... .......... .......... 41.2M
   400K .......... .......... .......... .......... ..........  201M
   450K .......... .......... .......... .......... ..........  470M
   500K .......... .......... .......... .......... ..........  455M
   550K .......... .......... .......... .......... .......... 77.0M
   600K .......... .......... ........                          530M=0.01s

2026-07-09 11:32:04 (48.5 MB/s) - ‘/workspace/backups/cindemirlaw.com-20260709-113003/cindemirlaw.com/intentional-injury-resulting-in-death-under-turkish-criminal-law/index.html’ saved [643699]

--2026-07-09 11:32:05--  https://cindemirlaw.com/turkish-companies-before-the-court-of-justice-of-the-european-union/
Reusing existing connection to cindemirlaw.com:443.
HTTP request sent, awaiting response... 200 OK
Length: unspecified [text/html]
Saving to: ‘/workspace/backups/cindemirlaw.com-20260709-113003/cindemirlaw.com/turkish-companies-before-the-court-of-justice-of-the-european-union/index.html’

     0K .......... .......... .......... .......... .......... 24.8M
    50K .......... .......... .......... .......... .......... 58.2M
   100K .......... .......... .......... .......... .......... 40.9M
   150K .......... .......... .......... .......... .......... 27.6M
   200K .......... .......... .......... .......... .......... 40.1M
   250K .......... .......... .......... .......... .......... 49.5M
   300K .......... .......... .......... .......... .......... 36.8M
   350K .......... .......... .......... .......... .......... 52.8M
   400K .......... .......... .......... .......... .......... 45.1M
   450K .......... .......... .......... .......... .......... 49.7M
   500K .......... .......... .......... .......... .......... 46.4M
   550K .......... .......... .......... .......... .......... 39.0M
   600K .......... .......... .....                            23.9M=0.02s

2026-07-09 11:32:05 (39.1 MB/s) - ‘/workspace/backups/cindemirlaw.com-20260709-113003/cindemirlaw.com/turkish-companies-before-the-court-of-justice-of-the-european-union/index.html’ saved [640466]

--2026-07-09 11:32:06--  https://cindemirlaw.com/legal-status-of-late-registered-turkish-citizens-concerning-military-service-obligations-under-law-no-7179/
Reusing existing connection to cindemirlaw.com:443.
HTTP request sent, awaiting response... 200 OK
Length: unspecified [text/html]
Saving to: ‘/workspace/backups/cindemirlaw.com-20260709-113003/cindemirlaw.com/legal-status-of-late-registered-turkish-citizens-concerning-military-service-obligations-under-law-no-7179/index.html’

     0K .......... .......... .......... .......... .......... 31.9M
    50K .......... .......... .......... .......... .......... 19.2M
   100K .......... .......... .......... .......... .......... 25.7M
   150K .......... .......... .......... .......... .......... 45.9M
   200K .......... .......... .......... .......... ..........  528M
   250K .......... .......... .......... .......... ..........  105M
   300K .......... .......... .......... .......... .......... 32.7M
   350K .......... .......... .......... .......... ..........  274M
   400K .......... .......... .......... .......... ..........  520M
   450K .......... .......... .......... .......... ..........  457M
   500K .......... .......... .......... .......... ..........  540M
   550K .......... .......... .......... .......... ..........  101M
   600K .......... .......... .......... .                     15.5M=0.01s

2026-07-09 11:32:06 (51.4 MB/s) - ‘/workspace/backups/cindemirlaw.com-20260709-113003/cindemirlaw.com/legal-status-of-late-registered-turkish-citizens-concerning-military-service-obligations-under-law-no-7179/index.html’ saved [646188]

--2026-07-09 11:32:07--  https://cindemirlaw.com/understanding-spks-introduction-guide-for-information-systems-independent-audit/
Reusing existing connection to cindemirlaw.com:443.
HTTP request sent, awaiting response... 200 OK
Length: unspecified [text/html]
Saving to: ‘/workspace/backups/cindemirlaw.com-20260709-113003/cindemirlaw.com/understanding-spks-introduction-guide-for-information-systems-independent-audit/index.html’

     0K .......... .......... .......... .......... .......... 16.3M
    50K .......... .......... .......... .......... .......... 20.6M
   100K .......... .......... .......... .......... .......... 25.4M
   150K .......... .......... .......... .......... .......... 26.2M
   200K .......... .......... .......... .......... .......... 43.0M
   250K .......... .......... .......... .......... ..........  240M
   300K .......... .......... .......... .......... .......... 61.2M
   350K .......... .......... .......... .......... ..........  186M
   400K .......... .......... .......... .......... .......... 74.2M
   450K .......... .......... .......... .......... ..........  147M
   500K .......... .......... .......... .......... ..........  508M
   550K .......... .......... .......... .......... .......... 71.4M
   600K .......... .......... .......... .......... .          63.7M=0.01s

2026-07-09 11:32:07 (44.9 MB/s) - ‘/workspace/backups/cindemirlaw.com-20260709-113003/cindemirlaw.com/understanding-spks-introduction-guide-for-information-systems-independent-audit/index.html’ saved [657213]

--2026-07-09 11:32:08--  https://cindemirlaw.com/a-practical-overview-of-crypto-asset-service-providers-and-platforms-in-turkiye/
Reusing existing connection to cindemirlaw.com:443.
HTTP request sent, awaiting response... 200 OK
Length: unspecified [text/html]
Saving to: ‘/workspace/backups/cindemirlaw.com-20260709-113003/cindemirlaw.com/a-practical-overview-of-crypto-asset-service-providers-and-platforms-in-turkiye/index.html’

     0K .......... .......... .......... .......... .......... 13.4M
    50K .......... .......... .......... .......... .......... 22.2M
   100K .......... .......... .......... .......... .......... 32.2M
   150K .......... .......... .......... .......... .......... 30.6M
   200K .......... .......... .......... .......... .......... 46.9M
   250K .......... .......... .......... .......... ..........  148M
   300K .......... .......... .......... .......... .......... 78.8M
   350K .......... .......... .......... .......... .......... 43.2M
   400K .......... .......... .......... .......... ..........  284M
   450K .......... .......... .......... .......... ..........  238M
   500K .......... .......... .......... .......... ..........  249M
   550K .......... .......... .......... .......... ..........  249M
   600K .......... .......... ....                              333M=0.01s

2026-07-09 11:32:08 (47.2 MB/s) - ‘/workspace/backups/cindemirlaw.com-20260709-113003/cindemirlaw.com/a-practical-overview-of-crypto-asset-service-providers-and-platforms-in-turkiye/index.html’ saved [639347]

--2026-07-09 11:32:09--  https://cindemirlaw.com/%d0%bf%d1%80%d0%b5%d1%81%d1%82%d1%83%d0%bf%d0%bb%d0%b5%d0%bd%d0%b8%d1%8f-%d1%81-%d0%ba%d1%80%d0%b8%d0%bf%d1%82%d0%be%d0%b2%d0%b0%d0%bb%d1%8e%d1%82%d0%be%d0%b9-%d0%b2-%d1%82%d1%83%d1%80%d1%86%d0%b8/
Reusing existing connection to cindemirlaw.com:443.
HTTP request sent, awaiting response... 200 OK
Length: unspecified [text/html]
Saving to: ‘/workspace/backups/cindemirlaw.com-20260709-113003/cindemirlaw.com/преступления-с-криптовалютой-в-турци/index.html’

     0K .......... .......... .......... .......... .......... 11.5M
    50K .......... .......... .......... .......... .......... 18.5M
   100K .......... .......... .......... .......... .......... 35.7M
   150K .......... .......... .......... .......... .......... 58.9M
   200K .......... .......... .......... .......... .......... 27.5M
   250K .......... .......... .......... .......... .......... 94.0M
   300K .......... .......... .......... .......... ..........  399M
   350K .......... .......... .......... .......... ..........  388M
   400K .......... .......... .......... .......... .......... 56.6M
   450K .......... .......... .......... .......... .......... 88.0M
   500K .......... .......... .......... .......... ..........  170M
   550K .......... .......... .......... .......... ..........  125M
   600K .......... .......... .......... ..........             407M=0.01s

2026-07-09 11:32:09 (45.3 MB/s) - ‘/workspace/backups/cindemirlaw.com-20260709-113003/cindemirlaw.com/преступления-с-криптовалютой-в-турци/index.html’ saved [655831]

--2026-07-09 11:32:09--  https://cindemirlaw.com/turkey-crypto-crimes-legal-landscape-enforcement-and-investor-protection/
Reusing existing connection to cindemirlaw.com:443.
HTTP request sent, awaiting response... 200 OK
Length: unspecified [text/html]
Saving to: ‘/workspace/backups/cindemirlaw.com-20260709-113003/cindemirlaw.com/turkey-crypto-crimes-legal-landscape-enforcement-and-investor-protection/index.html’

     0K .......... .......... .......... .......... .......... 13.3M
    50K .......... .......... .......... .......... .......... 24.1M
   100K .......... .......... .......... .......... .......... 25.6M
   150K .......... .......... .......... .......... .......... 89.4M
   200K .......... .......... .......... .......... .......... 40.6M
   250K .......... .......... .......... .......... ..........  217M
   300K .......... .......... .......... .......... ..........  268M
   350K .......... .......... .......... .......... ..........  108M
   400K .......... .......... .......... .......... ..........  459M
   450K .......... .......... .......... .......... .......... 36.5M
   500K .......... .......... .......... .......... ..........  344M
   550K .......... .......... .......... .......... ..........  374M
   600K .......... .......... .......... ..                     260M=0.01s

2026-07-09 11:32:09 (51.2 MB/s) - ‘/workspace/backups/cindemirlaw.com-20260709-113003/cindemirlaw.com/turkey-crypto-crimes-legal-landscape-enforcement-and-investor-protection/index.html’ saved [648170]

--2026-07-09 11:32:10--  https://cindemirlaw.com/crypto-assets-status-a-perspective-following-turkeys-stance-on-crypto-use/
Reusing existing connection to cindemirlaw.com:443.
HTTP request sent, awaiting response... 200 OK
Length: unspecified [text/html]
Saving to: ‘/workspace/backups/cindemirlaw.com-20260709-113003/cindemirlaw.com/crypto-assets-status-a-perspective-following-turkeys-stance-on-crypto-use/index.html’

     0K .......... .......... .......... .......... .......... 12.3M
    50K .......... .......... .......... .......... .......... 22.4M
   100K .......... .......... .......... .......... .......... 25.3M
   150K .......... .......... .......... .......... .......... 23.8M
   200K .......... .......... .......... .......... ..........  103M
   250K .......... .......... .......... .......... .......... 93.1M
   300K .......... .......... .......... .......... .......... 48.2M
   350K .......... .......... .......... .......... .......... 86.8M
   400K .......... .......... .......... .......... .......... 2.27M
   450K .......... .......... .......... .......... ..........  436M
   500K .......... .......... .......... .......... ..........  451M
   550K .......... .......... .......... .......... ..........  276M
   600K .......... .......... ..........                        558M=0.03s

2026-07-09 11:32:10 (17.8 MB/s) - ‘/workspace/backups/cindemirlaw.com-20260709-113003/cindemirlaw.com/crypto-assets-status-a-perspective-following-turkeys-stance-on-crypto-use/index.html’ saved [646026]

--2026-07-09 11:32:11--  https://cindemirlaw.com/%d1%80%d0%b0%d1%81%d1%81%d0%bb%d0%b5%d0%b4%d0%be%d0%b2%d0%b0%d0%bd%d0%b8%d0%b5-%d0%bd%d0%b0%d1%81%d0%bb%d0%b5%d0%b4%d1%81%d1%82%d0%b2%d0%b0-%d0%b2-%d1%82%d1%83%d1%80%d1%86%d0%b8%d0%b8-%d1%8e%d1%80/
Reusing existing connection to cindemirlaw.com:443.
HTTP request sent, awaiting response... 200 OK
Length: unspecified [text/html]
Saving to: ‘/workspace/backups/cindemirlaw.com-20260709-113003/cindemirlaw.com/расследование-наследства-в-турции-юр/index.html’

     0K .......... .......... .......... .......... .......... 11.5M
    50K .......... .......... .......... .......... .......... 25.0M
   100K .......... .......... .......... .......... .......... 26.8M
   150K .......... .......... .......... .......... ..........  104M
   200K .......... .......... .......... .......... .......... 81.0M
   250K .......... .......... .......... .......... ..........  499M
   300K .......... .......... .......... .......... .......... 40.5M
   350K .......... .......... .......... .......... .......... 40.5M
   400K .......... .......... .......... .......... ..........  263M
   450K .......... .......... .......... .......... ..........  514M
   500K .......... .......... .......... .......... ..........  507M
   550K .......... .......... .......... .......... .......... 52.0M
   600K .......... .......... .......... .......... ...         482M=0.01s

2026-07-09 11:32:11 (48.3 MB/s) - ‘/workspace/backups/cindemirlaw.com-20260709-113003/cindemirlaw.com/расследование-наследства-в-турции-юр/index.html’ saved [658906]

--2026-07-09 11:32:12--  https://cindemirlaw.com/inheritance-investigation-in-turkey-guiding-international-heirs-through-a-complex-process/
Reusing existing connection to cindemirlaw.com:443.
HTTP request sent, awaiting response... 200 OK
Length: unspecified [text/html]
Saving to: ‘/workspace/backups/cindemirlaw.com-20260709-113003/cindemirlaw.com/inheritance-investigation-in-turkey-guiding-international-heirs-through-a-complex-process/index.html’

     0K .......... .......... .......... .......... .......... 14.2M
    50K .......... .......... .......... .......... .......... 26.7M
   100K .......... .......... .......... .......... .......... 47.3M
   150K .......... .......... .......... .......... .......... 62.0M
   200K .......... .......... .......... .......... ..........  113M
   250K .......... .......... .......... .......... .......... 89.9M
   300K .......... .......... .......... .......... .......... 94.6M
   350K .......... .......... .......... .......... .......... 2.54M
   400K .......... .......... .......... .......... ..........  516M
   450K .......... .......... .......... .......... ..........  478M
   500K .......... .......... .......... .......... ..........  520M
   550K .......... .......... .......... .......... .......... 70.1M
   600K .......... .......... .......... .                      363M=0.03s

2026-07-09 11:32:12 (21.3 MB/s) - ‘/workspace/backups/cindemirlaw.com-20260709-113003/cindemirlaw.com/inheritance-investigation-in-turkey-guiding-international-heirs-through-a-complex-process/index.html’ saved [646171]

--2026-07-09 11:32:12--  https://cindemirlaw.com/eu-legal-representative-services-for-ai-companies-outside-the-european-union/
Reusing existing connection to cindemirlaw.com:443.
HTTP request sent, awaiting response... 200 OK
Length: unspecified [text/html]
Saving to: ‘/workspace/backups/cindemirlaw.com-20260709-113003/cindemirlaw.com/eu-legal-representative-services-for-ai-companies-outside-the-european-union/index.html’

     0K .......... .......... .......... .......... .......... 24.6M
    50K .......... .......... .......... .......... ..........  151M
   100K .......... .......... .......... .......... .......... 47.6M
   150K .......... .......... .......... .......... .......... 57.8M
   200K .......... .......... .......... .......... .......... 24.9M
   250K .......... .......... .......... .......... ..........  552M
   300K .......... .......... .......... .......... ..........  582M
   350K .......... .......... .......... .......... ..........  205M
   400K .......... .......... .......... .......... ..........  590M
   450K .......... .......... .......... .......... ..........  445M
   500K .......... .......... .......... .......... ..........  455M
   550K .......... .......... .......... .......... ..........  190M
   600K .......... .......... .....                             565M=0.007s

2026-07-09 11:32:13 (85.4 MB/s) - ‘/workspace/backups/cindemirlaw.com-20260709-113003/cindemirlaw.com/eu-legal-representative-services-for-ai-companies-outside-the-european-union/index.html’ saved [640057]

Loading robots.txt; please ignore errors.
--2026-07-09 11:32:13--  https://www.cindemirlaw.com/robots.txt
Resolving www.cindemirlaw.com (www.cindemirlaw.com)... 162.241.252.122
Connecting to www.cindemirlaw.com (www.cindemirlaw.com)|162.241.252.122|:443... connected.
HTTP request sent, awaiting response... 200 OK
Length: 247 [text/plain]
Saving to: ‘/workspace/backups/cindemirlaw.com-20260709-113003/www.cindemirlaw.com/robots.txt’

     0K                                                       100%  136M=0s

2026-07-09 11:32:13 (136 MB/s) - ‘/workspace/backups/cindemirlaw.com-20260709-113003/www.cindemirlaw.com/robots.txt’ saved [247/247]

--2026-07-09 11:32:14--  https://cindemirlaw.com/financial-rights-of-daughters-under-turkish-social-security-law/
Connecting to cindemirlaw.com (cindemirlaw.com)|162.241.252.122|:443... connected.
HTTP request sent, awaiting response... 200 OK
Length: unspecified [text/html]
Saving to: ‘/workspace/backups/cindemirlaw.com-20260709-113003/cindemirlaw.com/financial-rights-of-daughters-under-turkish-social-security-law/index.html’

     0K .......... .......... .......... .......... ..........  445K
    50K .......... .......... .......... .......... ..........  891K
   100K .......... .......... .......... .......... .......... 92.6M
   150K .......... .......... .......... .......... ..........  893K
   200K .......... .......... .......... .......... ..........  446M
   250K .......... .......... .......... .......... ..........  896K
   300K .......... .......... .......... .......... ..........  506M
   350K .......... .......... .......... .......... ..........  436M
   400K .......... .......... .......... .......... ..........  540M
   450K .......... .......... .......... .......... ..........  510M
   500K .......... .......... .......... .......... ..........  898K
   550K .......... .......... .......... .......... ..........  434M
   600K .......... .......... ..........                        618M=0.3s

2026-07-09 11:32:15 (1.83 MB/s) - ‘/workspace/backups/cindemirlaw.com-20260709-113003/cindemirlaw.com/financial-rights-of-daughters-under-turkish-social-security-law/index.html’ saved [645456]

--2026-07-09 11:32:15--  https://cindemirlaw.com/survivor-pension-for-spouses-of-deceased-turkish-citizens/
Reusing existing connection to cindemirlaw.com:443.
HTTP request sent, awaiting response... 200 OK
Length: unspecified [text/html]
Saving to: ‘/workspace/backups/cindemirlaw.com-20260709-113003/cindemirlaw.com/survivor-pension-for-spouses-of-deceased-turkish-citizens/index.html’

     0K .......... .......... .......... .......... .......... 27.9M
    50K .......... .......... .......... .......... .......... 22.2M
   100K .......... .......... .......... .......... .......... 16.6M
   150K .......... .......... .......... .......... .......... 52.5M
   200K .......... .......... .......... .......... .......... 56.2M
   250K .......... .......... .......... .......... .......... 98.2M
   300K .......... .......... .......... .......... .......... 68.7M
   350K .......... .......... .......... .......... ..........  375M
   400K .......... .......... .......... .......... ..........  477M
   450K .......... .......... .......... .......... ..........  484M
   500K .......... .......... .......... .......... ..........  146M
   550K .......... .......... .......... .......... .......... 1.04M
   600K .......... .......... .....                            17.0M=0.06s

2026-07-09 11:32:15 (10.4 MB/s) - ‘/workspace/backups/cindemirlaw.com-20260709-113003/cindemirlaw.com/survivor-pension-for-spouses-of-deceased-turkish-citizens/index.html’ saved [640807]

--2026-07-09 11:32:16--  https://cindemirlaw.com/title-deeds-in-turkey-a-legal-and-historical-overview/
Reusing existing connection to cindemirlaw.com:443.
HTTP request sent, awaiting response... 200 OK
Length: unspecified [text/html]
Saving to: ‘/workspace/backups/cindemirlaw.com-20260709-113003/cindemirlaw.com/title-deeds-in-turkey-a-legal-and-historical-overview/index.html’

     0K .......... .......... .......... .......... .......... 19.2M
    50K .......... .......... .......... .......... .......... 8.57M
   100K .......... .......... .......... .......... .......... 41.2M
   150K .......... .......... .......... .......... .......... 50.6M
   200K .......... .......... .......... .......... ..........  111M
   250K .......... .......... .......... .......... ..........  108M
   300K .......... .......... .......... .......... .......... 73.5M
   350K .......... .......... .......... .......... ..........  152M
   400K .......... .......... .......... .......... ..........  156M
   450K .......... .......... .......... .......... ..........  483M
   500K .......... .......... .......... .......... ..........  529M
   550K .......... .......... .......... .......... .......... 78.7M
   600K .......... .......... ........                          433M=0.01s

2026-07-09 11:32:16 (45.6 MB/s) - ‘/workspace/backups/cindemirlaw.com-20260709-113003/cindemirlaw.com/title-deeds-in-turkey-a-legal-and-historical-overview/index.html’ saved [643591]

--2026-07-09 11:32:17--  https://cindemirlaw.com/crypto-asset-fraud-common-schemes-legal-analysis-what-victims-should-do/
Reusing existing connection to cindemirlaw.com:443.
HTTP request sent, awaiting response... 200 OK
Length: unspecified [text/html]
Saving to: ‘/workspace/backups/cindemirlaw.com-20260709-113003/cindemirlaw.com/crypto-asset-fraud-common-schemes-legal-analysis-what-victims-should-do/index.html’

     0K .......... .......... .......... .......... .......... 22.8M
    50K .......... .......... .......... .......... .......... 46.5M
   100K .......... .......... .......... .......... .......... 42.5M
   150K .......... .......... .......... .......... ..........  343M
   200K .......... .......... .......... .......... .......... 67.6M
   250K .......... .......... .......... .......... ..........  127M
   300K .......... .......... .......... .......... ..........  525M
   350K .......... .......... .......... .......... ..........  372M
   400K .......... .......... .......... .......... .......... 96.6M
   450K .......... .......... .......... .......... ..........  513M
   500K .......... .......... .......... .......... .......... 92.2M
   550K .......... .......... .......... .......... ..........  399M
   600K .......... .......... .......... ...                    260M=0.007s

2026-07-09 11:32:17 (86.1 MB/s) - ‘/workspace/backups/cindemirlaw.com-20260709-113003/cindemirlaw.com/crypto-asset-fraud-common-schemes-legal-analysis-what-victims-should-do/index.html’ saved [648692]

--2026-07-09 11:32:17--  https://cindemirlaw.com/crypto-asset-fraud-in-turkey-legal-perspective/
Reusing existing connection to cindemirlaw.com:443.
HTTP request sent, awaiting response... 200 OK
Length: unspecified [text/html]
Saving to: ‘/workspace/backups/cindemirlaw.com-20260709-113003/cindemirlaw.com/crypto-asset-fraud-in-turkey-legal-perspective/index.html’

     0K .......... .......... .......... .......... .......... 13.2M
    50K .......... .......... .......... .......... .......... 23.8M
   100K .......... .......... .......... .......... .......... 35.4M
   150K .......... .......... .......... .......... .......... 22.0M
   200K .......... .......... .......... .......... .......... 19.0M
   250K .......... .......... .......... .......... .......... 29.0M
   300K .......... .......... .......... .......... .......... 33.5M
   350K .......... .......... .......... .......... .......... 52.5M
   400K .......... .......... .......... .......... .......... 94.3M
   450K .......... .......... .......... .......... .......... 85.4M
   500K .......... .......... .......... .......... .......... 72.8M
   550K .......... .......... .......... .......... ..........  324M
   600K .......... .......... ...                               619M=0.02s

2026-07-09 11:32:18 (33.9 MB/s) - ‘/workspace/backups/cindemirlaw.com-20260709-113003/cindemirlaw.com/crypto-asset-fraud-in-turkey-legal-perspective/index.html’ saved [638192]

--2026-07-09 11:32:18--  https://cindemirlaw.com/airport-customs-seizures-and-smuggling-offences-under-turkish-law/
Reusing existing connection to cindemirlaw.com:443.
HTTP request sent, awaiting response... 200 OK
Length: unspecified [text/html]
Saving to: ‘/workspace/backups/cindemirlaw.com-20260709-113003/cindemirlaw.com/airport-customs-seizures-and-smuggling-offences-under-turkish-law/index.html’

     0K .......... .......... .......... .......... .......... 13.2M
    50K .......... .......... .......... .......... .......... 20.2M
   100K .......... .......... .......... .......... .......... 24.4M
   150K .......... .......... .......... .......... .......... 64.0M
   200K .......... .......... .......... .......... .......... 37.5M
   250K .......... .......... .......... .......... .......... 95.2M
   300K .......... .......... .......... .......... ..........  396M
   350K .......... .......... .......... .......... ..........  133M
   400K .......... .......... .......... .......... ..........  157M
   450K .......... .......... .......... .......... .......... 60.3M
   500K .......... .......... .......... .......... ..........  115M
   550K .......... .......... .......... .......... ..........  140M
   600K .......... .......... ........                          278M=0.01s

2026-07-09 11:32:18 (46.5 MB/s) - ‘/workspace/backups/cindemirlaw.com-20260709-113003/cindemirlaw.com/airport-customs-seizures-and-smuggling-offences-under-turkish-law/index.html’ saved [644015]

--2026-07-09 11:32:19--  https://cindemirlaw.com/turk-hukukunda-kripto-varliklarin-duzenlenmesi/
Reusing existing connection to cindemirlaw.com:443.
HTTP request sent, awaiting response... 200 OK
Length: unspecified [text/html]
Saving to: ‘/workspace/backups/cindemirlaw.com-20260709-113003/cindemirlaw.com/turk-hukukunda-kripto-varliklarin-duzenlenmesi/index.html’

     0K .......... .......... .......... .......... .......... 13.2M
    50K .......... .......... .......... .......... .......... 27.5M
   100K .......... .......... .......... .......... .......... 23.4M
   150K .......... .......... .......... .......... .......... 46.7M
   200K .......... .......... .......... .......... .......... 27.4M
   250K .......... .......... .......... .......... ..........  137M
   300K .......... .......... .......... .......... ..........  319M
   350K .......... .......... .......... .......... ..........  362M
   400K .......... .......... .......... .......... ..........  333M
   450K .......... .......... .......... .......... .......... 40.3M
   500K .......... .......... .......... .......... ..........  166M
   550K .......... .......... .......... .......... ..........  432M
   600K .......... .......... ..                                582M=0.01s

2026-07-09 11:32:19 (47.3 MB/s) - ‘/workspace/backups/cindemirlaw.com-20260709-113003/cindemirlaw.com/turk-hukukunda-kripto-varliklarin-duzenlenmesi/index.html’ saved [637750]

--2026-07-09 11:32:20--  https://cindemirlaw.com/humanitarian-residence-permit-in-turkey-legal-insights-by-cindemir-law-office/
Reusing existing connection to cindemirlaw.com:443.
HTTP request sent, awaiting response... 200 OK
Length: unspecified [text/html]
Saving to: ‘/workspace/backups/cindemirlaw.com-20260709-113003/cindemirlaw.com/humanitarian-residence-permit-in-turkey-legal-insights-by-cindemir-law-office/index.html’

     0K .......... .......... .......... .......... .......... 14.6M
    50K .......... .......... .......... .......... .......... 27.8M
   100K .......... .......... .......... .......... .......... 22.7M
   150K .......... .......... .......... .......... .......... 22.6M
   200K .......... .......... .......... .......... .......... 24.8M
   250K .......... .......... .......... .......... .......... 28.3M
   300K .......... .......... .......... .......... .......... 25.8M
   350K .......... .......... .......... .......... .......... 25.2M
   400K .......... .......... .......... .......... .......... 23.1M
   450K .......... .......... .......... .......... .......... 25.3M
   500K .......... .......... .......... .......... .......... 27.9M
   550K .......... .......... .......... .......... .......... 24.9M
   600K .......... .......... ......                            376M=0.02s

2026-07-09 11:32:20 (24.7 MB/s) - ‘/workspace/backups/cindemirlaw.com-20260709-113003/cindemirlaw.com/humanitarian-residence-permit-in-turkey-legal-insights-by-cindemir-law-office/index.html’ saved [641337]

--2026-07-09 11:32:21--  https://cindemirlaw.com/ottoman-archival-documents-and-their-role-in-legal-and-historical-investigations/
Reusing existing connection to cindemirlaw.com:443.
HTTP request sent, awaiting response... 200 OK
Length: unspecified [text/html]
Saving to: ‘/workspace/backups/cindemirlaw.com-20260709-113003/cindemirlaw.com/ottoman-archival-documents-and-their-role-in-legal-and-historical-investigations/index.html’

     0K .......... .......... .......... .......... .......... 21.8M
    50K .......... .......... .......... .......... .......... 64.8M
   100K .......... .......... .......... .......... .......... 25.1M
   150K .......... .......... .......... .......... .......... 34.4M
   200K .......... .......... .......... .......... .......... 27.9M
   250K .......... .......... .......... .......... .......... 34.0M
   300K .......... .......... .......... .......... .......... 31.8M
   350K .......... .......... .......... .......... .......... 23.8M
   400K .......... .......... .......... .......... ..........  116M
   450K .......... .......... .......... .......... ..........  107M
   500K .......... .......... .......... .......... ..........  127M
   550K .......... .......... .......... .......... ..........  366M
   600K .......... .......... ....                              473M=0.01s

2026-07-09 11:32:21 (41.8 MB/s) - ‘/workspace/backups/cindemirlaw.com-20260709-113003/cindemirlaw.com/ottoman-archival-documents-and-their-role-in-legal-and-historical-investigations/index.html’ saved [639637]

--2026-07-09 11:32:22--  https://cindemirlaw.com/eu-representative-services-for-non-eu-companies-under-the-gdpr/
Reusing existing connection to cindemirlaw.com:443.
HTTP request sent, awaiting response... 200 OK
Length: unspecified [text/html]
Saving to: ‘/workspace/backups/cindemirlaw.com-20260709-113003/cindemirlaw.com/eu-representative-services-for-non-eu-companies-under-the-gdpr/index.html’

     0K .......... .......... .......... .......... .......... 12.4M
    50K .......... .......... .......... .......... .......... 20.3M
   100K .......... .......... .......... .......... .......... 33.8M
   150K .......... .......... .......... .......... .......... 46.6M
   200K .......... .......... .......... .......... ..........  125M
   250K .......... .......... .......... .......... .......... 44.6M
   300K .......... .......... .......... .......... ..........  148M
   350K .......... .......... .......... .......... ..........  102M
   400K .......... .......... .......... .......... ..........  235M
   450K .......... .......... .......... .......... ..........  487M
   500K .......... .......... .......... .......... .......... 36.8M
   550K .......... .......... .......... .......... ..........  382M
   600K .......... .......... .                                 637M=0.01s

2026-07-09 11:32:22 (46.9 MB/s) - ‘/workspace/backups/cindemirlaw.com-20260709-113003/cindemirlaw.com/eu-representative-services-for-non-eu-companies-under-the-gdpr/index.html’ saved [635925]

--2026-07-09 11:32:23--  https://cindemirlaw.com/legal-assistance-for-foreign-lawyers-visiting-prisoners-in-turkey/
Reusing existing connection to cindemirlaw.com:443.
HTTP request sent, awaiting response... 200 OK
Length: unspecified [text/html]
Saving to: ‘/workspace/backups/cindemirlaw.com-20260709-113003/cindemirlaw.com/legal-assistance-for-foreign-lawyers-visiting-prisoners-in-turkey/index.html’

     0K .......... .......... .......... .......... .......... 11.9M
    50K .......... .......... .......... .......... .......... 22.9M
   100K .......... .......... .......... .......... .......... 35.3M
   150K .......... .......... .......... .......... .......... 71.1M
   200K .......... .......... .......... .......... .......... 78.4M
   250K .......... .......... .......... .......... .......... 38.0M
   300K .......... .......... .......... .......... ..........  373M
   350K .......... .......... .......... .......... ..........  341M
   400K .......... .......... .......... .......... ..........  478M
   450K .......... .......... .......... .......... .......... 34.7M
   500K .......... .......... .......... .......... .......... 81.2M
   550K .......... .......... .......... .......... ..........  402M
   600K .......... .......... .....                             450M=0.01s

2026-07-09 11:32:23 (47.9 MB/s) - ‘/workspace/backups/cindemirlaw.com-20260709-113003/cindemirlaw.com/legal-assistance-for-foreign-lawyers-visiting-prisoners-in-turkey/index.html’ saved [640114]

--2026-07-09 11:32:24--  https://cindemirlaw.com/legal-alert-new-regulation-on-timeshare-rights-in-turkey-7-day-minimum-period-introduced/
Reusing existing connection to cindemirlaw.com:443.
HTTP request sent, awaiting response... 200 OK
Length: unspecified [text/html]
Saving to: ‘/workspace/backups/cindemirlaw.com-20260709-113003/cindemirlaw.com/legal-alert-new-regulation-on-timeshare-rights-in-turkey-7-day-minimum-period-introduced/index.html’

     0K .......... .......... .......... .......... .......... 13.9M
    50K .......... .......... .......... .......... .......... 19.8M
   100K .......... .......... .......... .......... .......... 28.7M
   150K .......... .......... .......... .......... .......... 60.9M
   200K .......... .......... .......... .......... .......... 74.3M
   250K .......... .......... .......... .......... .......... 43.6M
   300K .......... .......... .......... .......... ..........  426M
   350K .......... .......... .......... .......... ..........  367M
   400K .......... .......... .......... .......... ..........  161M
   450K .......... .......... .......... .......... .......... 50.3M
   500K .......... .......... .......... .......... ..........  108M
   550K .......... .......... .......... .......... ..........  433M
   600K .......... .......... ..........                       70.6M=0.01s

2026-07-09 11:32:24 (48.2 MB/s) - ‘/workspace/backups/cindemirlaw.com-20260709-113003/cindemirlaw.com/legal-alert-new-regulation-on-timeshare-rights-in-turkey-7-day-minimum-period-introduced/index.html’ saved [646076]

--2026-07-09 11:32:25--  https://cindemirlaw.com/criminal-record-deletion-in-turkey-for-foreign-nationals/
Reusing existing connection to cindemirlaw.com:443.
HTTP request sent, awaiting response... 200 OK
Length: unspecified [text/html]
Saving to: ‘/workspace/backups/cindemirlaw.com-20260709-113003/cindemirlaw.com/criminal-record-deletion-in-turkey-for-foreign-nationals/index.html’

     0K .......... .......... .......... .......... .......... 33.6M
    50K .......... .......... .......... .......... .......... 17.8M
   100K .......... .......... .......... .......... .......... 29.3M
   150K .......... .......... .......... .......... .......... 27.1M
   200K .......... .......... .......... .......... ..........  133M
   250K .......... .......... .......... .......... .......... 74.2M
   300K .......... .......... .......... .......... ..........  147M
   350K .......... .......... .......... .......... .......... 43.9M
   400K .......... .......... .......... .......... ..........  154M
   450K .......... .......... .......... .......... ..........  465M
   500K .......... .......... .......... .......... ..........  526M
   550K .......... .......... .......... .......... ..........  254M
   600K .......... .......... ..........                        561M=0.01s

2026-07-09 11:32:25 (56.6 MB/s) - ‘/workspace/backups/cindemirlaw.com-20260709-113003/cindemirlaw.com/criminal-record-deletion-in-turkey-for-foreign-nationals/index.html’ saved [645693]

--2026-07-09 11:32:26--  https://cindemirlaw.com/assistance-for-foreign-families-supporting-inmates-in-turkish-prisons/
Reusing existing connection to cindemirlaw.com:443.
HTTP request sent, awaiting response... 200 OK
Length: unspecified [text/html]
Saving to: ‘/workspace/backups/cindemirlaw.com-20260709-113003/cindemirlaw.com/assistance-for-foreign-families-supporting-inmates-in-turkish-prisons/index.html’

     0K .......... .......... .......... .......... .......... 11.3M
    50K .......... .......... .......... .......... .......... 23.5M
   100K .......... .......... .......... .......... .......... 28.5M
   150K .......... .......... .......... .......... .......... 20.0M
   200K .......... .......... .......... .......... .......... 28.0M
   250K .......... .......... .......... .......... .......... 19.1M
   300K .......... .......... .......... .......... .......... 25.6M
   350K .......... .......... .......... .......... .......... 22.9M
   400K .......... .......... .......... .......... .......... 24.8M
   450K .......... .......... .......... .......... .......... 84.2M
   500K .......... .......... .......... .......... ..........  245M
   550K .......... .......... .......... .......... .......... 42.4M
   600K .......... .......... .......                          55.3M=0.02s

2026-07-09 11:32:26 (26.3 MB/s) - ‘/workspace/backups/cindemirlaw.com-20260709-113003/cindemirlaw.com/assistance-for-foreign-families-supporting-inmates-in-turkish-prisons/index.html’ saved [642841]

--2026-07-09 11:32:27--  https://cindemirlaw.com/yabanci-uyruklu-hukumlu-ve-tutuklularin-ziyareti-hakkinda-bilgilendirme/
Reusing existing connection to cindemirlaw.com:443.
HTTP request sent, awaiting response... 200 OK
Length: unspecified [text/html]
Saving to: ‘/workspace/backups/cindemirlaw.com-20260709-113003/cindemirlaw.com/yabanci-uyruklu-hukumlu-ve-tutuklularin-ziyareti-hakkinda-bilgilendirme/index.html’

     0K .......... .......... .......... .......... .......... 33.1M
    50K .......... .......... .......... .......... .......... 31.0M
   100K .......... .......... .......... .......... .......... 58.5M
   150K .......... .......... .......... .......... ..........  250M
   200K .......... .......... .......... .......... .......... 78.5M
   250K .......... .......... .......... .......... ..........  453M
   300K .......... .......... .......... .......... ..........  175M
   350K .......... .......... .......... .......... ..........  326M
   400K .......... .......... .......... .......... ..........  174M
   450K .......... .......... .......... .......... ..........  475M
   500K .......... .......... .......... .......... .......... 93.6M
   550K .......... .......... .......... .......... ..........  393M
   600K .......... .......... ........                         5.82M=0.01s

2026-07-09 11:32:27 (55.8 MB/s) - ‘/workspace/backups/cindemirlaw.com-20260709-113003/cindemirlaw.com/yabanci-uyruklu-hukumlu-ve-tutuklularin-ziyareti-hakkinda-bilgilendirme/index.html’ saved [643240]

--2026-07-09 11:32:28--  https://cindemirlaw.com/legal-support-for-visiting-foreign-nationals-in-turkish-prisons/
Reusing existing connection to cindemirlaw.com:443.
HTTP request sent, awaiting response... 200 OK
Length: unspecified [text/html]
Saving to: ‘/workspace/backups/cindemirlaw.com-20260709-113003/cindemirlaw.com/legal-support-for-visiting-foreign-nationals-in-turkish-prisons/index.html’

     0K .......... .......... .......... .......... .......... 27.2M
    50K .......... .......... .......... .......... .......... 26.9M
   100K .......... .......... .......... .......... .......... 23.3M
   150K .......... .......... .......... .......... .......... 50.0M
   200K .......... .......... .......... .......... .......... 9.80M
   250K .......... .......... .......... .......... ..........  342M
   300K .......... .......... .......... .......... ..........  133M
   350K .......... .......... .......... .......... .......... 53.2M
   400K .......... .......... .......... .......... ..........  280M
   450K .......... .......... .......... .......... ..........  325M
   500K .......... .......... .......... .......... ..........  441M
   550K .......... .......... .......... .......... ..........  351M
   600K .......... .......... ........                          883K=0.05s

2026-07-09 11:32:28 (13.4 MB/s) - ‘/workspace/backups/cindemirlaw.com-20260709-113003/cindemirlaw.com/legal-support-for-visiting-foreign-nationals-in-turkish-prisons/index.html’ saved [643493]

--2026-07-09 11:32:29--  https://cindemirlaw.com/legal-visits-in-prison-lawyer-services-for-detainees-and-convicts-in-turkey/
Reusing existing connection to cindemirlaw.com:443.
HTTP request sent, awaiting response... 200 OK
Length: unspecified [text/html]
Saving to: ‘/workspace/backups/cindemirlaw.com-20260709-113003/cindemirlaw.com/legal-visits-in-prison-lawyer-services-for-detainees-and-convicts-in-turkey/index.html’

     0K .......... .......... .......... .......... .......... 12.9M
    50K .......... .......... .......... .......... .......... 20.2M
   100K .......... .......... .......... .......... .......... 34.9M
   150K .......... .......... .......... .......... .......... 51.8M
   200K .......... .......... .......... .......... ..........  512M
   250K .......... .......... .......... .......... .......... 27.5M
   300K .......... .......... .......... .......... ..........  322M
   350K .......... .......... .......... .......... ..........  408M
   400K .......... .......... .......... .......... ..........  314M
   450K .......... .......... .......... .......... ..........  283M
   500K .......... .......... .......... .......... .......... 40.6M
   550K .......... .......... .......... .......... .......... 53.2M
   600K .......... .......... .......... ....                   381M=0.01s

2026-07-09 11:32:29 (46.9 MB/s) - ‘/workspace/backups/cindemirlaw.com-20260709-113003/cindemirlaw.com/legal-visits-in-prison-lawyer-services-for-detainees-and-convicts-in-turkey/index.html’ saved [649551]

--2026-07-09 11:32:29--  https://cindemirlaw.com/legal-risks-in-token-launches-how-crypto-startups-can-stay-compliant-across-jurisdictions/
Reusing existing connection to cindemirlaw.com:443.
HTTP request sent, awaiting response... 200 OK
Length: unspecified [text/html]
Saving to: ‘/workspace/backups/cindemirlaw.com-20260709-113003/cindemirlaw.com/legal-risks-in-token-launches-how-crypto-startups-can-stay-compliant-across-jurisdictions/index.html’

     0K .......... .......... .......... .......... .......... 12.2M
    50K .......... .......... .......... .......... .......... 23.4M
   100K .......... .......... .......... .......... .......... 29.5M
   150K .......... .......... .......... .......... .......... 59.2M
   200K .......... .......... .......... .......... ..........  113M
   250K .......... .......... .......... .......... .......... 67.9M
   300K .......... .......... .......... .......... ..........  184M
   350K .......... .......... .......... .......... ..........  148M
   400K .......... .......... .......... .......... .......... 66.9M
   450K .......... .......... .......... .......... ..........  255M
   500K .......... .......... .......... .......... ..........  125M
   550K .......... .......... .......... .......... .......... 21.9M
   600K .......... .......... .......                           473M=0.01s

2026-07-09 11:32:30 (44.0 MB/s) - ‘/workspace/backups/cindemirlaw.com-20260709-113003/cindemirlaw.com/legal-risks-in-token-launches-how-crypto-startups-can-stay-compliant-across-jurisdictions/index.html’ saved [642683]

--2026-07-09 11:32:31--  https://cindemirlaw.com/new-spk-decision-on-crypto-assets-a-comprehensive-overview-of-regulatory-amendments/
Reusing existing connection to cindemirlaw.com:443.
HTTP request sent, awaiting response... 200 OK
Length: unspecified [text/html]
Saving to: ‘/workspace/backups/cindemirlaw.com-20260709-113003/cindemirlaw.com/new-spk-decision-on-crypto-assets-a-comprehensive-overview-of-regulatory-amendments/index.html’

     0K .......... .......... .......... .......... .......... 11.2M
    50K .......... .......... .......... .......... .......... 31.2M
   100K .......... .......... .......... .......... .......... 21.0M
   150K .......... .......... .......... .......... .......... 23.2M
   200K .......... .......... .......... .......... .......... 30.2M
   250K .......... .......... .......... .......... .......... 74.8M
   300K .......... .......... .......... .......... ..........  507M
   350K .......... .......... .......... .......... .......... 84.5M
   400K .......... .......... .......... .......... .......... 31.3M
   450K .......... .......... .......... .......... ..........  452M
   500K .......... .......... .......... .......... ..........  524M
   550K .......... .......... .......... .......... ..........  430M
   600K .......... .......... .......                          57.3M=0.02s

2026-07-09 11:32:31 (39.2 MB/s) - ‘/workspace/backups/cindemirlaw.com-20260709-113003/cindemirlaw.com/new-spk-decision-on-crypto-assets-a-comprehensive-overview-of-regulatory-amendments/index.html’ saved [642980]

--2026-07-09 11:32:32--  https://cindemirlaw.com/administration-of-crypto-assets-under-turkish-law/
Reusing existing connection to cindemirlaw.com:443.
HTTP request sent, awaiting response... 200 OK
Length: unspecified [text/html]
Saving to: ‘/workspace/backups/cindemirlaw.com-20260709-113003/cindemirlaw.com/administration-of-crypto-assets-under-turkish-law/index.html’

     0K .......... .......... .......... .......... .......... 29.1M
    50K .......... .......... .......... .......... .......... 9.66M
   100K .......... .......... .......... .......... .......... 50.4M
   150K .......... .......... .......... .......... .......... 49.8M
   200K .......... .......... .......... .......... .......... 70.5M
   250K .......... .......... .......... .......... ..........  426M
   300K .......... .......... .......... .......... .......... 80.6M
   350K .......... .......... .......... .......... ..........  409M
   400K .......... .......... .......... .......... .......... 29.5M
   450K .......... .......... .......... .......... ..........  517M
   500K .......... .......... .......... .......... ..........  522M
   550K .......... .......... .......... .......... ..........  329M
   600K .......... .......... .......... ..                    10.0M=0.02s

2026-07-09 11:32:32 (40.2 MB/s) - ‘/workspace/backups/cindemirlaw.com-20260709-113003/cindemirlaw.com/administration-of-crypto-assets-under-turkish-law/index.html’ saved [647549]

--2026-07-09 11:32:33--  https://cindemirlaw.com/crypto-asset-issuers-under-turkish-law/
Reusing existing connection to cindemirlaw.com:443.
HTTP request sent, awaiting response... 200 OK
Length: unspecified [text/html]
Saving to: ‘/workspace/backups/cindemirlaw.com-20260709-113003/cindemirlaw.com/crypto-asset-issuers-under-turkish-law/index.html’

     0K .......... .......... .......... .......... .......... 28.2M
    50K .......... .......... .......... .......... .......... 24.4M
   100K .......... .......... .......... .......... .......... 20.1M
   150K .......... .......... .......... .......... ..........  146M
   200K .......... .......... .......... .......... .......... 42.0M
   250K .......... .......... .......... .......... ..........  430M
   300K .......... .......... .......... .......... .......... 40.0M
   350K .......... .......... .......... .......... ..........  417M
   400K .......... .......... .......... .......... ..........  485M
   450K .......... .......... .......... .......... ..........  523M
   500K .......... .......... .......... .......... .......... 91.1M
   550K .......... .......... .......... .......... ..........  119M
   600K .......... .......... ........                         57.8M=0.01s

2026-07-09 11:32:33 (57.2 MB/s) - ‘/workspace/backups/cindemirlaw.com-20260709-113003/cindemirlaw.com/crypto-asset-issuers-under-turkish-law/index.html’ saved [644029]

--2026-07-09 11:32:34--  https://cindemirlaw.com/market-abuse-in-the-crypto-asset-market-in-turkey/
Reusing existing connection to cindemirlaw.com:443.
HTTP request sent, awaiting response... 200 OK
Length: unspecified [text/html]
Saving to: ‘/workspace/backups/cindemirlaw.com-20260709-113003/cindemirlaw.com/market-abuse-in-the-crypto-asset-market-in-turkey/index.html’

     0K .......... .......... .......... .......... .......... 12.0M
    50K .......... .......... .......... .......... .......... 20.4M
   100K .......... .......... .......... .......... .......... 27.8M
   150K .......... .......... .......... .......... .......... 44.9M
   200K .......... .......... .......... .......... ..........  537M
   250K .......... .......... .......... .......... .......... 36.4M
   300K .......... .......... .......... .......... ..........  526M
   350K .......... .......... .......... .......... ..........  171M
   400K .......... .......... .......... .......... ..........  514M
   450K .......... .......... .......... .......... .......... 28.9M
   500K .......... .......... .......... .......... ..........  199M
   550K .......... .......... .......... .......... ..........  410M
   600K .......... .......... ....                              520M=0.01s

2026-07-09 11:32:34 (45.8 MB/s) - ‘/workspace/backups/cindemirlaw.com-20260709-113003/cindemirlaw.com/market-abuse-in-the-crypto-asset-market-in-turkey/index.html’ saved [639434]

--2026-07-09 11:32:35--  https://cindemirlaw.com/new-crypto-asset-regulation-of-turkey-and-understanding-provisions-related-to-crypto-asset-service-providers-casps/
Reusing existing connection to cindemirlaw.com:443.
HTTP request sent, awaiting response... 200 OK
Length: unspecified [text/html]
Saving to: ‘/workspace/backups/cindemirlaw.com-20260709-113003/cindemirlaw.com/new-crypto-asset-regulation-of-turkey-and-understanding-provisions-related-to-crypto-asset-service-providers-casps/index.html’

     0K .......... .......... .......... .......... .......... 13.1M
    50K .......... .......... .......... .......... .......... 20.2M
   100K .......... .......... .......... .......... .......... 25.8M
   150K .......... .......... .......... .......... .......... 25.5M
   200K .......... .......... .......... .......... ..........  318M
   250K .......... .......... .......... .......... .......... 20.0M
   300K .......... .......... .......... .......... .......... 27.5M
   350K .......... .......... .......... .......... .......... 78.2M
   400K .......... .......... .......... .......... ..........  473M
   450K .......... .......... .......... .......... .......... 51.4M
   500K .......... .......... .......... .......... ..........  100M
   550K .......... .......... .......... .......... ..........  422M
   600K .......... .......... .........                         628M=0.02s

2026-07-09 11:32:35 (37.0 MB/s) - ‘/workspace/backups/cindemirlaw.com-20260709-113003/cindemirlaw.com/new-crypto-asset-regulation-of-turkey-and-understanding-provisions-related-to-crypto-asset-service-providers-casps/index.html’ saved [645091]

--2026-07-09 11:32:36--  https://cindemirlaw.com/regulatory-landscape-for-crypto-asset-trading-platforms-in-turkey/
Reusing existing connection to cindemirlaw.com:443.
HTTP request sent, awaiting response... 200 OK
Length: unspecified [text/html]
Saving to: ‘/workspace/backups/cindemirlaw.com-20260709-113003/cindemirlaw.com/regulatory-landscape-for-crypto-asset-trading-platforms-in-turkey/index.html’

     0K .......... .......... .......... .......... .......... 11.5M
    50K .......... .......... .......... .......... .......... 29.1M
   100K .......... .......... .......... .......... .......... 91.6M
   150K .......... .......... .......... .......... .......... 22.8M
   200K .......... .......... .......... .......... .......... 48.4M
   250K .......... .......... .......... .......... ..........  101M
   300K .......... .......... .......... .......... .......... 30.6M
   350K .......... .......... .......... .......... ..........  470M
   400K .......... .......... .......... .......... .......... 90.8M
   450K .......... .......... .......... .......... .......... 95.4M
   500K .......... .......... .......... .......... ..........  554M
   550K .......... .......... .......... .......... ..........  102M
   600K .......... .......... ..........                       44.8M=0.01s

2026-07-09 11:32:36 (43.7 MB/s) - ‘/workspace/backups/cindemirlaw.com-20260709-113003/cindemirlaw.com/regulatory-landscape-for-crypto-asset-trading-platforms-in-turkey/index.html’ saved [645387]

--2026-07-09 11:32:37--  https://cindemirlaw.com/legal-affidavit-preparation-in-turkey/
Reusing existing connection to cindemirlaw.com:443.
HTTP request sent, awaiting response... 200 OK
Length: unspecified [text/html]
Saving to: ‘/workspace/backups/cindemirlaw.com-20260709-113003/cindemirlaw.com/legal-affidavit-preparation-in-turkey/index.html’

     0K .......... .......... .......... .......... .......... 12.8M
    50K .......... .......... .......... .......... .......... 20.8M
   100K .......... .......... .......... .......... .......... 41.4M
   150K .......... .......... .......... .......... .......... 45.9M
   200K .......... .......... .......... .......... .......... 45.5M
   250K .......... .......... .......... .......... .......... 57.9M
   300K .......... .......... .......... .......... .......... 96.4M
   350K .......... .......... .......... .......... ..........  431M
   400K .......... .......... .......... .......... ..........  146M
   450K .......... .......... .......... .......... ..........  161M
   500K .......... .......... .......... .......... ..........  546M
   550K .......... .......... .......... .......... .......... 81.0M
   600K .......... .......... ..                                440M=0.01s

2026-07-09 11:32:37 (49.4 MB/s) - ‘/workspace/backups/cindemirlaw.com-20260709-113003/cindemirlaw.com/legal-affidavit-preparation-in-turkey/index.html’ saved [637936]

--2026-07-09 11:32:38--  https://cindemirlaw.com/international-death-certificate-form-c-and-procedures-for-obtaining-in-turkey/
Reusing existing connection to cindemirlaw.com:443.
HTTP request sent, awaiting response... 200 OK
Length: unspecified [text/html]
Saving to: ‘/workspace/backups/cindemirlaw.com-20260709-113003/cindemirlaw.com/international-death-certificate-form-c-and-procedures-for-obtaining-in-turkey/index.html’

     0K .......... .......... .......... .......... .......... 12.3M
    50K .......... .......... .......... .......... .......... 28.3M
   100K .......... .......... .......... .......... .......... 23.9M
   150K .......... .......... .......... .......... .......... 35.4M
   200K .......... .......... .......... .......... .......... 82.3M
   250K .......... .......... .......... .......... ..........  132M
   300K .......... .......... .......... .......... ..........  169M
   350K .......... .......... .......... .......... .......... 57.0M
   400K .......... .......... .......... .......... ..........  438M
   450K .......... .......... .......... .......... ..........  120M
   500K .......... .......... .......... .......... ..........  105M
   550K .......... .......... .......... .......... ..........  487M
   600K .......... .......... .......... .......... ..........  515M
   650K ..                                                     4.00T=0.01s

2026-07-09 11:32:38 (51.3 MB/s) - ‘/workspace/backups/cindemirlaw.com-20260709-113003/cindemirlaw.com/international-death-certificate-form-c-and-procedures-for-obtaining-in-turkey/index.html’ saved [667798]

--2026-07-09 11:32:38--  https://cindemirlaw.com/international-marriage-certificate-form-b-turkey-marriage-records/
Reusing existing connection to cindemirlaw.com:443.
HTTP request sent, awaiting response... 200 OK
Length: unspecified [text/html]
Saving to: ‘/workspace/backups/cindemirlaw.com-20260709-113003/cindemirlaw.com/international-marriage-certificate-form-b-turkey-marriage-records/index.html’

     0K .......... .......... .......... .......... .......... 11.8M
    50K .......... .......... .......... .......... .......... 25.0M
   100K .......... .......... .......... .......... .......... 19.5M
   150K .......... .......... .......... .......... .......... 25.8M
   200K .......... .......... .......... .......... .......... 23.1M
   250K .......... .......... .......... .......... ..........  379M
   300K .......... .......... .......... .......... ..........  539M
   350K .......... .......... .......... .......... .......... 34.0M
   400K .......... .......... .......... .......... ..........  301M
   450K .......... .......... .......... .......... ..........  513M
   500K .......... .......... .......... .......... .......... 94.7M
   550K .......... .......... .......... .......... .......... 1.57M
   600K .......... .......... .......... .......                596M=0.05s

2026-07-09 11:32:39 (13.5 MB/s) - ‘/workspace/backups/cindemirlaw.com-20260709-113003/cindemirlaw.com/international-marriage-certificate-form-b-turkey-marriage-records/index.html’ saved [653093]

--2026-07-09 11:32:39--  https://cindemirlaw.com/form-a-document-legal-proof-of-birth-in-turkey-and-application-procedures/
Reusing existing connection to cindemirlaw.com:443.
HTTP request sent, awaiting response... 200 OK
Length: unspecified [text/html]
Saving to: ‘/workspace/backups/cindemirlaw.com-20260709-113003/cindemirlaw.com/form-a-document-legal-proof-of-birth-in-turkey-and-application-procedures/index.html’

     0K .......... .......... .......... .......... .......... 13.0M
    50K .......... .......... .......... .......... .......... 23.0M
   100K .......... .......... .......... .......... .......... 37.6M
   150K .......... .......... .......... .......... .......... 25.6M
   200K .......... .......... .......... .......... .......... 18.4M
   250K .......... .......... .......... .......... ..........  108M
   300K .......... .......... .......... .......... ..........  106M
   350K .......... .......... .......... .......... .......... 57.3M
   400K .......... .......... .......... .......... ..........  506M
   450K .......... .......... .......... .......... .......... 80.1M
   500K .......... .......... .......... .......... ..........  565M
   550K .......... .......... .......... .......... ..........  200M
   600K .......... .......... .                                 643M=0.01s

2026-07-09 11:32:40 (41.6 MB/s) - ‘/workspace/backups/cindemirlaw.com-20260709-113003/cindemirlaw.com/form-a-document-legal-proof-of-birth-in-turkey-and-application-procedures/index.html’ saved [636375]

--2026-07-09 11:32:40--  https://cindemirlaw.com/starting-a-company-in-turkey-a-comprehensive-guide-for-entrepreneurs/
Reusing existing connection to cindemirlaw.com:443.
HTTP request sent, awaiting response... 200 OK
Length: unspecified [text/html]
Saving to: ‘/workspace/backups/cindemirlaw.com-20260709-113003/cindemirlaw.com/starting-a-company-in-turkey-a-comprehensive-guide-for-entrepreneurs/index.html’

     0K .......... .......... .......... .......... .......... 12.4M
    50K .......... .......... .......... .......... .......... 36.7M
   100K .......... .......... .......... .......... .......... 23.8M
   150K .......... .......... .......... .......... .......... 37.4M
   200K .......... .......... .......... .......... .......... 81.3M
   250K .......... .......... .......... .......... ..........  123M
   300K .......... .......... .......... .......... ..........  112M
   350K .......... .......... .......... .......... .......... 62.4M
   400K .......... .......... .......... .......... ..........  176M
   450K .......... .......... .......... .......... ..........  178M
   500K .......... .......... .......... .......... ..........  490M
   550K .......... .......... .......... .......... ..........  181M
   600K .......... .......... ..                                656M=0.01s

2026-07-09 11:32:41 (51.5 MB/s) - ‘/workspace/backups/cindemirlaw.com-20260709-113003/cindemirlaw.com/starting-a-company-in-turkey-a-comprehensive-guide-for-entrepreneurs/index.html’ saved [637060]

--2026-07-09 11:32:41--  https://cindemirlaw.com/overcoming-the-5-year-entry-ban-in-turkey-a-path-to-redemption/
Reusing existing connection to cindemirlaw.com:443.
HTTP request sent, awaiting response... 200 OK
Length: unspecified [text/html]
Saving to: ‘/workspace/backups/cindemirlaw.com-20260709-113003/cindemirlaw.com/overcoming-the-5-year-entry-ban-in-turkey-a-path-to-redemption/index.html’

     0K .......... .......... .......... .......... .......... 2.81M
    50K .......... .......... .......... .......... .......... 83.5M
   100K .......... .......... .......... .......... .......... 21.3M
   150K .......... .......... .......... .......... .......... 26.1M
   200K .......... .......... .......... .......... .......... 63.6M
   250K .......... .......... .......... .......... .......... 70.8M
   300K .......... .......... .......... .......... .......... 97.7M
   350K .......... .......... .......... .......... .......... 97.1M
   400K .......... .......... .......... .......... ..........  497M
   450K .......... .......... .......... .......... ..........  468M
   500K .......... .......... .......... .......... ..........  445M
   550K .......... .......... .......... .......... .......... 30.3M
   600K .......... .......... .......... .....                  168M=0.03s

2026-07-09 11:32:42 (23.2 MB/s) - ‘/workspace/backups/cindemirlaw.com-20260709-113003/cindemirlaw.com/overcoming-the-5-year-entry-ban-in-turkey-a-path-to-redemption/index.html’ saved [650429]

--2026-07-09 11:32:42--  https://cindemirlaw.com/inheritance-contracts-under-turkish-civil-code/
Reusing existing connection to cindemirlaw.com:443.
HTTP request sent, awaiting response... 200 OK
Length: unspecified [text/html]
Saving to: ‘/workspace/backups/cindemirlaw.com-20260709-113003/cindemirlaw.com/inheritance-contracts-under-turkish-civil-code/index.html’

     0K .......... .......... .......... .......... .......... 11.2M
    50K .......... .......... .......... .......... .......... 23.8M
   100K .......... .......... .......... .......... .......... 12.0M
   150K .......... .......... .......... .......... .......... 21.4M
   200K .......... .......... .......... .......... .......... 11.1M
   250K .......... .......... .......... .......... .......... 26.3M
   300K .......... .......... .......... .......... .......... 11.8M
   350K .......... .......... .......... .......... .......... 18.8M
   400K .......... .......... .......... .......... .......... 13.5M
   450K .......... .......... .......... .......... .......... 21.4M
   500K .......... .......... .......... .......... .......... 12.0M
   550K .......... .......... .......... .......... .......... 17.8M
   600K .......... .......... .......... .....                 15.7M=0.04s

2026-07-09 11:32:43 (15.3 MB/s) - ‘/workspace/backups/cindemirlaw.com-20260709-113003/cindemirlaw.com/inheritance-contracts-under-turkish-civil-code/index.html’ saved [650519]

--2026-07-09 11:32:43--  https://cindemirlaw.com/can-russian-establish-a-company-in-turkey/
Reusing existing connection to cindemirlaw.com:443.
HTTP request sent, awaiting response... 200 OK
Length: unspecified [text/html]
Saving to: ‘/workspace/backups/cindemirlaw.com-20260709-113003/cindemirlaw.com/can-russian-establish-a-company-in-turkey/index.html’

     0K .......... .......... .......... .......... .......... 13.7M
    50K .......... .......... .......... .......... .......... 23.6M
   100K .......... .......... .......... .......... .......... 24.9M
   150K .......... .......... .......... .......... ..........  101M
   200K .......... .......... .......... .......... ..........  565M
   250K .......... .......... .......... .......... .......... 50.8M
   300K .......... .......... .......... .......... .......... 75.1M
   350K .......... .......... .......... .......... ..........  213M
   400K .......... .......... .......... .......... ..........  407M
   450K .......... .......... .......... .......... ..........  399M
   500K .......... .......... .......... .......... .......... 61.4M
   550K .......... .......... .......... .......... .......... 72.5M
   600K .......... .......... .......... ......                 577M=0.01s

2026-07-09 11:32:44 (52.8 MB/s) - ‘/workspace/backups/cindemirlaw.com-20260709-113003/cindemirlaw.com/can-russian-establish-a-company-in-turkey/index.html’ saved [652253]

--2026-07-09 11:32:44--  https://cindemirlaw.com/compulsory-earthquake-insurance-in-turkey-compensation-claim/
Reusing existing connection to cindemirlaw.com:443.
HTTP request sent, awaiting response... 200 OK
Length: unspecified [text/html]
Saving to: ‘/workspace/backups/cindemirlaw.com-20260709-113003/cindemirlaw.com/compulsory-earthquake-insurance-in-turkey-compensation-claim/index.html’

     0K .......... .......... .......... .......... .......... 13.6M
    50K .......... .......... .......... .......... .......... 18.0M
   100K .......... .......... .......... .......... ..........  111M
   150K .......... .......... .......... .......... .......... 21.9M
   200K .......... .......... .......... .......... .......... 53.2M
   250K .......... .......... .......... .......... .......... 50.5M
   300K .......... .......... .......... .......... ..........  473M
   350K .......... .......... .......... .......... .......... 41.2M
   400K .......... .......... .......... .......... ..........  388M
   450K .......... .......... .......... .......... .......... 72.0M
   500K .......... .......... .......... .......... ..........  446M
   550K .......... .......... .......... .......... ..........  466M
   600K .......... .......... .......... ........               510M=0.01s

2026-07-09 11:32:44 (47.1 MB/s) - ‘/workspace/backups/cindemirlaw.com-20260709-113003/cindemirlaw.com/compulsory-earthquake-insurance-in-turkey-compensation-claim/index.html’ saved [654056]

--2026-07-09 11:32:45--  https://cindemirlaw.com/institutionalized-nominee-director/
Reusing existing connection to cindemirlaw.com:443.
HTTP request sent, awaiting response... 200 OK
Length: unspecified [text/html]
Saving to: ‘/workspace/backups/cindemirlaw.com-20260709-113003/cindemirlaw.com/institutionalized-nominee-director/index.html’

     0K .......... .......... .......... .......... .......... 24.2M
    50K .......... .......... .......... .......... .......... 35.8M
   100K .......... .......... .......... .......... .......... 17.3M
   150K .......... .......... .......... .......... .......... 30.2M
   200K .......... .......... .......... .......... ..........  332M
   250K .......... .......... .......... .......... .......... 70.5M
   300K .......... .......... .......... .......... ..........  527M
   350K .......... .......... .......... .......... .......... 30.1M
   400K .......... .......... .......... .......... ..........  516M
   450K .......... .......... .......... .......... ..........  541M
   500K .......... .......... .......... .......... ..........  415M
   550K .......... .......... .......... .......... ..........  461M
   600K .......... .......... ..........                        676M=0.01s

2026-07-09 11:32:45 (56.9 MB/s) - ‘/workspace/backups/cindemirlaw.com-20260709-113003/cindemirlaw.com/institutionalized-nominee-director/index.html’ saved [646033]

--2026-07-09 11:32:45--  https://cindemirlaw.com/how-to-establish-a-limited-partnership-in-turkey/
Reusing existing connection to cindemirlaw.com:443.
HTTP request sent, awaiting response... 200 OK
Length: unspecified [text/html]
Saving to: ‘/workspace/backups/cindemirlaw.com-20260709-113003/cindemirlaw.com/how-to-establish-a-limited-partnership-in-turkey/index.html’

     0K .......... .......... .......... .......... .......... 14.9M
    50K .......... .......... .......... .......... .......... 21.3M
   100K .......... .......... .......... .......... .......... 21.5M
   150K .......... .......... .......... .......... .......... 11.3M
   200K .......... .......... .......... .......... .......... 24.8M
   250K .......... .......... .......... .......... ..........  462M
   300K .......... .......... .......... .......... .......... 30.1M
   350K .......... .......... .......... .......... .......... 98.3M
   400K .......... .......... .......... .......... .......... 30.9M
   450K .......... .......... .......... .......... ..........  337M
   500K .......... .......... .......... .......... ..........  544M
   550K .......... .......... .......... .......... ..........  445M
   600K .......... .......... ...                              56.8M=0.02s

2026-07-09 11:32:46 (32.6 MB/s) - ‘/workspace/backups/cindemirlaw.com-20260709-113003/cindemirlaw.com/how-to-establish-a-limited-partnership-in-turkey/index.html’ saved [638021]

--2026-07-09 11:32:46--  https://cindemirlaw.com/free-trade-zone-company-in-turkey/
Reusing existing connection to cindemirlaw.com:443.
HTTP request sent, awaiting response... 200 OK
Length: unspecified [text/html]
Saving to: ‘/workspace/backups/cindemirlaw.com-20260709-113003/cindemirlaw.com/free-trade-zone-company-in-turkey/index.html’

     0K .......... .......... .......... .......... .......... 15.1M
    50K .......... .......... .......... .......... .......... 19.2M
   100K .......... .......... .......... .......... .......... 29.5M
   150K .......... .......... .......... .......... ..........  132M
   200K .......... .......... .......... .......... .......... 32.5M
   250K .......... .......... .......... .......... ..........  372M
   300K .......... .......... .......... .......... ..........  446M
   350K .......... .......... .......... .......... ..........  144M
   400K .......... .......... .......... .......... .......... 64.0M
   450K .......... .......... .......... .......... ..........  371M
   500K .......... .......... .......... .......... ..........  325M
   550K .......... .......... .......... .......... ..........  124M
   600K .......... .......... .......... ........               536M=0.01s

2026-07-09 11:32:47 (54.7 MB/s) - ‘/workspace/backups/cindemirlaw.com-20260709-113003/cindemirlaw.com/free-trade-zone-company-in-turkey/index.html’ saved [653636]

--2026-07-09 11:32:47--  https://cindemirlaw.com/obtaining-a-criminal-record-certificate-in-turkey-a-step-by-step-guide/
Reusing existing connection to cindemirlaw.com:443.
HTTP request sent, awaiting response... 200 OK
Length: unspecified [text/html]
Saving to: ‘/workspace/backups/cindemirlaw.com-20260709-113003/cindemirlaw.com/obtaining-a-criminal-record-certificate-in-turkey-a-step-by-step-guide/index.html’

     0K .......... .......... .......... .......... .......... 21.8M
    50K .......... .......... .......... .......... .......... 25.8M
   100K .......... .......... .......... .......... .......... 31.2M
   150K .......... .......... .......... .......... .......... 79.6M
   200K .......... .......... .......... .......... .......... 65.1M
   250K .......... .......... .......... .......... .......... 32.6M
   300K .......... .......... .......... .......... ..........  111M
   350K .......... .......... .......... .......... ..........  316M
   400K .......... .......... .......... .......... ..........  453M
   450K .......... .......... .......... .......... .......... 90.6M
   500K .......... .......... .......... .......... ..........  104M
   550K .......... .......... .......... .......... ..........  132M
   600K .......... .......... .......... .........              601M=0.01s

2026-07-09 11:32:47 (58.4 MB/s) - ‘/workspace/backups/cindemirlaw.com-20260709-113003/cindemirlaw.com/obtaining-a-criminal-record-certificate-in-turkey-a-step-by-step-guide/index.html’ saved [654900]

--2026-07-09 11:32:48--  https://cindemirlaw.com/liquidation-in-turkey/
Reusing existing connection to cindemirlaw.com:443.
HTTP request sent, awaiting response... 200 OK
Length: unspecified [text/html]
Saving to: ‘/workspace/backups/cindemirlaw.com-20260709-113003/cindemirlaw.com/liquidation-in-turkey/index.html’

     0K .......... .......... .......... .......... .......... 12.1M
    50K .......... .......... .......... .......... .......... 29.7M
   100K .......... .......... .......... .......... .......... 30.6M
   150K .......... .......... .......... .......... .......... 27.2M
   200K .......... .......... .......... .......... .......... 27.0M
   250K .......... .......... .......... .......... .......... 48.4M
   300K .......... .......... .......... .......... ..........  449M
   350K .......... .......... .......... .......... .......... 72.2M
   400K .......... .......... .......... .......... ..........  165M
   450K .......... .......... .......... .......... ..........  187M
   500K .......... .......... .......... .......... ..........  412M
   550K .......... .......... .......... .......... ..........  406M
   600K .......... .......... .......... ...                   9.26M=0.02s

2026-07-09 11:32:48 (36.4 MB/s) - ‘/workspace/backups/cindemirlaw.com-20260709-113003/cindemirlaw.com/liquidation-in-turkey/index.html’ saved [648194]

--2026-07-09 11:32:49--  https://cindemirlaw.com/nft-law-in-turkey/
Reusing existing connection to cindemirlaw.com:443.
HTTP request sent, awaiting response... 200 OK
Length: unspecified [text/html]
Saving to: ‘/workspace/backups/cindemirlaw.com-20260709-113003/cindemirlaw.com/nft-law-in-turkey/index.html’

     0K .......... .......... .......... .......... .......... 11.6M
    50K .......... .......... .......... .......... .......... 8.40M
   100K .......... .......... .......... .......... .......... 20.8M
   150K .......... .......... .......... .......... .......... 20.6M
   200K .......... .......... .......... .......... ..........  351M
   250K .......... .......... .......... .......... .......... 37.5M
   300K .......... .......... .......... .......... ..........  342M
   350K .......... .......... .......... .......... .......... 85.4M
   400K .......... .......... .......... .......... ..........  427M
   450K .......... .......... .......... .......... ..........  131M
   500K .......... .......... .......... .......... .......... 35.9M
   550K .......... .......... .......... .......... ..........  455M
   600K .......... .......... .......... .                      477M=0.02s

2026-07-09 11:32:50 (32.6 MB/s) - ‘/workspace/backups/cindemirlaw.com-20260709-113003/cindemirlaw.com/nft-law-in-turkey/index.html’ saved [646968]

--2026-07-09 11:32:50--  https://cindemirlaw.com/escrow-in-turkey/
Reusing existing connection to cindemirlaw.com:443.
HTTP request sent, awaiting response... 200 OK
Length: unspecified [text/html]
Saving to: ‘/workspace/backups/cindemirlaw.com-20260709-113003/cindemirlaw.com/escrow-in-turkey/index.html’

     0K .......... .......... .......... .......... .......... 13.7M
    50K .......... .......... .......... .......... .......... 19.8M
   100K .......... .......... .......... .......... .......... 43.8M
   150K .......... .......... .......... .......... .......... 22.7M
   200K .......... .......... .......... .......... .......... 61.0M
   250K .......... .......... .......... .......... .......... 22.9M
   300K .......... .......... .......... .......... .......... 35.3M
   350K .......... .......... .......... .......... ..........  245M
   400K .......... .......... .......... .......... .......... 84.5M
   450K .......... .......... .......... .......... ..........  443M
   500K .......... .......... .......... .......... .......... 50.7M
   550K .......... .......... .......... .......... .......... 88.7M
   600K .......... .......... ..                                613M=0.02s

2026-07-09 11:32:51 (37.9 MB/s) - ‘/workspace/backups/cindemirlaw.com-20260709-113003/cindemirlaw.com/escrow-in-turkey/index.html’ saved [637801]

--2026-07-09 11:32:51--  https://cindemirlaw.com/nominee-director-in-turkey/
Reusing existing connection to cindemirlaw.com:443.
HTTP request sent, awaiting response... 200 OK
Length: unspecified [text/html]
Saving to: ‘/workspace/backups/cindemirlaw.com-20260709-113003/cindemirlaw.com/nominee-director-in-turkey/index.html’

     0K .......... .......... .......... .......... .......... 13.7M
    50K .......... .......... .......... .......... .......... 25.9M
   100K .......... .......... .......... .......... .......... 22.7M
   150K .......... .......... .......... .......... .......... 23.6M
   200K .......... .......... .......... .......... .......... 22.6M
   250K .......... .......... .......... .......... .......... 27.0M
   300K .......... .......... .......... .......... .......... 22.4M
   350K .......... .......... .......... .......... .......... 26.8M
   400K .......... .......... .......... .......... .......... 21.3M
   450K .......... .......... .......... .......... .......... 36.0M
   500K .......... .......... .......... .......... .......... 20.6M
   550K .......... .......... .......... .......... .......... 27.3M
   600K .......... .......... .......                          13.1M=0.03s

2026-07-09 11:32:52 (22.3 MB/s) - ‘/workspace/backups/cindemirlaw.com-20260709-113003/cindemirlaw.com/nominee-director-in-turkey/index.html’ saved [642321]

--2026-07-09 11:32:52--  https://cindemirlaw.com/bank-account-opening-in-turkey-for-russian-companies/
Reusing existing connection to cindemirlaw.com:443.
HTTP request sent, awaiting response... 200 OK
Length: unspecified [text/html]
Saving to: ‘/workspace/backups/cindemirlaw.com-20260709-113003/cindemirlaw.com/bank-account-opening-in-turkey-for-russian-companies/index.html’

     0K .......... .......... .......... .......... .......... 11.9M
    50K .......... .......... .......... .......... .......... 18.8M
   100K .......... .......... .......... .......... .......... 29.4M
   150K .......... .......... .......... .......... ..........  396M
   200K .......... .......... .......... .......... ..........  126M
   250K .......... .......... .......... .......... .......... 24.5M
   300K .......... .......... .......... .......... ..........  507M
   350K .......... .......... .......... .......... ..........  111M
   400K .......... .......... .......... .......... ..........  497M
   450K .......... .......... .......... .......... .......... 61.7M
   500K .......... .......... .......... .......... .......... 74.9M
   550K .......... .......... .......... .......... ..........  365M
   600K .......... ..........                                   614M=0.01s

2026-07-09 11:32:53 (46.3 MB/s) - ‘/workspace/backups/cindemirlaw.com-20260709-113003/cindemirlaw.com/bank-account-opening-in-turkey-for-russian-companies/index.html’ saved [635379]

--2026-07-09 11:32:53--  https://cindemirlaw.com/sexual-assault-in-turkey/
Reusing existing connection to cindemirlaw.com:443.
HTTP request sent, awaiting response... 200 OK
Length: unspecified [text/html]
Saving to: ‘/workspace/backups/cindemirlaw.com-20260709-113003/cindemirlaw.com/sexual-assault-in-turkey/index.html’

     0K .......... .......... .......... .......... .......... 24.3M
    50K .......... .......... .......... .......... .......... 47.9M
   100K .......... .......... .......... .......... .......... 31.0M
   150K .......... .......... .......... .......... .......... 37.8M
   200K .......... .......... .......... .......... .......... 34.6M
   250K .......... .......... .......... .......... .......... 47.6M
   300K .......... .......... .......... .......... .......... 61.4M
   350K .......... .......... .......... .......... .......... 31.6M
   400K .......... .......... .......... .......... ..........  498M
   450K .......... .......... .......... .......... .......... 53.7M
   500K .......... .......... .......... .......... ..........  440M
   550K .......... .......... .......... .......... ..........  405M
   600K .......... .......... .......... ...                    470M=0.01s

2026-07-09 11:32:54 (51.6 MB/s) - ‘/workspace/backups/cindemirlaw.com-20260709-113003/cindemirlaw.com/sexual-assault-in-turkey/index.html’ saved [648652]

--2026-07-09 11:32:54--  https://cindemirlaw.com/offences-of-bodily-harm-under-turkish-law/
Reusing existing connection to cindemirlaw.com:443.
HTTP request sent, awaiting response... 200 OK
Length: unspecified [text/html]
Saving to: ‘/workspace/backups/cindemirlaw.com-20260709-113003/cindemirlaw.com/offences-of-bodily-harm-under-turkish-law/index.html’

     0K .......... .......... .......... .......... .......... 12.6M
    50K .......... .......... .......... .......... .......... 24.9M
   100K .......... .......... .......... .......... .......... 30.8M
   150K .......... .......... .......... .......... .......... 37.6M
   200K .......... .......... .......... .......... .......... 95.2M
   250K .......... .......... .......... .......... .......... 80.2M
   300K .......... .......... .......... .......... ..........  469M
   350K .......... .......... .......... .......... ..........  155M
   400K .......... .......... .......... .......... .......... 39.8M
   450K .......... .......... .......... .......... ..........  461M
   500K .......... .......... .......... .......... ..........  502M
   550K .......... .......... .......... .......... ..........  200M
   600K .......... .......... .......... .                     89.3M=0.01s

2026-07-09 11:32:54 (50.2 MB/s) - ‘/workspace/backups/cindemirlaw.com-20260709-113003/cindemirlaw.com/offences-of-bodily-harm-under-turkish-law/index.html’ saved [646446]

--2026-07-09 11:32:55--  https://cindemirlaw.com/labor-contract-termination-with-just-cause/
Reusing existing connection to cindemirlaw.com:443.
HTTP request sent, awaiting response... 200 OK
Length: unspecified [text/html]
Saving to: ‘/workspace/backups/cindemirlaw.com-20260709-113003/cindemirlaw.com/labor-contract-termination-with-just-cause/index.html’

     0K .......... .......... .......... .......... .......... 12.6M
    50K .......... .......... .......... .......... .......... 19.7M
   100K .......... .......... .......... .......... .......... 23.5M
   150K .......... .......... .......... .......... .......... 27.8M
   200K .......... .......... .......... .......... .......... 20.2M
   250K .......... .......... .......... .......... .......... 27.6M
   300K .......... .......... .......... .......... .......... 16.4M
   350K .......... .......... .......... .......... .......... 26.6M
   400K .......... .......... .......... .......... .......... 23.2M
   450K .......... .......... .......... .......... ..........  123M
   500K .......... .......... .......... .......... ..........  325M
   550K .......... .......... .......... .......... .......... 44.4M
   600K .......... .......... .......... ......                47.4M=0.02s

2026-07-09 11:32:55 (26.2 MB/s) - ‘/workspace/backups/cindemirlaw.com-20260709-113003/cindemirlaw.com/labor-contract-termination-with-just-cause/index.html’ saved [651805]

--2026-07-09 11:32:56--  https://cindemirlaw.com/re-employment-lawsuit/
Reusing existing connection to cindemirlaw.com:443.
HTTP request sent, awaiting response... 200 OK
Length: unspecified [text/html]
Saving to: ‘/workspace/backups/cindemirlaw.com-20260709-113003/cindemirlaw.com/re-employment-lawsuit/index.html’

     0K .......... .......... .......... .......... .......... 13.7M
    50K .......... .......... .......... .......... .......... 27.9M
   100K .......... .......... .......... .......... .......... 20.2M
   150K .......... .......... .......... .......... .......... 34.0M
   200K .......... .......... .......... .......... .......... 79.9M
   250K .......... .......... .......... .......... ..........  142M
   300K .......... .......... .......... .......... ..........  203M
   350K .......... .......... .......... .......... .......... 47.7M
   400K .......... .......... .......... .......... ..........  145M
   450K .......... .......... .......... .......... ..........  187M
   500K .......... .......... .......... .......... .......... 88.6M
   550K .......... .......... .......... .......... ..........  321M
   600K .......... .......... .......... .                      520M=0.01s

2026-07-09 11:32:56 (48.4 MB/s) - ‘/workspace/backups/cindemirlaw.com-20260709-113003/cindemirlaw.com/re-employment-lawsuit/index.html’ saved [647082]

--2026-07-09 11:32:57--  https://cindemirlaw.com/termination-of-employment-under-turkish-law/
Reusing existing connection to cindemirlaw.com:443.
HTTP request sent, awaiting response... 200 OK
Length: unspecified [text/html]
Saving to: ‘/workspace/backups/cindemirlaw.com-20260709-113003/cindemirlaw.com/termination-of-employment-under-turkish-law/index.html’

     0K .......... .......... .......... .......... .......... 15.4M
    50K .......... .......... .......... .......... .......... 1.96M
   100K .......... .......... .......... .......... .......... 25.3M
   150K .......... .......... .......... .......... .......... 23.6M
   200K .......... .......... .......... .......... ..........  335M
   250K .......... .......... .......... .......... .......... 20.9M
   300K .......... .......... .......... .......... ..........  541M
   350K .......... .......... .......... .......... ..........  420M
   400K .......... .......... .......... .......... .......... 97.5M
   450K .......... .......... .......... .......... ..........  438M
   500K .......... .......... .......... .......... .......... 63.9M
   550K .......... .......... .......... .......... ..........  428M
   600K .......... .......... .......... ....                  83.3M=0.04s

2026-07-09 11:32:57 (16.9 MB/s) - ‘/workspace/backups/cindemirlaw.com-20260709-113003/cindemirlaw.com/termination-of-employment-under-turkish-law/index.html’ saved [649490]

--2026-07-09 11:32:58--  https://cindemirlaw.com/intentional-killing-under-turkish-law/
Reusing existing connection to cindemirlaw.com:443.
HTTP request sent, awaiting response... 200 OK
Length: unspecified [text/html]
Saving to: ‘/workspace/backups/cindemirlaw.com-20260709-113003/cindemirlaw.com/intentional-killing-under-turkish-law/index.html’

     0K .......... .......... .......... .......... .......... 14.1M
    50K .......... .......... .......... .......... .......... 20.8M
   100K .......... .......... .......... .......... .......... 37.7M
   150K .......... .......... .......... .......... .......... 17.3M
   200K .......... .......... .......... .......... .......... 88.8M
   250K .......... .......... .......... .......... .......... 31.3M
   300K .......... .......... .......... .......... .......... 34.4M
   350K .......... .......... .......... .......... .......... 68.6M
   400K .......... .......... .......... .......... ..........  526M
   450K .......... .......... .......... .......... .......... 31.4M
   500K .......... .......... .......... .......... ..........  484M
   550K .......... .......... .......... .......... ..........  233M
   600K .......... .......... .......... .......... ..........  543M
   650K ..........                                              718M=0.02s

2026-07-09 11:32:58 (39.7 MB/s) - ‘/workspace/backups/cindemirlaw.com-20260709-113003/cindemirlaw.com/intentional-killing-under-turkish-law/index.html’ saved [676527]

--2026-07-09 11:32:59--  https://cindemirlaw.com/migrant-smuggling-and-human-trafficking-under-turkish-law/
Reusing existing connection to cindemirlaw.com:443.
HTTP request sent, awaiting response... 200 OK
Length: unspecified [text/html]
Saving to: ‘/workspace/backups/cindemirlaw.com-20260709-113003/cindemirlaw.com/migrant-smuggling-and-human-trafficking-under-turkish-law/index.html’

     0K .......... .......... .......... .......... .......... 28.2M
    50K .......... .......... .......... .......... .......... 38.0M
   100K .......... .......... .......... .......... .......... 63.3M
   150K .......... .......... .......... .......... .......... 39.0M
   200K .......... .......... .......... .......... .......... 43.3M
   250K .......... .......... .......... .......... ..........  329M
   300K .......... .......... .......... .......... .......... 59.4M
   350K .......... .......... .......... .......... ..........  209M
   400K .......... .......... .......... .......... ..........  230M
   450K .......... .......... .......... .......... .......... 59.9M
   500K .......... .......... .......... .......... ..........  309M
   550K .......... .......... .......... .......... ..........  359M
   600K .......... .........                                    408M=0.009s

2026-07-09 11:32:59 (69.3 MB/s) - ‘/workspace/backups/cindemirlaw.com-20260709-113003/cindemirlaw.com/migrant-smuggling-and-human-trafficking-under-turkish-law/index.html’ saved [634804]

--2026-07-09 11:33:00--  https://cindemirlaw.com/privacy-policy-in-turkish-law/
Reusing existing connection to cindemirlaw.com:443.
HTTP request sent, awaiting response... 200 OK
Length: unspecified [text/html]
Saving to: ‘/workspace/backups/cindemirlaw.com-20260709-113003/cindemirlaw.com/privacy-policy-in-turkish-law/index.html’

     0K .......... .......... .......... .......... .......... 13.2M
    50K .......... .......... .......... .......... .......... 21.6M
   100K .......... .......... .......... .......... .......... 26.5M
   150K .......... .......... .......... .......... .......... 27.4M
   200K .......... .......... .......... .......... .......... 19.1M
   250K .......... .......... .......... .......... .......... 31.3M
   300K .......... .......... .......... .......... ..........  134M
   350K .......... .......... .......... .......... ..........  140M
   400K .......... .......... .......... .......... .......... 49.4M
   450K .......... .......... .......... .......... .......... 85.6M
   500K .......... .......... .......... .......... ..........  180M
   550K .......... .......... .......... .......... ..........  275M
   600K .......... .......... .........                         503M=0.02s

2026-07-09 11:33:01 (37.3 MB/s) - ‘/workspace/backups/cindemirlaw.com-20260709-113003/cindemirlaw.com/privacy-policy-in-turkish-law/index.html’ saved [644310]

--2026-07-09 11:33:01--  https://cindemirlaw.com/internet-blackmail-and-turkish-criminal-law/
Reusing existing connection to cindemirlaw.com:443.
HTTP request sent, awaiting response... 200 OK
Length: unspecified [text/html]
Saving to: ‘/workspace/backups/cindemirlaw.com-20260709-113003/cindemirlaw.com/internet-blackmail-and-turkish-criminal-law/index.html’

     0K .......... .......... .......... .......... .......... 12.7M
    50K .......... .......... .......... .......... .......... 26.3M
   100K .......... .......... .......... .......... .......... 29.0M
   150K .......... .......... .......... .......... ..........  317M
   200K .......... .......... .......... .......... ..........  130M
   250K .......... .......... .......... .......... .......... 53.2M
   300K .......... .......... .......... .......... .......... 50.9M
   350K .......... .......... .......... .......... .......... 67.7M
   400K .......... .......... .......... .......... ..........  409M
   450K .......... .......... .......... .......... ..........  118M
   500K .......... .......... .......... .......... ..........  346M
   550K .......... .......... .......... .......... .......... 51.9M
   600K .......... .......... .........                         523M=0.01s

2026-07-09 11:33:02 (50.4 MB/s) - ‘/workspace/backups/cindemirlaw.com-20260709-113003/cindemirlaw.com/internet-blackmail-and-turkish-criminal-law/index.html’ saved [644114]

--2026-07-09 11:33:02--  https://cindemirlaw.com/establishing-a-branch-in-turkey-2/
Reusing existing connection to cindemirlaw.com:443.
HTTP request sent, awaiting response... 200 OK
Length: unspecified [text/html]
Saving to: ‘/workspace/backups/cindemirlaw.com-20260709-113003/cindemirlaw.com/establishing-a-branch-in-turkey-2/index.html’

     0K .......... .......... .......... .......... .......... 30.0M
    50K .......... .......... .......... .......... .......... 86.9M
   100K .......... .......... .......... .......... .......... 29.3M
   150K .......... .......... .......... .......... .......... 17.3M
   200K .......... .......... .......... .......... .......... 93.1M
   250K .......... .......... .......... .......... .......... 59.5M
   300K .......... .......... .......... .......... ..........  536M
   350K .......... .......... .......... .......... .......... 51.0M
   400K .......... .......... .......... .......... ..........  141M
   450K .......... .......... .......... .......... ..........  560M
   500K .......... .......... .......... .......... ..........  547M
   550K .......... .......... .......... .......... ..........  164M
   600K .......... ..........                                   623M=0.01s

2026-07-09 11:33:03 (61.0 MB/s) - ‘/workspace/backups/cindemirlaw.com-20260709-113003/cindemirlaw.com/establishing-a-branch-in-turkey-2/index.html’ saved [635461]

--2026-07-09 11:33:04--  https://cindemirlaw.com/what-are-the-limitations-of-a-will-under-turkish-law/
Reusing existing connection to cindemirlaw.com:443.
HTTP request sent, awaiting response... 200 OK
Length: unspecified [text/html]
Saving to: ‘/workspace/backups/cindemirlaw.com-20260709-113003/cindemirlaw.com/what-are-the-limitations-of-a-will-under-turkish-law/index.html’

     0K .......... .......... .......... .......... .......... 12.7M
    50K .......... .......... .......... .......... .......... 19.8M
   100K .......... .......... .......... .......... .......... 31.3M
   150K .......... .......... .......... .......... .......... 57.9M
   200K .......... .......... .......... .......... ..........  473M
   250K .......... .......... .......... .......... .......... 41.5M
   300K .......... .......... .......... .......... .......... 84.2M
   350K .......... .......... .......... .......... ..........  367M
   400K .......... .......... .......... .......... ..........  459M
   450K .......... .......... .......... .......... ..........  103M
   500K .......... .......... .......... .......... ..........  306M
   550K .......... .......... .......... .......... .......... 72.3M
   600K .......... .......... .......... .                      298M=0.01s

2026-07-09 11:33:04 (50.5 MB/s) - ‘/workspace/backups/cindemirlaw.com-20260709-113003/cindemirlaw.com/what-are-the-limitations-of-a-will-under-turkish-law/index.html’ saved [646475]

--2026-07-09 11:33:05--  https://cindemirlaw.com/liaison-offices-in-turkey/
Reusing existing connection to cindemirlaw.com:443.
HTTP request sent, awaiting response... 200 OK
Length: unspecified [text/html]
Saving to: ‘/workspace/backups/cindemirlaw.com-20260709-113003/cindemirlaw.com/liaison-offices-in-turkey/index.html’

     0K .......... .......... .......... .......... .......... 27.8M
    50K .......... .......... .......... .......... .......... 21.3M
   100K .......... .......... .......... .......... .......... 25.7M
   150K .......... .......... .......... .......... .......... 24.9M
   200K .......... .......... .......... .......... .......... 42.6M
   250K .......... .......... .......... .......... ..........  230M
   300K .......... .......... .......... .......... ..........  497M
   350K .......... .......... .......... .......... ..........  148M
   400K .......... .......... .......... .......... ..........  161M
   450K .......... .......... .......... .......... ..........  478M
   500K .......... .......... .......... .......... ..........  485M
   550K .......... .......... .......... .......... ..........  335M
   600K .......... .......... ...                               673M=0.01s

2026-07-09 11:33:05 (58.7 MB/s) - ‘/workspace/backups/cindemirlaw.com-20260709-113003/cindemirlaw.com/liaison-offices-in-turkey/index.html’ saved [638218]

--2026-07-09 11:33:06--  https://cindemirlaw.com/how-to-lift-entry-ban-to-turkey/
Reusing existing connection to cindemirlaw.com:443.
HTTP request sent, awaiting response... 301 Moved Permanently
Location: https://cindemirlaw.com/%d0%ba%d0%be%d0%bc%d0%bf%d0%b5%d0%bd%d1%81%d0%b0%d1%86%d0%b8%d0%b8-%d0%bf%d0%be%d0%bb%d0%be%d0%b6%d0%b5%d0%bd%d0%bd%d1%8b%d0%b5-%d0%b2-%d1%80%d0%b5%d0%b7%d1%83%d0%bb%d1%8c%d1%82%d0%b0%d1%82%d0%b5/ [following]
--2026-07-09 11:33:06--  https://cindemirlaw.com/%d0%ba%d0%be%d0%bc%d0%bf%d0%b5%d0%bd%d1%81%d0%b0%d1%86%d0%b8%d0%b8-%d0%bf%d0%be%d0%bb%d0%be%d0%b6%d0%b5%d0%bd%d0%bd%d1%8b%d0%b5-%d0%b2-%d1%80%d0%b5%d0%b7%d1%83%d0%bb%d1%8c%d1%82%d0%b0%d1%82%d0%b5/
Reusing existing connection to cindemirlaw.com:443.
HTTP request sent, awaiting response... 301 Moved Permanently
Location: https://cindemirlaw.com/%d0%ba%d0%be%d0%bc%d0%bf%d0%b5%d0%bd%d1%81%d0%b0%d1%86%d0%b8%d0%b8-%d0%bf%d0%be%d0%bb%d0%be%d0%b6%d0%b5%d0%bd%d0%bd%d1%8b%d0%b5-%d0%b2-%d1%80%d0%b5%d0%b7%d1%83%d0%bb%d1%8c%d1%82%d0%b0%d1%82%d0%b5/?lang=ru [following]
--2026-07-09 11:33:07--  https://cindemirlaw.com/%d0%ba%d0%be%d0%bc%d0%bf%d0%b5%d0%bd%d1%81%d0%b0%d1%86%d0%b8%d0%b8-%d0%bf%d0%be%d0%bb%d0%be%d0%b6%d0%b5%d0%bd%d0%bd%d1%8b%d0%b5-%d0%b2-%d1%80%d0%b5%d0%b7%d1%83%d0%bb%d1%8c%d1%82%d0%b0%d1%82%d0%b5/?lang=ru
Reusing existing connection to cindemirlaw.com:443.
HTTP request sent, awaiting response... 200 OK
Length: unspecified [text/html]
Saving to: ‘/workspace/backups/cindemirlaw.com-20260709-113003/cindemirlaw.com/how-to-lift-entry-ban-to-turkey/index.html’

     0K .......... .......... .......... .......... .......... 13.9M
    50K .......... .......... .......... .......... .......... 22.3M
   100K .......... .......... .......... .......... .......... 40.9M
   150K .......... .......... .......... .......... .......... 17.7M
   200K .......... .......... .......... .......... ..........  256M
   250K .......... .......... .......... .......... .......... 81.6M
   300K .......... .......... .......... .......... ..........  124M
   350K .......... .......... .......... .......... .......... 48.3M
   400K .......... .......... .......... .......... ..........  428M
   450K .......... .......... .......... .......... ..........  338M
   500K .......... .......... .......... .......... ..........  454M
   550K .......... .......... .......... .......... .......... 94.2M
   600K .......... .......... .......... .......... ..........  218M
   650K .......... .........                                    599M=0.01s

2026-07-09 11:33:08 (50.4 MB/s) - ‘/workspace/backups/cindemirlaw.com-20260709-113003/cindemirlaw.com/how-to-lift-entry-ban-to-turkey/index.html’ saved [685429]

--2026-07-09 11:33:08--  https://cindemirlaw.com/legal-services-in-sapanca/
Reusing existing connection to cindemirlaw.com:443.
HTTP request sent, awaiting response... 200 OK
Length: unspecified [text/html]
Saving to: ‘/workspace/backups/cindemirlaw.com-20260709-113003/cindemirlaw.com/legal-services-in-sapanca/index.html’

     0K .......... .......... .......... .......... .......... 12.2M
    50K .......... .......... .......... .......... .......... 21.7M
   100K .......... .......... .......... .......... .......... 42.0M
   150K .......... .......... .......... .......... ..........  114M
   200K .......... .......... .......... .......... .......... 73.5M
   250K .......... .......... .......... .......... .......... 36.9M
   300K .......... .......... .......... .......... ..........  410M
   350K .......... .......... .......... .......... ..........  133M
   400K .......... .......... .......... .......... ..........  585M
   450K .......... .......... .......... .......... ..........  203M
   500K .......... .......... .......... .......... ..........  455M
   550K .......... .......... .......... .......... .......... 56.1M
   600K .......... ......                                       472M=0.01s

2026-07-09 11:33:08 (51.7 MB/s) - ‘/workspace/backups/cindemirlaw.com-20260709-113003/cindemirlaw.com/legal-services-in-sapanca/index.html’ saved [631159]

--2026-07-09 11:33:09--  https://cindemirlaw.com/exemptions-on-the-legislation-of-the-documents-in-turkey/
Reusing existing connection to cindemirlaw.com:443.
HTTP request sent, awaiting response... 301 Moved Permanently
Location: https://cindemirlaw.com/%d0%ba%d0%b0%d0%ba-%d1%80%d0%b0%d0%b7%d0%b2%d0%b5%d1%81%d1%82%d0%b8%d1%81%d1%8c-%d0%b2-%d1%82%d1%83%d1%80%d1%86%d0%b8%d0%b8/ [following]
--2026-07-09 11:33:10--  https://cindemirlaw.com/%d0%ba%d0%b0%d0%ba-%d1%80%d0%b0%d0%b7%d0%b2%d0%b5%d1%81%d1%82%d0%b8%d1%81%d1%8c-%d0%b2-%d1%82%d1%83%d1%80%d1%86%d0%b8%d0%b8/
Reusing existing connection to cindemirlaw.com:443.
HTTP request sent, awaiting response... 301 Moved Permanently
Location: https://cindemirlaw.com/%d0%ba%d0%b0%d0%ba-%d1%80%d0%b0%d0%b7%d0%b2%d0%b5%d1%81%d1%82%d0%b8%d1%81%d1%8c-%d0%b2-%d1%82%d1%83%d1%80%d1%86%d0%b8%d0%b8/?lang=ru [following]
--2026-07-09 11:33:10--  https://cindemirlaw.com/%d0%ba%d0%b0%d0%ba-%d1%80%d0%b0%d0%b7%d0%b2%d0%b5%d1%81%d1%82%d0%b8%d1%81%d1%8c-%d0%b2-%d1%82%d1%83%d1%80%d1%86%d0%b8%d0%b8/?lang=ru
Reusing existing connection to cindemirlaw.com:443.
HTTP request sent, awaiting response... 200 OK
Length: unspecified [text/html]
Saving to: ‘/workspace/backups/cindemirlaw.com-20260709-113003/cindemirlaw.com/exemptions-on-the-legislation-of-the-documents-in-turkey/index.html’

     0K .......... .......... .......... .......... .......... 12.4M
    50K .......... .......... .......... .......... .......... 35.7M
   100K .......... .......... .......... .......... .......... 28.2M
   150K .......... .......... .......... .......... .......... 21.8M
   200K .......... .......... .......... .......... .......... 37.1M
   250K .......... .......... .......... .......... .......... 21.5M
   300K .......... .......... .......... .......... .......... 77.4M
   350K .......... .......... .......... .......... ..........  390M
   400K .......... .......... .......... .......... .......... 26.7M
   450K .......... .......... .......... .......... ..........  459M
   500K .......... .......... .......... .......... ..........  450M
   550K .......... .......... .......... .......... .......... 65.3M
   600K .......... .......... .......... .......... .......     577M=0.02s

2026-07-09 11:33:11 (38.4 MB/s) - ‘/workspace/backups/cindemirlaw.com-20260709-113003/cindemirlaw.com/exemptions-on-the-legislation-of-the-documents-in-turkey/index.html’ saved [662930]

--2026-07-09 11:33:12--  https://cindemirlaw.com/personal-injury-and-car-accidents-under-turkish-law/
Reusing existing connection to cindemirlaw.com:443.
HTTP request sent, awaiting response... 200 OK
Length: unspecified [text/html]
Saving to: ‘/workspace/backups/cindemirlaw.com-20260709-113003/cindemirlaw.com/personal-injury-and-car-accidents-under-turkish-law/index.html’

     0K .......... .......... .......... .......... .......... 23.5M
    50K .......... .......... .......... .......... .......... 40.9M
   100K .......... .......... .......... .......... .......... 41.8M
   150K .......... .......... .......... .......... ..........  411M
   200K .......... .......... .......... .......... .......... 64.6M
   250K .......... .......... .......... .......... ..........  369M
   300K .......... .......... .......... .......... ..........  239M
   350K .......... .......... .......... .......... ..........  297M
   400K .......... .......... .......... .......... ..........  413M
   450K .......... .......... .......... .......... ..........  130M
   500K .......... .......... .......... .......... ..........  333M
   550K .......... .......... .......... .......... ..........  388M
   600K .......... .......... .......... ........               253M=0.007s

2026-07-09 11:33:12 (92.6 MB/s) - ‘/workspace/backups/cindemirlaw.com-20260709-113003/cindemirlaw.com/personal-injury-and-car-accidents-under-turkish-law/index.html’ saved [653435]

--2026-07-09 11:33:12--  https://cindemirlaw.com/turkish-law-of-torts/
Reusing existing connection to cindemirlaw.com:443.
HTTP request sent, awaiting response... 200 OK
Length: unspecified [text/html]
Saving to: ‘/workspace/backups/cindemirlaw.com-20260709-113003/cindemirlaw.com/turkish-law-of-torts/index.html’

     0K .......... .......... .......... .......... .......... 11.6M
    50K .......... .......... .......... .......... .......... 34.4M
   100K .......... .......... .......... .......... .......... 94.6M
   150K .......... .......... .......... .......... .......... 23.3M
   200K .......... .......... .......... .......... .......... 33.3M
   250K .......... .......... .......... .......... .......... 58.6M
   300K .......... .......... .......... .......... ..........  307M
   350K .......... .......... .......... .......... .......... 87.5M
   400K .......... .......... .......... .......... ..........  115M
   450K .......... .......... .......... .......... .......... 71.1M
   500K .......... .......... .......... .......... .......... 98.0M
   550K .......... .......... .......... .......... ..........  296M
   600K .......... .......... .......... .........              434M=0.01s

2026-07-09 11:33:13 (47.6 MB/s) - ‘/workspace/backups/cindemirlaw.com-20260709-113003/cindemirlaw.com/turkish-law-of-torts/index.html’ saved [654795]

--2026-07-09 11:33:13--  https://cindemirlaw.com/turkish-succession-law/
Reusing existing connection to cindemirlaw.com:443.
HTTP request sent, awaiting response... 200 OK
Length: unspecified [text/html]
Saving to: ‘/workspace/backups/cindemirlaw.com-20260709-113003/cindemirlaw.com/turkish-succession-law/index.html’

     0K .......... .......... .......... .......... .......... 13.7M
    50K .......... .......... .......... .......... .......... 20.5M
   100K .......... .......... .......... .......... .......... 31.4M
   150K .......... .......... .......... .......... .......... 58.9M
   200K .......... .......... .......... .......... ..........  145M
   250K .......... .......... .......... .......... .......... 45.3M
   300K .......... .......... .......... .......... ..........  127M
   350K .......... .......... .......... .......... ..........  411M
   400K .......... .......... .......... .......... ..........  107M
   450K .......... .......... .......... .......... ..........  136M
   500K .......... .......... .......... .......... .......... 47.6M
   550K .......... .......... .......... .......... ..........  461M
   600K .......... .......... .......... .....                  553M=0.01s

2026-07-09 11:33:14 (50.6 MB/s) - ‘/workspace/backups/cindemirlaw.com-20260709-113003/cindemirlaw.com/turkish-succession-law/index.html’ saved [651118]

--2026-07-09 11:33:14--  https://cindemirlaw.com/private-international-law-rules/
Reusing existing connection to cindemirlaw.com:443.
HTTP request sent, awaiting response... 200 OK
Length: unspecified [text/html]
Saving to: ‘/workspace/backups/cindemirlaw.com-20260709-113003/cindemirlaw.com/private-international-law-rules/index.html’

     0K .......... .......... .......... .......... .......... 15.3M
    50K .......... .......... .......... .......... .......... 22.8M
   100K .......... .......... .......... .......... .......... 23.2M
   150K .......... .......... .......... .......... ..........  128M
   200K .......... .......... .......... .......... .......... 32.8M
   250K .......... .......... .......... .......... .......... 94.8M
   300K .......... .......... .......... .......... ..........  287M
   350K .......... .......... .......... .......... ..........  279M
   400K .......... .......... .......... .......... .......... 45.1M
   450K .......... .......... .......... .......... ..........  108M
   500K .......... .......... .......... .......... ..........  357M
   550K .......... .......... .......... .......... ..........  339M
   600K .......... .......... .....                             298M=0.01s

2026-07-09 11:33:14 (50.6 MB/s) - ‘/workspace/backups/cindemirlaw.com-20260709-113003/cindemirlaw.com/private-international-law-rules/index.html’ saved [640829]

--2026-07-09 11:33:15--  https://cindemirlaw.com/international-private-law-and-conventions-that-turkey-is-party/
Reusing existing connection to cindemirlaw.com:443.
HTTP request sent, awaiting response... 200 OK
Length: unspecified [text/html]
Saving to: ‘/workspace/backups/cindemirlaw.com-20260709-113003/cindemirlaw.com/international-private-law-and-conventions-that-turkey-is-party/index.html’

     0K .......... .......... .......... .......... .......... 11.6M
    50K .......... .......... .......... .......... .......... 30.3M
   100K .......... .......... .......... .......... .......... 26.4M
   150K .......... .......... .......... .......... .......... 18.6M
   200K .......... .......... .......... .......... .......... 37.5M
   250K .......... .......... .......... .......... .......... 42.5M
   300K .......... .......... .......... .......... .......... 28.6M
   350K .......... .......... .......... .......... .......... 68.6M
   400K .......... .......... .......... .......... ..........  452M
   450K .......... .......... .......... .......... .......... 37.6M
   500K .......... .......... .......... .......... ..........  502M
   550K .......... .......... .......... .......... ..........  170M
   600K .......... .......... ......                            369M=0.02s

2026-07-09 11:33:16 (35.9 MB/s) - ‘/workspace/backups/cindemirlaw.com-20260709-113003/cindemirlaw.com/international-private-law-and-conventions-that-turkey-is-party/index.html’ saved [641302]

--2026-07-09 11:33:16--  https://cindemirlaw.com/consequences-of-a-divorce-decision-in-turkey/
Reusing existing connection to cindemirlaw.com:443.
HTTP request sent, awaiting response... 200 OK
Length: unspecified [text/html]
Saving to: ‘/workspace/backups/cindemirlaw.com-20260709-113003/cindemirlaw.com/consequences-of-a-divorce-decision-in-turkey/index.html’

     0K .......... .......... .......... .......... .......... 12.5M
    50K .......... .......... .......... .......... .......... 26.3M
   100K .......... .......... .......... .......... .......... 22.2M
   150K .......... .......... .......... .......... .......... 84.7M
   200K .......... .......... .......... .......... .......... 21.5M
   250K .......... .......... .......... .......... ..........  356M
   300K .......... .......... .......... .......... .......... 35.3M
   350K .......... .......... .......... .......... .......... 46.2M
   400K .......... .......... .......... .......... ..........  447M
   450K .......... .......... .......... .......... ..........  340M
   500K .......... .......... .......... .......... ..........  407M
   550K .......... .......... .......... .......... ..........  213M
   600K .......... .......... .......... ........               104M=0.01s

2026-07-09 11:33:16 (43.5 MB/s) - ‘/workspace/backups/cindemirlaw.com-20260709-113003/cindemirlaw.com/consequences-of-a-divorce-decision-in-turkey/index.html’ saved [653470]

--2026-07-09 11:33:17--  https://cindemirlaw.com/consensual-divorce-in-turkey-uncontested-divorce/
Reusing existing connection to cindemirlaw.com:443.
HTTP request sent, awaiting response... 200 OK
Length: unspecified [text/html]
Saving to: ‘/workspace/backups/cindemirlaw.com-20260709-113003/cindemirlaw.com/consensual-divorce-in-turkey-uncontested-divorce/index.html’

     0K .......... .......... .......... .......... .......... 28.1M
    50K .......... .......... .......... .......... .......... 48.6M
   100K .......... .......... .......... .......... .......... 42.3M
   150K .......... .......... .......... .......... .......... 23.8M
   200K .......... .......... .......... .......... .......... 41.0M
   250K .......... .......... .......... .......... .......... 35.0M
   300K .......... .......... .......... .......... ..........  196M
   350K .......... .......... .......... .......... ..........  116M
   400K .......... .......... .......... .......... ..........  125M
   450K .......... .......... .......... .......... ..........  179M
   500K .......... .......... .......... .......... ..........  393M
   550K .......... .......... .......... .......... ..........  383M
   600K .......... .......... .......... ........               161M=0.01s

2026-07-09 11:33:18 (60.2 MB/s) - ‘/workspace/backups/cindemirlaw.com-20260709-113003/cindemirlaw.com/consensual-divorce-in-turkey-uncontested-divorce/index.html’ saved [653767]

--2026-07-09 11:33:18--  https://cindemirlaw.com/definition-regarding-conflict-of-laws-in-turkey/
Reusing existing connection to cindemirlaw.com:443.
HTTP request sent, awaiting response... 200 OK
Length: unspecified [text/html]
Saving to: ‘/workspace/backups/cindemirlaw.com-20260709-113003/cindemirlaw.com/definition-regarding-conflict-of-laws-in-turkey/index.html’

     0K .......... .......... .......... .......... .......... 12.7M
    50K .......... .......... .......... .......... .......... 19.9M
   100K .......... .......... .......... .......... .......... 12.4M
   150K .......... .......... .......... .......... .......... 3.70M
   200K .......... .......... .......... .......... ..........  254M
   250K .......... .......... .......... .......... ..........  489M
   300K .......... .......... .......... .......... .......... 22.3M
   350K .......... .......... .......... .......... .......... 75.9M
   400K .......... .......... .......... .......... ..........  418M
   450K .......... .......... .......... .......... ..........  499M
   500K .......... .......... .......... .......... .......... 83.4M
   550K .......... .......... .......... .......... .......... 7.99M
   600K .......... .......... .......... .......                494M=0.03s

2026-07-09 11:33:19 (18.6 MB/s) - ‘/workspace/backups/cindemirlaw.com-20260709-113003/cindemirlaw.com/definition-regarding-conflict-of-laws-in-turkey/index.html’ saved [653062]

--2026-07-09 11:33:19--  https://cindemirlaw.com/establishing-a-commercial-enterprise-in-turkey/
Reusing existing connection to cindemirlaw.com:443.
HTTP request sent, awaiting response... 200 OK
Length: unspecified [text/html]
Saving to: ‘/workspace/backups/cindemirlaw.com-20260709-113003/cindemirlaw.com/establishing-a-commercial-enterprise-in-turkey/index.html’

     0K .......... .......... .......... .......... .......... 14.7M
    50K .......... .......... .......... .......... .......... 21.0M
   100K .......... .......... .......... .......... .......... 24.7M
   150K .......... .......... .......... .......... .......... 22.2M
   200K .......... .......... .......... .......... .......... 39.5M
   250K .......... .......... .......... .......... ..........  262M
   300K .......... .......... .......... .......... .......... 78.2M
   350K .......... .......... .......... .......... ..........  107M
   400K .......... .......... .......... .......... .......... 87.0M
   450K .......... .......... .......... .......... ..........  428M
   500K .......... .......... .......... .......... .......... 45.0M
   550K .......... .......... .......... .......... ..........  362M
   600K .......... .......... .......... .....                  479M=0.01s

2026-07-09 11:33:20 (43.4 MB/s) - ‘/workspace/backups/cindemirlaw.com-20260709-113003/cindemirlaw.com/establishing-a-commercial-enterprise-in-turkey/index.html’ saved [650438]

--2026-07-09 11:33:20--  https://cindemirlaw.com/trade-law-of-turkey/
Reusing existing connection to cindemirlaw.com:443.
HTTP request sent, awaiting response... 200 OK
Length: unspecified [text/html]
Saving to: ‘/workspace/backups/cindemirlaw.com-20260709-113003/cindemirlaw.com/trade-law-of-turkey/index.html’

     0K .......... .......... .......... .......... .......... 16.1M
    50K .......... .......... .......... .......... .......... 2.80M
   100K .......... .......... .......... .......... ..........  214M
   150K .......... .......... .......... .......... .......... 38.4M
   200K .......... .......... .......... .......... .......... 72.8M
   250K .......... .......... .......... .......... .......... 55.4M
   300K .......... .......... .......... .......... ..........  369M
   350K .......... .......... .......... .......... ..........  410M
   400K .......... .......... .......... .......... ..........  487M
   450K .......... .......... .......... .......... .......... 14.5M
   500K .......... .......... .......... .......... ..........  111M
   550K .......... .......... .......... .......... ..........  430M
   600K .......... .......... .....                             458M=0.03s

2026-07-09 11:33:20 (21.9 MB/s) - ‘/workspace/backups/cindemirlaw.com-20260709-113003/cindemirlaw.com/trade-law-of-turkey/index.html’ saved [640143]

--2026-07-09 11:33:21--  https://cindemirlaw.com/proving-the-damage-of-a-victim-by-forensic-hospitals-under-malpractice-law-in-turkey/
Reusing existing connection to cindemirlaw.com:443.
HTTP request sent, awaiting response... 200 OK
Length: unspecified [text/html]
Saving to: ‘/workspace/backups/cindemirlaw.com-20260709-113003/cindemirlaw.com/proving-the-damage-of-a-victim-by-forensic-hospitals-under-malpractice-law-in-turkey/index.html’

     0K .......... .......... .......... .......... .......... 13.1M
    50K .......... .......... .......... .......... .......... 30.6M
   100K .......... .......... .......... .......... .......... 20.9M
   150K .......... .......... .......... .......... ..........  101M
   200K .......... .......... .......... .......... .......... 47.3M
   250K .......... .......... .......... .......... .......... 49.9M
   300K .......... .......... .......... .......... ..........  469M
   350K .......... .......... .......... .......... ..........  124M
   400K .......... .......... .......... .......... .......... 28.8M
   450K .......... .......... .......... .......... ..........  163M
   500K .......... .......... .......... .......... .......... 21.6M
   550K .......... .......... .......... .......... ..........  407M
   600K .......... .......... .......... ....                   526M=0.02s

2026-07-09 11:33:21 (41.1 MB/s) - ‘/workspace/backups/cindemirlaw.com-20260709-113003/cindemirlaw.com/proving-the-damage-of-a-victim-by-forensic-hospitals-under-malpractice-law-in-turkey/index.html’ saved [650046]

--2026-07-09 11:33:21--  https://cindemirlaw.com/enforcement-of-icsid-awards-in-turkey-the-light-of-last-developments/
Reusing existing connection to cindemirlaw.com:443.
HTTP request sent, awaiting response... 200 OK
Length: unspecified [text/html]
Saving to: ‘/workspace/backups/cindemirlaw.com-20260709-113003/cindemirlaw.com/enforcement-of-icsid-awards-in-turkey-the-light-of-last-developments/index.html’

     0K .......... .......... .......... .......... .......... 12.8M
    50K .......... .......... .......... .......... .......... 23.3M
   100K .......... .......... .......... .......... .......... 28.9M
   150K .......... .......... .......... .......... .......... 98.6M
   200K .......... .......... .......... .......... .......... 87.3M
   250K .......... .......... .......... .......... .......... 51.2M
   300K .......... .......... .......... .......... .......... 86.7M
   350K .......... .......... .......... .......... ..........  456M
   400K .......... .......... .......... .......... ..........  502M
   450K .......... .......... .......... .......... .......... 58.7M
   500K .......... .......... .......... .......... ..........  440M
   550K .......... .......... .......... .......... .......... 47.4M
   600K .......... .......... .......... .......... .           499M=0.01s

2026-07-09 11:33:22 (50.4 MB/s) - ‘/workspace/backups/cindemirlaw.com-20260709-113003/cindemirlaw.com/enforcement-of-icsid-awards-in-turkey-the-light-of-last-developments/index.html’ saved [656472]

--2026-07-09 11:33:22--  https://cindemirlaw.com/plastic-surgery-malpractice-in-turkish-law/
Reusing existing connection to cindemirlaw.com:443.
HTTP request sent, awaiting response... 200 OK
Length: unspecified [text/html]
Saving to: ‘/workspace/backups/cindemirlaw.com-20260709-113003/cindemirlaw.com/plastic-surgery-malpractice-in-turkish-law/index.html’

     0K .......... .......... .......... .......... .......... 14.8M
    50K .......... .......... .......... .......... .......... 22.5M
   100K .......... .......... .......... .......... .......... 47.4M
   150K .......... .......... .......... .......... .......... 21.6M
   200K .......... .......... .......... .......... .......... 68.9M
   250K .......... .......... .......... .......... .......... 47.9M
   300K .......... .......... .......... .......... .......... 59.7M
   350K .......... .......... .......... .......... ..........  150M
   400K .......... .......... .......... .......... ..........  222M
   450K .......... .......... .......... .......... .......... 83.1M
   500K .......... .......... .......... .......... ..........  455M
   550K .......... .......... .......... .......... .......... 70.2M
   600K .......... .......... .......... .......                479M=0.01s

2026-07-09 11:33:23 (46.7 MB/s) - ‘/workspace/backups/cindemirlaw.com-20260709-113003/cindemirlaw.com/plastic-surgery-malpractice-in-turkish-law/index.html’ saved [652457]

--2026-07-09 11:33:23--  https://cindemirlaw.com/verdict-rendered-for-the-unbelievable-accident-killing-a-tour-guide-hurriyet-newspaper/
Reusing existing connection to cindemirlaw.com:443.
HTTP request sent, awaiting response... 200 OK
Length: unspecified [text/html]
Saving to: ‘/workspace/backups/cindemirlaw.com-20260709-113003/cindemirlaw.com/verdict-rendered-for-the-unbelievable-accident-killing-a-tour-guide-hurriyet-newspaper/index.html’

     0K .......... .......... .......... .......... .......... 13.1M
    50K .......... .......... .......... .......... .......... 27.4M
   100K .......... .......... .......... .......... .......... 20.7M
   150K .......... .......... .......... .......... .......... 29.1M
   200K .......... .......... .......... .......... .......... 24.1M
   250K .......... .......... .......... .......... .......... 26.6M
   300K .......... .......... .......... .......... .......... 16.9M
   350K .......... .......... .......... .......... .......... 24.2M
   400K .......... .......... .......... .......... .......... 20.6M
   450K .......... .......... .......... .......... .......... 19.9M
   500K .......... .......... .......... .......... .......... 28.1M
   550K .......... .......... .......... .......... .......... 22.8M
   600K .......... .......... ..                               76.9M=0.03s

2026-07-09 11:33:24 (22.2 MB/s) - ‘/workspace/backups/cindemirlaw.com-20260709-113003/cindemirlaw.com/verdict-rendered-for-the-unbelievable-accident-killing-a-tour-guide-hurriyet-newspaper/index.html’ saved [637038]

--2026-07-09 11:33:24--  https://cindemirlaw.com/accidents-on-the-road-in-turkey-car-crashes-traffic-accidents/
Reusing existing connection to cindemirlaw.com:443.
HTTP request sent, awaiting response... 200 OK
Length: unspecified [text/html]
Saving to: ‘/workspace/backups/cindemirlaw.com-20260709-113003/cindemirlaw.com/accidents-on-the-road-in-turkey-car-crashes-traffic-accidents/index.html’

     0K .......... .......... .......... .......... .......... 14.1M
    50K .......... .......... .......... .......... .......... 21.9M
   100K .......... .......... .......... .......... .......... 30.4M
   150K .......... .......... .......... .......... .......... 27.6M
   200K .......... .......... .......... .......... .......... 44.6M
   250K .......... .......... .......... .......... ..........  250M
   300K .......... .......... .......... .......... .......... 32.8M
   350K .......... .......... .......... .......... ..........  419M
   400K .......... .......... .......... .......... .......... 84.6M
   450K .......... .......... .......... .......... ..........  402M
   500K .......... .......... .......... .......... ..........  455M
   550K .......... .......... .......... .......... .......... 40.7M
   600K .......... .......... .......... .......... ...         446M=0.01s

2026-07-09 11:33:25 (44.7 MB/s) - ‘/workspace/backups/cindemirlaw.com-20260709-113003/cindemirlaw.com/accidents-on-the-road-in-turkey-car-crashes-traffic-accidents/index.html’ saved [659093]

--2026-07-09 11:33:26--  https://cindemirlaw.com/irish-boxer-acquitted-in-epic-brawl-case/
Connecting to cindemirlaw.com (cindemirlaw.com)|162.241.252.122|:443... connected.
HTTP request sent, awaiting response... 200 OK
Length: unspecified [text/html]
Saving to: ‘/workspace/backups/cindemirlaw.com-20260709-113003/cindemirlaw.com/irish-boxer-acquitted-in-epic-brawl-case/index.html’

     0K .......... .......... .......... .......... ..........  447K
    50K .......... .......... .......... .......... ..........  894K
   100K .......... .......... .......... .......... ..........  347M
   150K .......... .......... .......... .......... ..........  894K
   200K .......... .......... .......... .......... .......... 25.1M
   250K .......... .......... .......... .......... ..........  922K
   300K .......... .......... .......... .......... .......... 83.1M
   350K .......... .......... .......... .......... .......... 83.7M
   400K .......... .......... .......... .......... ..........  443M
   450K .......... .......... .......... .......... ..........  919K
   500K .......... .......... .......... .......... ..........  315M
   550K .......... .......... .......... .......... ..........  421M
   600K .......... .......... .......... ...                    509M=0.3s

2026-07-09 11:33:27 (1.84 MB/s) - ‘/workspace/backups/cindemirlaw.com-20260709-113003/cindemirlaw.com/irish-boxer-acquitted-in-epic-brawl-case/index.html’ saved [648840]

--2026-07-09 11:33:27--  https://cindemirlaw.com/irish-kuwaiti-tourist-acquitted-in-street-brawl-case-in-turkey-hurriyet-daily-news/
Reusing existing connection to cindemirlaw.com:443.
HTTP request sent, awaiting response... 200 OK
Length: unspecified [text/html]
Saving to: ‘/workspace/backups/cindemirlaw.com-20260709-113003/cindemirlaw.com/irish-kuwaiti-tourist-acquitted-in-street-brawl-case-in-turkey-hurriyet-daily-news/index.html’

     0K .......... .......... .......... .......... .......... 13.6M
    50K .......... .......... .......... .......... .......... 17.7M
   100K .......... .......... .......... .......... .......... 27.1M
   150K .......... .......... .......... .......... .......... 22.1M
   200K .......... .......... .......... .......... .......... 95.9M
   250K .......... .......... .......... .......... ..........  233M
   300K .......... .......... .......... .......... ..........  478M
   350K .......... .......... .......... .......... .......... 34.2M
   400K .......... .......... .......... .......... ..........  416M
   450K .......... .......... .......... .......... ..........  198M
   500K .......... .......... .......... .......... .......... 1.14M
   550K .......... .......... .......... .......... .......... 12.6M
   600K .......... .......... .........                        82.3M=0.06s

2026-07-09 11:33:27 (10.2 MB/s) - ‘/workspace/backups/cindemirlaw.com-20260709-113003/cindemirlaw.com/irish-kuwaiti-tourist-acquitted-in-street-brawl-case-in-turkey-hurriyet-daily-news/index.html’ saved [644573]

--2026-07-09 11:33:28--  https://cindemirlaw.com/car-accident-in-turkey-and-legal-compensation-issues/
Reusing existing connection to cindemirlaw.com:443.
HTTP request sent, awaiting response... 200 OK
Length: unspecified [text/html]
Saving to: ‘/workspace/backups/cindemirlaw.com-20260709-113003/cindemirlaw.com/car-accident-in-turkey-and-legal-compensation-issues/index.html’

     0K .......... .......... .......... .......... .......... 13.1M
    50K .......... .......... .......... .......... .......... 17.8M
   100K .......... .......... .......... .......... .......... 27.6M
   150K .......... .......... .......... .......... .......... 69.9M
   200K .......... .......... .......... .......... .......... 32.2M
   250K .......... .......... .......... .......... ..........  245M
   300K .......... .......... .......... .......... ..........  109M
   350K .......... .......... .......... .......... ..........  165M
   400K .......... .......... .......... .......... ..........  448M
   450K .......... .......... .......... .......... .......... 43.4M
   500K .......... .......... .......... .......... ..........  158M
   550K .......... .......... .......... .......... ..........  414M
   600K .......... .......... .......... ..                     514M=0.01s

2026-07-09 11:33:28 (47.1 MB/s) - ‘/workspace/backups/cindemirlaw.com-20260709-113003/cindemirlaw.com/car-accident-in-turkey-and-legal-compensation-issues/index.html’ saved [647939]

--2026-07-09 11:33:29--  https://cindemirlaw.com/icsid/
Reusing existing connection to cindemirlaw.com:443.
HTTP request sent, awaiting response... 200 OK
Length: unspecified [text/html]
Saving to: ‘/workspace/backups/cindemirlaw.com-20260709-113003/cindemirlaw.com/icsid/index.html’

     0K .......... .......... .......... .......... .......... 11.3M
    50K .......... .......... .......... .......... .......... 32.8M
   100K .......... .......... .......... .......... .......... 21.9M
   150K .......... .......... .......... .......... .......... 29.3M
   200K .......... .......... .......... .......... .......... 28.8M
   250K .......... .......... .......... .......... .......... 68.6M
   300K .......... .......... .......... .......... ..........  136M
   350K .......... .......... .......... .......... .......... 46.4M
   400K .......... .......... .......... .......... ..........  359M
   450K .......... .......... .......... .......... ..........  174M
   500K .......... .......... .......... .......... ..........  100M
   550K .......... .......... .......... .......... ..........  461M
   600K .......... .......... .......... .....                  525M=0.01s

2026-07-09 11:33:29 (42.5 MB/s) - ‘/workspace/backups/cindemirlaw.com-20260709-113003/cindemirlaw.com/icsid/index.html’ saved [650543]

--2026-07-09 11:33:30--  https://cindemirlaw.com/payment/
Reusing existing connection to cindemirlaw.com:443.
HTTP request sent, awaiting response... 200 OK
Length: unspecified [text/html]
Saving to: ‘/workspace/backups/cindemirlaw.com-20260709-113003/cindemirlaw.com/payment/index.html’

     0K .......... .......... .......... .......... .......... 12.2M
    50K .......... .......... .......... .......... .......... 21.8M
   100K .......... .......... .......... .......... .......... 29.3M
   150K .......... .......... .......... .......... .......... 51.0M
   200K .......... .......... .......... .......... .......... 50.2M
   250K .......... .......... .......... .......... .......... 63.7M
   300K .......... .......... .......... .......... ..........  147M
   350K .......... .......... .......... .......... ..........  380M
   400K .......... .......... .......... .......... ..........  296M
   450K .......... .......... .......... .......... .......... 61.1M
   500K .......... .......... .......... .......... ..........  435M
   550K .......... .......... .......... .......... .......... 58.4M
   600K .......... ......                                       479M=0.01s

2026-07-09 11:33:30 (46.2 MB/s) - ‘/workspace/backups/cindemirlaw.com-20260709-113003/cindemirlaw.com/payment/index.html’ saved [631197]

--2026-07-09 11:33:30--  https://cindemirlaw.com/compensation-of-damages-for-foreign-victims-due-to-terror-under-turkish-law/
Reusing existing connection to cindemirlaw.com:443.
HTTP request sent, awaiting response... 200 OK
Length: unspecified [text/html]
Saving to: ‘/workspace/backups/cindemirlaw.com-20260709-113003/cindemirlaw.com/compensation-of-damages-for-foreign-victims-due-to-terror-under-turkish-law/index.html’

     0K .......... .......... .......... .......... .......... 26.0M
    50K .......... .......... .......... .......... .......... 2.99M
   100K .......... .......... .......... .......... ..........  341M
   150K .......... .......... .......... .......... .......... 51.6M
   200K .......... .......... .......... .......... ..........  409M
   250K .......... .......... .......... .......... .......... 84.9M
   300K .......... .......... .......... .......... ..........  401M
   350K .......... .......... .......... .......... .......... 59.0M
   400K .......... .......... .......... .......... ..........  537M
   450K .......... .......... .......... .......... ..........  104M
   500K .......... .......... .......... .......... ..........  480M
   550K .......... .......... .......... .......... ..........  485M
   600K .......... .......... .......... ....                   294M=0.02s

2026-07-09 11:33:30 (28.4 MB/s) - ‘/workspace/backups/cindemirlaw.com-20260709-113003/cindemirlaw.com/compensation-of-damages-for-foreign-victims-due-to-terror-under-turkish-law/index.html’ saved [649806]

--2026-07-09 11:33:31--  https://cindemirlaw.com/prosecutor/
Reusing existing connection to cindemirlaw.com:443.
HTTP request sent, awaiting response... 200 OK
Length: unspecified [text/html]
Saving to: ‘/workspace/backups/cindemirlaw.com-20260709-113003/cindemirlaw.com/prosecutor/index.html’

     0K .......... .......... .......... .......... .......... 24.1M
    50K .......... .......... .......... .......... .......... 78.8M
   100K .......... .......... .......... .......... .......... 43.1M
   150K .......... .......... .......... .......... ..........  110M
   200K .......... .......... .......... .......... .......... 55.3M
   250K .......... .......... .......... .......... ..........  272M
   300K .......... .......... .......... .......... ..........  455M
   350K .......... .......... .......... .......... ..........  429M
   400K .......... .......... .......... .......... ..........  507M
   450K .......... .......... .......... .......... ..........  181M
   500K .......... .......... .......... .......... ..........  553M
   550K .......... .......... .......... .......... ..........  426M
   600K .......... .......... ..........                       12.6M=0.008s

2026-07-09 11:33:31 (72.9 MB/s) - ‘/workspace/backups/cindemirlaw.com-20260709-113003/cindemirlaw.com/prosecutor/index.html’ saved [645709]

--2026-07-09 11:33:32--  https://cindemirlaw.com/our-press-statement-regarding-keshia-handa/
Reusing existing connection to cindemirlaw.com:443.
HTTP request sent, awaiting response... 200 OK
Length: unspecified [text/html]
Saving to: ‘/workspace/backups/cindemirlaw.com-20260709-113003/cindemirlaw.com/our-press-statement-regarding-keshia-handa/index.html’

     0K .......... .......... .......... .......... .......... 14.1M
    50K .......... .......... .......... .......... .......... 22.1M
   100K .......... .......... .......... .......... .......... 29.5M
   150K .......... .......... .......... .......... .......... 28.0M
   200K .......... .......... .......... .......... .......... 18.1M
   250K .......... .......... .......... .......... ..........  167M
   300K .......... .......... .......... .......... ..........  449M
   350K .......... .......... .......... .......... .......... 41.3M
   400K .......... .......... .......... .......... ..........  150M
   450K .......... .......... .......... .......... ..........  127M
   500K .......... .......... .......... .......... ..........  498M
   550K .......... .......... .......... .......... ..........  100M
   600K .......... .......                                      219M=0.01s

2026-07-09 11:33:32 (41.0 MB/s) - ‘/workspace/backups/cindemirlaw.com-20260709-113003/cindemirlaw.com/our-press-statement-regarding-keshia-handa/index.html’ saved [631920]

--2026-07-09 11:33:33--  https://cindemirlaw.com/irish-tourist-s-attorney-gokhan-cindemir-s-press-statement/
Reusing existing connection to cindemirlaw.com:443.
HTTP request sent, awaiting response... 200 OK
Length: unspecified [text/html]
Saving to: ‘/workspace/backups/cindemirlaw.com-20260709-113003/cindemirlaw.com/irish-tourist-s-attorney-gokhan-cindemir-s-press-statement/index.html’

     0K .......... .......... .......... .......... .......... 33.0M
    50K .......... .......... .......... .......... .......... 33.4M
   100K .......... .......... .......... .......... .......... 3.61M
   150K .......... .......... .......... .......... .......... 57.6M
   200K .......... .......... .......... .......... .......... 18.1M
   250K .......... .......... .......... .......... ..........  294M
   300K .......... .......... .......... .......... .......... 2.22M
   350K .......... .......... .......... .......... ..........  135M
   400K .......... .......... .......... .......... ..........  483M
   450K .......... .......... .......... .......... .......... 95.2M
   500K .......... .......... .......... .......... ..........  466M
   550K .......... .......... .......... .......... ..........  129M
   600K .......... ....                                         804M=0.04s

2026-07-09 11:33:33 (13.8 MB/s) - ‘/workspace/backups/cindemirlaw.com-20260709-113003/cindemirlaw.com/irish-tourist-s-attorney-gokhan-cindemir-s-press-statement/index.html’ saved [629640]

--2026-07-09 11:33:34--  https://cindemirlaw.com/introduction-to-jurisdiction-of-divorce-in-turkey/
Reusing existing connection to cindemirlaw.com:443.
HTTP request sent, awaiting response... 200 OK
Length: unspecified [text/html]
Saving to: ‘/workspace/backups/cindemirlaw.com-20260709-113003/cindemirlaw.com/introduction-to-jurisdiction-of-divorce-in-turkey/index.html’

     0K .......... .......... .......... .......... .......... 13.6M
    50K .......... .......... .......... .......... .......... 19.2M
   100K .......... .......... .......... .......... .......... 29.3M
   150K .......... .......... .......... .......... .......... 12.4M
   200K .......... .......... .......... .......... .......... 21.3M
   250K .......... .......... .......... .......... .......... 20.6M
   300K .......... .......... .......... .......... .......... 16.5M
   350K .......... .......... .......... .......... .......... 18.2M
   400K .......... .......... .......... .......... .......... 22.2M
   450K .......... .......... .......... .......... .......... 29.9M
   500K .......... .......... .......... .......... .......... 15.2M
   550K .......... .......... .......... .......... .......... 18.7M
   600K .......... .......... .......... .......... ....       19.9M=0.03s

2026-07-09 11:33:35 (18.6 MB/s) - ‘/workspace/backups/cindemirlaw.com-20260709-113003/cindemirlaw.com/introduction-to-jurisdiction-of-divorce-in-turkey/index.html’ saved [660321]

--2026-07-09 11:33:35--  https://cindemirlaw.com/enforcement-and-recognition-of-foreign-arbitral-awards-in-turkey/
Reusing existing connection to cindemirlaw.com:443.
HTTP request sent, awaiting response... 200 OK
Length: unspecified [text/html]
Saving to: ‘/workspace/backups/cindemirlaw.com-20260709-113003/cindemirlaw.com/enforcement-and-recognition-of-foreign-arbitral-awards-in-turkey/index.html’

     0K .......... .......... .......... .......... .......... 23.2M
    50K .......... .......... .......... .......... .......... 52.1M
   100K .......... .......... .......... .......... .......... 39.9M
   150K .......... .......... .......... .......... .......... 28.3M
   200K .......... .......... .......... .......... .......... 41.3M
   250K .......... .......... .......... .......... .......... 44.2M
   300K .......... .......... .......... .......... .......... 52.1M
   350K .......... .......... .......... .......... ..........  359M
   400K .......... .......... .......... .......... .......... 83.7M
   450K .......... .......... .......... .......... .......... 82.5M
   500K .......... .......... .......... .......... ..........  237M
   550K .......... .......... .......... .......... ..........  410M
   600K .......... .......... .......... .......... ..........  535M
   650K .......... ..........                                   607M=0.01s

2026-07-09 11:33:36 (59.7 MB/s) - ‘/workspace/backups/cindemirlaw.com-20260709-113003/cindemirlaw.com/enforcement-and-recognition-of-foreign-arbitral-awards-in-turkey/index.html’ saved [686723]

--2026-07-09 11:33:36--  https://cindemirlaw.com/wrongful-death-claim-in-turkey-under-turkish-law/
Reusing existing connection to cindemirlaw.com:443.
HTTP request sent, awaiting response... 200 OK
Length: unspecified [text/html]
Saving to: ‘/workspace/backups/cindemirlaw.com-20260709-113003/cindemirlaw.com/wrongful-death-claim-in-turkey-under-turkish-law/index.html’

     0K .......... .......... .......... .......... .......... 12.6M
    50K .......... .......... .......... .......... .......... 20.0M
   100K .......... .......... .......... .......... .......... 31.6M
   150K .......... .......... .......... .......... .......... 53.9M
   200K .......... .......... .......... .......... .......... 29.2M
   250K .......... .......... .......... .......... ..........  396M
   300K .......... .......... .......... .......... ..........  567M
   350K .......... .......... .......... .......... ..........  260M
   400K .......... .......... .......... .......... .......... 50.7M
   450K .......... .......... .......... .......... ..........  114M
   500K .......... .......... .......... .......... ..........  240M
   550K .......... .......... .......... .......... ..........  433M
   600K .......... .......... .......... ..........             238M=0.01s

2026-07-09 11:33:36 (49.2 MB/s) - ‘/workspace/backups/cindemirlaw.com-20260709-113003/cindemirlaw.com/wrongful-death-claim-in-turkey-under-turkish-law/index.html’ saved [655434]

--2026-07-09 11:33:37--  https://cindemirlaw.com/personal-injury-liability-in-turkey/
Reusing existing connection to cindemirlaw.com:443.
HTTP request sent, awaiting response... 200 OK
Length: unspecified [text/html]
Saving to: ‘/workspace/backups/cindemirlaw.com-20260709-113003/cindemirlaw.com/personal-injury-liability-in-turkey/index.html’

     0K .......... .......... .......... .......... .......... 29.1M
    50K .......... .......... .......... .......... .......... 29.2M
   100K .......... .......... .......... .......... .......... 19.4M
   150K .......... .......... .......... .......... .......... 97.0M
   200K .......... .......... .......... .......... .......... 70.3M
   250K .......... .......... .......... .......... .......... 97.7M
   300K .......... .......... .......... .......... ..........  155M
   350K .......... .......... .......... .......... ..........  423M
   400K .......... .......... .......... .......... ..........  532M
   450K .......... .......... .......... .......... .......... 22.4M
   500K .......... .......... .......... .......... ..........  481M
   550K .......... .......... .......... .......... ..........  464M
   600K .......... .......... .......... ........              49.9M=0.01s

2026-07-09 11:33:37 (55.5 MB/s) - ‘/workspace/backups/cindemirlaw.com-20260709-113003/cindemirlaw.com/personal-injury-liability-in-turkey/index.html’ saved [654234]

--2026-07-09 11:33:38--  https://cindemirlaw.com/notice-of-termination-for-employment-contracts-in-turkish-labor-law/
Reusing existing connection to cindemirlaw.com:443.
HTTP request sent, awaiting response... 200 OK
Length: unspecified [text/html]
Saving to: ‘/workspace/backups/cindemirlaw.com-20260709-113003/cindemirlaw.com/notice-of-termination-for-employment-contracts-in-turkish-labor-law/index.html’

     0K .......... .......... .......... .......... .......... 26.0M
    50K .......... .......... .......... .......... .......... 47.6M
   100K .......... .......... .......... .......... ..........  112M
   150K .......... .......... .......... .......... .......... 41.7M
   200K .......... .......... .......... .......... .......... 83.5M
   250K .......... .......... .......... .......... ..........  532M
   300K .......... .......... .......... .......... ..........  103M
   350K .......... .......... .......... .......... .......... 76.4M
   400K .......... .......... .......... .......... ..........  471M
   450K .......... .......... .......... .......... ..........  528M
   500K .......... .......... .......... .......... ..........  514M
   550K .......... .......... .......... .......... ..........  475M
   600K .......... .......... ....                              809K=0.04s

2026-07-09 11:33:38 (16.4 MB/s) - ‘/workspace/backups/cindemirlaw.com-20260709-113003/cindemirlaw.com/notice-of-termination-for-employment-contracts-in-turkish-labor-law/index.html’ saved [639683]

--2026-07-09 11:33:39--  https://cindemirlaw.com/turkish-citizenship-law-in-english/
Reusing existing connection to cindemirlaw.com:443.
HTTP request sent, awaiting response... 200 OK
Length: unspecified [text/html]
Saving to: ‘/workspace/backups/cindemirlaw.com-20260709-113003/cindemirlaw.com/turkish-citizenship-law-in-english/index.html’

     0K .......... .......... .......... .......... .......... 13.1M
    50K .......... .......... .......... .......... .......... 18.5M
   100K .......... .......... .......... .......... .......... 29.8M
   150K .......... .......... .......... .......... .......... 19.9M
   200K .......... .......... .......... .......... .......... 29.2M
   250K .......... .......... .......... .......... .......... 53.2M
   300K .......... .......... .......... .......... .......... 27.7M
   350K .......... .......... .......... .......... .......... 60.7M
   400K .......... .......... .......... .......... ..........  227M
   450K .......... .......... .......... .......... .......... 40.1M
   500K .......... .......... .......... .......... ..........  389M
   550K .......... .......... .......... .......... .......... 48.9M
   600K .......... .......... .......... .......... ..........  540M
   650K .......... .........                                    603M=0.02s

2026-07-09 11:33:39 (35.8 MB/s) - ‘/workspace/backups/cindemirlaw.com-20260709-113003/cindemirlaw.com/turkish-citizenship-law-in-english/index.html’ saved [685645]

--2026-07-09 11:33:40--  https://cindemirlaw.com/provisions-of-custody-under-turkish-civil-code/
Reusing existing connection to cindemirlaw.com:443.
HTTP request sent, awaiting response... 200 OK
Length: unspecified [text/html]
Saving to: ‘/workspace/backups/cindemirlaw.com-20260709-113003/cindemirlaw.com/provisions-of-custody-under-turkish-civil-code/index.html’

     0K .......... .......... .......... .......... .......... 12.1M
    50K .......... .......... .......... .......... .......... 19.4M
   100K .......... .......... .......... .......... .......... 31.3M
   150K .......... .......... .......... .......... .......... 47.7M
   200K .......... .......... .......... .......... .......... 51.6M
   250K .......... .......... .......... .......... .......... 94.7M
   300K .......... .......... .......... .......... .......... 83.8M
   350K .......... .......... .......... .......... .......... 87.7M
   400K .......... .......... .......... .......... ..........  514M
   450K .......... .......... .......... .......... ..........  184M
   500K .......... .......... .......... .......... ..........  135M
   550K .......... .......... .......... .......... ..........  108M
   600K .......... .......... .......... ..........             408M=0.01s

2026-07-09 11:33:40 (48.1 MB/s) - ‘/workspace/backups/cindemirlaw.com-20260709-113003/cindemirlaw.com/provisions-of-custody-under-turkish-civil-code/index.html’ saved [655737]

--2026-07-09 11:33:40--  https://cindemirlaw.com/cautio-judicatum-solvi-security-payment-under-turkish-international-private-law/
Reusing existing connection to cindemirlaw.com:443.
HTTP request sent, awaiting response... 200 OK
Length: unspecified [text/html]
Saving to: ‘/workspace/backups/cindemirlaw.com-20260709-113003/cindemirlaw.com/cautio-judicatum-solvi-security-payment-under-turkish-international-private-law/index.html’

     0K .......... .......... .......... .......... .......... 13.4M
    50K .......... .......... .......... .......... .......... 23.5M
   100K .......... .......... .......... .......... .......... 39.6M
   150K .......... .......... .......... .......... .......... 50.1M
   200K .......... .......... .......... .......... ..........  101M
   250K .......... .......... .......... .......... .......... 9.84M
   300K .......... .......... .......... .......... ..........  519M
   350K .......... .......... .......... .......... ..........  176M
   400K .......... .......... .......... .......... ..........  526M
   450K .......... .......... .......... .......... .......... 31.4M
   500K .......... .......... .......... .......... ..........  266M
   550K .......... .......... .......... .......... ..........  107M
   600K .......... .......... ..                                326M=0.02s

2026-07-09 11:33:41 (37.8 MB/s) - ‘/workspace/backups/cindemirlaw.com-20260709-113003/cindemirlaw.com/cautio-judicatum-solvi-security-payment-under-turkish-international-private-law/index.html’ saved [637063]

--2026-07-09 11:33:41--  https://cindemirlaw.com/international-private/
Reusing existing connection to cindemirlaw.com:443.
HTTP request sent, awaiting response... 200 OK
Length: unspecified [text/html]
Saving to: ‘/workspace/backups/cindemirlaw.com-20260709-113003/cindemirlaw.com/international-private/index.html’

     0K .......... .......... .......... .......... .......... 12.0M
    50K .......... .......... .......... .......... .......... 24.3M
   100K .......... .......... .......... .......... .......... 22.7M
   150K .......... .......... .......... .......... .......... 30.0M
   200K .......... .......... .......... .......... .......... 42.4M
   250K .......... .......... .......... .......... ..........  439M
   300K .......... .......... .......... .......... ..........  529M
   350K .......... .......... .......... .......... .......... 29.8M
   400K .......... .......... .......... .......... ..........  105M
   450K .......... .......... .......... .......... ..........  455M
   500K .......... .......... .......... .......... ..........  491M
   550K .......... .......... .......... .......... .......... 93.5M
   600K .......... .......... .......... ....                   525M=0.01s

2026-07-09 11:33:42 (43.9 MB/s) - ‘/workspace/backups/cindemirlaw.com-20260709-113003/cindemirlaw.com/international-private/index.html’ saved [649812]

--2026-07-09 11:33:42--  https://cindemirlaw.com/statute-of-limitations-related-to-personal-injury-cases-in-turkey/
Reusing existing connection to cindemirlaw.com:443.
HTTP request sent, awaiting response... 200 OK
Length: unspecified [text/html]
Saving to: ‘/workspace/backups/cindemirlaw.com-20260709-113003/cindemirlaw.com/statute-of-limitations-related-to-personal-injury-cases-in-turkey/index.html’

     0K .......... .......... .......... .......... .......... 23.6M
    50K .......... .......... .......... .......... .......... 74.8M
   100K .......... .......... .......... .......... .......... 49.2M
   150K .......... .......... .......... .......... .......... 19.1M
   200K .......... .......... .......... .......... ..........  505M
   250K .......... .......... .......... .......... .......... 76.1M
   300K .......... .......... .......... .......... .......... 69.2M
   350K .......... .......... .......... .......... .......... 69.7M
   400K .......... .......... .......... .......... .......... 89.0M
   450K .......... .......... .......... .......... ..........  289M
   500K .......... .......... .......... .......... ..........  127M
   550K .......... .......... .......... .......... ..........  397M
   600K .......... .......... .......... ........               551M=0.01s

2026-07-09 11:33:43 (64.2 MB/s) - ‘/workspace/backups/cindemirlaw.com-20260709-113003/cindemirlaw.com/statute-of-limitations-related-to-personal-injury-cases-in-turkey/index.html’ saved [653496]

--2026-07-09 11:33:43--  https://cindemirlaw.com/paternity-in-turkish-law-under-new-turkish-constitution-court-decision/
Reusing existing connection to cindemirlaw.com:443.
HTTP request sent, awaiting response... 200 OK
Length: unspecified [text/html]
Saving to: ‘/workspace/backups/cindemirlaw.com-20260709-113003/cindemirlaw.com/paternity-in-turkish-law-under-new-turkish-constitution-court-decision/index.html’

     0K .......... .......... .......... .......... .......... 28.6M
    50K .......... .......... .......... .......... .......... 36.5M
   100K .......... .......... .......... .......... .......... 58.5M
   150K .......... .......... .......... .......... .......... 48.8M
   200K .......... .......... .......... .......... .......... 35.1M
   250K .......... .......... .......... .......... ..........  346M
   300K .......... .......... .......... .......... .......... 41.3M
   350K .......... .......... .......... .......... ..........  347M
   400K .......... .......... .......... .......... ..........  166M
   450K .......... .......... .......... .......... ..........  112M
   500K .......... .......... .......... .......... ..........  503M
   550K .......... .......... .......... .......... ..........  176M
   600K .......... .......... .......... ...                    464M=0.009s

2026-07-09 11:33:44 (69.4 MB/s) - ‘/workspace/backups/cindemirlaw.com-20260709-113003/cindemirlaw.com/paternity-in-turkish-law-under-new-turkish-constitution-court-decision/index.html’ saved [649088]

--2026-07-09 11:33:44--  https://cindemirlaw.com/enforcement-of-uk-judgments-in-turkey/
Reusing existing connection to cindemirlaw.com:443.
HTTP request sent, awaiting response... 200 OK
Length: unspecified [text/html]
Saving to: ‘/workspace/backups/cindemirlaw.com-20260709-113003/cindemirlaw.com/enforcement-of-uk-judgments-in-turkey/index.html’

     0K .......... .......... .......... .......... .......... 34.6M
    50K .......... .......... .......... .......... .......... 30.6M
   100K .......... .......... .......... .......... .......... 36.1M
   150K .......... .......... .......... .......... .......... 29.6M
   200K .......... .......... .......... .......... .......... 21.9M
   250K .......... .......... .......... .......... .......... 47.7M
   300K .......... .......... .......... .......... .......... 31.9M
   350K .......... .......... .......... .......... ..........  444M
   400K .......... .......... .......... .......... .......... 64.7M
   450K .......... .......... .......... .......... ..........  296M
   500K .......... .......... .......... .......... ..........  532M
   550K .......... .......... .......... .......... ..........  466M
   600K .......... .......... .......... .....                  196M=0.01s

2026-07-09 11:33:45 (50.9 MB/s) - ‘/workspace/backups/cindemirlaw.com-20260709-113003/cindemirlaw.com/enforcement-of-uk-judgments-in-turkey/index.html’ saved [650933]

--2026-07-09 11:33:45--  https://cindemirlaw.com/enforcement-of-us-judgments-in-turkey/
Reusing existing connection to cindemirlaw.com:443.
HTTP request sent, awaiting response... 200 OK
Length: unspecified [text/html]
Saving to: ‘/workspace/backups/cindemirlaw.com-20260709-113003/cindemirlaw.com/enforcement-of-us-judgments-in-turkey/index.html’

     0K .......... .......... .......... .......... .......... 12.7M
    50K .......... .......... .......... .......... .......... 21.2M
   100K .......... .......... .......... .......... .......... 82.9M
   150K .......... .......... .......... .......... .......... 28.1M
   200K .......... .......... .......... .......... .......... 26.8M
   250K .......... .......... .......... .......... ..........  132M
   300K .......... .......... .......... .......... ..........  145M
   350K .......... .......... .......... .......... ..........  429M
   400K .......... .......... .......... .......... .......... 40.7M
   450K .......... .......... .......... .......... ..........  152M
   500K .......... .......... .......... .......... ..........  451M
   550K .......... .......... .......... .......... ..........  344M
   600K .......... .......... .......... .........              332M=0.01s

2026-07-09 11:33:46 (48.1 MB/s) - ‘/workspace/backups/cindemirlaw.com-20260709-113003/cindemirlaw.com/enforcement-of-us-judgments-in-turkey/index.html’ saved [655132]

--2026-07-09 11:33:46--  https://cindemirlaw.com/paternity-suit-in-turkey-under-turkish-family-law/
Reusing existing connection to cindemirlaw.com:443.
HTTP request sent, awaiting response... 200 OK
Length: unspecified [text/html]
Saving to: ‘/workspace/backups/cindemirlaw.com-20260709-113003/cindemirlaw.com/paternity-suit-in-turkey-under-turkish-family-law/index.html’

     0K .......... .......... .......... .......... .......... 15.1M
    50K .......... .......... .......... .......... .......... 17.7M
   100K .......... .......... .......... .......... .......... 44.7M
   150K .......... .......... .......... .......... .......... 21.5M
   200K .......... .......... .......... .......... .......... 58.6M
   250K .......... .......... .......... .......... .......... 28.8M
   300K .......... .......... .......... .......... .......... 21.0M
   350K .......... .......... .......... .......... .......... 29.3M
   400K .......... .......... .......... .......... ..........  110M
   450K .......... .......... .......... .......... ..........  527M
   500K .......... .......... .......... .......... .......... 42.1M
   550K .......... .......... .......... .......... ..........  258M
   600K .......... .......... .......... ....                  95.7M=0.02s

2026-07-09 11:33:47 (34.2 MB/s) - ‘/workspace/backups/cindemirlaw.com-20260709-113003/cindemirlaw.com/paternity-suit-in-turkey-under-turkish-family-law/index.html’ saved [649698]

--2026-07-09 11:33:47--  https://cindemirlaw.com/enforcement-of-a-foreign-ukraine-judgment-in-turkey/
Reusing existing connection to cindemirlaw.com:443.
HTTP request sent, awaiting response... 200 OK
Length: unspecified [text/html]
Saving to: ‘/workspace/backups/cindemirlaw.com-20260709-113003/cindemirlaw.com/enforcement-of-a-foreign-ukraine-judgment-in-turkey/index.html’

     0K .......... .......... .......... .......... .......... 12.8M
    50K .......... .......... .......... .......... .......... 19.9M
   100K .......... .......... .......... .......... .......... 28.3M
   150K .......... .......... .......... .......... .......... 83.7M
   200K .......... .......... .......... .......... .......... 67.2M
   250K .......... .......... .......... .......... .......... 62.9M
   300K .......... .......... .......... .......... .......... 69.1M
   350K .......... .......... .......... .......... ..........  326M
   400K .......... .......... .......... .......... ..........  507M
   450K .......... .......... .......... .......... ..........  178M
   500K .......... .......... .......... .......... .......... 59.9M
   550K .......... .......... .......... .......... ..........  124M
   600K .......... .......... .......... ....                   555M=0.01s

2026-07-09 11:33:48 (49.2 MB/s) - ‘/workspace/backups/cindemirlaw.com-20260709-113003/cindemirlaw.com/enforcement-of-a-foreign-ukraine-judgment-in-turkey/index.html’ saved [649423]

--2026-07-09 11:33:49--  https://cindemirlaw.com/enforcement-of-foreign-judgments-austria-in-turkey/
Reusing existing connection to cindemirlaw.com:443.
HTTP request sent, awaiting response... 200 OK
Length: unspecified [text/html]
Saving to: ‘/workspace/backups/cindemirlaw.com-20260709-113003/cindemirlaw.com/enforcement-of-foreign-judgments-austria-in-turkey/index.html’

     0K .......... .......... .......... .......... .......... 12.5M
    50K .......... .......... .......... .......... .......... 25.9M
   100K .......... .......... .......... .......... .......... 24.5M
   150K .......... .......... .......... .......... .......... 57.7M
   200K .......... .......... .......... .......... .......... 21.9M
   250K .......... .......... .......... .......... ..........  116M
   300K .......... .......... .......... .......... ..........  102M
   350K .......... .......... .......... .......... .......... 50.7M
   400K .......... .......... .......... .......... ..........  129M
   450K .......... .......... .......... .......... ..........  491M
   500K .......... .......... .......... .......... ..........  554M
   550K .......... .......... .......... .......... ..........  127M
   600K .......... .......... ...                               718M=0.01s

2026-07-09 11:33:49 (44.4 MB/s) - ‘/workspace/backups/cindemirlaw.com-20260709-113003/cindemirlaw.com/enforcement-of-foreign-judgments-austria-in-turkey/index.html’ saved [638302]

--2026-07-09 11:33:49--  https://cindemirlaw.com/link20/
Reusing existing connection to cindemirlaw.com:443.
HTTP request sent, awaiting response... 200 OK
Length: unspecified [text/html]
Saving to: ‘/workspace/backups/cindemirlaw.com-20260709-113003/cindemirlaw.com/link20/index.html’

     0K .......... .......... .......... .......... .......... 29.3M
    50K .......... .......... .......... .......... .......... 15.5M
   100K .......... .......... .......... .......... .......... 1.63M
   150K .......... .......... .......... .......... .......... 32.1M
   200K .......... .......... .......... .......... .......... 58.6M
   250K .......... .......... .......... .......... ..........  461M
   300K .......... .......... .......... .......... ..........  100M
   350K .......... .......... .......... .......... ..........  475M
   400K .......... .......... .......... .......... ..........  463M
   450K .......... .......... .......... .......... .......... 74.5M
   500K .......... .......... .......... .......... ..........  386M
   550K .......... .......... .......... .......... ..........  471M
   600K .......... .....                                        813M=0.04s

2026-07-09 11:33:50 (15.5 MB/s) - ‘/workspace/backups/cindemirlaw.com-20260709-113003/cindemirlaw.com/link20/index.html’ saved [630325]

--2026-07-09 11:33:51--  https://cindemirlaw.com/fde1068e3bda46a37dd24126f9ec4b09df0c999365011ec71028e1a7d4c45bfdd0fde1068e3bda46a37dd24126f9ec4b09df0c999365011ec71028e1a7d4c45bfdb0fde1068e3bda46a37dd24126f9ec4b09df0c999365011ec71028e1a7d4c45bf-2/
Reusing existing connection to cindemirlaw.com:443.
HTTP request sent, awaiting response... 200 OK
Length: unspecified [text/html]
Saving to: ‘/workspace/backups/cindemirlaw.com-20260709-113003/cindemirlaw.com/fde1068e3bda46a37dd24126f9ec4b09df0c999365011ec71028e1a7d4c45bfdd0fde1068e3bda46a37dd24126f9ec4b09df0c999365011ec71028e1a7d4c45bfdb0fde1068e3bda46a37dd24126f9ec4b09df0c999365011ec71028e1a7d4c45bf-2/index.html’

     0K .......... .......... .......... .......... .......... 12.8M
    50K .......... .......... .......... .......... .......... 31.5M
   100K .......... .......... .......... .......... .......... 31.6M
   150K .......... .......... .......... .......... .......... 20.8M
   200K .......... .......... .......... .......... .......... 26.5M
   250K .......... .......... .......... .......... .......... 57.4M
   300K .......... .......... .......... .......... ..........  143M
   350K .......... .......... .......... .......... .......... 56.9M
   400K .......... .......... .......... .......... .......... 93.0M
   450K .......... .......... .......... .......... ..........  129M
   500K .......... .......... .......... .......... ..........  554M
   550K .......... .......... .......... .......... ..........  164M
   600K .......... .......... .......... .                      665M=0.01s

2026-07-09 11:33:51 (42.5 MB/s) - ‘/workspace/backups/cindemirlaw.com-20260709-113003/cindemirlaw.com/fde1068e3bda46a37dd24126f9ec4b09df0c999365011ec71028e1a7d4c45bfdd0fde1068e3bda46a37dd24126f9ec4b09df0c999365011ec71028e1a7d4c45bfdb0fde1068e3bda46a37dd24126f9ec4b09df0c999365011ec71028e1a7d4c45bf-2/index.html’ saved [646465]

--2026-07-09 11:33:51--  https://cindemirlaw.com/fde1068e3bda46a37dd24126f9ec4b09df0c999365011ec71028e1a7d4c45bfdd0fde1068e3bda46a37dd24126f9ec4b09df0c999365011ec71028e1a7d4c45bfdbefde1068e3bda46a37dd24126f9ec4b09df0c999365011ec71028e1a7d4c45bf/
Reusing existing connection to cindemirlaw.com:443.
HTTP request sent, awaiting response... 200 OK
Length: unspecified [text/html]
Saving to: ‘/workspace/backups/cindemirlaw.com-20260709-113003/cindemirlaw.com/fde1068e3bda46a37dd24126f9ec4b09df0c999365011ec71028e1a7d4c45bfdd0fde1068e3bda46a37dd24126f9ec4b09df0c999365011ec71028e1a7d4c45bfdbefde1068e3bda46a37dd24126f9ec4b09df0c999365011ec71028e1a7d4c45bf/index.html’

     0K .......... .......... .......... .......... .......... 34.2M
    50K .......... .......... .......... .......... .......... 39.4M
   100K .......... .......... .......... .......... .......... 50.0M
   150K .......... .......... .......... .......... .......... 21.9M
   200K .......... .......... .......... .......... .......... 57.8M
   250K .......... .......... .......... .......... .......... 49.9M
   300K .......... .......... .......... .......... .......... 63.3M
   350K .......... .......... .......... .......... .......... 42.1M
   400K .......... .......... .......... .......... .......... 43.4M
   450K .......... .......... .......... .......... ..........  439M
   500K .......... .......... .......... .......... ..........  472M
   550K .......... .......... .......... .......... .......... 62.9M
   600K .......... ..........                                   245M=0.01s

2026-07-09 11:33:52 (51.3 MB/s) - ‘/workspace/backups/cindemirlaw.com-20260709-113003/cindemirlaw.com/fde1068e3bda46a37dd24126f9ec4b09df0c999365011ec71028e1a7d4c45bfdd0fde1068e3bda46a37dd24126f9ec4b09df0c999365011ec71028e1a7d4c45bfdbefde1068e3bda46a37dd24126f9ec4b09df0c999365011ec71028e1a7d4c45bf/index.html’ saved [635633]

--2026-07-09 11:33:52--  https://cindemirlaw.com/cindemir-hukuk-burosu-cindemir-law-office-kusdili-caddesi-osmanaga-mahallesi-artunc-apartmani-no173-34714-kadikoy-istanbul-2/
Reusing existing connection to cindemirlaw.com:443.
HTTP request sent, awaiting response... 200 OK
Length: unspecified [text/html]
Saving to: ‘/workspace/backups/cindemirlaw.com-20260709-113003/cindemirlaw.com/cindemir-hukuk-burosu-cindemir-law-office-kusdili-caddesi-osmanaga-mahallesi-artunc-apartmani-no173-34714-kadikoy-istanbul-2/index.html’

     0K .......... .......... .......... .......... .......... 23.2M
    50K .......... .......... .......... .......... .......... 17.2M
   100K .......... .......... .......... .......... .......... 72.6M
   150K .......... .......... .......... .......... .......... 32.6M
   200K .......... .......... .......... .......... ..........  106M
   250K .......... .......... .......... .......... ..........  433M
   300K .......... .......... .......... .......... ..........  135M
   350K .......... .......... .......... .......... ..........  415M
   400K .......... .......... .......... .......... ..........  501M
   450K .......... .......... .......... .......... ..........  426M
   500K .......... .......... .......... .......... .......... 46.9M
   550K .......... .......... .......... .......... .......... 79.3M
   600K .......... ......                                      8.83M=0.01s

2026-07-09 11:33:53 (50.6 MB/s) - ‘/workspace/backups/cindemirlaw.com-20260709-113003/cindemirlaw.com/cindemir-hukuk-burosu-cindemir-law-office-kusdili-caddesi-osmanaga-mahallesi-artunc-apartmani-no173-34714-kadikoy-istanbul-2/index.html’ saved [631658]

--2026-07-09 11:33:53--  https://cindemirlaw.com/gokhan-cindemir-2/
Reusing existing connection to cindemirlaw.com:443.
HTTP request sent, awaiting response... 200 OK
Length: unspecified [text/html]
Saving to: ‘/workspace/backups/cindemirlaw.com-20260709-113003/cindemirlaw.com/gokhan-cindemir-2/index.html’

     0K .......... .......... .......... .......... .......... 12.0M
    50K .......... .......... .......... .......... .......... 31.8M
   100K .......... .......... .......... .......... .......... 61.3M
   150K .......... .......... .......... .......... .......... 34.3M
   200K .......... .......... .......... .......... ..........  130M
   250K .......... .......... .......... .......... ..........  477M
   300K .......... .......... .......... .......... .......... 52.7M
   350K .......... .......... .......... .......... .......... 72.5M
   400K .......... .......... .......... .......... ..........  103M
   450K .......... .......... .......... .......... ..........  515M
   500K .......... .......... .......... .......... ..........  537M
   550K .......... .......... .......... .......... ..........  232M
   600K .......... ...                                          600M=0.01s

2026-07-09 11:33:54 (55.5 MB/s) - ‘/workspace/backups/cindemirlaw.com-20260709-113003/cindemirlaw.com/gokhan-cindemir-2/index.html’ saved [628726]

--2026-07-09 11:33:54--  https://cindemirlaw.com/hakan-cindemir-2/
Reusing existing connection to cindemirlaw.com:443.
HTTP request sent, awaiting response... 200 OK
Length: unspecified [text/html]
Saving to: ‘/workspace/backups/cindemirlaw.com-20260709-113003/cindemirlaw.com/hakan-cindemir-2/index.html’

     0K .......... .......... .......... .......... .......... 12.9M
    50K .......... .......... .......... .......... .......... 19.2M
   100K .......... .......... .......... .......... .......... 33.2M
   150K .......... .......... .......... .......... .......... 23.5M
   200K .......... .......... .......... .......... ..........  190M
   250K .......... .......... .......... .......... ..........  113M
   300K .......... .......... .......... .......... .......... 38.6M
   350K .......... .......... .......... .......... ..........  404M
   400K .......... .......... .......... .......... ..........  170M
   450K .......... .......... .......... .......... ..........  452M
   500K .......... .......... .......... .......... ..........  181M
   550K .......... .......... .......... .......... ..........  433M
   600K .......... ...                                          683M=0.01s

2026-07-09 11:33:55 (47.0 MB/s) - ‘/workspace/backups/cindemirlaw.com-20260709-113003/cindemirlaw.com/hakan-cindemir-2/index.html’ saved [628291]

--2026-07-09 11:33:55--  https://cindemirlaw.com/enforcement-of-a-foreign-iran-judgment-in-turkey/
Reusing existing connection to cindemirlaw.com:443.
HTTP request sent, awaiting response... 200 OK
Length: unspecified [text/html]
Saving to: ‘/workspace/backups/cindemirlaw.com-20260709-113003/cindemirlaw.com/enforcement-of-a-foreign-iran-judgment-in-turkey/index.html’

     0K .......... .......... .......... .......... .......... 14.0M
    50K .......... .......... .......... .......... .......... 24.0M
   100K .......... .......... .......... .......... .......... 26.7M
   150K .......... .......... .......... .......... .......... 32.7M
   200K .......... .......... .......... .......... .......... 74.4M
   250K .......... .......... .......... .......... .......... 39.4M
   300K .......... .......... .......... .......... .......... 91.3M
   350K .......... .......... .......... .......... ..........  108M
   400K .......... .......... .......... .......... ..........  495M
   450K .......... .......... .......... .......... .......... 56.7M
   500K .......... .......... .......... .......... ..........  526M
   550K .......... .......... .......... .......... ..........  405M
   600K .......... .......... ........                          576M=0.01s

2026-07-09 11:33:55 (47.4 MB/s) - ‘/workspace/backups/cindemirlaw.com-20260709-113003/cindemirlaw.com/enforcement-of-a-foreign-iran-judgment-in-turkey/index.html’ saved [643104]

--2026-07-09 11:33:56--  https://cindemirlaw.com/enforcement-of-a-foreign-romania-judgment-in-turkey/
Reusing existing connection to cindemirlaw.com:443.
HTTP request sent, awaiting response... 200 OK
Length: unspecified [text/html]
Saving to: ‘/workspace/backups/cindemirlaw.com-20260709-113003/cindemirlaw.com/enforcement-of-a-foreign-romania-judgment-in-turkey/index.html’

     0K .......... .......... .......... .......... .......... 12.8M
    50K .......... .......... .......... .......... .......... 19.1M
   100K .......... .......... .......... .......... .......... 29.1M
   150K .......... .......... .......... .......... .......... 20.8M
   200K .......... .......... .......... .......... ..........  202M
   250K .......... .......... .......... .......... ..........  478M
   300K .......... .......... .......... .......... .......... 28.2M
   350K .......... .......... .......... .......... ..........  456M
   400K .......... .......... .......... .......... ..........  133M
   450K .......... .......... .......... .......... .......... 88.6M
   500K .......... .......... .......... .......... ..........  482M
   550K .......... .......... .......... .......... ..........  449M
   600K .......... .......... ....                             28.4M=0.01s

2026-07-09 11:33:56 (42.0 MB/s) - ‘/workspace/backups/cindemirlaw.com-20260709-113003/cindemirlaw.com/enforcement-of-a-foreign-romania-judgment-in-turkey/index.html’ saved [639594]

--2026-07-09 11:33:57--  https://cindemirlaw.com/deportation-law-in-turkey/
Reusing existing connection to cindemirlaw.com:443.
HTTP request sent, awaiting response... 200 OK
Length: unspecified [text/html]
Saving to: ‘/workspace/backups/cindemirlaw.com-20260709-113003/cindemirlaw.com/deportation-law-in-turkey/index.html’

     0K .......... .......... .......... .......... .......... 14.4M
    50K .......... .......... .......... .......... .......... 23.3M
   100K .......... .......... .......... .......... .......... 33.3M
   150K .......... .......... .......... .......... .......... 22.9M
   200K .......... .......... .......... .......... .......... 20.6M
   250K .......... .......... .......... .......... ..........  147M
   300K .......... .......... .......... .......... ..........  461M
   350K .......... .......... .......... .......... .......... 26.8M
   400K .......... .......... .......... .......... ..........  370M
   450K .......... .......... .......... .......... .......... 85.9M
   500K .......... .......... .......... .......... ..........  471M
   550K .......... .......... .......... .......... ..........  462M
   600K .......... .......... .......... .......               51.6M=0.02s

2026-07-09 11:33:57 (40.6 MB/s) - ‘/workspace/backups/cindemirlaw.com-20260709-113003/cindemirlaw.com/deportation-law-in-turkey/index.html’ saved [653057]

--2026-07-09 11:33:58--  https://cindemirlaw.com/enforcement-of-a-foreign-poland-judgment-in-turkey/
Reusing existing connection to cindemirlaw.com:443.
HTTP request sent, awaiting response... 200 OK
Length: unspecified [text/html]
Saving to: ‘/workspace/backups/cindemirlaw.com-20260709-113003/cindemirlaw.com/enforcement-of-a-foreign-poland-judgment-in-turkey/index.html’

     0K .......... .......... .......... .......... .......... 25.7M
    50K .......... .......... .......... .......... .......... 31.7M
   100K .......... .......... .......... .......... .......... 27.9M
   150K .......... .......... .......... .......... .......... 43.7M
   200K .......... .......... .......... .......... .......... 32.2M
   250K .......... .......... .......... .......... .......... 49.7M
   300K .......... .......... .......... .......... .......... 22.2M
   350K .......... .......... .......... .......... .......... 36.4M
   400K .......... .......... .......... .......... .......... 21.5M
   450K .......... .......... .......... .......... .......... 43.6M
   500K .......... .......... .......... .......... .......... 87.1M
   550K .......... .......... .......... .......... .......... 19.9M
   600K .......... .......... ....                              433M=0.02s

2026-07-09 11:33:58 (32.4 MB/s) - ‘/workspace/backups/cindemirlaw.com-20260709-113003/cindemirlaw.com/enforcement-of-a-foreign-poland-judgment-in-turkey/index.html’ saved [639506]

--2026-07-09 11:33:59--  https://cindemirlaw.com/enforcement-of-a-chinese-foreign-judgment-in-turkey/
Connecting to cindemirlaw.com (cindemirlaw.com)|162.241.252.122|:443... connected.
HTTP request sent, awaiting response... 200 OK
Length: unspecified [text/html]
Saving to: ‘/workspace/backups/cindemirlaw.com-20260709-113003/cindemirlaw.com/enforcement-of-a-chinese-foreign-judgment-in-turkey/index.html’

     0K .......... .......... .......... .......... ..........  444K
    50K .......... .......... .......... .......... ..........  892K
   100K .......... .......... .......... .......... .......... 34.3M
   150K .......... .......... .......... .......... ..........  907K
   200K .......... .......... .......... .......... ..........  896K
   250K .......... .......... .......... .......... ..........  318M
   300K .......... .......... .......... .......... ..........  424M
   350K .......... .......... .......... .......... .......... 46.7M
   400K .......... .......... .......... .......... ..........  918K
   450K .......... .......... .......... .......... ..........  329M
   500K .......... .......... .......... .......... ..........  425M
   550K .......... .......... .......... .......... ..........  415M
   600K .......... .......... ....                              397M=0.3s

2026-07-09 11:34:00 (1.81 MB/s) - ‘/workspace/backups/cindemirlaw.com-20260709-113003/cindemirlaw.com/enforcement-of-a-chinese-foreign-judgment-in-turkey/index.html’ saved [639395]

--2026-07-09 11:34:00--  https://cindemirlaw.com/enforcement-of-a-foreign-decision-in-turkey/
Reusing existing connection to cindemirlaw.com:443.
HTTP request sent, awaiting response... 200 OK
Length: unspecified [text/html]
Saving to: ‘/workspace/backups/cindemirlaw.com-20260709-113003/cindemirlaw.com/enforcement-of-a-foreign-decision-in-turkey/index.html’

     0K .......... .......... .......... .......... .......... 14.2M
    50K .......... .......... .......... .......... .......... 20.2M
   100K .......... .......... .......... .......... .......... 31.6M
   150K .......... .......... .......... .......... ..........  115M
   200K .......... .......... .......... .......... .......... 83.3M
   250K .......... .......... .......... .......... .......... 36.5M
   300K .......... .......... .......... .......... ..........  477M
   350K .......... .......... .......... .......... ..........  384M
   400K .......... .......... .......... .......... ..........  251M
   450K .......... .......... .......... .......... ..........  485M
   500K .......... .......... .......... .......... .......... 1.07M
   550K .......... .......... .......... .......... .......... 14.9M
   600K .......... .......... .........                         597M=0.06s

2026-07-09 11:34:01 (10.4 MB/s) - ‘/workspace/backups/cindemirlaw.com-20260709-113003/cindemirlaw.com/enforcement-of-a-foreign-decision-in-turkey/index.html’ saved [644474]

--2026-07-09 11:34:01--  https://cindemirlaw.com/anti-dumping-measures/
Reusing existing connection to cindemirlaw.com:443.
HTTP request sent, awaiting response... 200 OK
Length: unspecified [text/html]
Saving to: ‘/workspace/backups/cindemirlaw.com-20260709-113003/cindemirlaw.com/anti-dumping-measures/index.html’

     0K .......... .......... .......... .......... .......... 28.0M
    50K .......... .......... .......... .......... .......... 33.9M
   100K .......... .......... .......... .......... .......... 43.4M
   150K .......... .......... .......... .......... .......... 28.7M
   200K .......... .......... .......... .......... .......... 44.5M
   250K .......... .......... .......... .......... .......... 45.1M
   300K .......... .......... .......... .......... .......... 82.5M
   350K .......... .......... .......... .......... ..........  162M
   400K .......... .......... .......... .......... ..........  126M
   450K .......... .......... .......... .......... ..........  373M
   500K .......... .......... .......... .......... ..........  211M
   550K .......... .......... .......... .......... ..........  431M
   600K .......... .......... .......... .......... ......      507M=0.01s

2026-07-09 11:34:01 (62.9 MB/s) - ‘/workspace/backups/cindemirlaw.com-20260709-113003/cindemirlaw.com/anti-dumping-measures/index.html’ saved [662224]

--2026-07-09 11:34:02--  https://cindemirlaw.com/electric-distribution-and-transmission-in-turkey/
Reusing existing connection to cindemirlaw.com:443.
HTTP request sent, awaiting response... 200 OK
Length: unspecified [text/html]
Saving to: ‘/workspace/backups/cindemirlaw.com-20260709-113003/cindemirlaw.com/electric-distribution-and-transmission-in-turkey/index.html’

     0K .......... .......... .......... .......... .......... 12.6M
    50K .......... .......... .......... .......... .......... 20.4M
   100K .......... .......... .......... .......... .......... 28.5M
   150K .......... .......... .......... .......... .......... 71.2M
   200K .......... .......... .......... .......... ..........  382M
   250K .......... .......... .......... .......... .......... 35.4M
   300K .......... .......... .......... .......... .......... 92.7M
   350K .......... .......... .......... .......... ..........  398M
   400K .......... .......... .......... .......... ..........  186M
   450K .......... .......... .......... .......... ..........  545M
   500K .......... .......... .......... .......... .......... 86.4M
   550K .......... .......... .......... .......... .......... 82.3M
   600K .......... .......... ......                            488M=0.01s

2026-07-09 11:34:03 (49.4 MB/s) - ‘/workspace/backups/cindemirlaw.com-20260709-113003/cindemirlaw.com/electric-distribution-and-transmission-in-turkey/index.html’ saved [641537]

--2026-07-09 11:34:03--  https://cindemirlaw.com/direct-foreign-invesment-law-in-turkey/
Reusing existing connection to cindemirlaw.com:443.
HTTP request sent, awaiting response... 200 OK
Length: unspecified [text/html]
Saving to: ‘/workspace/backups/cindemirlaw.com-20260709-113003/cindemirlaw.com/direct-foreign-invesment-law-in-turkey/index.html’

     0K .......... .......... .......... .......... .......... 12.4M
    50K .......... .......... .......... .......... .......... 22.3M
   100K .......... .......... .......... .......... .......... 21.6M
   150K .......... .......... .......... .......... ..........  314M
   200K .......... .......... .......... .......... .......... 35.2M
   250K .......... .......... .......... .......... ..........  183M
   300K .......... .......... .......... .......... ..........  324M
   350K .......... .......... .......... .......... ..........  439M
   400K .......... .......... .......... .......... .......... 64.4M
   450K .......... .......... .......... .......... .......... 67.9M
   500K .......... .......... .......... .......... ..........  449M
   550K .......... .......... .......... .......... ..........  196M
   600K .......... .......... ......                            519M=0.01s

2026-07-09 11:34:04 (49.6 MB/s) - ‘/workspace/backups/cindemirlaw.com-20260709-113003/cindemirlaw.com/direct-foreign-invesment-law-in-turkey/index.html’ saved [641546]

--2026-07-09 11:34:04--  https://cindemirlaw.com/sales-of-real-estate-to-foreigners-in-turkey/
Reusing existing connection to cindemirlaw.com:443.
HTTP request sent, awaiting response... 200 OK
Length: unspecified [text/html]
Saving to: ‘/workspace/backups/cindemirlaw.com-20260709-113003/cindemirlaw.com/sales-of-real-estate-to-foreigners-in-turkey/index.html’

     0K .......... .......... .......... .......... .......... 12.2M
    50K .......... .......... .......... .......... .......... 22.4M
   100K .......... .......... .......... .......... .......... 29.6M
   150K .......... .......... .......... .......... .......... 68.9M
   200K .......... .......... .......... .......... ..........  479M
   250K .......... .......... .......... .......... .......... 57.5M
   300K .......... .......... .......... .......... .......... 70.5M
   350K .......... .......... .......... .......... ..........  111M
   400K .......... .......... .......... .......... ..........  146M
   450K .......... .......... .......... .......... .......... 84.7M
   500K .......... .......... .......... .......... ..........  113M
   550K .......... .......... .......... .......... .......... 68.9M
   600K .......... .......... .......... .......... ..........  407M
   650K .......... ....                                         508M=0.01s

2026-07-09 11:34:05 (50.6 MB/s) - ‘/workspace/backups/cindemirlaw.com-20260709-113003/cindemirlaw.com/sales-of-real-estate-to-foreigners-in-turkey/index.html’ saved [680561]

--2026-07-09 11:34:05--  https://cindemirlaw.com/alternative-dispute-resolutions-in-turkey/
Reusing existing connection to cindemirlaw.com:443.
HTTP request sent, awaiting response... 200 OK
Length: unspecified [text/html]
Saving to: ‘/workspace/backups/cindemirlaw.com-20260709-113003/cindemirlaw.com/alternative-dispute-resolutions-in-turkey/index.html’

     0K .......... .......... .......... .......... .......... 12.6M
    50K .......... .......... .......... .......... .......... 22.5M
   100K .......... .......... .......... .......... .......... 26.8M
   150K .......... .......... .......... .......... .......... 73.3M
   200K .......... .......... .......... .......... .......... 38.1M
   250K .......... .......... .......... .......... .......... 65.6M
   300K .......... .......... .......... .......... ..........  522M
   350K .......... .......... .......... .......... ..........  163M
   400K .......... .......... .......... .......... .......... 52.1M
   450K .......... .......... .......... .......... ..........  483M
   500K .......... .......... .......... .......... ..........  246M
   550K .......... .......... .......... .......... ..........  247M
   600K .......... .......... .......... ....                   420M=0.01s

2026-07-09 11:34:05 (49.8 MB/s) - ‘/workspace/backups/cindemirlaw.com-20260709-113003/cindemirlaw.com/alternative-dispute-resolutions-in-turkey/index.html’ saved [649431]

--2026-07-09 11:34:06--  https://cindemirlaw.com/how-to-divorce-in-turkey/
Reusing existing connection to cindemirlaw.com:443.
HTTP request sent, awaiting response... 200 OK
Length: unspecified [text/html]
Saving to: ‘/workspace/backups/cindemirlaw.com-20260709-113003/cindemirlaw.com/how-to-divorce-in-turkey/index.html’

     0K .......... .......... .......... .......... .......... 21.9M
    50K .......... .......... .......... .......... .......... 28.1M
   100K .......... .......... .......... .......... .......... 23.2M
   150K .......... .......... .......... .......... .......... 27.3M
   200K .......... .......... .......... .......... .......... 42.9M
   250K .......... .......... .......... .......... ..........  244M
   300K .......... .......... .......... .......... ..........  460M
   350K .......... .......... .......... .......... .......... 89.0M
   400K .......... .......... .......... .......... ..........  102M
   450K .......... .......... .......... .......... ..........  462M
   500K .......... .......... .......... .......... ..........  495M
   550K .......... .......... .......... .......... .......... 45.5M
   600K .......... .......... ...                               490M=0.01s

2026-07-09 11:34:07 (52.2 MB/s) - ‘/workspace/backups/cindemirlaw.com-20260709-113003/cindemirlaw.com/how-to-divorce-in-turkey/index.html’ saved [638890]

--2026-07-09 11:34:07--  https://cindemirlaw.com/turkish-procedural-law/
Reusing existing connection to cindemirlaw.com:443.
HTTP request sent, awaiting response... 200 OK
Length: unspecified [text/html]
Saving to: ‘/workspace/backups/cindemirlaw.com-20260709-113003/cindemirlaw.com/turkish-procedural-law/index.html’

     0K .......... .......... .......... .......... .......... 18.4M
    50K .......... .......... .......... .......... .......... 20.8M
   100K .......... .......... .......... .......... .......... 14.9M
   150K .......... .......... .......... .......... .......... 56.8M
   200K .......... .......... .......... .......... .......... 44.8M
   250K .......... .......... .......... .......... .......... 80.4M
   300K .......... .......... .......... .......... ..........  493M
   350K .......... .......... .......... .......... ..........  138M
   400K .......... .......... .......... .......... ..........  458M
   450K .......... .......... .......... .......... .......... 95.9M
   500K .......... .......... .......... .......... .......... 96.2M
   550K .......... .......... .......... .......... ..........  254M
   600K .......... .......... ....                              451M=0.01s

2026-07-09 11:34:07 (48.1 MB/s) - ‘/workspace/backups/cindemirlaw.com-20260709-113003/cindemirlaw.com/turkish-procedural-law/index.html’ saved [639215]

--2026-07-09 11:34:08--  https://cindemirlaw.com/to-file-a-case-in-turkey-petition/
Reusing existing connection to cindemirlaw.com:443.
HTTP request sent, awaiting response... 200 OK
Length: unspecified [text/html]
Saving to: ‘/workspace/backups/cindemirlaw.com-20260709-113003/cindemirlaw.com/to-file-a-case-in-turkey-petition/index.html’

     0K .......... .......... .......... .......... .......... 27.2M
    50K .......... .......... .......... .......... .......... 35.1M
   100K .......... .......... .......... .......... .......... 39.7M
   150K .......... .......... .......... .......... ..........  357M
   200K .......... .......... .......... .......... .......... 43.5M
   250K .......... .......... .......... .......... ..........  461M
   300K .......... .......... .......... .......... ..........  526M
   350K .......... .......... .......... .......... ..........  438M
   400K .......... .......... .......... .......... ..........  268M
   450K .......... .......... .......... .......... ..........  120M
   500K .......... .......... .......... .......... ..........  521M
   550K .......... .......... .......... .......... ..........  382M
   600K .......... .......... .                                 607M=0.007s

2026-07-09 11:34:09 (88.8 MB/s) - ‘/workspace/backups/cindemirlaw.com-20260709-113003/cindemirlaw.com/to-file-a-case-in-turkey-petition/index.html’ saved [636231]

--2026-07-09 11:34:09--  https://cindemirlaw.com/debt-recovery-in-turkey/
Reusing existing connection to cindemirlaw.com:443.
HTTP request sent, awaiting response... 200 OK
Length: unspecified [text/html]
Saving to: ‘/workspace/backups/cindemirlaw.com-20260709-113003/cindemirlaw.com/debt-recovery-in-turkey/index.html’

     0K .......... .......... .......... .......... .......... 10.1M
    50K .......... .......... .......... .......... .......... 20.0M
   100K .......... .......... .......... .......... .......... 31.0M
   150K .......... .......... .......... .......... .......... 20.7M
   200K .......... .......... .......... .......... ..........  231M
   250K .......... .......... .......... .......... .......... 59.8M
   300K .......... .......... .......... .......... ..........  403M
   350K .......... .......... .......... .......... .......... 33.2M
   400K .......... .......... .......... .......... ..........  402M
   450K .......... .......... .......... .......... ..........  487M
   500K .......... .......... .......... .......... ..........  492M
   550K .......... .......... .......... .......... ..........  363M
   600K .......... .......... .......... .......... .....       598M=0.01s

2026-07-09 11:34:09 (43.9 MB/s) - ‘/workspace/backups/cindemirlaw.com-20260709-113003/cindemirlaw.com/debt-recovery-in-turkey/index.html’ saved [660715]

--2026-07-09 11:34:10--  https://cindemirlaw.com/resolution-in-the-course-of-litigation-proceedings-regarding-turkish-law/
Reusing existing connection to cindemirlaw.com:443.
HTTP request sent, awaiting response... 200 OK
Length: unspecified [text/html]
Saving to: ‘/workspace/backups/cindemirlaw.com-20260709-113003/cindemirlaw.com/resolution-in-the-course-of-litigation-proceedings-regarding-turkish-law/index.html’

     0K .......... .......... .......... .......... .......... 22.2M
    50K .......... .......... .......... .......... .......... 55.2M
   100K .......... .......... .......... .......... .......... 40.8M
   150K .......... .......... .......... .......... .......... 50.8M
   200K .......... .......... .......... .......... ..........  142M
   250K .......... .......... .......... .......... .......... 35.8M
   300K .......... .......... .......... .......... ..........  515M
   350K .......... .......... .......... .......... .......... 94.5M
   400K .......... .......... .......... .......... ..........  409M
   450K .......... .......... .......... .......... ..........  285M
   500K .......... .......... .......... .......... ..........  463M
   550K .......... .......... .......... .......... ..........  403M
   600K .......... .......... ..                                609M=0.008s

2026-07-09 11:34:10 (74.9 MB/s) - ‘/workspace/backups/cindemirlaw.com-20260709-113003/cindemirlaw.com/resolution-in-the-course-of-litigation-proceedings-regarding-turkish-law/index.html’ saved [637771]

--2026-07-09 11:34:11--  https://cindemirlaw.com/appointment-of-a-turkish-lawyer-with-power-of-attorney/
Reusing existing connection to cindemirlaw.com:443.
HTTP request sent, awaiting response... 200 OK
Length: unspecified [text/html]
Saving to: ‘/workspace/backups/cindemirlaw.com-20260709-113003/cindemirlaw.com/appointment-of-a-turkish-lawyer-with-power-of-attorney/index.html’

     0K .......... .......... .......... .......... .......... 17.9M
    50K .......... .......... .......... .......... .......... 20.5M
   100K .......... .......... .......... .......... .......... 18.7M
   150K .......... .......... .......... .......... .......... 75.9M
   200K .......... .......... .......... .......... .......... 87.9M
   250K .......... .......... .......... .......... ..........  265M
   300K .......... .......... .......... .......... ..........  116M
   350K .......... .......... .......... .......... ..........  424M
   400K .......... .......... .......... .......... .......... 49.8M
   450K .......... .......... .......... .......... ..........  531M
   500K .......... .......... .......... .......... ..........  549M
   550K .......... .......... .......... .......... .......... 76.2M
   600K .......... .......... .......... .....                  103M=0.01s

2026-07-09 11:34:11 (52.7 MB/s) - ‘/workspace/backups/cindemirlaw.com-20260709-113003/cindemirlaw.com/appointment-of-a-turkish-lawyer-with-power-of-attorney/index.html’ saved [650486]

--2026-07-09 11:34:12--  https://cindemirlaw.com/malpractice-cases-in-turkey/
Reusing existing connection to cindemirlaw.com:443.
HTTP request sent, awaiting response... 200 OK
Length: unspecified [text/html]
Saving to: ‘/workspace/backups/cindemirlaw.com-20260709-113003/cindemirlaw.com/malpractice-cases-in-turkey/index.html’

     0K .......... .......... .......... .......... .......... 13.2M
    50K .......... .......... .......... .......... .......... 18.8M
   100K .......... .......... .......... .......... .......... 28.9M
   150K .......... .......... .......... .......... .......... 70.0M
   200K .......... .......... .......... .......... .......... 28.8M
   250K .......... .......... .......... .......... ..........  123M
   300K .......... .......... .......... .......... .......... 77.4M
   350K .......... .......... .......... .......... ..........  360M
   400K .......... .......... .......... .......... ..........  541M
   450K .......... .......... .......... .......... .......... 62.1M
   500K .......... .......... .......... .......... ..........  199M
   550K .......... .......... .......... .......... ..........  340M
   600K .......... .......... .......... .......... .......     519M=0.01s

2026-07-09 11:34:12 (49.0 MB/s) - ‘/workspace/backups/cindemirlaw.com-20260709-113003/cindemirlaw.com/malpractice-cases-in-turkey/index.html’ saved [662693]

--2026-07-09 11:34:12--  https://cindemirlaw.com/narcotic-crimes-drugs-and-cordials-in-turkish-penal-code/
Reusing existing connection to cindemirlaw.com:443.
HTTP request sent, awaiting response... 200 OK
Length: unspecified [text/html]
Saving to: ‘/workspace/backups/cindemirlaw.com-20260709-113003/cindemirlaw.com/narcotic-crimes-drugs-and-cordials-in-turkish-penal-code/index.html’

     0K .......... .......... .......... .......... .......... 14.7M
    50K .......... .......... .......... .......... .......... 21.3M
   100K .......... .......... .......... .......... .......... 23.0M
   150K .......... .......... .......... .......... .......... 48.6M
   200K .......... .......... .......... .......... .......... 50.1M
   250K .......... .......... .......... .......... .......... 81.6M
   300K .......... .......... .......... .......... .......... 62.7M
   350K .......... .......... .......... .......... ..........  451M
   400K .......... .......... .......... .......... ..........  352M
   450K .......... .......... .......... .......... ..........  513M
   500K .......... .......... .......... .......... .......... 63.5M
   550K .......... .......... .......... .......... ..........  381M
   600K .......... .......... ..........                       6.45M=0.02s

2026-07-09 11:34:12 (36.4 MB/s) - ‘/workspace/backups/cindemirlaw.com-20260709-113003/cindemirlaw.com/narcotic-crimes-drugs-and-cordials-in-turkish-penal-code/index.html’ saved [645362]

--2026-07-09 11:34:13--  https://cindemirlaw.com/methods-of-debt-collection-in-the-light-of-turkish-law/
Reusing existing connection to cindemirlaw.com:443.
HTTP request sent, awaiting response... 200 OK
Length: unspecified [text/html]
Saving to: ‘/workspace/backups/cindemirlaw.com-20260709-113003/cindemirlaw.com/methods-of-debt-collection-in-the-light-of-turkish-law/index.html’

     0K .......... .......... .......... .......... .......... 11.5M
    50K .......... .......... .......... .......... .......... 46.9M
   100K .......... .......... .......... .......... .......... 47.0M
   150K .......... .......... .......... .......... .......... 42.8M
   200K .......... .......... .......... .......... ..........  286M
   250K .......... .......... .......... .......... ..........  479M
   300K .......... .......... .......... .......... ..........  469M
   350K .......... .......... .......... .......... ..........  101M
   400K .......... .......... .......... .......... ..........  353M
   450K .......... .......... .......... .......... ..........  450M
   500K .......... .......... .......... .......... ..........  245M
   550K .......... .......... .......... .......... ..........  430M
   600K .......... .......... .......... ........               211M=0.009s

2026-07-09 11:34:13 (68.9 MB/s) - ‘/workspace/backups/cindemirlaw.com-20260709-113003/cindemirlaw.com/methods-of-debt-collection-in-the-light-of-turkish-law/index.html’ saved [654188]

--2026-07-09 11:34:14--  https://cindemirlaw.com/testamentary-disposition-and-testaments-in-turkish-inheritance-law/
Reusing existing connection to cindemirlaw.com:443.
HTTP request sent, awaiting response... 200 OK
Length: unspecified [text/html]
Saving to: ‘/workspace/backups/cindemirlaw.com-20260709-113003/cindemirlaw.com/testamentary-disposition-and-testaments-in-turkish-inheritance-law/index.html’

     0K .......... .......... .......... .......... .......... 30.9M
    50K .......... .......... .......... .......... .......... 25.6M
   100K .......... .......... .......... .......... .......... 31.4M
   150K .......... .......... .......... .......... .......... 30.0M
   200K .......... .......... .......... .......... .......... 24.4M
   250K .......... .......... .......... .......... ..........  465M
   300K .......... .......... .......... .......... ..........  412M
   350K .......... .......... .......... .......... .......... 65.5M
   400K .......... .......... .......... .......... .......... 77.8M
   450K .......... .......... .......... .......... .......... 95.1M
   500K .......... .......... .......... .......... ..........  426M
   550K .......... .......... .......... .......... ..........  242M
   600K .......... .......... .....                            25.0M=0.01s

2026-07-09 11:34:14 (50.5 MB/s) - ‘/workspace/backups/cindemirlaw.com-20260709-113003/cindemirlaw.com/testamentary-disposition-and-testaments-in-turkish-inheritance-law/index.html’ saved [640778]

--2026-07-09 11:34:15--  https://cindemirlaw.com/cindemir/
Reusing existing connection to cindemirlaw.com:443.
HTTP request sent, awaiting response... 200 OK
Length: unspecified [text/html]
Saving to: ‘/workspace/backups/cindemirlaw.com-20260709-113003/cindemirlaw.com/cindemir/index.html’

     0K .......... .......... .......... .......... .......... 13.6M
    50K .......... .......... .......... .......... .......... 21.2M
   100K .......... .......... .......... .......... .......... 37.7M
   150K .......... .......... .......... .......... .......... 71.8M
   200K .......... .......... .......... .......... .......... 54.5M
   250K .......... .......... .......... .......... .......... 50.3M
   300K .......... .......... .......... .......... ..........  102M
   350K .......... .......... .......... .......... ..........  429M
   400K .......... .......... .......... .......... ..........  152M
   450K .......... .......... .......... .......... ..........  516M
   500K .......... .......... .......... .......... .......... 54.0M
   550K .......... .......... .......... .......... ..........  107M
   600K .......... .....                                        866M=0.01s

2026-07-09 11:34:15 (49.5 MB/s) - ‘/workspace/backups/cindemirlaw.com-20260709-113003/cindemirlaw.com/cindemir/index.html’ saved [629839]

--2026-07-09 11:34:16--  https://cindemirlaw.com/cindemir-hukuk-burosu-cindemir-law-office-kusdili-caddesi-osmanaga-mahallesi-artunc-apartmani-no173-34714-kadikoy-istanbul/
Reusing existing connection to cindemirlaw.com:443.
HTTP request sent, awaiting response... 301 Moved Permanently
Location: https://cindemirlaw.com/cindemir/ [following]
--2026-07-09 11:34:16--  https://cindemirlaw.com/cindemir/
Reusing existing connection to cindemirlaw.com:443.
HTTP request sent, awaiting response... 200 OK
Length: unspecified [text/html]
Saving to: ‘/workspace/backups/cindemirlaw.com-20260709-113003/cindemirlaw.com/cindemir-hukuk-burosu-cindemir-law-office-kusdili-caddesi-osmanaga-mahallesi-artunc-apartmani-no173-34714-kadikoy-istanbul/index.html’

     0K .......... .......... .......... .......... .......... 13.3M
    50K .......... .......... .......... .......... .......... 18.3M
   100K .......... .......... .......... .......... .......... 36.6M
   150K .......... .......... .......... .......... .......... 39.9M
   200K .......... .......... .......... .......... .......... 77.3M
   250K .......... .......... .......... .......... .......... 38.3M
   300K .......... .......... .......... .......... ..........  127M
   350K .......... .......... .......... .......... ..........  318M
   400K .......... .......... .......... .......... ..........  441M
   450K .......... .......... .......... .......... .......... 66.4M
   500K .......... .......... .......... .......... ..........  105M
   550K .......... .......... .......... .......... .......... 66.1M
   600K .......... .....                                        685M=0.01s

2026-07-09 11:34:17 (44.8 MB/s) - ‘/workspace/backups/cindemirlaw.com-20260709-113003/cindemirlaw.com/cindemir-hukuk-burosu-cindemir-law-office-kusdili-caddesi-osmanaga-mahallesi-artunc-apartmani-no173-34714-kadikoy-istanbul/index.html’ saved [629866]

--2026-07-09 11:34:17--  https://cindemirlaw.com/gokhan-cindemir/
Reusing existing connection to cindemirlaw.com:443.
HTTP request sent, awaiting response... 200 OK
Length: unspecified [text/html]
Saving to: ‘/workspace/backups/cindemirlaw.com-20260709-113003/cindemirlaw.com/gokhan-cindemir/index.html’

     0K .......... .......... .......... .......... .......... 7.35M
    50K .......... .......... .......... .......... .......... 30.5M
   100K .......... .......... .......... .......... .......... 20.3M
   150K .......... .......... .......... .......... ..........  120M
   200K .......... .......... .......... .......... ..........  382M
   250K .......... .......... .......... .......... .......... 35.3M
   300K .......... .......... .......... .......... ..........  579M
   350K .......... .......... .......... .......... ..........  201M
   400K .......... .......... .......... .......... ..........  279M
   450K .......... .......... .......... .......... ..........  576M
   500K .......... .......... .......... .......... .......... 39.7M
   550K .......... .......... .......... .......... ..........  441M
   600K .......... ...                                          804M=0.01s

2026-07-09 11:34:17 (41.3 MB/s) - ‘/workspace/backups/cindemirlaw.com-20260709-113003/cindemirlaw.com/gokhan-cindemir/index.html’ saved [628126]

--2026-07-09 11:34:18--  https://cindemirlaw.com/gokhan-cindemir-3/
Reusing existing connection to cindemirlaw.com:443.
HTTP request sent, awaiting response... 200 OK
Length: unspecified [text/html]
Saving to: ‘/workspace/backups/cindemirlaw.com-20260709-113003/cindemirlaw.com/gokhan-cindemir-3/index.html’

     0K .......... .......... .......... .......... .......... 11.6M
    50K .......... .......... .......... .......... .......... 10.4M
   100K .......... .......... .......... .......... ..........  123M
   150K .......... .......... .......... .......... .......... 22.7M
   200K .......... .......... .......... .......... .......... 24.3M
   250K .......... .......... .......... .......... ..........  571M
   300K .......... .......... .......... .......... ..........  241M
   350K .......... .......... .......... .......... .......... 29.7M
   400K .......... .......... .......... .......... ..........  484M
   450K .......... .......... .......... .......... ..........  211M
   500K .......... .......... .......... .......... ..........  150M
   550K .......... .......... .......... .......... ..........  496M
   600K .......... ...                                          577M=0.02s

2026-07-09 11:34:19 (37.0 MB/s) - ‘/workspace/backups/cindemirlaw.com-20260709-113003/cindemirlaw.com/gokhan-cindemir-3/index.html’ saved [627879]

--2026-07-09 11:34:19--  https://cindemirlaw.com/hakan-cindemir/
Reusing existing connection to cindemirlaw.com:443.
HTTP request sent, awaiting response... 200 OK
Length: unspecified [text/html]
Saving to: ‘/workspace/backups/cindemirlaw.com-20260709-113003/cindemirlaw.com/hakan-cindemir/index.html’

     0K .......... .......... .......... .......... .......... 14.0M
    50K .......... .......... .......... .......... .......... 19.4M
   100K .......... .......... .......... .......... .......... 32.5M
   150K .......... .......... .......... .......... .......... 49.3M
   200K .......... .......... .......... .......... ..........  104M
   250K .......... .......... .......... .......... .......... 39.3M
   300K .......... .......... .......... .......... ..........  537M
   350K .......... .......... .......... .......... ..........  268M
   400K .......... .......... .......... .......... ..........  514M
   450K .......... .......... .......... .......... ..........  537M
   500K .......... .......... .......... .......... .......... 25.5M
   550K .......... .......... .......... .......... ..........  450M
   600K .......... ...                                          747M=0.01s

2026-07-09 11:34:19 (47.1 MB/s) - ‘/workspace/backups/cindemirlaw.com-20260709-113003/cindemirlaw.com/hakan-cindemir/index.html’ saved [627807]

--2026-07-09 11:34:20--  https://cindemirlaw.com/hakan-cindemir-3/
Reusing existing connection to cindemirlaw.com:443.
HTTP request sent, awaiting response... 200 OK
Length: unspecified [text/html]
Saving to: ‘/workspace/backups/cindemirlaw.com-20260709-113003/cindemirlaw.com/hakan-cindemir-3/index.html’

     0K .......... .......... .......... .......... .......... 12.9M
    50K .......... .......... .......... .......... .......... 22.4M
   100K .......... .......... .......... .......... .......... 25.8M
   150K .......... .......... .......... .......... .......... 21.5M
   200K .......... .......... .......... .......... ..........  160M
   250K .......... .......... .......... .......... .......... 64.3M
   300K .......... .......... .......... .......... .......... 61.2M
   350K .......... .......... .......... .......... ..........  104M
   400K .......... .......... .......... .......... ..........  159M
   450K .......... .......... .......... .......... ..........  174M
   500K .......... .......... .......... .......... .......... 54.8M
   550K .......... .......... .......... .......... ..........  274M
   600K .......... ...                                          742M=0.01s

2026-07-09 11:34:20 (42.4 MB/s) - ‘/workspace/backups/cindemirlaw.com-20260709-113003/cindemirlaw.com/hakan-cindemir-3/index.html’ saved [628206]

--2026-07-09 11:34:21--  https://cindemirlaw.com/hakan-cindemir-attorney-at-law-senior-attorney-of-the-law-office/
Reusing existing connection to cindemirlaw.com:443.
HTTP request sent, awaiting response... 200 OK
Length: unspecified [text/html]
Saving to: ‘/workspace/backups/cindemirlaw.com-20260709-113003/cindemirlaw.com/hakan-cindemir-attorney-at-law-senior-attorney-of-the-law-office/index.html’

     0K .......... .......... .......... .......... .......... 12.5M
    50K .......... .......... .......... .......... .......... 18.5M
   100K .......... .......... .......... .......... .......... 38.0M
   150K .......... .......... .......... .......... .......... 69.7M
   200K .......... .......... .......... .......... .......... 83.3M
   250K .......... .......... .......... .......... .......... 34.4M
   300K .......... .......... .......... .......... ..........  562M
   350K .......... .......... .......... .......... ..........  133M
   400K .......... .......... .......... .......... ..........  144M
   450K .......... .......... .......... .......... .......... 92.5M
   500K .......... .......... .......... .......... .......... 99.1M
   550K .......... .......... .......... .......... ..........  166M
   600K .......... ......                                       518M=0.01s

2026-07-09 11:34:21 (47.5 MB/s) - ‘/workspace/backups/cindemirlaw.com-20260709-113003/cindemirlaw.com/hakan-cindemir-attorney-at-law-senior-attorney-of-the-law-office/index.html’ saved [631560]

--2026-07-09 11:34:22--  https://cindemirlaw.com/gokhan-cindemir-attorney-at-law-2/
Reusing existing connection to cindemirlaw.com:443.
HTTP request sent, awaiting response... 200 OK
Length: unspecified [text/html]
Saving to: ‘/workspace/backups/cindemirlaw.com-20260709-113003/cindemirlaw.com/gokhan-cindemir-attorney-at-law-2/index.html’

     0K .......... .......... .......... .......... .......... 13.8M
    50K .......... .......... .......... .......... .......... 21.6M
   100K .......... .......... .......... .......... .......... 30.3M
   150K .......... .......... .......... .......... .......... 28.8M
   200K .......... .......... .......... .......... .......... 33.3M
   250K .......... .......... .......... .......... .......... 35.6M
   300K .......... .......... .......... .......... .......... 23.1M
   350K .......... .......... .......... .......... .......... 22.0M
   400K .......... .......... .......... .......... .......... 22.9M
   450K .......... .......... .......... .......... .......... 22.6M
   500K .......... .......... .......... .......... .......... 30.0M
   550K .......... .......... .......... .......... .......... 66.0M
   600K .......... .....                                       34.2M=0.02s

2026-07-09 11:34:22 (25.7 MB/s) - ‘/workspace/backups/cindemirlaw.com-20260709-113003/cindemirlaw.com/gokhan-cindemir-attorney-at-law-2/index.html’ saved [630735]

--2026-07-09 11:34:23--  https://cindemirlaw.com/gokhan-cindemir-attorney-at-law/
Reusing existing connection to cindemirlaw.com:443.
HTTP request sent, awaiting response... 200 OK
Length: unspecified [text/html]
Saving to: ‘/workspace/backups/cindemirlaw.com-20260709-113003/cindemirlaw.com/gokhan-cindemir-attorney-at-law/index.html’

     0K .......... .......... .......... .......... .......... 23.8M
    50K .......... .......... .......... .......... .......... 10.8M
   100K .......... .......... .......... .......... .......... 49.9M
   150K .......... .......... .......... .......... .......... 39.3M
   200K .......... .......... .......... .......... ..........  173M
   250K .......... .......... .......... .......... .......... 60.5M
   300K .......... .......... .......... .......... ..........  509M
   350K .......... .......... .......... .......... ..........  287M
   400K .......... .......... .......... .......... .......... 50.5M
   450K .......... .......... .......... .......... ..........  109M
   500K .......... .......... .......... .......... ..........  488M
   550K .......... .......... .......... .......... ..........  459M
   600K .......... .......... ....                              537M=0.01s

2026-07-09 11:34:23 (51.6 MB/s) - ‘/workspace/backups/cindemirlaw.com-20260709-113003/cindemirlaw.com/gokhan-cindemir-attorney-at-law/index.html’ saved [639635]

--2026-07-09 11:34:24--  https://cindemirlaw.com/cenker-degirmenci-legal-advisorgeneral-coordinator/
Reusing existing connection to cindemirlaw.com:443.
HTTP request sent, awaiting response... 200 OK
Length: unspecified [text/html]
Saving to: ‘/workspace/backups/cindemirlaw.com-20260709-113003/cindemirlaw.com/cenker-degirmenci-legal-advisorgeneral-coordinator/index.html’

     0K .......... .......... .......... .......... .......... 24.0M
    50K .......... .......... .......... .......... .......... 36.1M
   100K .......... .......... .......... .......... ..........  135M
   150K .......... .......... .......... .......... .......... 24.2M
   200K .......... .......... .......... .......... ..........  286M
   250K .......... .......... .......... .......... .......... 72.9M
   300K .......... .......... .......... .......... ..........  336M
   350K .......... .......... .......... .......... ..........  106M
   400K .......... .......... .......... .......... .......... 62.3M
   450K .......... .......... .......... .......... ..........  462M
   500K .......... .......... .......... .......... .......... 38.4M
   550K .......... .......... .......... .......... .......... 94.3M
   600K .......... .....                                        878M=0.01s

2026-07-09 11:34:24 (60.7 MB/s) - ‘/workspace/backups/cindemirlaw.com-20260709-113003/cindemirlaw.com/cenker-degirmenci-legal-advisorgeneral-coordinator/index.html’ saved [630708]

--2026-07-09 11:34:25--  https://cindemirlaw.com/independent-certified-public-accountant-financial-consultant-taner-cevik-2/
Reusing existing connection to cindemirlaw.com:443.
HTTP request sent, awaiting response... 200 OK
Length: unspecified [text/html]
Saving to: ‘/workspace/backups/cindemirlaw.com-20260709-113003/cindemirlaw.com/independent-certified-public-accountant-financial-consultant-taner-cevik-2/index.html’

     0K .......... .......... .......... .......... .......... 11.9M
    50K .......... .......... .......... .......... .......... 44.5M
   100K .......... .......... .......... .......... .......... 49.7M
   150K .......... .......... .......... .......... .......... 27.6M
   200K .......... .......... .......... .......... ..........  225M
   250K .......... .......... .......... .......... .......... 32.8M
   300K .......... .......... .......... .......... ..........  419M
   350K .......... .......... .......... .......... .......... 75.5M
   400K .......... .......... .......... .......... ..........  529M
   450K .......... .......... .......... .......... ..........  477M
   500K .......... .......... .......... .......... .......... 79.0M
   550K .......... .......... .......... .......... .......... 24.1M
   600K .......... .....                                        783M=0.01s

2026-07-09 11:34:25 (45.2 MB/s) - ‘/workspace/backups/cindemirlaw.com-20260709-113003/cindemirlaw.com/independent-certified-public-accountant-financial-consultant-taner-cevik-2/index.html’ saved [630284]

--2026-07-09 11:34:25--  https://cindemirlaw.com/independent-certified-public-accountant-financial-consultant-taner-cevik/
Reusing existing connection to cindemirlaw.com:443.
HTTP request sent, awaiting response... 200 OK
Length: unspecified [text/html]
Saving to: ‘/workspace/backups/cindemirlaw.com-20260709-113003/cindemirlaw.com/independent-certified-public-accountant-financial-consultant-taner-cevik/index.html’

     0K .......... .......... .......... .......... .......... 14.8M
    50K .......... .......... .......... .......... .......... 20.0M
   100K .......... .......... .......... .......... ..........  203M
   150K .......... .......... .......... .......... .......... 23.9M
   200K .......... .......... .......... .......... ..........  415M
   250K .......... .......... .......... .......... ..........  498M
   300K .......... .......... .......... .......... .......... 36.0M
   350K .......... .......... .......... .......... ..........  345M
   400K .......... .......... .......... .......... ..........  421M
   450K .......... .......... .......... .......... ..........  133M
   500K .......... .......... .......... .......... ..........  503M
   550K .......... .......... .......... .......... .......... 50.7M
   600K .......... .....                                       13.0M=0.01s

2026-07-09 11:34:26 (48.3 MB/s) - ‘/workspace/backups/cindemirlaw.com-20260709-113003/cindemirlaw.com/independent-certified-public-accountant-financial-consultant-taner-cevik/index.html’ saved [630342]

--2026-07-09 11:34:26--  https://cindemirlaw.com/debt-collection-service/
Reusing existing connection to cindemirlaw.com:443.
HTTP request sent, awaiting response... 200 OK
Length: unspecified [text/html]
Saving to: ‘/workspace/backups/cindemirlaw.com-20260709-113003/cindemirlaw.com/debt-collection-service/index.html’

     0K .......... .......... .......... .......... .......... 12.3M
    50K .......... .......... .......... .......... .......... 21.1M
   100K .......... .......... .......... .......... .......... 28.4M
   150K .......... .......... .......... .......... .......... 19.6M
   200K .......... .......... .......... .......... .......... 39.0M
   250K .......... .......... .......... .......... .......... 35.9M
   300K .......... .......... .......... .......... .......... 31.2M
   350K .......... .......... .......... .......... .......... 89.4M
   400K .......... .......... .......... .......... ..........  400M
   450K .......... .......... .......... .......... .......... 27.8M
   500K .......... .......... .......... .......... ..........  402M
   550K .......... .......... .......... .......... ..........  392M
   600K .......... ...                                         63.6M=0.02s

2026-07-09 11:34:27 (34.2 MB/s) - ‘/workspace/backups/cindemirlaw.com-20260709-113003/cindemirlaw.com/debt-collection-service/index.html’ saved [628571]

--2026-07-09 11:34:27--  https://cindemirlaw.com/due-dilligence/
Reusing existing connection to cindemirlaw.com:443.
HTTP request sent, awaiting response... 200 OK
Length: unspecified [text/html]
Saving to: ‘/workspace/backups/cindemirlaw.com-20260709-113003/cindemirlaw.com/due-dilligence/index.html’

     0K .......... .......... .......... .......... .......... 20.6M
    50K .......... .......... .......... .......... .......... 77.7M
   100K .......... .......... .......... .......... .......... 60.8M
   150K .......... .......... .......... .......... .......... 37.9M
   200K .......... .......... .......... .......... .......... 45.8M
   250K .......... .......... .......... .......... ..........  101M
   300K .......... .......... .......... .......... .......... 66.7M
   350K .......... .......... .......... .......... ..........  451M
   400K .......... .......... .......... .......... .......... 80.4M
   450K .......... .......... .......... .......... ..........  554M
   500K .......... .......... .......... .......... .......... 43.0M
   550K .......... .......... .......... .......... ..........  431M
   600K .......... ...                                          819M=0.009s

2026-07-09 11:34:28 (63.4 MB/s) - ‘/workspace/backups/cindemirlaw.com-20260709-113003/cindemirlaw.com/due-dilligence/index.html’ saved [627906]

--2026-07-09 11:34:28--  https://cindemirlaw.com/energy-law-and-investment/
Reusing existing connection to cindemirlaw.com:443.
HTTP request sent, awaiting response... 200 OK
Length: unspecified [text/html]
Saving to: ‘/workspace/backups/cindemirlaw.com-20260709-113003/cindemirlaw.com/energy-law-and-investment/index.html’

     0K .......... .......... .......... .......... .......... 11.7M
    50K .......... .......... .......... .......... .......... 20.3M
   100K .......... .......... .......... .......... .......... 23.4M
   150K .......... .......... .......... .......... .......... 20.2M
   200K .......... .......... .......... .......... ..........  114M
   250K .......... .......... .......... .......... ..........  363M
   300K .......... .......... .......... .......... ..........  471M
   350K .......... .......... .......... .......... .......... 42.5M
   400K .......... .......... .......... .......... ..........  474M
   450K .......... .......... .......... .......... ..........  180M
   500K .......... .......... .......... .......... ..........  427M
   550K .......... .......... .......... .......... .......... 7.09M
   600K .......... ....                                         264M=0.02s

2026-07-09 11:34:29 (29.5 MB/s) - ‘/workspace/backups/cindemirlaw.com-20260709-113003/cindemirlaw.com/energy-law-and-investment/index.html’ saved [628805]

--2026-07-09 11:34:29--  https://cindemirlaw.com/corporate-commercial/
Reusing existing connection to cindemirlaw.com:443.
HTTP request sent, awaiting response... 200 OK
Length: unspecified [text/html]
Saving to: ‘/workspace/backups/cindemirlaw.com-20260709-113003/cindemirlaw.com/corporate-commercial/index.html’

     0K .......... .......... .......... .......... .......... 14.4M
    50K .......... .......... .......... .......... .......... 23.6M
   100K .......... .......... .......... .......... .......... 31.0M
   150K .......... .......... .......... .......... .......... 26.8M
   200K .......... .......... .......... .......... .......... 52.2M
   250K .......... .......... .......... .......... ..........  111M
   300K .......... .......... .......... .......... ..........  521M
   350K .......... .......... .......... .......... .......... 28.6M
   400K .......... .......... .......... .......... ..........  536M
   450K .......... .......... .......... .......... ..........  178M
   500K .......... .......... .......... .......... .......... 1.51M
   550K .......... .......... .......... .......... ..........  311M
   600K .......... .....                                        827M=0.04s

2026-07-09 11:34:30 (13.4 MB/s) - ‘/workspace/backups/cindemirlaw.com-20260709-113003/cindemirlaw.com/corporate-commercial/index.html’ saved [629801]

--2026-07-09 11:34:30--  https://cindemirlaw.com/escrow-agency-escrow-agreement/
Reusing existing connection to cindemirlaw.com:443.
HTTP request sent, awaiting response... 200 OK
Length: unspecified [text/html]
Saving to: ‘/workspace/backups/cindemirlaw.com-20260709-113003/cindemirlaw.com/escrow-agency-escrow-agreement/index.html’

     0K .......... .......... .......... .......... .......... 12.2M
    50K .......... .......... .......... .......... .......... 19.1M
   100K .......... .......... .......... .......... .......... 32.4M
   150K .......... .......... .......... .......... .......... 65.2M
   200K .......... .......... .......... .......... .......... 95.9M
   250K .......... .......... .......... .......... .......... 33.8M
   300K .......... .......... .......... .......... ..........  382M
   350K .......... .......... .......... .......... ..........  103M
   400K .......... .......... .......... .......... ..........  110M
   450K .......... .......... .......... .......... ..........  565M
   500K .......... .......... .......... .......... .......... 29.1M
   550K .......... .......... .......... .......... ..........  337M
   600K .......... ....                                         848M=0.01s

2026-07-09 11:34:31 (43.6 MB/s) - ‘/workspace/backups/cindemirlaw.com-20260709-113003/cindemirlaw.com/escrow-agency-escrow-agreement/index.html’ saved [629108]

--2026-07-09 11:34:31--  https://cindemirlaw.com/real-estate-conveyancing/
Reusing existing connection to cindemirlaw.com:443.
HTTP request sent, awaiting response... 200 OK
Length: unspecified [text/html]
Saving to: ‘/workspace/backups/cindemirlaw.com-20260709-113003/cindemirlaw.com/real-estate-conveyancing/index.html’

     0K .......... .......... .......... .......... .......... 15.7M
    50K .......... .......... .......... .......... .......... 21.0M
   100K .......... .......... .......... .......... .......... 26.8M
   150K .......... .......... .......... .......... .......... 47.1M
   200K .......... .......... .......... .......... .......... 82.7M
   250K .......... .......... .......... .......... .......... 50.5M
   300K .......... .......... .......... .......... ..........  111M
   350K .......... .......... .......... .......... ..........  424M
   400K .......... .......... .......... .......... ..........  547M
   450K .......... .......... .......... .......... ..........  509M
   500K .......... .......... .......... .......... .......... 45.1M
   550K .......... .......... .......... .......... ..........  366M
   600K .......... ....                                        13.4M=0.01s

2026-07-09 11:34:32 (46.7 MB/s) - ‘/workspace/backups/cindemirlaw.com-20260709-113003/cindemirlaw.com/real-estate-conveyancing/index.html’ saved [629269]

--2026-07-09 11:34:32--  https://cindemirlaw.com/european-law-rights-concerning-ankara-agreement/
Reusing existing connection to cindemirlaw.com:443.
HTTP request sent, awaiting response... 200 OK
Length: unspecified [text/html]
Saving to: ‘/workspace/backups/cindemirlaw.com-20260709-113003/cindemirlaw.com/european-law-rights-concerning-ankara-agreement/index.html’

     0K .......... .......... .......... .......... .......... 13.9M
    50K .......... .......... .......... .......... .......... 24.9M
   100K .......... .......... .......... .......... .......... 22.1M
   150K .......... .......... .......... .......... .......... 33.2M
   200K .......... .......... .......... .......... .......... 19.3M
   250K .......... .......... .......... .......... ..........  197M
   300K .......... .......... .......... .......... ..........  408M
   350K .......... .......... .......... .......... .......... 35.9M
   400K .......... .......... .......... .......... .......... 59.9M
   450K .......... .......... .......... .......... ..........  327M
   500K .......... .......... .......... .......... ..........  484M
   550K .......... .......... .......... .......... ..........  369M
   600K .......... ....                                         777M=0.01s

2026-07-09 11:34:33 (41.0 MB/s) - ‘/workspace/backups/cindemirlaw.com-20260709-113003/cindemirlaw.com/european-law-rights-concerning-ankara-agreement/index.html’ saved [629425]

--2026-07-09 11:34:33--  https://cindemirlaw.com/litigation-adr/
Reusing existing connection to cindemirlaw.com:443.
HTTP request sent, awaiting response... 200 OK
Length: unspecified [text/html]
Saving to: ‘/workspace/backups/cindemirlaw.com-20260709-113003/cindemirlaw.com/litigation-adr/index.html’

     0K .......... .......... .......... .......... .......... 36.0M
    50K .......... .......... .......... .......... .......... 30.6M
   100K .......... .......... .......... .......... .......... 45.5M
   150K .......... .......... .......... .......... .......... 28.2M
   200K .......... .......... .......... .......... .......... 42.1M
   250K .......... .......... .......... .......... .......... 49.7M
   300K .......... .......... .......... .......... .......... 58.2M
   350K .......... .......... .......... .......... .......... 38.7M
   400K .......... .......... .......... .......... ..........  145M
   450K .......... .......... .......... .......... .......... 48.1M
   500K .......... .......... .......... .......... ..........  462M
   550K .......... .......... .......... .......... ..........  109M
   600K .......... ....                                        46.0M=0.01s

2026-07-09 11:34:34 (49.2 MB/s) - ‘/workspace/backups/cindemirlaw.com-20260709-113003/cindemirlaw.com/litigation-adr/index.html’ saved [629466]

--2026-07-09 11:34:34--  https://cindemirlaw.com/administrative-law/
Reusing existing connection to cindemirlaw.com:443.
HTTP request sent, awaiting response... 200 OK
Length: unspecified [text/html]
Saving to: ‘/workspace/backups/cindemirlaw.com-20260709-113003/cindemirlaw.com/administrative-law/index.html’

     0K .......... .......... .......... .......... .......... 34.3M
    50K .......... .......... .......... .......... .......... 37.6M
   100K .......... .......... .......... .......... .......... 31.9M
   150K .......... .......... .......... .......... .......... 20.3M
   200K .......... .......... .......... .......... .......... 30.3M
   250K .......... .......... .......... .......... .......... 49.1M
   300K .......... .......... .......... .......... .......... 46.3M
   350K .......... .......... .......... .......... .......... 44.3M
   400K .......... .......... .......... .......... ..........  348M
   450K .......... .......... .......... .......... ..........  157M
   500K .......... .......... .......... .......... .......... 64.2M
   550K .......... .......... .......... .......... ..........  153M
   600K .......... ...                                          370M=0.01s

2026-07-09 11:34:35 (46.1 MB/s) - ‘/workspace/backups/cindemirlaw.com-20260709-113003/cindemirlaw.com/administrative-law/index.html’ saved [628444]

--2026-07-09 11:34:35--  https://cindemirlaw.com/banking-finance/
Reusing existing connection to cindemirlaw.com:443.
HTTP request sent, awaiting response... 200 OK
Length: unspecified [text/html]
Saving to: ‘/workspace/backups/cindemirlaw.com-20260709-113003/cindemirlaw.com/banking-finance/index.html’

     0K .......... .......... .......... .......... .......... 13.2M
    50K .......... .......... .......... .......... .......... 29.0M
   100K .......... .......... .......... .......... .......... 22.8M
   150K .......... .......... .......... .......... .......... 76.3M
   200K .......... .......... .......... .......... .......... 40.2M
   250K .......... .......... .......... .......... ..........  129M
   300K .......... .......... .......... .......... ..........  213M
   350K .......... .......... .......... .......... ..........  284M
   400K .......... .......... .......... .......... .......... 43.9M
   450K .......... .......... .......... .......... .......... 92.8M
   500K .......... .......... .......... .......... ..........  481M
   550K .......... .......... .......... .......... ..........  149M
   600K .......... ....                                        8.72M=0.01s

2026-07-09 11:34:36 (43.4 MB/s) - ‘/workspace/backups/cindemirlaw.com-20260709-113003/cindemirlaw.com/banking-finance/index.html’ saved [629025]

--2026-07-09 11:34:36--  https://cindemirlaw.com/criminal-law/
Reusing existing connection to cindemirlaw.com:443.
HTTP request sent, awaiting response... 200 OK
Length: unspecified [text/html]
Saving to: ‘/workspace/backups/cindemirlaw.com-20260709-113003/cindemirlaw.com/criminal-law/index.html’

     0K .......... .......... .......... .......... .......... 27.7M
    50K .......... .......... .......... .......... .......... 43.1M
   100K .......... .......... .......... .......... .......... 47.7M
   150K .......... .......... .......... .......... .......... 4.26M
   200K .......... .......... .......... .......... .......... 42.1M
   250K .......... .......... .......... .......... .......... 78.8M
   300K .......... .......... .......... .......... .......... 48.9M
   350K .......... .......... .......... .......... .......... 51.6M
   400K .......... .......... .......... .......... .......... 86.9M
   450K .......... .......... .......... .......... ..........  296M
   500K .......... .......... .......... .......... ..........  462M
   550K .......... .......... .......... .......... ..........  381M
   600K .......... ...                                          764M=0.02s

2026-07-09 11:34:36 (29.8 MB/s) - ‘/workspace/backups/cindemirlaw.com-20260709-113003/cindemirlaw.com/criminal-law/index.html’ saved [628681]

--2026-07-09 11:34:37--  https://cindemirlaw.com/employment/
Reusing existing connection to cindemirlaw.com:443.
HTTP request sent, awaiting response... 200 OK
Length: unspecified [text/html]
Saving to: ‘/workspace/backups/cindemirlaw.com-20260709-113003/cindemirlaw.com/employment/index.html’

     0K .......... .......... .......... .......... .......... 14.1M
    50K .......... .......... .......... .......... .......... 22.3M
   100K .......... .......... .......... .......... .......... 26.8M
   150K .......... .......... .......... .......... .......... 22.6M
   200K .......... .......... .......... .......... .......... 28.1M
   250K .......... .......... .......... .......... ..........  144M
   300K .......... .......... .......... .......... ..........  116M
   350K .......... .......... .......... .......... .......... 42.0M
   400K .......... .......... .......... .......... .......... 53.0M
   450K .......... .......... .......... .......... ..........  285M
   500K .......... .......... .......... .......... ..........  358M
   550K .......... .......... .......... .......... ..........  236M
   600K .......... .....                                        287M=0.01s

2026-07-09 11:34:37 (40.6 MB/s) - ‘/workspace/backups/cindemirlaw.com-20260709-113003/cindemirlaw.com/employment/index.html’ saved [630295]

--2026-07-09 11:34:38--  https://cindemirlaw.com/estates-trusts/
Reusing existing connection to cindemirlaw.com:443.
HTTP request sent, awaiting response... 200 OK
Length: unspecified [text/html]
Saving to: ‘/workspace/backups/cindemirlaw.com-20260709-113003/cindemirlaw.com/estates-trusts/index.html’

     0K .......... .......... .......... .......... .......... 13.2M
    50K .......... .......... .......... .......... .......... 22.4M
   100K .......... .......... .......... .......... .......... 32.1M
   150K .......... .......... .......... .......... .......... 53.6M
   200K .......... .......... .......... .......... .......... 70.8M
   250K .......... .......... .......... .......... .......... 48.9M
   300K .......... .......... .......... .......... ..........  105M
   350K .......... .......... .......... .......... ..........  111M
   400K .......... .......... .......... .......... ..........  475M
   450K .......... .......... .......... .......... ..........  491M
   500K .......... .......... .......... .......... .......... 42.2M
   550K .......... .......... .......... .......... ..........  412M
   600K .......... ....                                         540K=0.04s

2026-07-09 11:34:38 (15.6 MB/s) - ‘/workspace/backups/cindemirlaw.com-20260709-113003/cindemirlaw.com/estates-trusts/index.html’ saved [628770]

--2026-07-09 11:34:39--  https://cindemirlaw.com/family/
Reusing existing connection to cindemirlaw.com:443.
HTTP request sent, awaiting response... 200 OK
Length: unspecified [text/html]
Saving to: ‘/workspace/backups/cindemirlaw.com-20260709-113003/cindemirlaw.com/family/index.html’

     0K .......... .......... .......... .......... .......... 13.7M
    50K .......... .......... .......... .......... .......... 24.1M
   100K .......... .......... .......... .......... .......... 36.6M
   150K .......... .......... .......... .......... .......... 23.2M
   200K .......... .......... .......... .......... .......... 22.9M
   250K .......... .......... .......... .......... .......... 58.7M
   300K .......... .......... .......... .......... ..........  120M
   350K .......... .......... .......... .......... .......... 47.6M
   400K .......... .......... .......... .......... .......... 95.7M
   450K .......... .......... .......... .......... ..........  496M
   500K .......... .......... .......... .......... ..........  278M
   550K .......... .......... .......... .......... .......... 86.6M
   600K .......... ...                                          507K=0.04s

2026-07-09 11:34:39 (14.4 MB/s) - ‘/workspace/backups/cindemirlaw.com-20260709-113003/cindemirlaw.com/family/index.html’ saved [628316]

--2026-07-09 11:34:40--  https://cindemirlaw.com/insurance/
Reusing existing connection to cindemirlaw.com:443.
HTTP request sent, awaiting response... 200 OK
Length: unspecified [text/html]
Saving to: ‘/workspace/backups/cindemirlaw.com-20260709-113003/cindemirlaw.com/insurance/index.html’

     0K .......... .......... .......... .......... .......... 13.4M
    50K .......... .......... .......... .......... .......... 17.7M
   100K .......... .......... .......... .......... .......... 31.3M
   150K .......... .......... .......... .......... .......... 51.2M
   200K .......... .......... .......... .......... ..........  162M
   250K .......... .......... .......... .......... .......... 38.1M
   300K .......... .......... .......... .......... ..........  139M
   350K .......... .......... .......... .......... ..........  125M
   400K .......... .......... .......... .......... ..........  523M
   450K .......... .......... .......... .......... .......... 39.0M
   500K .......... .......... .......... .......... ..........  198M
   550K .......... .......... .......... .......... ..........  376M
   600K .......... ...                                          450M=0.01s

2026-07-09 11:34:40 (46.1 MB/s) - ‘/workspace/backups/cindemirlaw.com-20260709-113003/cindemirlaw.com/insurance/index.html’ saved [628248]

--2026-07-09 11:34:41--  https://cindemirlaw.com/training/
Reusing existing connection to cindemirlaw.com:443.
HTTP request sent, awaiting response... 200 OK
Length: unspecified [text/html]
Saving to: ‘/workspace/backups/cindemirlaw.com-20260709-113003/cindemirlaw.com/training/index.html’

     0K .......... .......... .......... .......... .......... 25.0M
    50K .......... .......... .......... .......... .......... 36.3M
   100K .......... .......... .......... .......... .......... 47.3M
   150K .......... .......... .......... .......... .......... 23.7M
   200K .......... .......... .......... .......... ..........  367M
   250K .......... .......... .......... .......... .......... 44.7M
   300K .......... .......... .......... .......... ..........  446M
   350K .......... .......... .......... .......... ..........  103M
   400K .......... .......... .......... .......... ..........  430M
   450K .......... .......... .......... .......... ..........  187M
   500K .......... .......... .......... .......... ..........  327M
   550K .......... .......... .......... .......... .......... 18.1M
   600K .......... ....                                         554M=0.01s

2026-07-09 11:34:41 (52.5 MB/s) - ‘/workspace/backups/cindemirlaw.com-20260709-113003/cindemirlaw.com/training/index.html’ saved [628837]

--2026-07-09 11:34:42--  https://cindemirlaw.com/turkish-inheritance-law/
Reusing existing connection to cindemirlaw.com:443.
HTTP request sent, awaiting response... 200 OK
Length: unspecified [text/html]
Saving to: ‘/workspace/backups/cindemirlaw.com-20260709-113003/cindemirlaw.com/turkish-inheritance-law/index.html’

     0K .......... .......... .......... .......... .......... 30.1M
    50K .......... .......... .......... .......... .......... 25.0M
   100K .......... .......... .......... .......... ..........  278M
   150K .......... .......... .......... .......... .......... 17.6M
   200K .......... .......... .......... .......... ..........  109M
   250K .......... .......... .......... .......... .......... 94.7M
   300K .......... .......... .......... .......... ..........  163M
   350K .......... .......... .......... .......... ..........  101M
   400K .......... .......... .......... .......... ..........  474M
   450K .......... .......... .......... .......... ..........  340M
   500K .......... .......... .......... .......... ..........  283M
   550K .......... .......... .......... .......... ..........  139M
   600K .......... .......... ..                               78.4M=0.009s

2026-07-09 11:34:42 (65.2 MB/s) - ‘/workspace/backups/cindemirlaw.com-20260709-113003/cindemirlaw.com/turkish-inheritance-law/index.html’ saved [637376]

--2026-07-09 11:34:43--  https://cindemirlaw.com/the-scope-of-turkish-labor-law/
Reusing existing connection to cindemirlaw.com:443.
HTTP request sent, awaiting response... 200 OK
Length: unspecified [text/html]
Saving to: ‘/workspace/backups/cindemirlaw.com-20260709-113003/cindemirlaw.com/the-scope-of-turkish-labor-law/index.html’

     0K .......... .......... .......... .......... .......... 19.5M
    50K .......... .......... .......... .......... .......... 14.4M
   100K .......... .......... .......... .......... .......... 28.5M
   150K .......... .......... .......... .......... .......... 83.0M
   200K .......... .......... .......... .......... .......... 92.0M
   250K .......... .......... .......... .......... ..........  109M
   300K .......... .......... .......... .......... ..........  519M
   350K .......... .......... .......... .......... ..........  230M
   400K .......... .......... .......... .......... .......... 44.6M
   450K .......... .......... .......... .......... ..........  534M
   500K .......... .......... .......... .......... ..........  454M
   550K .......... .......... .......... .......... ..........  465M
   600K .......... .......... .......... .                      643M=0.01s

2026-07-09 11:34:43 (56.5 MB/s) - ‘/workspace/backups/cindemirlaw.com-20260709-113003/cindemirlaw.com/the-scope-of-turkish-labor-law/index.html’ saved [646555]

--2026-07-09 11:34:43--  https://cindemirlaw.com/the-structure-of-board-of-directors-according-to-turkish-commercial-code/
Reusing existing connection to cindemirlaw.com:443.
HTTP request sent, awaiting response... 200 OK
Length: unspecified [text/html]
Saving to: ‘/workspace/backups/cindemirlaw.com-20260709-113003/cindemirlaw.com/the-structure-of-board-of-directors-according-to-turkish-commercial-code/index.html’

     0K .......... .......... .......... .......... .......... 13.9M
    50K .......... .......... .......... .......... .......... 26.8M
   100K .......... .......... .......... .......... .......... 18.9M
   150K .......... .......... .......... .......... .......... 99.2M
   200K .......... .......... .......... .......... .......... 59.0M
   250K .......... .......... .......... .......... .......... 59.5M
   300K .......... .......... .......... .......... ..........  178M
   350K .......... .......... .......... .......... ..........  454M
   400K .......... .......... .......... .......... .......... 52.2M
   450K .......... .......... .......... .......... ..........  463M
   500K .......... .......... .......... .......... ..........  171M
   550K .......... .......... .......... .......... ..........  284M
   600K .......... ..........                                   620M=0.01s

2026-07-09 11:34:44 (50.6 MB/s) - ‘/workspace/backups/cindemirlaw.com-20260709-113003/cindemirlaw.com/the-structure-of-board-of-directors-according-to-turkish-commercial-code/index.html’ saved [635469]

nofollow attribute found in /workspace/backups/cindemirlaw.com-20260709-113003/cindemirlaw.com/the-structure-of-board-of-directors-according-to-turkish-commercial-code/index.html. Will not follow any links on this page
--2026-07-09 11:34:45--  https://cindemirlaw.com/our-articles-3/
Reusing existing connection to cindemirlaw.com:443.
HTTP request sent, awaiting response... 200 OK
Length: unspecified [text/html]
Saving to: ‘/workspace/backups/cindemirlaw.com-20260709-113003/cindemirlaw.com/our-articles-3/index.html’

     0K .......... .......... .......... .......... .......... 13.3M
    50K .......... .......... .......... .......... .......... 17.9M
   100K .......... .......... .......... .......... .......... 35.0M
   150K .......... .......... .......... .......... .......... 48.9M
   200K .......... .......... .......... .......... .......... 35.6M
   250K .......... .......... .......... .......... ..........  153M
   300K .......... .......... .......... .......... ..........  156M
   350K .......... .......... .......... .......... ..........  406M
   400K .......... .......... .......... .......... ..........  178M
   450K .......... .......... .......... .......... .......... 34.0M
   500K .......... .......... .......... .......... ..........  493M
   550K .......... .......... .......... .......... ..........  381M
   600K .......... ....                                         859M=0.01s

2026-07-09 11:34:45 (46.6 MB/s) - ‘/workspace/backups/cindemirlaw.com-20260709-113003/cindemirlaw.com/our-articles-3/index.html’ saved [629133]

--2026-07-09 11:34:45--  https://cindemirlaw.com/our-articles-2/
Reusing existing connection to cindemirlaw.com:443.
HTTP request sent, awaiting response... 200 OK
Length: unspecified [text/html]
Saving to: ‘/workspace/backups/cindemirlaw.com-20260709-113003/cindemirlaw.com/our-articles-2/index.html’

     0K .......... .......... .......... .......... .......... 13.0M
    50K .......... .......... .......... .......... .......... 21.3M
   100K .......... .......... .......... .......... .......... 26.3M
   150K .......... .......... .......... .......... .......... 28.7M
   200K .......... .......... .......... .......... .......... 55.8M
   250K .......... .......... .......... .......... ..........  394M
   300K .......... .......... .......... .......... ..........  197M
   350K .......... .......... .......... .......... .......... 32.7M
   400K .......... .......... .......... .......... ..........  447M
   450K .......... .......... .......... .......... .......... 94.0M
   500K .......... .......... .......... .......... ..........  489M
   550K .......... .......... .......... .......... .......... 83.0M
   600K .......... .....                                       95.4M=0.01s

2026-07-09 11:34:46 (43.5 MB/s) - ‘/workspace/backups/cindemirlaw.com-20260709-113003/cindemirlaw.com/our-articles-2/index.html’ saved [630640]

--2026-07-09 11:34:47--  https://cindemirlaw.com/our-articles/
Reusing existing connection to cindemirlaw.com:443.
HTTP request sent, awaiting response... 200 OK
Length: unspecified [text/html]
Saving to: ‘/workspace/backups/cindemirlaw.com-20260709-113003/cindemirlaw.com/our-articles/index.html’

     0K .......... .......... .......... .......... .......... 15.1M
    50K .......... .......... .......... .......... .......... 18.4M
   100K .......... .......... .......... .......... .......... 32.6M
   150K .......... .......... .......... .......... ..........  177M
   200K .......... .......... .......... .......... .......... 30.3M
   250K .......... .......... .......... .......... ..........  303M
   300K .......... .......... .......... .......... ..........  129M
   350K .......... .......... .......... .......... ..........  112M
   400K .......... .......... .......... .......... ..........  518M
   450K .......... .......... .......... .......... .......... 55.0M
   500K .......... .......... .......... .......... ..........  506M
   550K .......... .......... .......... .......... ..........  134M
   600K .......... ....                                         710M=0.01s

2026-07-09 11:34:47 (51.3 MB/s) - ‘/workspace/backups/cindemirlaw.com-20260709-113003/cindemirlaw.com/our-articles/index.html’ saved [628978]

--2026-07-09 11:34:48--  https://cindemirlaw.com/cindemir-law-3/
Reusing existing connection to cindemirlaw.com:443.
HTTP request sent, awaiting response... 200 OK
Length: unspecified [text/html]
Saving to: ‘/workspace/backups/cindemirlaw.com-20260709-113003/cindemirlaw.com/cindemir-law-3/index.html’

     0K .......... .......... .......... .......... .......... 12.3M
    50K .......... .......... .......... .......... .......... 23.7M
   100K .......... .......... .......... .......... .......... 20.4M
   150K .......... .......... .......... .......... ..........  108M
   200K .......... .......... .......... .......... .......... 69.7M
   250K .......... .......... .......... .......... .......... 52.0M
   300K .......... .......... .......... .......... ..........  316M
   350K .......... .......... .......... .......... .......... 25.2M
   400K .......... .......... .......... .......... ..........  332M
   450K .......... .......... .......... .......... .......... 92.7M
   500K .......... .......... .......... .......... ..........  338M
   550K .......... .......... .......... .......... ..........  413M
   600K .......... ...                                          789M=0.01s

2026-07-09 11:34:48 (44.2 MB/s) - ‘/workspace/backups/cindemirlaw.com-20260709-113003/cindemirlaw.com/cindemir-law-3/index.html’ saved [628190]

--2026-07-09 11:34:49--  https://cindemirlaw.com/cindemir-law/
Reusing existing connection to cindemirlaw.com:443.
HTTP request sent, awaiting response... 200 OK
Length: unspecified [text/html]
Saving to: ‘/workspace/backups/cindemirlaw.com-20260709-113003/cindemirlaw.com/cindemir-law/index.html’

     0K .......... .......... .......... .......... .......... 24.3M
    50K .......... .......... .......... .......... .......... 31.8M
   100K .......... .......... .......... .......... .......... 60.7M
   150K .......... .......... .......... .......... ..........  316M
   200K .......... .......... .......... .......... .......... 45.3M
   250K .......... .......... .......... .......... ..........  516M
   300K .......... .......... .......... .......... ..........  162M
   350K .......... .......... .......... .......... ..........  384M
   400K .......... .......... .......... .......... ..........  174M
   450K .......... .......... .......... .......... ..........  500M
   500K .......... .......... .......... .......... ..........  403M
   550K .......... .......... .......... .......... ..........  417M
   600K .......... .......... ......                            512M=0.007s

2026-07-09 11:34:49 (90.3 MB/s) - ‘/workspace/backups/cindemirlaw.com-20260709-113003/cindemirlaw.com/cindemir-law/index.html’ saved [641432]

--2026-07-09 11:34:49--  https://cindemirlaw.com/wp-content/cache/debloat/js/898233b2f746a1202a7addf5b132ea90.js
Reusing existing connection to cindemirlaw.com:443.
HTTP request sent, awaiting response... 200 OK
Length: 455540 (445K) [text/javascript]
Saving to: ‘/workspace/backups/cindemirlaw.com-20260709-113003/cindemirlaw.com/wp-content/cache/debloat/js/898233b2f746a1202a7addf5b132ea90.js’

     0K .......... .......... .......... .......... .......... 11%  345M 0s
    50K .......... .......... .......... .......... .......... 22%  488M 0s
   100K .......... .......... .......... .......... .......... 33%  250M 0s
   150K .......... .......... .......... .......... .......... 44%  573M 0s
   200K .......... .......... .......... .......... .......... 56%  413M 0s
   250K .......... .......... .......... .......... .......... 67%  542M 0s
   300K .......... .......... .......... .......... .......... 78%  467M 0s
   350K .......... .......... .......... .......... .......... 89%  434M 0s
   400K .......... .......... .......... .......... ....      100%  552M=0.001s

2026-07-09 11:34:49 (423 MB/s) - ‘/workspace/backups/cindemirlaw.com-20260709-113003/cindemirlaw.com/wp-content/cache/debloat/js/898233b2f746a1202a7addf5b132ea90.js’ saved [455540/455540]

--2026-07-09 11:34:50--  https://cindemirlaw.com/wp-content/themes/enfold/config-layerslider/LayerSlider/assets/static/layerslider/img/icon-muted-white.png
Reusing existing connection to cindemirlaw.com:443.
HTTP request sent, awaiting response... 200 OK
Length: 4008 (3.9K) [image/png]
Saving to: ‘/workspace/backups/cindemirlaw.com-20260709-113003/cindemirlaw.com/wp-content/themes/enfold/config-layerslider/LayerSlider/assets/static/layerslider/img/icon-muted-white.png’

     0K ...                                                   100% 1.92G=0s

2026-07-09 11:34:50 (1.92 GB/s) - ‘/workspace/backups/cindemirlaw.com-20260709-113003/cindemirlaw.com/wp-content/themes/enfold/config-layerslider/LayerSlider/assets/static/layerslider/img/icon-muted-white.png’ saved [4008/4008]

--2026-07-09 11:34:50--  https://cindemirlaw.com/wp-content/themes/enfold/config-layerslider/LayerSlider/assets/static/layerslider/img/icon-unmuted-white.png
Reusing existing connection to cindemirlaw.com:443.
HTTP request sent, awaiting response... 200 OK
Length: 8784 (8.6K) [image/png]
Saving to: ‘/workspace/backups/cindemirlaw.com-20260709-113003/cindemirlaw.com/wp-content/themes/enfold/config-layerslider/LayerSlider/assets/static/layerslider/img/icon-unmuted-white.png’

     0K ........                                              100%  257M=0s

2026-07-09 11:34:50 (257 MB/s) - ‘/workspace/backups/cindemirlaw.com-20260709-113003/cindemirlaw.com/wp-content/themes/enfold/config-layerslider/LayerSlider/assets/static/layerslider/img/icon-unmuted-white.png’ saved [8784/8784]

--2026-07-09 11:34:51--  https://cindemirlaw.com/wp-content/uploads/2014/11/Gokhan_Cindemir_AttorneyAtLaw2-240x300.jpg
Reusing existing connection to cindemirlaw.com:443.
HTTP request sent, awaiting response... 200 OK
Length: 41715 (41K) [image/jpeg]
Saving to: ‘/workspace/backups/cindemirlaw.com-20260709-113003/cindemirlaw.com/wp-content/uploads/2014/11/Gokhan_Cindemir_AttorneyAtLaw2-240x300.jpg’

     0K .......... .......... .......... ..........           100%  428M=0s

2026-07-09 11:34:51 (428 MB/s) - ‘/workspace/backups/cindemirlaw.com-20260709-113003/cindemirlaw.com/wp-content/uploads/2014/11/Gokhan_Cindemir_AttorneyAtLaw2-240x300.jpg’ saved [41715/41715]

--2026-07-09 11:34:52--  https://cindemirlaw.com/wp-content/uploads/2014/11/Gokhan_Cindemir_AttorneyAtLaw2-768x960.jpg
Reusing existing connection to cindemirlaw.com:443.
HTTP request sent, awaiting response... 200 OK
Length: 257072 (251K) [image/jpeg]
Saving to: ‘/workspace/backups/cindemirlaw.com-20260709-113003/cindemirlaw.com/wp-content/uploads/2014/11/Gokhan_Cindemir_AttorneyAtLaw2-768x960.jpg’

     0K .......... .......... .......... .......... .......... 19%  137M 0s
    50K .......... .......... .......... .......... .......... 39% 37.5M 0s
   100K .......... .......... .......... .......... .......... 59%  225M 0s
   150K .......... .......... .......... .......... .......... 79%  533M 0s
   200K .......... .......... .......... .......... .......... 99%  543M 0s
   250K .                                                     100% 1.95T=0.002s

2026-07-09 11:34:52 (119 MB/s) - ‘/workspace/backups/cindemirlaw.com-20260709-113003/cindemirlaw.com/wp-content/uploads/2014/11/Gokhan_Cindemir_AttorneyAtLaw2-768x960.jpg’ saved [257072/257072]

--2026-07-09 11:34:52--  https://cindemirlaw.com/wp-content/uploads/2014/11/Gokhan_Cindemir_AttorneyAtLaw2-564x705.jpg
Reusing existing connection to cindemirlaw.com:443.
HTTP request sent, awaiting response... 200 OK
Length: 159430 (156K) [image/jpeg]
Saving to: ‘/workspace/backups/cindemirlaw.com-20260709-113003/cindemirlaw.com/wp-content/uploads/2014/11/Gokhan_Cindemir_AttorneyAtLaw2-564x705.jpg’

     0K .......... .......... .......... .......... .......... 32%  349M 0s
    50K .......... .......... .......... .......... .......... 64%  445M 0s
   100K .......... .......... .......... .......... .......... 96%  409M 0s
   150K .....                                                 100% 10.6T=0s

2026-07-09 11:34:52 (412 MB/s) - ‘/workspace/backups/cindemirlaw.com-20260709-113003/cindemirlaw.com/wp-content/uploads/2014/11/Gokhan_Cindemir_AttorneyAtLaw2-564x705.jpg’ saved [159430/159430]

--2026-07-09 11:34:53--  https://cindemirlaw.com/wp-content/uploads/2014/11/Gokhan_Cindemir_AttorneyAtLaw2.jpg
Reusing existing connection to cindemirlaw.com:443.
HTTP request sent, awaiting response... 200 OK
Length: 46611 (46K) [image/jpeg]
Saving to: ‘/workspace/backups/cindemirlaw.com-20260709-113003/cindemirlaw.com/wp-content/uploads/2014/11/Gokhan_Cindemir_AttorneyAtLaw2.jpg’

     0K .......... .......... .......... .......... .....     100%  293M=0s

2026-07-09 11:34:53 (293 MB/s) - ‘/workspace/backups/cindemirlaw.com-20260709-113003/cindemirlaw.com/wp-content/uploads/2014/11/Gokhan_Cindemir_AttorneyAtLaw2.jpg’ saved [46611/46611]

--2026-07-09 11:34:53--  https://cindemirlaw.com/wp-content/uploads/2014/11/portrait-5-copy-240x300.jpg
Reusing existing connection to cindemirlaw.com:443.
HTTP request sent, awaiting response... 200 OK
Length: 45637 (45K) [image/jpeg]
Saving to: ‘/workspace/backups/cindemirlaw.com-20260709-113003/cindemirlaw.com/wp-content/uploads/2014/11/portrait-5-copy-240x300.jpg’

     0K .......... .......... .......... .......... ....      100%  355M=0s

2026-07-09 11:34:53 (355 MB/s) - ‘/workspace/backups/cindemirlaw.com-20260709-113003/cindemirlaw.com/wp-content/uploads/2014/11/portrait-5-copy-240x300.jpg’ saved [45637/45637]

--2026-07-09 11:34:54--  https://cindemirlaw.com/wp-content/uploads/2014/11/portrait-5-copy-768x960.jpg
Reusing existing connection to cindemirlaw.com:443.
HTTP request sent, awaiting response... 200 OK
Length: 356129 (348K) [image/jpeg]
Saving to: ‘/workspace/backups/cindemirlaw.com-20260709-113003/cindemirlaw.com/wp-content/uploads/2014/11/portrait-5-copy-768x960.jpg’

     0K .......... .......... .......... .......... .......... 14%  275M 0s
    50K .......... .......... .......... .......... .......... 28%  106M 0s
   100K .......... .......... .......... .......... .......... 43%  351M 0s
   150K .......... .......... .......... .......... .......... 57%  578M 0s
   200K .......... .......... .......... .......... .......... 71%  444M 0s
   250K .......... .......... .......... .......... .......... 86%  479M 0s
   300K .......... .......... .......... .......... .......   100%  515M=0.001s

2026-07-09 11:34:54 (291 MB/s) - ‘/workspace/backups/cindemirlaw.com-20260709-113003/cindemirlaw.com/wp-content/uploads/2014/11/portrait-5-copy-768x960.jpg’ saved [356129/356129]

--2026-07-09 11:34:54--  https://cindemirlaw.com/wp-content/uploads/2014/11/portrait-5-copy-564x705.jpg
Reusing existing connection to cindemirlaw.com:443.
HTTP request sent, awaiting response... 200 OK
Length: 210925 (206K) [image/jpeg]
Saving to: ‘/workspace/backups/cindemirlaw.com-20260709-113003/cindemirlaw.com/wp-content/uploads/2014/11/portrait-5-copy-564x705.jpg’

     0K .......... .......... .......... .......... .......... 24%  351M 0s
    50K .......... .......... .......... .......... .......... 48%  493M 0s
   100K .......... .......... .......... .......... .......... 72%  437M 0s
   150K .......... .......... .......... .......... .......... 97%  521M 0s
   200K .....                                                 100%  374M=0s

2026-07-09 11:34:54 (438 MB/s) - ‘/workspace/backups/cindemirlaw.com-20260709-113003/cindemirlaw.com/wp-content/uploads/2014/11/portrait-5-copy-564x705.jpg’ saved [210925/210925]

--2026-07-09 11:34:55--  https://cindemirlaw.com/wp-content/uploads/2014/11/portrait-5-copy.jpg
Reusing existing connection to cindemirlaw.com:443.
HTTP request sent, awaiting response... 200 OK
Length: 83347 (81K) [image/jpeg]
Saving to: ‘/workspace/backups/cindemirlaw.com-20260709-113003/cindemirlaw.com/wp-content/uploads/2014/11/portrait-5-copy.jpg’

     0K .......... .......... .......... .......... .......... 61%  377M 0s
    50K .......... .......... .......... .                    100%  293M=0s

2026-07-09 11:34:55 (339 MB/s) - ‘/workspace/backups/cindemirlaw.com-20260709-113003/cindemirlaw.com/wp-content/uploads/2014/11/portrait-5-copy.jpg’ saved [83347/83347]

--2026-07-09 11:34:55--  https://cindemirlaw.com/wp-content/uploads/2020/10/portrait-3-copy-240x300.jpg
Reusing existing connection to cindemirlaw.com:443.
HTTP request sent, awaiting response... 200 OK
Length: 68790 (67K) [image/jpeg]
Saving to: ‘/workspace/backups/cindemirlaw.com-20260709-113003/cindemirlaw.com/wp-content/uploads/2020/10/portrait-3-copy-240x300.jpg’

     0K .......... .......... .......... .......... .......... 74%  422M 0s
    50K .......... .......                                    100%  520M=0s

2026-07-09 11:34:55 (443 MB/s) - ‘/workspace/backups/cindemirlaw.com-20260709-113003/cindemirlaw.com/wp-content/uploads/2020/10/portrait-3-copy-240x300.jpg’ saved [68790/68790]

--2026-07-09 11:34:56--  https://cindemirlaw.com/wp-content/uploads/2020/10/portrait-3-copy-768x960.jpg
Reusing existing connection to cindemirlaw.com:443.
HTTP request sent, awaiting response... 200 OK
Length: 419993 (410K) [image/jpeg]
Saving to: ‘/workspace/backups/cindemirlaw.com-20260709-113003/cindemirlaw.com/wp-content/uploads/2020/10/portrait-3-copy-768x960.jpg’

     0K .......... .......... .......... .......... .......... 12% 99.3M 0s
    50K .......... .......... .......... .......... .......... 24%  559M 0s
   100K .......... .......... .......... .......... .......... 36%  119M 0s
   150K .......... .......... .......... .......... .......... 48%  513M 0s
   200K .......... .......... .......... .......... .......... 60%  122M 0s
   250K .......... .......... .......... .......... .......... 73%  418M 0s
   300K .......... .......... .......... .......... .......... 85%  624M 0s
   350K .......... .......... .......... .......... .......... 97%  401M 0s
   400K ..........                                            100%  702M=0.002s

2026-07-09 11:34:56 (221 MB/s) - ‘/workspace/backups/cindemirlaw.com-20260709-113003/cindemirlaw.com/wp-content/uploads/2020/10/portrait-3-copy-768x960.jpg’ saved [419993/419993]

--2026-07-09 11:34:56--  https://cindemirlaw.com/wp-content/uploads/2020/10/portrait-3-copy-564x705.jpg
Reusing existing connection to cindemirlaw.com:443.
HTTP request sent, awaiting response... 200 OK
Length: 262621 (256K) [image/jpeg]
Saving to: ‘/workspace/backups/cindemirlaw.com-20260709-113003/cindemirlaw.com/wp-content/uploads/2020/10/portrait-3-copy-564x705.jpg’

     0K .......... .......... .......... .......... .......... 19%  351M 0s
    50K .......... .......... .......... .......... .......... 38%  485M 0s
   100K .......... .......... .......... .......... .......... 58%  455M 0s
   150K .......... .......... .......... .......... .......... 77%  546M 0s
   200K .......... .......... .......... .......... .......... 97%  445M 0s
   250K ......                                                100% 12.0T=0.001s

2026-07-09 11:34:57 (458 MB/s) - ‘/workspace/backups/cindemirlaw.com-20260709-113003/cindemirlaw.com/wp-content/uploads/2020/10/portrait-3-copy-564x705.jpg’ saved [262621/262621]

--2026-07-09 11:34:57--  https://cindemirlaw.com/wp-content/uploads/2020/10/portrait-3-copy.jpg
Reusing existing connection to cindemirlaw.com:443.
HTTP request sent, awaiting response... 200 OK
Length: 87458 (85K) [image/jpeg]
Saving to: ‘/workspace/backups/cindemirlaw.com-20260709-113003/cindemirlaw.com/wp-content/uploads/2020/10/portrait-3-copy.jpg’

     0K .......... .......... .......... .......... .......... 58%  450M 0s
    50K .......... .......... .......... .....                100%  588M=0s

2026-07-09 11:34:57 (498 MB/s) - ‘/workspace/backups/cindemirlaw.com-20260709-113003/cindemirlaw.com/wp-content/uploads/2020/10/portrait-3-copy.jpg’ saved [87458/87458]

--2026-07-09 11:34:57--  https://cindemirlaw.com/wp-content/uploads/2025/09/levant-180x180.webp
Reusing existing connection to cindemirlaw.com:443.
HTTP request sent, awaiting response... 200 OK
Length: 2770 (2.7K) [image/webp]
Saving to: ‘/workspace/backups/cindemirlaw.com-20260709-113003/cindemirlaw.com/wp-content/uploads/2025/09/levant-180x180.webp’

     0K ..                                                    100% 1.60G=0s

2026-07-09 11:34:57 (1.60 GB/s) - ‘/workspace/backups/cindemirlaw.com-20260709-113003/cindemirlaw.com/wp-content/uploads/2025/09/levant-180x180.webp’ saved [2770/2770]

--2026-07-09 11:34:58--  https://cindemirlaw.com/wp-content/uploads/2025/09/levant-300x300.webp
Reusing existing connection to cindemirlaw.com:443.
HTTP request sent, awaiting response... 200 OK
Length: 5634 (5.5K) [image/webp]
Saving to: ‘/workspace/backups/cindemirlaw.com-20260709-113003/cindemirlaw.com/wp-content/uploads/2025/09/levant-300x300.webp’

     0K .....                                                 100% 5.59G=0s

2026-07-09 11:34:58 (5.59 GB/s) - ‘/workspace/backups/cindemirlaw.com-20260709-113003/cindemirlaw.com/wp-content/uploads/2025/09/levant-300x300.webp’ saved [5634/5634]

--2026-07-09 11:34:58--  https://cindemirlaw.com/wp-content/uploads/2025/09/levant-80x80.webp
Reusing existing connection to cindemirlaw.com:443.
HTTP request sent, awaiting response... 200 OK
Length: 972 [image/webp]
Saving to: ‘/workspace/backups/cindemirlaw.com-20260709-113003/cindemirlaw.com/wp-content/uploads/2025/09/levant-80x80.webp’

     0K                                                       100% 1.09G=0s

2026-07-09 11:34:58 (1.09 GB/s) - ‘/workspace/backups/cindemirlaw.com-20260709-113003/cindemirlaw.com/wp-content/uploads/2025/09/levant-80x80.webp’ saved [972/972]

--2026-07-09 11:34:59--  https://cindemirlaw.com/wp-content/uploads/2025/09/levant-768x768.webp
Reusing existing connection to cindemirlaw.com:443.
HTTP request sent, awaiting response... 200 OK
Length: 20990 (20K) [image/webp]
Saving to: ‘/workspace/backups/cindemirlaw.com-20260709-113003/cindemirlaw.com/wp-content/uploads/2025/09/levant-768x768.webp’

     0K .......... ..........                                 100% 8.92M=0.002s

2026-07-09 11:34:59 (8.92 MB/s) - ‘/workspace/backups/cindemirlaw.com-20260709-113003/cindemirlaw.com/wp-content/uploads/2025/09/levant-768x768.webp’ saved [20990/20990]

--2026-07-09 11:34:59--  https://cindemirlaw.com/wp-content/uploads/2025/09/levant-36x36.webp
Reusing existing connection to cindemirlaw.com:443.
HTTP request sent, awaiting response... 200 OK
Length: 444 [image/webp]
Saving to: ‘/workspace/backups/cindemirlaw.com-20260709-113003/cindemirlaw.com/wp-content/uploads/2025/09/levant-36x36.webp’

     0K                                                       100%  560M=0s

2026-07-09 11:35:00 (560 MB/s) - ‘/workspace/backups/cindemirlaw.com-20260709-113003/cindemirlaw.com/wp-content/uploads/2025/09/levant-36x36.webp’ saved [444/444]

--2026-07-09 11:35:00--  https://cindemirlaw.com/wp-content/uploads/2025/09/levant-705x705.webp
Reusing existing connection to cindemirlaw.com:443.
HTTP request sent, awaiting response... 200 OK
Length: 17930 (18K) [image/webp]
Saving to: ‘/workspace/backups/cindemirlaw.com-20260709-113003/cindemirlaw.com/wp-content/uploads/2025/09/levant-705x705.webp’

     0K .......... .......                                    100% 8.22M=0.002s

2026-07-09 11:35:00 (8.22 MB/s) - ‘/workspace/backups/cindemirlaw.com-20260709-113003/cindemirlaw.com/wp-content/uploads/2025/09/levant-705x705.webp’ saved [17930/17930]

--2026-07-09 11:35:00--  https://cindemirlaw.com/wp-content/uploads/2025/09/levant.webp
Reusing existing connection to cindemirlaw.com:443.
HTTP request sent, awaiting response... 200 OK
Length: 33932 (33K) [image/webp]
Saving to: ‘/workspace/backups/cindemirlaw.com-20260709-113003/cindemirlaw.com/wp-content/uploads/2025/09/levant.webp’

     0K .......... .......... .......... ...                  100% 13.8M=0.002s

2026-07-09 11:35:00 (13.8 MB/s) - ‘/workspace/backups/cindemirlaw.com-20260709-113003/cindemirlaw.com/wp-content/uploads/2025/09/levant.webp’ saved [33932/33932]

--2026-07-09 11:35:01--  https://cindemirlaw.com/wp-content/uploads/2020/08/IMG_0860-kopya-180x180.jpg
Connecting to cindemirlaw.com (cindemirlaw.com)|162.241.252.122|:443... connected.
HTTP request sent, awaiting response... 200 OK
Length: 28668 (28K) [image/jpeg]
Saving to: ‘/workspace/backups/cindemirlaw.com-20260709-113003/cindemirlaw.com/wp-content/uploads/2020/08/IMG_0860-kopya-180x180.jpg’

     0K .......... .......... .......                         100%  484K=0.06s

2026-07-09 11:35:01 (484 KB/s) - ‘/workspace/backups/cindemirlaw.com-20260709-113003/cindemirlaw.com/wp-content/uploads/2020/08/IMG_0860-kopya-180x180.jpg’ saved [28668/28668]

--2026-07-09 11:35:02--  https://cindemirlaw.com/wp-content/uploads/2020/08/IMG_0860-kopya-80x80.jpg
Reusing existing connection to cindemirlaw.com:443.
HTTP request sent, awaiting response... 200 OK
Length: 7631 (7.5K) [image/jpeg]
Saving to: ‘/workspace/backups/cindemirlaw.com-20260709-113003/cindemirlaw.com/wp-content/uploads/2020/08/IMG_0860-kopya-80x80.jpg’

     0K .......                                               100% 5.72G=0s

2026-07-09 11:35:02 (5.72 GB/s) - ‘/workspace/backups/cindemirlaw.com-20260709-113003/cindemirlaw.com/wp-content/uploads/2020/08/IMG_0860-kopya-80x80.jpg’ saved [7631/7631]

--2026-07-09 11:35:02--  https://cindemirlaw.com/wp-content/uploads/2020/08/IMG_0860-kopya-36x36.jpg
Reusing existing connection to cindemirlaw.com:443.
HTTP request sent, awaiting response... 200 OK
Length: 2334 (2.3K) [image/jpeg]
Saving to: ‘/workspace/backups/cindemirlaw.com-20260709-113003/cindemirlaw.com/wp-content/uploads/2020/08/IMG_0860-kopya-36x36.jpg’

     0K ..                                                    100% 2.80G=0s

2026-07-09 11:35:03 (2.80 GB/s) - ‘/workspace/backups/cindemirlaw.com-20260709-113003/cindemirlaw.com/wp-content/uploads/2020/08/IMG_0860-kopya-36x36.jpg’ saved [2334/2334]

--2026-07-09 11:35:03--  https://cindemirlaw.com/wp-content/uploads/2020/08/IMG_0876-kopya-741x1024-1-180x180.jpg
Reusing existing connection to cindemirlaw.com:443.
HTTP request sent, awaiting response... 200 OK
Length: 24608 (24K) [image/jpeg]
Saving to: ‘/workspace/backups/cindemirlaw.com-20260709-113003/cindemirlaw.com/wp-content/uploads/2020/08/IMG_0876-kopya-741x1024-1-180x180.jpg’

     0K .......... .......... ....                            100% 47.5M=0s

2026-07-09 11:35:03 (47.5 MB/s) - ‘/workspace/backups/cindemirlaw.com-20260709-113003/cindemirlaw.com/wp-content/uploads/2020/08/IMG_0876-kopya-741x1024-1-180x180.jpg’ saved [24608/24608]

--2026-07-09 11:35:04--  https://cindemirlaw.com/wp-content/uploads/2020/08/IMG_0876-kopya-741x1024-1-80x80.jpg
Reusing existing connection to cindemirlaw.com:443.
HTTP request sent, awaiting response... 200 OK
Length: 6970 (6.8K) [image/jpeg]
Saving to: ‘/workspace/backups/cindemirlaw.com-20260709-113003/cindemirlaw.com/wp-content/uploads/2020/08/IMG_0876-kopya-741x1024-1-80x80.jpg’

     0K ......                                                100% 3.23G=0s

2026-07-09 11:35:04 (3.23 GB/s) - ‘/workspace/backups/cindemirlaw.com-20260709-113003/cindemirlaw.com/wp-content/uploads/2020/08/IMG_0876-kopya-741x1024-1-80x80.jpg’ saved [6970/6970]

--2026-07-09 11:35:04--  https://cindemirlaw.com/wp-content/uploads/2020/08/IMG_0876-kopya-741x1024-1-36x36.jpg
Reusing existing connection to cindemirlaw.com:443.
HTTP request sent, awaiting response... 200 OK
Length: 2359 (2.3K) [image/jpeg]
Saving to: ‘/workspace/backups/cindemirlaw.com-20260709-113003/cindemirlaw.com/wp-content/uploads/2020/08/IMG_0876-kopya-741x1024-1-36x36.jpg’

     0K ..                                                    100% 2.67G=0s

2026-07-09 11:35:04 (2.67 GB/s) - ‘/workspace/backups/cindemirlaw.com-20260709-113003/cindemirlaw.com/wp-content/uploads/2020/08/IMG_0876-kopya-741x1024-1-36x36.jpg’ saved [2359/2359]

--2026-07-09 11:35:04--  https://cindemirlaw.com/wp-content/uploads/2020/08/IMG_0877-kopya-741x1024-1-180x180.jpg
Reusing existing connection to cindemirlaw.com:443.
HTTP request sent, awaiting response... 200 OK
Length: 32176 (31K) [image/jpeg]
Saving to: ‘/workspace/backups/cindemirlaw.com-20260709-113003/cindemirlaw.com/wp-content/uploads/2020/08/IMG_0877-kopya-741x1024-1-180x180.jpg’

     0K .......... .......... .......... .                    100% 61.1M=0.001s

2026-07-09 11:35:05 (61.1 MB/s) - ‘/workspace/backups/cindemirlaw.com-20260709-113003/cindemirlaw.com/wp-content/uploads/2020/08/IMG_0877-kopya-741x1024-1-180x180.jpg’ saved [32176/32176]

--2026-07-09 11:35:05--  https://cindemirlaw.com/wp-content/uploads/2020/08/IMG_0877-kopya-741x1024-1-80x80.jpg
Reusing existing connection to cindemirlaw.com:443.
HTTP request sent, awaiting response... 200 OK
Length: 8543 (8.3K) [image/jpeg]
Saving to: ‘/workspace/backups/cindemirlaw.com-20260709-113003/cindemirlaw.com/wp-content/uploads/2020/08/IMG_0877-kopya-741x1024-1-80x80.jpg’

     0K ........                                              100%  223M=0s

2026-07-09 11:35:05 (223 MB/s) - ‘/workspace/backups/cindemirlaw.com-20260709-113003/cindemirlaw.com/wp-content/uploads/2020/08/IMG_0877-kopya-741x1024-1-80x80.jpg’ saved [8543/8543]

--2026-07-09 11:35:06--  https://cindemirlaw.com/wp-content/uploads/2020/08/IMG_0877-kopya-741x1024-1-36x36.jpg
Reusing existing connection to cindemirlaw.com:443.
HTTP request sent, awaiting response... 200 OK
Length: 2584 (2.5K) [image/jpeg]
Saving to: ‘/workspace/backups/cindemirlaw.com-20260709-113003/cindemirlaw.com/wp-content/uploads/2020/08/IMG_0877-kopya-741x1024-1-36x36.jpg’

     0K ..                                                    100% 2.39G=0s

2026-07-09 11:35:06 (2.39 GB/s) - ‘/workspace/backups/cindemirlaw.com-20260709-113003/cindemirlaw.com/wp-content/uploads/2020/08/IMG_0877-kopya-741x1024-1-36x36.jpg’ saved [2584/2584]

--2026-07-09 11:35:06--  https://cindemirlaw.com/wp-content/uploads/2020/10/540664430-300x200.jpg
Reusing existing connection to cindemirlaw.com:443.
HTTP request sent, awaiting response... 200 OK
Length: 72015 (70K) [image/jpeg]
Saving to: ‘/workspace/backups/cindemirlaw.com-20260709-113003/cindemirlaw.com/wp-content/uploads/2020/10/540664430-300x200.jpg’

     0K .......... .......... .......... .......... .......... 71% 34.3M 0s
    50K .......... ..........                                 100%  360K=0.06s

2026-07-09 11:35:06 (1.19 MB/s) - ‘/workspace/backups/cindemirlaw.com-20260709-113003/cindemirlaw.com/wp-content/uploads/2020/10/540664430-300x200.jpg’ saved [72015/72015]

--2026-07-09 11:35:07--  https://cindemirlaw.com/wp-content/uploads/2020/10/540664430-768x512.jpg
Reusing existing connection to cindemirlaw.com:443.
HTTP request sent, awaiting response... 200 OK
Length: 322001 (314K) [image/jpeg]
Saving to: ‘/workspace/backups/cindemirlaw.com-20260709-113003/cindemirlaw.com/wp-content/uploads/2020/10/540664430-768x512.jpg’

     0K .......... .......... .......... .......... .......... 15% 99.2M 0s
    50K .......... .......... .......... .......... .......... 31%  869K 0s
   100K .......... .......... .......... .......... .......... 47%  453M 0s
   150K .......... .......... .......... .......... .......... 63%  863K 0s
   200K .......... .......... .......... .......... .......... 79%  864K 0s
   250K .......... .......... .......... .......... .......... 95%  315M 0s
   300K .......... ....                                       100%  467M=0.2s

2026-07-09 11:35:07 (1.76 MB/s) - ‘/workspace/backups/cindemirlaw.com-20260709-113003/cindemirlaw.com/wp-content/uploads/2020/10/540664430-768x512.jpg’ saved [322001/322001]

--2026-07-09 11:35:08--  https://cindemirlaw.com/wp-content/uploads/2020/10/540664430-705x470.jpg
Reusing existing connection to cindemirlaw.com:443.
HTTP request sent, awaiting response... 200 OK
Length: 284389 (278K) [image/jpeg]
Saving to: ‘/workspace/backups/cindemirlaw.com-20260709-113003/cindemirlaw.com/wp-content/uploads/2020/10/540664430-705x470.jpg’

     0K .......... .......... .......... .......... .......... 18%  308M 0s
    50K .......... .......... .......... .......... .......... 36%  123M 0s
   100K .......... .......... .......... .......... .......... 54%  100M 0s
   150K .......... .......... .......... .......... .......... 72%  378M 0s
   200K .......... .......... .......... .......... .......... 90%  877K 0s
   250K .......... .......... .......                         100%  501M=0.06s

2026-07-09 11:35:08 (4.66 MB/s) - ‘/workspace/backups/cindemirlaw.com-20260709-113003/cindemirlaw.com/wp-content/uploads/2020/10/540664430-705x470.jpg’ saved [284389/284389]

--2026-07-09 11:35:08--  https://cindemirlaw.com/wp-content/uploads/2020/06/white-1-copy-150x150-1.jpg
Reusing existing connection to cindemirlaw.com:443.
HTTP request sent, awaiting response... 200 OK
Length: 2458 (2.4K) [image/jpeg]
Saving to: ‘/workspace/backups/cindemirlaw.com-20260709-113003/cindemirlaw.com/wp-content/uploads/2020/06/white-1-copy-150x150-1.jpg’

     0K ..                                                    100% 2.53G=0s

2026-07-09 11:35:08 (2.53 GB/s) - ‘/workspace/backups/cindemirlaw.com-20260709-113003/cindemirlaw.com/wp-content/uploads/2020/06/white-1-copy-150x150-1.jpg’ saved [2458/2458]

--2026-07-09 11:35:09--  https://cindemirlaw.com/wp-content/uploads/2020/06/white-1-copy-150x150-1-80x80.jpg
Reusing existing connection to cindemirlaw.com:443.
HTTP request sent, awaiting response... 200 OK
Length: 4137 (4.0K) [image/jpeg]
Saving to: ‘/workspace/backups/cindemirlaw.com-20260709-113003/cindemirlaw.com/wp-content/uploads/2020/06/white-1-copy-150x150-1-80x80.jpg’

     0K ....                                                  100% 3.92G=0s

2026-07-09 11:35:09 (3.92 GB/s) - ‘/workspace/backups/cindemirlaw.com-20260709-113003/cindemirlaw.com/wp-content/uploads/2020/06/white-1-copy-150x150-1-80x80.jpg’ saved [4137/4137]

--2026-07-09 11:35:09--  https://cindemirlaw.com/wp-content/uploads/2020/06/white-1-copy-150x150-1-36x36.jpg
Reusing existing connection to cindemirlaw.com:443.
HTTP request sent, awaiting response... 200 OK
Length: 1639 (1.6K) [image/jpeg]
Saving to: ‘/workspace/backups/cindemirlaw.com-20260709-113003/cindemirlaw.com/wp-content/uploads/2020/06/white-1-copy-150x150-1-36x36.jpg’

     0K .                                                     100% 1.58G=0s

2026-07-09 11:35:09 (1.58 GB/s) - ‘/workspace/backups/cindemirlaw.com-20260709-113003/cindemirlaw.com/wp-content/uploads/2020/06/white-1-copy-150x150-1-36x36.jpg’ saved [1639/1639]

--2026-07-09 11:35:10--  https://cindemirlaw.com/wp-content/uploads/2020/10/3S9A9207-copy-300x200.jpg
Reusing existing connection to cindemirlaw.com:443.
HTTP request sent, awaiting response... 200 OK
Length: 41354 (40K) [image/jpeg]
Saving to: ‘/workspace/backups/cindemirlaw.com-20260709-113003/cindemirlaw.com/wp-content/uploads/2020/10/3S9A9207-copy-300x200.jpg’

     0K .......... .......... .......... ..........           100% 40.7M=0.001s

2026-07-09 11:35:10 (40.7 MB/s) - ‘/workspace/backups/cindemirlaw.com-20260709-113003/cindemirlaw.com/wp-content/uploads/2020/10/3S9A9207-copy-300x200.jpg’ saved [41354/41354]

--2026-07-09 11:35:10--  https://cindemirlaw.com/wp-content/uploads/2020/10/3S9A9207-copy-768x512.jpg
Reusing existing connection to cindemirlaw.com:443.
HTTP request sent, awaiting response... 200 OK
Length: 170221 (166K) [image/jpeg]
Saving to: ‘/workspace/backups/cindemirlaw.com-20260709-113003/cindemirlaw.com/wp-content/uploads/2020/10/3S9A9207-copy-768x512.jpg’

     0K .......... .......... .......... .......... .......... 30% 79.5M 0s
    50K .......... .......... .......... .......... .......... 60%  571M 0s
   100K .......... .......... .......... .......... .......... 90%  545M 0s
   150K .......... ......                                     100%  605M=0.001s

2026-07-09 11:35:10 (199 MB/s) - ‘/workspace/backups/cindemirlaw.com-20260709-113003/cindemirlaw.com/wp-content/uploads/2020/10/3S9A9207-copy-768x512.jpg’ saved [170221/170221]

--2026-07-09 11:35:10--  https://cindemirlaw.com/wp-content/uploads/2020/10/3S9A9207-copy-705x470.jpg
Reusing existing connection to cindemirlaw.com:443.
HTTP request sent, awaiting response... 200 OK
Length: 150307 (147K) [image/jpeg]
Saving to: ‘/workspace/backups/cindemirlaw.com-20260709-113003/cindemirlaw.com/wp-content/uploads/2020/10/3S9A9207-copy-705x470.jpg’

     0K .......... .......... .......... .......... .......... 34%  403M 0s
    50K .......... .......... .......... .......... .......... 68%  409M 0s
   100K .......... .......... .......... .......... ......    100%  463M=0s

2026-07-09 11:35:10 (423 MB/s) - ‘/workspace/backups/cindemirlaw.com-20260709-113003/cindemirlaw.com/wp-content/uploads/2020/10/3S9A9207-copy-705x470.jpg’ saved [150307/150307]

--2026-07-09 11:35:11--  https://cindemirlaw.com/wp-content/uploads/2020/10/3S9A9207-copy.jpg
Reusing existing connection to cindemirlaw.com:443.
HTTP request sent, awaiting response... 200 OK
Length: 47301 (46K) [image/jpeg]
Saving to: ‘/workspace/backups/cindemirlaw.com-20260709-113003/cindemirlaw.com/wp-content/uploads/2020/10/3S9A9207-copy.jpg’

     0K .......... .......... .......... .......... ......    100%  459M=0s

2026-07-09 11:35:11 (459 MB/s) - ‘/workspace/backups/cindemirlaw.com-20260709-113003/cindemirlaw.com/wp-content/uploads/2020/10/3S9A9207-copy.jpg’ saved [47301/47301]

--2026-07-09 11:35:11--  https://cindemirlaw.com/wp-content/cache/debloat/js/33c1d4d2d3a492974a7e26c87c58320d.js
Reusing existing connection to cindemirlaw.com:443.
HTTP request sent, awaiting response... 200 OK
Length: 286251 (280K) [text/javascript]
Saving to: ‘/workspace/backups/cindemirlaw.com-20260709-113003/cindemirlaw.com/wp-content/cache/debloat/js/33c1d4d2d3a492974a7e26c87c58320d.js’

     0K .......... .......... .......... .......... .......... 17%  149M 0s
    50K .......... .......... .......... .......... .......... 35%  436M 0s
   100K .......... .......... .......... .......... .......... 53%  430M 0s
   150K .......... .......... .......... .......... .......... 71%  560M 0s
   200K .......... .......... .......... .......... .......... 89% 85.2M 0s
   250K .......... .......... .........                       100%  438M=0.001s

2026-07-09 11:35:11 (213 MB/s) - ‘/workspace/backups/cindemirlaw.com-20260709-113003/cindemirlaw.com/wp-content/cache/debloat/js/33c1d4d2d3a492974a7e26c87c58320d.js’ saved [286251/286251]

--2026-07-09 11:35:12--  https://cindemirlaw.com/wp-content/uploads/2020/06/white-2-copy-300x300-1-180x180.jpg
Reusing existing connection to cindemirlaw.com:443.
HTTP request sent, awaiting response... 200 OK
Length: 12562 (12K) [image/jpeg]
Saving to: ‘/workspace/backups/cindemirlaw.com-20260709-113003/cindemirlaw.com/wp-content/uploads/2020/06/white-2-copy-300x300-1-180x180.jpg’

     0K .......... ..                                         100%  314M=0s

2026-07-09 11:35:12 (314 MB/s) - ‘/workspace/backups/cindemirlaw.com-20260709-113003/cindemirlaw.com/wp-content/uploads/2020/06/white-2-copy-300x300-1-180x180.jpg’ saved [12562/12562]

--2026-07-09 11:35:13--  https://cindemirlaw.com/wp-content/uploads/2020/06/white-2-copy-300x300-1-80x80.jpg
Reusing existing connection to cindemirlaw.com:443.
HTTP request sent, awaiting response... 200 OK
Length: 3990 (3.9K) [image/jpeg]
Saving to: ‘/workspace/backups/cindemirlaw.com-20260709-113003/cindemirlaw.com/wp-content/uploads/2020/06/white-2-copy-300x300-1-80x80.jpg’

     0K ...                                                   100% 3.88G=0s

2026-07-09 11:35:13 (3.88 GB/s) - ‘/workspace/backups/cindemirlaw.com-20260709-113003/cindemirlaw.com/wp-content/uploads/2020/06/white-2-copy-300x300-1-80x80.jpg’ saved [3990/3990]

--2026-07-09 11:35:13--  https://cindemirlaw.com/wp-content/uploads/2020/06/white-2-copy-300x300-1-36x36.jpg
Reusing existing connection to cindemirlaw.com:443.
HTTP request sent, awaiting response... 200 OK
Length: 1574 (1.5K) [image/jpeg]
Saving to: ‘/workspace/backups/cindemirlaw.com-20260709-113003/cindemirlaw.com/wp-content/uploads/2020/06/white-2-copy-300x300-1-36x36.jpg’

     0K .                                                     100% 1.74G=0s

2026-07-09 11:35:13 (1.74 GB/s) - ‘/workspace/backups/cindemirlaw.com-20260709-113003/cindemirlaw.com/wp-content/uploads/2020/06/white-2-copy-300x300-1-36x36.jpg’ saved [1574/1574]

--2026-07-09 11:35:14--  https://cindemirlaw.com/wp-content/uploads/2020/06/white-2-copy-300x300-1.jpg
Reusing existing connection to cindemirlaw.com:443.
HTTP request sent, awaiting response... 200 OK
Length: 6417 (6.3K) [image/jpeg]
Saving to: ‘/workspace/backups/cindemirlaw.com-20260709-113003/cindemirlaw.com/wp-content/uploads/2020/06/white-2-copy-300x300-1.jpg’

     0K ......                                                100% 7.00G=0s

2026-07-09 11:35:14 (7.00 GB/s) - ‘/workspace/backups/cindemirlaw.com-20260709-113003/cindemirlaw.com/wp-content/uploads/2020/06/white-2-copy-300x300-1.jpg’ saved [6417/6417]

--2026-07-09 11:35:14--  https://cindemirlaw.com/%d0%b2%d0%b8%d0%b4%d1%8b-%d0%ba%d0%be%d0%bc%d0%bf%d0%b0%d0%bd%d0%b8%d0%b8-%d0%b2-%d1%82%d1%83%d1%80%d1%86%d0%b8%d0%b8/?lang=ru
Reusing existing connection to cindemirlaw.com:443.
HTTP request sent, awaiting response... 200 OK
Length: unspecified [text/html]
Saving to: ‘/workspace/backups/cindemirlaw.com-20260709-113003/cindemirlaw.com/виды-компании-в-турции/index.html?lang=ru.html’

     0K .......... .......... .......... .......... .......... 14.4M
    50K .......... .......... .......... .......... .......... 17.9M
   100K .......... .......... .......... .......... .......... 30.5M
   150K .......... .......... .......... .......... .......... 68.8M
   200K .......... .......... .......... .......... ..........  107M
   250K .......... .......... .......... .......... .......... 35.7M
   300K .......... .......... .......... .......... ..........  279M
   350K .......... .......... .......... .......... .......... 90.5M
   400K .......... .......... .......... .......... ..........  477M
   450K .......... .......... .......... .......... ..........  482M
   500K .......... .......... .......... .......... .......... 1.01M
   550K .......... .......... .......... .......... .......... 26.3M
   600K .......... .......... .......... .......... ..........  109M
   650K .......... .......... .......... .......... ..........  604M
   700K .....                                                   449M=0.06s

2026-07-09 11:35:15 (11.1 MB/s) - ‘/workspace/backups/cindemirlaw.com-20260709-113003/cindemirlaw.com/виды-компании-в-турции/index.html?lang=ru.html’ saved [722909]

--2026-07-09 11:35:15--  https://cindemirlaw.com/fde1068e3bda46a37dd24126f9ec4b09df0c999365011ec71028e1a7d4c45bfdd0fde1068e3bda46a37dd24126f9ec4b09df0c999365011ec71028e1a7d4c45bfdb3fde1068e3bda46a37dd24126f9ec4b09df0c999365011ec71028e1a7d4c45bf/?lang=ru
Reusing existing connection to cindemirlaw.com:443.
HTTP request sent, awaiting response... 200 OK
Length: unspecified [text/html]
Saving to: ‘/workspace/backups/cindemirlaw.com-20260709-113003/cindemirlaw.com/fde1068e3bda46a37dd24126f9ec4b09df0c999365011ec71028e1a7d4c45bfdd0fde1068e3bda46a37dd24126f9ec4b09df0c999365011ec71028e1a7d4c45bfdb3fde1068e3bda46a37dd24126f9ec4b09df0c999365011ec71028e1a7d4c45bf/index.html?lang=ru.html’

     0K .......... .......... .......... .......... .......... 25.1M
    50K .......... .......... .......... .......... .......... 31.9M
   100K .......... .......... .......... .......... .......... 13.9M
   150K .......... .......... .......... .......... .......... 40.4M
   200K .......... .......... .......... .......... .......... 49.1M
   250K .......... .......... .......... .......... .......... 38.5M
   300K .......... .......... .......... .......... ..........  127M
   350K .......... .......... .......... .......... ..........  525M
   400K .......... .......... .......... .......... ..........  114M
   450K .......... .......... .......... .......... ..........  116M
   500K .......... .......... .......... .......... ..........  334M
   550K .......... .......... .......... .......... ..........  299M
   600K .......... .......... .......... .....                 31.0M=0.01s

2026-07-09 11:35:16 (47.0 MB/s) - ‘/workspace/backups/cindemirlaw.com-20260709-113003/cindemirlaw.com/fde1068e3bda46a37dd24126f9ec4b09df0c999365011ec71028e1a7d4c45bfdd0fde1068e3bda46a37dd24126f9ec4b09df0c999365011ec71028e1a7d4c45bfdb3fde1068e3bda46a37dd24126f9ec4b09df0c999365011ec71028e1a7d4c45bf/index.html?lang=ru.html’ saved [650334]

--2026-07-09 11:35:16--  https://cindemirlaw.com/fde1068e3bda46a37dd24126f9ec4b09df0c999365011ec71028e1a7d4c45bfdd0fde1068e3bda46a37dd24126f9ec4b09df0c999365011ec71028e1a7d4c45bfdb6fde1068e3bda46a37dd24126f9ec4b09df0c999365011ec71028e1a7d4c45bf/?lang=ru
Reusing existing connection to cindemirlaw.com:443.
HTTP request sent, awaiting response... 200 OK
Length: unspecified [text/html]
Saving to: ‘/workspace/backups/cindemirlaw.com-20260709-113003/cindemirlaw.com/fde1068e3bda46a37dd24126f9ec4b09df0c999365011ec71028e1a7d4c45bfdd0fde1068e3bda46a37dd24126f9ec4b09df0c999365011ec71028e1a7d4c45bfdb6fde1068e3bda46a37dd24126f9ec4b09df0c999365011ec71028e1a7d4c45bf/index.html?lang=ru.html’

     0K .......... .......... .......... .......... .......... 13.7M
    50K .......... .......... .......... .......... .......... 17.7M
   100K .......... .......... .......... .......... .......... 21.9M
   150K .......... .......... .......... .......... .......... 27.8M
   200K .......... .......... .......... .......... .......... 25.3M
   250K .......... .......... .......... .......... .......... 24.7M
   300K .......... .......... .......... .......... ..........  103M
   350K .......... .......... .......... .......... .......... 49.4M
   400K .......... .......... .......... .......... .......... 54.0M
   450K .......... .......... .......... .......... ..........  524M
   500K .......... .......... .......... .......... .......... 73.9M
   550K .......... .......... .......... .......... ..........  174M
   600K .......... .......... .....                             503M=0.02s

2026-07-09 11:35:17 (34.6 MB/s) - ‘/workspace/backups/cindemirlaw.com-20260709-113003/cindemirlaw.com/fde1068e3bda46a37dd24126f9ec4b09df0c999365011ec71028e1a7d4c45bfdd0fde1068e3bda46a37dd24126f9ec4b09df0c999365011ec71028e1a7d4c45bfdb6fde1068e3bda46a37dd24126f9ec4b09df0c999365011ec71028e1a7d4c45bf/index.html?lang=ru.html’ saved [640386]

--2026-07-09 11:35:17--  https://cindemirlaw.com/fde1068e3bda46a37dd24126f9ec4b09df0c999365011ec71028e1a7d4c45bfdd0fde1068e3bda46a37dd24126f9ec4b09df0c999365011ec71028e1a7d4c45bfdb5fde1068e3bda46a37dd24126f9ec4b09df0c999365011ec71028e1a7d4c45bf/?lang=ru
Reusing existing connection to cindemirlaw.com:443.
HTTP request sent, awaiting response... 200 OK
Length: unspecified [text/html]
Saving to: ‘/workspace/backups/cindemirlaw.com-20260709-113003/cindemirlaw.com/fde1068e3bda46a37dd24126f9ec4b09df0c999365011ec71028e1a7d4c45bfdd0fde1068e3bda46a37dd24126f9ec4b09df0c999365011ec71028e1a7d4c45bfdb5fde1068e3bda46a37dd24126f9ec4b09df0c999365011ec71028e1a7d4c45bf/index.html?lang=ru.html’

     0K .......... .......... .......... .......... .......... 13.7M
    50K .......... .......... .......... .......... .......... 27.5M
   100K .......... .......... .......... .......... .......... 23.6M
   150K .......... .......... .......... .......... .......... 27.1M
   200K .......... .......... .......... .......... ..........  519M
   250K .......... .......... .......... .......... ..........  351M
   300K .......... .......... .......... .......... .......... 30.1M
   350K .......... .......... .......... .......... ..........  214M
   400K .......... .......... .......... .......... ..........  171M
   450K .......... .......... .......... .......... .......... 26.7M
   500K .......... .......... .......... .......... ..........  512M
   550K .......... .......... .......... .......... ..........  420M
   600K .......... .......... .......... ....                  4.70M=0.02s

2026-07-09 11:35:17 (29.8 MB/s) - ‘/workspace/backups/cindemirlaw.com-20260709-113003/cindemirlaw.com/fde1068e3bda46a37dd24126f9ec4b09df0c999365011ec71028e1a7d4c45bfdd0fde1068e3bda46a37dd24126f9ec4b09df0c999365011ec71028e1a7d4c45bfdb5fde1068e3bda46a37dd24126f9ec4b09df0c999365011ec71028e1a7d4c45bf/index.html?lang=ru.html’ saved [649633]

--2026-07-09 11:35:18--  https://cindemirlaw.com/wp-content/cache/debloat/js/71be3bc2a1365b5a6f80ff317ffb1366.js
Reusing existing connection to cindemirlaw.com:443.
HTTP request sent, awaiting response... 200 OK
Length: 286246 (280K) [text/javascript]
Saving to: ‘/workspace/backups/cindemirlaw.com-20260709-113003/cindemirlaw.com/wp-content/cache/debloat/js/71be3bc2a1365b5a6f80ff317ffb1366.js’

     0K .......... .......... .......... .......... .......... 17%  101M 0s
    50K .......... .......... .......... .......... .......... 35%  495M 0s
   100K .......... .......... .......... .......... .......... 53%  394M 0s
   150K .......... .......... .......... .......... .......... 71%  543M 0s
   200K .......... .......... .......... .......... .......... 89%  432M 0s
   250K .......... .......... .........                       100%  529M=0.001s

2026-07-09 11:35:18 (284 MB/s) - ‘/workspace/backups/cindemirlaw.com-20260709-113003/cindemirlaw.com/wp-content/cache/debloat/js/71be3bc2a1365b5a6f80ff317ffb1366.js’ saved [286246/286246]

--2026-07-09 11:35:19--  https://cindemirlaw.com/wp-content/cache/min/plugins/ninja-forms/assets/img/help-info.png
Reusing existing connection to cindemirlaw.com:443.
HTTP request sent, awaiting response... 404 Not Found
2026-07-09 11:35:19 ERROR 404: Not Found.

--2026-07-09 11:35:19--  https://cindemirlaw.com/wp-content/cache/min/plugins/ninja-forms/assets/fonts/fontawesome-webfont.eot?v=4.5.0
Reusing existing connection to cindemirlaw.com:443.
HTTP request sent, awaiting response... 404 Not Found
2026-07-09 11:35:19 ERROR 404: Not Found.

--2026-07-09 11:35:20--  https://cindemirlaw.com/wp-content/cache/min/plugins/ninja-forms/assets/fonts/fontawesome-webfont.eot?
Reusing existing connection to cindemirlaw.com:443.
HTTP request sent, awaiting response... 404 Not Found
2026-07-09 11:35:20 ERROR 404: Not Found.

--2026-07-09 11:35:20--  https://cindemirlaw.com/wp-content/cache/min/plugins/ninja-forms/assets/fonts/fontawesome-webfont.woff2?v=4.5.0
Reusing existing connection to cindemirlaw.com:443.
HTTP request sent, awaiting response... 404 Not Found
2026-07-09 11:35:20 ERROR 404: Not Found.

--2026-07-09 11:35:21--  https://cindemirlaw.com/wp-content/cache/min/plugins/ninja-forms/assets/fonts/fontawesome-webfont.woff?v=4.5.0
Reusing existing connection to cindemirlaw.com:443.
HTTP request sent, awaiting response... 404 Not Found
2026-07-09 11:35:21 ERROR 404: Not Found.

--2026-07-09 11:35:21--  https://cindemirlaw.com/wp-content/cache/min/plugins/ninja-forms/assets/fonts/fontawesome-webfont.ttf?v=4.5.0
Reusing existing connection to cindemirlaw.com:443.
HTTP request sent, awaiting response... 404 Not Found
2026-07-09 11:35:21 ERROR 404: Not Found.

--2026-07-09 11:35:22--  https://cindemirlaw.com/wp-content/cache/min/plugins/ninja-forms/assets/fonts/fontawesome-webfont.svg?v=4.5.0
Reusing existing connection to cindemirlaw.com:443.
HTTP request sent, awaiting response... 404 Not Found
2026-07-09 11:35:22 ERROR 404: Not Found.

--2026-07-09 11:35:22--  https://cindemirlaw.com/author/admin/?lang=ru
Reusing existing connection to cindemirlaw.com:443.
HTTP request sent, awaiting response... 301 Moved Permanently
Location: https://cindemirlaw.com/?lang=ru [following]
--2026-07-09 11:35:23--  https://cindemirlaw.com/?lang=ru
Reusing existing connection to cindemirlaw.com:443.
HTTP request sent, awaiting response... 200 OK
Length: unspecified [text/html]
Saving to: ‘/workspace/backups/cindemirlaw.com-20260709-113003/cindemirlaw.com/author/admin/index.html?lang=ru.html’

     0K .......... .......... .......... .......... .......... 29.3M
    50K .......... .......... .......... .......... .......... 47.1M
   100K .......... .......... .......... .......... .......... 17.0M
   150K .......... .......... .......... .......... .......... 35.9M
   200K .......... .......... .......... .......... ..........  111M
   250K .......... .......... .......... .......... ..........  713M
   300K .......... .......... .......... .......... ..........  631M
   350K .......... .......... .......... .......... ..........  126M
   400K .......... .......... .......... .......... ..........  433M
   450K .......... .......... .......... .......... ..........  421M
   500K .......... .......... .......... .......... ..........  111M
   550K .......... .......... .......... .......... ..........  415M
   600K .......... .......... .......... .......... ....       94.1M=0.009s

2026-07-09 11:35:23 (68.8 MB/s) - ‘/workspace/backups/cindemirlaw.com-20260709-113003/cindemirlaw.com/author/admin/index.html?lang=ru.html’ saved [660328]

--2026-07-09 11:35:24--  https://cindemirlaw.com/%d0%b7%d0%b0%d0%b4%d0%b5%d1%80%d0%b6%d0%b0%d0%bd%d0%b8%d0%b5-%d0%b2-%d0%b0%d1%8d%d1%80%d0%be%d0%bf%d0%be%d1%80%d1%82%d1%83-%d1%82%d1%83%d1%80%d1%86%d0%b8%d0%b8-%d0%bf%d1%80%d0%b0%d0%b2%d0%be%d0%b2/?lang=ru
Connecting to cindemirlaw.com (cindemirlaw.com)|162.241.252.122|:443... connected.
HTTP request sent, awaiting response... 200 OK
Length: unspecified [text/html]
Saving to: ‘/workspace/backups/cindemirlaw.com-20260709-113003/cindemirlaw.com/задержание-в-аэропорту-турции-правов/index.html?lang=ru.html’

     0K .......... .......... .......... .......... ..........  446K
    50K .......... .......... .......... .......... ..........  891K
   100K .......... .......... .......... .......... .......... 78.7M
   150K .......... .......... .......... .......... ..........  899K
   200K .......... .......... .......... .......... .......... 38.5M
   250K .......... .......... .......... .......... ..........  905K
   300K .......... .......... .......... .......... ..........  476M
   350K .......... .......... .......... .......... .......... 48.8M
   400K .......... .......... .......... .......... ..........  915K
   450K .......... .......... .......... .......... ..........  362M
   500K .......... .......... .......... .......... ..........  419M
   550K .......... .......... .......... .......... ..........  416M
   600K .......... .......... .......... .......... ..........  521M
   650K .......... .......... .......... .......... .......... 49.9M
   700K .......... .......... .                                 286M=0.3s

2026-07-09 11:35:25 (2.08 MB/s) - ‘/workspace/backups/cindemirlaw.com-20260709-113003/cindemirlaw.com/задержание-в-аэропорту-турции-правов/index.html?lang=ru.html’ saved [739292]

--2026-07-09 11:35:26--  https://cindemirlaw.com/enforcement-of-promissory-notes-bills-of-exchange-and-cheques-in-turkey/?lang=ru
Reusing existing connection to cindemirlaw.com:443.
HTTP request sent, awaiting response... 200 OK
Length: unspecified [text/html]
Saving to: ‘/workspace/backups/cindemirlaw.com-20260709-113003/cindemirlaw.com/enforcement-of-promissory-notes-bills-of-exchange-and-cheques-in-turkey/index.html?lang=ru.html’

     0K .......... .......... .......... .......... .......... 13.5M
    50K .......... .......... .......... .......... .......... 24.9M
   100K .......... .......... .......... .......... .......... 19.2M
   150K .......... .......... .......... .......... ..........  101M
   200K .......... .......... .......... .......... ..........  441M
   250K .......... .......... .......... .......... .......... 33.5M
   300K .......... .......... .......... .......... ..........  513M
   350K .......... .......... .......... .......... ..........  152M
   400K .......... .......... .......... .......... ..........  549M
   450K .......... .......... .......... .......... ..........  460M
   500K .......... .......... .......... .......... .......... 40.4M
   550K .......... .......... .......... .......... ..........  799M
   600K .......... .......... .......... .......... .......... 1.06M
   650K .......... .......... .......... .......... ........   25.9M=0.06s

2026-07-09 11:35:26 (11.4 MB/s) - ‘/workspace/backups/cindemirlaw.com-20260709-113003/cindemirlaw.com/enforcement-of-promissory-notes-bills-of-exchange-and-cheques-in-turkey/index.html?lang=ru.html’ saved [715695]

--2026-07-09 11:35:27--  https://cindemirlaw.com/%d1%87%d1%82%d0%be-%d1%82%d0%b0%d0%ba%d0%be%d0%b5-%d0%b7%d0%b0%d1%8f%d0%b2%d0%bb%d0%b5%d0%bd%d0%b8%d0%b5-%d0%b2-%d0%b5%d1%81%d0%bf%d1%87-%d0%ba%d1%82%d0%be-%d0%bc%d0%be%d0%b6%d0%b5%d1%82-%d0%bf%d0%be/?lang=ru
Reusing existing connection to cindemirlaw.com:443.
HTTP request sent, awaiting response... 200 OK
Length: unspecified [text/html]
Saving to: ‘/workspace/backups/cindemirlaw.com-20260709-113003/cindemirlaw.com/что-такое-заявление-в-еспч-кто-может-по/index.html?lang=ru.html’

     0K .......... .......... .......... .......... .......... 12.5M
    50K .......... .......... .......... .......... .......... 23.3M
   100K .......... .......... .......... .......... .......... 23.1M
   150K .......... .......... .......... .......... .......... 17.9M
   200K .......... .......... .......... .......... .......... 24.5M
   250K .......... .......... .......... .......... .......... 22.0M
   300K .......... .......... .......... .......... ..........  127M
   350K .......... .......... .......... .......... ..........  112M
   400K .......... .......... .......... .......... .......... 46.4M
   450K .......... .......... .......... .......... ..........  352M
   500K .......... .......... .......... .......... ..........  144M
   550K .......... .......... .......... .......... ..........  306M
   600K .......... .......... .......... .......... ..........  237M
   650K ...                                                    7.13T=0.02s

2026-07-09 11:35:27 (35.9 MB/s) - ‘/workspace/backups/cindemirlaw.com-20260709-113003/cindemirlaw.com/что-такое-заявление-в-еспч-кто-может-по/index.html?lang=ru.html’ saved [669519]

--2026-07-09 11:35:28--  https://cindemirlaw.com/obtaining-an-e-devlet-password-in-turkey-through-a-power-of-attorney/?lang=ru
Reusing existing connection to cindemirlaw.com:443.
HTTP request sent, awaiting response... 200 OK
Length: unspecified [text/html]
Saving to: ‘/workspace/backups/cindemirlaw.com-20260709-113003/cindemirlaw.com/obtaining-an-e-devlet-password-in-turkey-through-a-power-of-attorney/index.html?lang=ru.html’

     0K .......... .......... .......... .......... .......... 13.9M
    50K .......... .......... .......... .......... .......... 34.5M
   100K .......... .......... .......... .......... .......... 19.8M
   150K .......... .......... .......... .......... ..........  622M
   200K .......... .......... .......... .......... ..........  106M
   250K .......... .......... .......... .......... .......... 45.4M
   300K .......... .......... .......... .......... ..........  241M
   350K .......... .......... .......... .......... ..........  151M
   400K .......... .......... .......... .......... ..........  143M
   450K .......... .......... .......... .......... ..........  797M
   500K .......... .......... .......... .......... .......... 42.2M
   550K .......... .......... .......... .......... ..........  390M
   600K .......... .......... .......... .......... ...        11.4M=0.01s

2026-07-09 11:35:29 (42.2 MB/s) - ‘/workspace/backups/cindemirlaw.com-20260709-113003/cindemirlaw.com/obtaining-an-e-devlet-password-in-turkey-through-a-power-of-attorney/index.html?lang=ru.html’ saved [658434]

--2026-07-09 11:35:29--  https://cindemirlaw.com/pig-butchering-cryptocurrency-scam-key-risks-and-legal-considerations-for-investors-in-turkey/?lang=ru
Reusing existing connection to cindemirlaw.com:443.
HTTP request sent, awaiting response... 200 OK
Length: unspecified [text/html]
Saving to: ‘/workspace/backups/cindemirlaw.com-20260709-113003/cindemirlaw.com/pig-butchering-cryptocurrency-scam-key-risks-and-legal-considerations-for-investors-in-turkey/index.html?lang=ru.html’

     0K .......... .......... .......... .......... .......... 21.5M
    50K .......... .......... .......... .......... .......... 70.3M
   100K .......... .......... .......... .......... .......... 62.1M
   150K .......... .......... .......... .......... .......... 36.4M
   200K .......... .......... .......... .......... ..........  111M
   250K .......... .......... .......... .......... .......... 55.7M
   300K .......... .......... .......... .......... ..........  180M
   350K .......... .......... .......... .......... ..........  762M
   400K .......... .......... .......... .......... .......... 58.9M
   450K .......... .......... .......... .......... ..........  467M
   500K .......... .......... .......... .......... ..........  638M
   550K .......... .......... .......... .......... ..........  710M
   600K .......... .......... .......... ..........            37.4M=0.009s

2026-07-09 11:35:30 (70.4 MB/s) - ‘/workspace/backups/cindemirlaw.com-20260709-113003/cindemirlaw.com/pig-butchering-cryptocurrency-scam-key-risks-and-legal-considerations-for-investors-in-turkey/index.html?lang=ru.html’ saved [655875]

--2026-07-09 11:35:30--  https://cindemirlaw.com/eu-ai-act-compliance-for-non-eu-companies-legal-requirements-under-the-destination-principle/?lang=ru
Reusing existing connection to cindemirlaw.com:443.
HTTP request sent, awaiting response... 200 OK
Length: unspecified [text/html]
Saving to: ‘/workspace/backups/cindemirlaw.com-20260709-113003/cindemirlaw.com/eu-ai-act-compliance-for-non-eu-companies-legal-requirements-under-the-destination-principle/index.html?lang=ru.html’

     0K .......... .......... .......... .......... .......... 11.7M
    50K .......... .......... .......... .......... .......... 19.9M
   100K .......... .......... .......... .......... .......... 25.8M
   150K .......... .......... .......... .......... .......... 67.2M
   200K .......... .......... .......... .......... ..........  481M
   250K .......... .......... .......... .......... .......... 40.6M
   300K .......... .......... .......... .......... ..........  117M
   350K .......... .......... .......... .......... ..........  392M
   400K .......... .......... .......... .......... ..........  102M
   450K .......... .......... .......... .......... ..........  121M
   500K .......... .......... .......... .......... .......... 51.6M
   550K .......... .......... .......... .......... ..........  335M
   600K .......... .......... .......... ..                     477M=0.01s

2026-07-09 11:35:31 (47.0 MB/s) - ‘/workspace/backups/cindemirlaw.com-20260709-113003/cindemirlaw.com/eu-ai-act-compliance-for-non-eu-companies-legal-requirements-under-the-destination-principle/index.html?lang=ru.html’ saved [648037]

--2026-07-09 11:35:31--  https://cindemirlaw.com/%d0%ba%d0%b0%d0%ba-%d0%be%d1%82%d0%ba%d1%80%d1%8b%d1%82%d1%8c-%d0%ba%d0%be%d0%bc%d0%bf%d0%b0%d0%bd%d0%b8%d1%8e-%d0%b2-%d1%82%d1%83%d1%80%d1%86%d0%b8%d0%b8-%d0%bf%d0%be%d1%88%d0%b0%d0%b3%d0%be%d0%b2/?lang=ru
Reusing existing connection to cindemirlaw.com:443.
HTTP request sent, awaiting response... 200 OK
Length: unspecified [text/html]
Saving to: ‘/workspace/backups/cindemirlaw.com-20260709-113003/cindemirlaw.com/как-открыть-компанию-в-турции-пошагов/index.html?lang=ru.html’

     0K .......... .......... .......... .......... .......... 28.7M
    50K .......... .......... .......... .......... .......... 57.4M
   100K .......... .......... .......... .......... .......... 15.1M
   150K .......... .......... .......... .......... .......... 19.7M
   200K .......... .......... .......... .......... .......... 61.5M
   250K .......... .......... .......... .......... .......... 57.0M
   300K .......... .......... .......... .......... ..........  105M
   350K .......... .......... .......... .......... .......... 61.0M
   400K .......... .......... .......... .......... ..........  127M
   450K .......... .......... .......... .......... ..........  492M
   500K .......... .......... .......... .......... ..........  415M
   550K .......... .......... .......... .......... ..........  311M
   600K .......... .......... .......... .......... .          94.9M=0.01s

2026-07-09 11:35:32 (50.7 MB/s) - ‘/workspace/backups/cindemirlaw.com-20260709-113003/cindemirlaw.com/как-открыть-компанию-в-турции-пошагов/index.html?lang=ru.html’ saved [657285]

--2026-07-09 11:35:32--  https://cindemirlaw.com/%d1%80%d1%83%d1%81%d1%81%d0%ba%d0%be%d1%8f%d0%b7%d1%8b%d1%87%d0%bd%d1%8b%d0%b9-%d1%8e%d1%80%d0%b8%d1%81%d1%82-%d0%b2-%d1%82%d1%83%d1%80%d1%86%d0%b8%d0%b8-%d1%8e%d1%80%d0%b8%d0%b4%d0%b8%d1%87/?lang=ru
Reusing existing connection to cindemirlaw.com:443.
HTTP request sent, awaiting response... 200 OK
Length: unspecified [text/html]
Saving to: ‘/workspace/backups/cindemirlaw.com-20260709-113003/cindemirlaw.com/русскоязычный-юрист-в-турции-юридич/index.html?lang=ru.html’

     0K .......... .......... .......... .......... .......... 13.8M
    50K .......... .......... .......... .......... .......... 18.9M
   100K .......... .......... .......... .......... .......... 26.9M
   150K .......... .......... .......... .......... .......... 52.7M
   200K .......... .......... .......... .......... .......... 42.8M
   250K .......... .......... .......... .......... ..........  364M
   300K .......... .......... .......... .......... ..........  121M
   350K .......... .......... .......... .......... .......... 76.6M
   400K .......... .......... .......... .......... ..........  506M
   450K .......... .......... .......... .......... .......... 34.8M
   500K .......... .......... .......... .......... ..........  413M
   550K .......... .......... .......... .......... ..........  477M
   600K .......... .......... .......... ....                   639M=0.01s

2026-07-09 11:35:32 (47.8 MB/s) - ‘/workspace/backups/cindemirlaw.com-20260709-113003/cindemirlaw.com/русскоязычный-юрист-в-турции-юридич/index.html?lang=ru.html’ saved [649550]

--2026-07-09 11:35:33--  https://cindemirlaw.com/%d0%ba%d0%b0%d0%ba-%d0%bf%d0%be%d0%bb%d1%83%d1%87%d0%b8%d1%82%d1%8c-%d1%81%d0%bf%d1%80%d0%b0%d0%b2%d0%ba%d1%83-%d0%be-%d0%bd%d0%b0%d0%bb%d0%b8%d1%87%d0%b8%d0%b8-%d1%81%d1%83%d0%b4%d0%b8%d0%bc%d0%be/?lang=ru
Reusing existing connection to cindemirlaw.com:443.
HTTP request sent, awaiting response... 200 OK
Length: unspecified [text/html]
Saving to: ‘/workspace/backups/cindemirlaw.com-20260709-113003/cindemirlaw.com/как-получить-справку-о-наличии-судимо/index.html?lang=ru.html’

     0K .......... .......... .......... .......... .......... 9.49M
    50K .......... .......... .......... .......... .......... 22.7M
   100K .......... .......... .......... .......... .......... 28.7M
   150K .......... .......... .......... .......... .......... 23.0M
   200K .......... .......... .......... .......... .......... 19.3M
   250K .......... .......... .......... .......... .......... 21.0M
   300K .......... .......... .......... .......... .......... 27.5M
   350K .......... .......... .......... .......... .......... 21.0M
   400K .......... .......... .......... .......... .......... 23.9M
   450K .......... .......... .......... .......... ..........  580M
   500K .......... .......... .......... .......... .......... 68.9M
   550K .......... .......... .......... .......... .......... 38.2M
   600K .......... .......... .......... ..                     368M=0.02s

2026-07-09 11:35:33 (25.4 MB/s) - ‘/workspace/backups/cindemirlaw.com-20260709-113003/cindemirlaw.com/как-получить-справку-о-наличии-судимо/index.html?lang=ru.html’ saved [647691]

--2026-07-09 11:35:33--  https://cindemirlaw.com/%d1%83%d0%b4%d0%b0%d0%bb%d0%b5%d0%bd%d0%b8%d0%b5-%d1%81%d1%83%d0%b4%d0%b8%d0%bc%d0%be%d1%81%d1%82%d0%b8-%d0%b2-%d1%82%d1%83%d1%80%d1%86%d0%b8%d0%b8-%d0%b4%d0%bb%d1%8f-%d0%b8%d0%bd%d0%be%d1%81%d1%82/?lang=ru
Reusing existing connection to cindemirlaw.com:443.
HTTP request sent, awaiting response... 200 OK
Length: unspecified [text/html]
Saving to: ‘/workspace/backups/cindemirlaw.com-20260709-113003/cindemirlaw.com/удаление-судимости-в-турции-для-иност/index.html?lang=ru.html’

     0K .......... .......... .......... .......... .......... 13.1M
    50K .......... .......... .......... .......... .......... 22.7M
   100K .......... .......... .......... .......... .......... 40.3M
   150K .......... .......... .......... .......... .......... 8.11M
   200K .......... .......... .......... .......... ..........  520M
   250K .......... .......... .......... .......... ..........  297M
   300K .......... .......... .......... .......... .......... 33.7M
   350K .......... .......... .......... .......... .......... 58.3M
   400K .......... .......... .......... .......... ..........  509M
   450K .......... .......... .......... .......... ..........  573M
   500K .......... .......... .......... .......... ..........  319M
   550K .......... .......... .......... .......... .......... 78.4M
   600K .......... .......... .......... .......... .....       452M=0.02s

2026-07-09 11:35:34 (37.7 MB/s) - ‘/workspace/backups/cindemirlaw.com-20260709-113003/cindemirlaw.com/удаление-судимости-в-турции-для-иност/index.html?lang=ru.html’ saved [660876]

--2026-07-09 11:35:34--  https://cindemirlaw.com/%d1%8e%d1%80%d0%b8%d0%b4%d0%b8%d1%87%d0%b5%d1%81%d0%ba%d0%b0%d1%8f-%d0%bf%d0%be%d0%bc%d0%be%d1%89%d1%8c-%d0%bf%d1%80%d0%b8-%d0%be%d1%82%d0%bf%d1%80%d0%b0%d0%b2%d0%ba%d0%b5-%d0%b2%d0%b5%d1%89%d0%b5/?lang=ru
Reusing existing connection to cindemirlaw.com:443.
HTTP request sent, awaiting response... 200 OK
Length: unspecified [text/html]
Saving to: ‘/workspace/backups/cindemirlaw.com-20260709-113003/cindemirlaw.com/юридическая-помощь-при-отправке-веще/index.html?lang=ru.html’

     0K .......... .......... .......... .......... .......... 38.2M
    50K .......... .......... .......... .......... .......... 44.3M
   100K .......... .......... .......... .......... .......... 37.5M
   150K .......... .......... .......... .......... .......... 39.4M
   200K .......... .......... .......... .......... .......... 49.5M
   250K .......... .......... .......... .......... .......... 38.0M
   300K .......... .......... .......... .......... .......... 62.2M
   350K .......... .......... .......... .......... ..........  288M
   400K .......... .......... .......... .......... ..........  270M
   450K .......... .......... .......... .......... ..........  671M
   500K .......... .......... .......... .......... .......... 8.78M
   550K .......... .......... .......... .......... ..........  150M
   600K .......... .......... .......... .......... ...         670M=0.01s

2026-07-09 11:35:35 (43.8 MB/s) - ‘/workspace/backups/cindemirlaw.com-20260709-113003/cindemirlaw.com/юридическая-помощь-при-отправке-веще/index.html?lang=ru.html’ saved [658480]

--2026-07-09 11:35:35--  https://cindemirlaw.com/%d0%bf%d0%be%d1%81%d0%b5%d1%89%d0%b5%d0%bd%d0%b8%d0%b5-%d0%b8%d0%bd%d0%be%d1%81%d1%82%d1%80%d0%b0%d0%bd%d0%bd%d1%8b%d1%85-%d0%b7%d0%b0%d0%ba%d0%bb%d1%8e%d1%87%d1%91%d0%bd%d0%bd%d1%8b%d1%85-%d0%b2/?lang=ru
Reusing existing connection to cindemirlaw.com:443.
HTTP request sent, awaiting response... 200 OK
Length: unspecified [text/html]
Saving to: ‘/workspace/backups/cindemirlaw.com-20260709-113003/cindemirlaw.com/посещение-иностранных-заключённых-в/index.html?lang=ru.html’

     0K .......... .......... .......... .......... .......... 16.3M
    50K .......... .......... .......... .......... .......... 31.2M
   100K .......... .......... .......... .......... .......... 27.5M
   150K .......... .......... .......... .......... .......... 52.6M
   200K .......... .......... .......... .......... .......... 21.1M
   250K .......... .......... .......... .......... ..........  170M
   300K .......... .......... .......... .......... ..........  640M
   350K .......... .......... .......... .......... .......... 39.0M
   400K .......... .......... .......... .......... ..........  817M
   450K .......... .......... .......... .......... ..........  641M
   500K .......... .......... .......... .......... ..........  784M
   550K .......... .......... .......... .......... ..........  100M
   600K .......... .......... .......... .......... ....       93.9M=0.01s

2026-07-09 11:35:36 (50.9 MB/s) - ‘/workspace/backups/cindemirlaw.com-20260709-113003/cindemirlaw.com/посещение-иностранных-заключённых-в/index.html?lang=ru.html’ saved [659706]

--2026-07-09 11:35:36--  https://cindemirlaw.com/%d0%bf%d1%80%d0%be%d1%84%d0%b5%d1%81%d1%81%d0%b8%d0%be%d0%bd%d0%b0%d0%bb%d1%8c%d0%bd%d1%8b%d0%b5-%d1%8e%d1%80%d0%b8%d0%b4%d0%b8%d1%87%d0%b5%d1%81%d0%ba%d0%b8%d0%b5-%d0%ba%d0%be%d0%bd%d1%81%d1%83%d0%bb/?lang=ru
Reusing existing connection to cindemirlaw.com:443.
HTTP request sent, awaiting response... 200 OK
Length: unspecified [text/html]
Saving to: ‘/workspace/backups/cindemirlaw.com-20260709-113003/cindemirlaw.com/профессиональные-юридические-консул/index.html?lang=ru.html’

     0K .......... .......... .......... .......... .......... 24.4M
    50K .......... .......... .......... .......... .......... 47.3M
   100K .......... .......... .......... .......... .......... 45.4M
   150K .......... .......... .......... .......... .......... 47.1M
   200K .......... .......... .......... .......... ..........  142M
   250K .......... .......... .......... .......... .......... 25.8M
   300K .......... .......... .......... .......... ..........  184M
   350K .......... .......... .......... .......... ..........  168M
   400K .......... .......... .......... .......... .......... 4.91M
   450K .......... .......... .......... .......... ..........  774M
   500K .......... .......... .......... .......... ..........  532M
   550K .......... .......... .......... .......... ..........  636M
   600K .......... .......... .......... .......... ..........  738M
   650K ......                                                  423M=0.02s

2026-07-09 11:35:37 (35.2 MB/s) - ‘/workspace/backups/cindemirlaw.com-20260709-113003/cindemirlaw.com/профессиональные-юридические-консул/index.html?lang=ru.html’ saved [672028]

--2026-07-09 11:35:38--  https://cindemirlaw.com/fde1068e3bda46a37dd24126f9ec4b09df0c999365011ec71028e1a7d4c45bfdd0fde1068e3bda46a37dd24126f9ec4b09df0c999365011ec71028e1a7d4c45bfdb0fde1068e3bda46a37dd24126f9ec4b09df0c999365011ec71028e1a7d4c45bf/?lang=ru
Reusing existing connection to cindemirlaw.com:443.
HTTP request sent, awaiting response... 200 OK
Length: unspecified [text/html]
Saving to: ‘/workspace/backups/cindemirlaw.com-20260709-113003/cindemirlaw.com/fde1068e3bda46a37dd24126f9ec4b09df0c999365011ec71028e1a7d4c45bfdd0fde1068e3bda46a37dd24126f9ec4b09df0c999365011ec71028e1a7d4c45bfdb0fde1068e3bda46a37dd24126f9ec4b09df0c999365011ec71028e1a7d4c45bf/index.html?lang=ru.html’

     0K .......... .......... .......... .......... .......... 39.4M
    50K .......... .......... .......... .......... .......... 31.0M
   100K .......... .......... .......... .......... .......... 69.9M
   150K .......... .......... .......... .......... .......... 48.7M
   200K .......... .......... .......... .......... ..........  125M
   250K .......... .......... .......... .......... ..........  378M
   300K .......... .......... .......... .......... ..........  123M
   350K .......... .......... .......... .......... ..........  126M
   400K .......... .......... .......... .......... ..........  208M
   450K .......... .......... .......... .......... ..........  651M
   500K .......... .......... .......... .......... ..........  432M
   550K .......... .......... .......... .......... .......... 1.41M
   600K .......... .........                                    304M=0.04s

2026-07-09 11:35:38 (14.7 MB/s) - ‘/workspace/backups/cindemirlaw.com-20260709-113003/cindemirlaw.com/fde1068e3bda46a37dd24126f9ec4b09df0c999365011ec71028e1a7d4c45bfdd0fde1068e3bda46a37dd24126f9ec4b09df0c999365011ec71028e1a7d4c45bfdb0fde1068e3bda46a37dd24126f9ec4b09df0c999365011ec71028e1a7d4c45bf/index.html?lang=ru.html’ saved [634732]

--2026-07-09 11:35:38--  https://cindemirlaw.com/nominee-director-in-turkey/?lang=ru
Reusing existing connection to cindemirlaw.com:443.
HTTP request sent, awaiting response... 200 OK
Length: unspecified [text/html]
Saving to: ‘/workspace/backups/cindemirlaw.com-20260709-113003/cindemirlaw.com/nominee-director-in-turkey/index.html?lang=ru.html’

     0K .......... .......... .......... .......... .......... 12.5M
    50K .......... .......... .......... .......... .......... 20.8M
   100K .......... .......... .......... .......... .......... 25.9M
   150K .......... .......... .......... .......... .......... 29.1M
   200K .......... .......... .......... .......... .......... 21.7M
   250K .......... .......... .......... .......... ..........  102M
   300K .......... .......... .......... .......... .......... 25.5M
   350K .......... .......... .......... .......... .......... 90.4M
   400K .......... .......... .......... .......... ..........  385M
   450K .......... .......... .......... .......... .......... 33.4M
   500K .......... .......... .......... .......... .......... 97.1M
   550K .......... .......... .......... .......... ..........  255M
   600K .......... .......... .......... ......                 634M=0.02s

2026-07-09 11:35:39 (35.9 MB/s) - ‘/workspace/backups/cindemirlaw.com-20260709-113003/cindemirlaw.com/nominee-director-in-turkey/index.html?lang=ru.html’ saved [651724]

--2026-07-09 11:35:39--  https://cindemirlaw.com/%d0%b8%d1%81%d0%ba-%d0%be%d0%b1-%d1%83%d1%81%d1%82%d0%b0%d0%bd%d0%be%d0%b2%d0%bb%d0%b5%d0%bd%d0%b8%d0%b8-%d0%be%d1%82%d1%86%d0%be%d0%b2%d1%81%d1%82%d0%b2%d0%b0-%d0%b2-%d1%82%d1%83%d1%80%d1%86%d0%b8/?lang=ru
Reusing existing connection to cindemirlaw.com:443.
HTTP request sent, awaiting response... 200 OK
Length: unspecified [text/html]
Saving to: ‘/workspace/backups/cindemirlaw.com-20260709-113003/cindemirlaw.com/иск-об-установлении-отцовства-в-турци/index.html?lang=ru.html’

     0K .......... .......... .......... .......... .......... 29.2M
    50K .......... .......... .......... .......... .......... 49.5M
   100K .......... .......... .......... .......... .......... 39.3M
   150K .......... .......... .......... .......... ..........  115M
   200K .......... .......... .......... .......... ..........  545M
   250K .......... .......... .......... .......... .......... 78.2M
   300K .......... .......... .......... .......... ..........  142M
   350K .......... .......... .......... .......... ..........  131M
   400K .......... .......... .......... .......... ..........  612M
   450K .......... .......... .......... .......... ..........  117M
   500K .......... .......... .......... .......... ..........  692M
   550K .......... .......... .......... .......... ..........  371M
   600K .......... .......... .......... .......... ...        6.08M=0.01s

2026-07-09 11:35:40 (47.0 MB/s) - ‘/workspace/backups/cindemirlaw.com-20260709-113003/cindemirlaw.com/иск-об-установлении-отцовства-в-турци/index.html?lang=ru.html’ saved [658503]

--2026-07-09 11:35:41--  https://cindemirlaw.com/%d0%be%d1%82%d0%ba%d1%80%d1%8b%d1%82%d0%b8%d0%b5-%d0%b1%d0%b0%d0%bd%d0%ba%d0%be%d0%b2%d1%81%d0%ba%d0%be%d0%b3%d0%be-%d1%81%d1%87%d0%b5%d1%82%d0%b0-%d1%80%d1%83%d1%81%d1%81%d0%ba%d0%b8%d0%bc%d0%b8/?lang=ru
Reusing existing connection to cindemirlaw.com:443.
HTTP request sent, awaiting response... 200 OK
Length: unspecified [text/html]
Saving to: ‘/workspace/backups/cindemirlaw.com-20260709-113003/cindemirlaw.com/открытие-банковского-счета-русскими/index.html?lang=ru.html’

     0K .......... .......... .......... .......... .......... 30.4M
    50K .......... .......... .......... .......... .......... 23.9M
   100K .......... .......... .......... .......... .......... 18.7M
   150K .......... .......... .......... .......... .......... 25.9M
   200K .......... .......... .......... .......... .......... 55.6M
   250K .......... .......... .......... .......... ..........  109M
   300K .......... .......... .......... .......... ..........  788M
   350K .......... .......... .......... .......... .......... 56.5M
   400K .......... .......... .......... .......... ..........  711M
   450K .......... .......... .......... .......... ..........  667M
   500K .......... .......... .......... .......... ..........  633M
   550K .......... .......... .......... .......... .......... 71.6M
   600K .......... .......... .......... .......... ......      130M=0.01s

2026-07-09 11:35:41 (54.2 MB/s) - ‘/workspace/backups/cindemirlaw.com-20260709-113003/cindemirlaw.com/открытие-банковского-счета-русскими/index.html?lang=ru.html’ saved [661910]

--2026-07-09 11:35:41--  https://cindemirlaw.com/%d0%be%d1%82%d0%ba%d1%80%d1%8b%d1%82%d0%b8%d0%b5-%d0%b1%d0%b0%d0%bd%d0%ba%d0%be%d0%b2%d1%81%d0%ba%d0%be%d0%b3%d0%be-%d1%81%d1%87%d0%b5%d1%82%d0%b0-%d0%b4%d0%bb%d1%8f-%d1%80%d0%be%d1%81%d1%81%d0%b8/?lang=ru
Reusing existing connection to cindemirlaw.com:443.
HTTP request sent, awaiting response... 200 OK
Length: unspecified [text/html]
Saving to: ‘/workspace/backups/cindemirlaw.com-20260709-113003/cindemirlaw.com/открытие-банковского-счета-для-росси/index.html?lang=ru.html’

     0K .......... .......... .......... .......... .......... 13.5M
    50K .......... .......... .......... .......... .......... 26.3M
   100K .......... .......... .......... .......... .......... 29.0M
   150K .......... .......... .......... .......... .......... 21.2M
   200K .......... .......... .......... .......... .......... 76.9M
   250K .......... .......... .......... .......... .......... 23.6M
   300K .......... .......... .......... .......... .......... 26.5M
   350K .......... .......... .......... .......... ..........  385M
   400K .......... .......... .......... .......... ..........  128M
   450K .......... .......... .......... .......... .......... 57.1M
   500K .......... .......... .......... .......... ..........  122M
   550K .......... .......... .......... .......... ..........  258M
   600K .......... .......... .......... ..........             436M=0.02s

2026-07-09 11:35:42 (39.0 MB/s) - ‘/workspace/backups/cindemirlaw.com-20260709-113003/cindemirlaw.com/открытие-банковского-счета-для-росси/index.html?lang=ru.html’ saved [655795]

--2026-07-09 11:35:43--  https://cindemirlaw.com/%d0%bd%d0%b0%d1%81%d0%bb%d0%b5%d0%b4%d1%81%d1%82%d0%b2%d0%b5%d0%bd%d0%bd%d0%be%d0%b5-%d0%bf%d1%80%d0%b0%d0%b2%d0%be-%d1%82%d1%83%d1%80%d1%86%d0%b8%d0%b8-2/?lang=ru
Reusing existing connection to cindemirlaw.com:443.
HTTP request sent, awaiting response... 200 OK
Length: unspecified [text/html]
Saving to: ‘/workspace/backups/cindemirlaw.com-20260709-113003/cindemirlaw.com/наследственное-право-турции-2/index.html?lang=ru.html’

     0K .......... .......... .......... .......... .......... 14.6M
    50K .......... .......... .......... .......... .......... 25.0M
   100K .......... .......... .......... .......... .......... 25.0M
   150K .......... .......... .......... .......... .......... 23.2M
   200K .......... .......... .......... .......... .......... 14.6M
   250K .......... .......... .......... .......... ..........  437M
   300K .......... .......... .......... .......... .......... 15.7M
   350K .......... .......... .......... .......... .......... 14.6M
   400K .......... .......... .......... .......... ..........  391M
   450K .......... .......... .......... .......... ..........  501M
   500K .......... .......... .......... .......... ..........  498M
   550K .......... .......... .......... .......... .......... 99.5M
   600K .......... .......... .......... ........               579M=0.02s

2026-07-09 11:35:43 (30.9 MB/s) - ‘/workspace/backups/cindemirlaw.com-20260709-113003/cindemirlaw.com/наследственное-право-турции-2/index.html?lang=ru.html’ saved [653527]

--2026-07-09 11:35:44--  https://cindemirlaw.com/%d1%82%d0%b8%d0%bf%d1%8b-%d0%ba%d0%be%d0%bc%d0%bf%d0%b0%d0%bd%d0%b8%d0%b9-%d0%b2-%d1%82%d1%83%d1%80%d1%86%d0%b8%d0%b8/?lang=ru
Reusing existing connection to cindemirlaw.com:443.
HTTP request sent, awaiting response... 200 OK
Length: unspecified [text/html]
Saving to: ‘/workspace/backups/cindemirlaw.com-20260709-113003/cindemirlaw.com/типы-компаний-в-турции/index.html?lang=ru.html’

     0K .......... .......... .......... .......... .......... 32.1M
    50K .......... .......... .......... .......... .......... 27.8M
   100K .......... .......... .......... .......... .......... 54.5M
   150K .......... .......... .......... .......... .......... 29.7M
   200K .......... .......... .......... .......... .......... 32.2M
   250K .......... .......... .......... .......... .......... 86.5M
   300K .......... .......... .......... .......... ..........  183M
   350K .......... .......... .......... .......... ..........  147M
   400K .......... .......... .......... .......... ..........  149M
   450K .......... .......... .......... .......... ..........  104M
   500K .......... .......... .......... .......... ..........  118M
   550K .......... .......... .......... .......... ..........  401M
   600K .......... .......... .......... .......... ......     62.0M=0.01s

2026-07-09 11:35:44 (59.8 MB/s) - ‘/workspace/backups/cindemirlaw.com-20260709-113003/cindemirlaw.com/типы-компаний-в-турции/index.html?lang=ru.html’ saved [661513]

--2026-07-09 11:35:45--  https://cindemirlaw.com/%d0%ba%d0%b0%d0%ba-%d0%be%d1%82%d0%ba%d1%80%d1%8b%d1%82%d1%8c-%d1%84%d0%b8%d0%bb%d0%b8%d0%b0%d0%bb-%d0%b2-%d1%82%d1%83%d1%80%d1%86%d0%b8%d0%b8/?lang=ru
Reusing existing connection to cindemirlaw.com:443.
HTTP request sent, awaiting response... 200 OK
Length: unspecified [text/html]
Saving to: ‘/workspace/backups/cindemirlaw.com-20260709-113003/cindemirlaw.com/как-открыть-филиал-в-турции/index.html?lang=ru.html’

     0K .......... .......... .......... .......... .......... 14.2M
    50K .......... .......... .......... .......... .......... 21.3M
   100K .......... .......... .......... .......... .......... 25.3M
   150K .......... .......... .......... .......... .......... 85.5M
   200K .......... .......... .......... .......... .......... 98.9M
   250K .......... .......... .......... .......... .......... 50.2M
   300K .......... .......... .......... .......... ..........  112M
   350K .......... .......... .......... .......... ..........  128M
   400K .......... .......... .......... .......... ..........  574M
   450K .......... .......... .......... .......... ..........  739M
   500K .......... .......... .......... .......... .......... 37.0M
   550K .......... .......... .......... .......... ..........  636M
   600K .......... .......... .......... .....                  926M=0.01s

2026-07-09 11:35:45 (51.3 MB/s) - ‘/workspace/backups/cindemirlaw.com-20260709-113003/cindemirlaw.com/как-открыть-филиал-в-турции/index.html?lang=ru.html’ saved [650280]

--2026-07-09 11:35:45--  https://cindemirlaw.com/%d0%bd%d0%b0%d1%81%d0%bb%d0%b5%d0%b4%d1%81%d1%82%d0%b2%d0%b5%d0%bd%d0%bd%d0%be%d0%b5-%d0%bf%d1%80%d0%b0%d0%b2%d0%be-%d1%82%d1%83%d1%80%d1%86%d0%b8%d0%b8/?lang=ru
Reusing existing connection to cindemirlaw.com:443.
HTTP request sent, awaiting response... 200 OK
Length: unspecified [text/html]
Saving to: ‘/workspace/backups/cindemirlaw.com-20260709-113003/cindemirlaw.com/наследственное-право-турции/index.html?lang=ru.html’

     0K .......... .......... .......... .......... .......... 13.7M
    50K .......... .......... .......... .......... .......... 24.5M
   100K .......... .......... .......... .......... .......... 25.9M
   150K .......... .......... .......... .......... .......... 22.2M
   200K .......... .......... .......... .......... .......... 37.1M
   250K .......... .......... .......... .......... .......... 51.1M
   300K .......... .......... .......... .......... .......... 25.5M
   350K .......... .......... .......... .......... ..........  107M
   400K .......... .......... .......... .......... .......... 40.1M
   450K .......... .......... .......... .......... ..........  189M
   500K .......... .......... .......... .......... ..........  577M
   550K .......... .......... .......... .......... .......... 72.5M
   600K .......... .......... .......... ......                 466M=0.02s

2026-07-09 11:35:46 (37.4 MB/s) - ‘/workspace/backups/cindemirlaw.com-20260709-113003/cindemirlaw.com/наследственное-право-турции/index.html?lang=ru.html’ saved [652039]

--2026-07-09 11:35:46--  https://cindemirlaw.com/%d0%ba%d0%b0%d0%ba-%d0%bf%d0%be%d0%bb%d1%83%d1%87%d0%b8%d1%82%d1%8c-%d1%81%d1%83%d0%b4%d0%b8%d0%bc%d0%be%d1%81%d1%82%d1%8c-%d0%b2-%d1%82%d1%83%d1%80%d1%86%d0%b8%d0%b8/?lang=ru
Reusing existing connection to cindemirlaw.com:443.
HTTP request sent, awaiting response... 200 OK
Length: unspecified [text/html]
Saving to: ‘/workspace/backups/cindemirlaw.com-20260709-113003/cindemirlaw.com/как-получить-судимость-в-турции/index.html?lang=ru.html’

     0K .......... .......... .......... .......... .......... 23.8M
    50K .......... .......... .......... .......... .......... 34.1M
   100K .......... .......... .......... .......... ..........  114M
   150K .......... .......... .......... .......... .......... 71.5M
   200K .......... .......... .......... .......... .......... 49.9M
   250K .......... .......... .......... .......... .......... 47.7M
   300K .......... .......... .......... .......... ..........  300M
   350K .......... .......... .......... .......... ..........  544M
   400K .......... .......... .......... .......... .......... 60.0M
   450K .......... .......... .......... .......... ..........  116M
   500K .......... .......... .......... .......... ..........  674M
   550K .......... .......... .......... .......... ..........  186M
   600K .......... .......... .......... ...                   89.6M=0.009s

2026-07-09 11:35:46 (70.4 MB/s) - ‘/workspace/backups/cindemirlaw.com-20260709-113003/cindemirlaw.com/как-получить-судимость-в-турции/index.html?lang=ru.html’ saved [648557]

--2026-07-09 11:35:47--  https://cindemirlaw.com/%d0%be%d1%82%d0%ba%d1%80%d1%8b%d1%82%d0%b8%d0%b5-%d0%b1%d0%b0%d0%bd%d0%ba%d0%be%d0%b2%d1%81%d0%ba%d0%be%d0%b3%d0%be-%d1%81%d1%87%d0%b5%d1%82%d0%b0-%d0%b2-%d1%82%d1%83%d1%80%d1%86%d0%b8%d0%b8/?lang=ru
Reusing existing connection to cindemirlaw.com:443.
HTTP request sent, awaiting response... 200 OK
Length: unspecified [text/html]
Saving to: ‘/workspace/backups/cindemirlaw.com-20260709-113003/cindemirlaw.com/открытие-банковского-счета-в-турции/index.html?lang=ru.html’

     0K .......... .......... .......... .......... .......... 14.1M
    50K .......... .......... .......... .......... .......... 21.3M
   100K .......... .......... .......... .......... .......... 37.1M
   150K .......... .......... .......... .......... .......... 52.0M
   200K .......... .......... .......... .......... .......... 43.1M
   250K .......... .......... .......... .......... .......... 89.2M
   300K .......... .......... .......... .......... ..........  341M
   350K .......... .......... .......... .......... .......... 22.6M
   400K .......... .......... .......... .......... ..........  123M
   450K .......... .......... .......... .......... ..........  373M
   500K .......... .......... .......... .......... ..........  479M
   550K .......... .......... .......... .......... ..........  422M
   600K .......... .......... .......... .......... ..........  283M
   650K .......... .........                                    492M=0.01s

2026-07-09 11:35:48 (50.5 MB/s) - ‘/workspace/backups/cindemirlaw.com-20260709-113003/cindemirlaw.com/открытие-банковского-счета-в-турции/index.html?lang=ru.html’ saved [686015]

--2026-07-09 11:35:48--  https://cindemirlaw.com/%d1%80%d1%83%d0%ba%d0%be%d0%b2%d0%be%d0%b4%d1%81%d1%82%d0%b2%d0%be-%d0%bf%d0%be-%d0%bf%d1%80%d0%b8%d0%be%d0%b1%d1%80%d0%b5%d1%82%d0%b5%d0%bd%d0%b8%d1%8e-%d0%b8%d0%bd%d0%be%d1%81%d1%82%d1%80%d0%b0/?lang=ru
Reusing existing connection to cindemirlaw.com:443.
HTTP request sent, awaiting response... 200 OK
Length: unspecified [text/html]
Saving to: ‘/workspace/backups/cindemirlaw.com-20260709-113003/cindemirlaw.com/руководство-по-приобретению-иностра/index.html?lang=ru.html’

     0K .......... .......... .......... .......... .......... 14.1M
    50K .......... .......... .......... .......... .......... 31.6M
   100K .......... .......... .......... .......... .......... 17.5M
   150K .......... .......... .......... .......... .......... 22.7M
   200K .......... .......... .......... .......... .......... 23.8M
   250K .......... .......... .......... .......... .......... 78.5M
   300K .......... .......... .......... .......... .......... 23.6M
   350K .......... .......... .......... .......... ..........  199M
   400K .......... .......... .......... .......... ..........  266M
   450K .......... .......... .......... .......... .......... 61.7M
   500K .......... .......... .......... .......... .......... 84.6M
   550K .......... .......... .......... .......... ..........  248M
   600K .......... .......... .......... .......... ..........  249M
   650K .......... .......... ....                              336M=0.02s

2026-07-09 11:35:49 (38.9 MB/s) - ‘/workspace/backups/cindemirlaw.com-20260709-113003/cindemirlaw.com/руководство-по-приобретению-иностра/index.html?lang=ru.html’ saved [691094]

--2026-07-09 11:35:49--  https://cindemirlaw.com/%d1%81%d0%be%d0%b7%d0%b4%d0%b0%d0%bd%d0%b8%d0%b5-%d0%ba%d0%be%d0%bc%d0%bf%d0%b0%d0%bd%d0%b8%d0%b8-%d1%81-%d0%be%d0%b3%d1%80%d0%b0%d0%bd%d0%b8%d1%87%d0%b5%d0%bd%d0%bd%d0%be%d0%b9-%d0%be%d1%82%d0%b2/?lang=ru
Reusing existing connection to cindemirlaw.com:443.
HTTP request sent, awaiting response... 200 OK
Length: unspecified [text/html]
Saving to: ‘/workspace/backups/cindemirlaw.com-20260709-113003/cindemirlaw.com/создание-компании-с-ограниченной-отв/index.html?lang=ru.html’

     0K .......... .......... .......... .......... .......... 26.6M
    50K .......... .......... .......... .......... .......... 47.9M
   100K .......... .......... .......... .......... .......... 46.6M
   150K .......... .......... .......... .......... .......... 30.1M
   200K .......... .......... .......... .......... .......... 49.0M
   250K .......... .......... .......... .......... .......... 44.6M
   300K .......... .......... .......... .......... .......... 36.2M
   350K .......... .......... .......... .......... .......... 37.2M
   400K .......... .......... .......... .......... .......... 57.7M
   450K .......... .......... .......... .......... .......... 46.4M
   500K .......... .......... .......... .......... .......... 49.3M
   550K .......... .......... .......... .......... .......... 44.0M
   600K .......... .......... .......... ....                  22.1M=0.02s

2026-07-09 11:35:50 (39.2 MB/s) - ‘/workspace/backups/cindemirlaw.com-20260709-113003/cindemirlaw.com/создание-компании-с-ограниченной-отв/index.html?lang=ru.html’ saved [649358]

--2026-07-09 11:35:51--  https://cindemirlaw.com/%d0%bf%d1%80%d0%b0%d0%b2%d0%b0-%d0%b8-%d0%be%d0%b1%d1%8f%d0%b7%d0%b0%d0%bd%d0%bd%d0%be%d1%81%d1%82%d0%b8/?lang=ru
Reusing existing connection to cindemirlaw.com:443.
HTTP request sent, awaiting response... 200 OK
Length: unspecified [text/html]
Saving to: ‘/workspace/backups/cindemirlaw.com-20260709-113003/cindemirlaw.com/права-и-обязанности/index.html?lang=ru.html’

     0K .......... .......... .......... .......... .......... 13.5M
    50K .......... .......... .......... .......... .......... 19.4M
   100K .......... .......... .......... .......... .......... 33.3M
   150K .......... .......... .......... .......... .......... 70.3M
   200K .......... .......... .......... .......... .......... 74.4M
   250K .......... .......... .......... .......... .......... 43.5M
   300K .......... .......... .......... .......... .......... 94.0M
   350K .......... .......... .......... .......... ..........  244M
   400K .......... .......... .......... .......... ..........  819M
   450K .......... .......... .......... .......... .......... 50.5M
   500K .......... .......... .......... .......... ..........  125M
   550K .......... .......... .......... .......... ..........  162M
   600K .......... .......... .......... .........              966M=0.01s

2026-07-09 11:35:51 (49.8 MB/s) - ‘/workspace/backups/cindemirlaw.com-20260709-113003/cindemirlaw.com/права-и-обязанности/index.html?lang=ru.html’ saved [655186]

--2026-07-09 11:35:51--  https://cindemirlaw.com/%d1%81%d1%82%d0%b0%d1%82%d1%83%d1%81-%d0%b1%d0%b5%d0%b6%d0%b5%d0%bd%d1%86%d0%b0-%d0%b2-%d1%82%d1%83%d1%80%d1%86%d0%b8%d0%b8/?lang=ru
Reusing existing connection to cindemirlaw.com:443.
HTTP request sent, awaiting response... 200 OK
Length: unspecified [text/html]
Saving to: ‘/workspace/backups/cindemirlaw.com-20260709-113003/cindemirlaw.com/статус-беженца-в-турции/index.html?lang=ru.html’

     0K .......... .......... .......... .......... .......... 13.0M
    50K .......... .......... .......... .......... .......... 21.2M
   100K .......... .......... .......... .......... .......... 27.0M
   150K .......... .......... .......... .......... .......... 19.4M
   200K .......... .......... .......... .......... ..........  151M
   250K .......... .......... .......... .......... ..........  651M
   300K .......... .......... .......... .......... .......... 23.2M
   350K .......... .......... .......... .......... ..........  105M
   400K .......... .......... .......... .......... ..........  825M
   450K .......... .......... .......... .......... ..........  677M
   500K .......... .......... .......... .......... .......... 31.7M
   550K .......... .......... .......... .......... ..........  516M
   600K .......... ..........                                   215M=0.02s

2026-07-09 11:35:52 (39.8 MB/s) - ‘/workspace/backups/cindemirlaw.com-20260709-113003/cindemirlaw.com/статус-беженца-в-турции/index.html?lang=ru.html’ saved [635232]

--2026-07-09 11:35:52--  https://cindemirlaw.com/%d0%b2%d1%82%d0%be%d1%80%d0%b8%d1%87%d0%bd%d0%b0%d1%8f-%d0%b7%d0%b0%d1%89%d0%b8%d1%82%d0%b0/?lang=ru
Reusing existing connection to cindemirlaw.com:443.
HTTP request sent, awaiting response... 200 OK
Length: unspecified [text/html]
Saving to: ‘/workspace/backups/cindemirlaw.com-20260709-113003/cindemirlaw.com/вторичная-защита/index.html?lang=ru.html’

     0K .......... .......... .......... .......... .......... 8.58M
    50K .......... .......... .......... .......... .......... 28.3M
   100K .......... .......... .......... .......... .......... 15.7M
   150K .......... .......... .......... .......... ..........  537M
   200K .......... .......... .......... .......... .......... 15.3M
   250K .......... .......... .......... .......... ..........  655M
   300K .......... .......... .......... .......... .......... 15.9M
   350K .......... .......... .......... .......... ..........  698M
   400K .......... .......... .......... .......... ..........  802M
   450K .......... .......... .......... .......... .......... 13.4M
   500K .......... .......... .......... .......... ..........  363M
   550K .......... .......... .......... .......... ..........  589M
   600K .......... .......... .                                 879M=0.02s

2026-07-09 11:35:53 (28.9 MB/s) - ‘/workspace/backups/cindemirlaw.com-20260709-113003/cindemirlaw.com/вторичная-защита/index.html?lang=ru.html’ saved [635993]

--2026-07-09 11:35:53--  https://cindemirlaw.com/%d1%81%d1%82%d0%b0%d1%82%d1%83%d1%81-%d1%83%d1%81%d0%bb%d0%be%d0%b2%d0%bd%d0%be%d0%b3%d0%be-%d0%b1%d0%b5%d0%b6%d0%b5%d0%bd%d1%86%d0%b0/?lang=ru
Reusing existing connection to cindemirlaw.com:443.
HTTP request sent, awaiting response... 200 OK
Length: unspecified [text/html]
Saving to: ‘/workspace/backups/cindemirlaw.com-20260709-113003/cindemirlaw.com/статус-условного-беженца/index.html?lang=ru.html’

     0K .......... .......... .......... .......... .......... 12.4M
    50K .......... .......... .......... .......... .......... 22.4M
   100K .......... .......... .......... .......... .......... 27.4M
   150K .......... .......... .......... .......... .......... 17.0M
   200K .......... .......... .......... .......... .......... 25.0M
   250K .......... .......... .......... .......... .......... 29.5M
   300K .......... .......... .......... .......... ..........  102M
   350K .......... .......... .......... .......... .......... 85.7M
   400K .......... .......... .......... .......... .......... 45.5M
   450K .......... .......... .......... .......... .......... 79.1M
   500K .......... .......... .......... .......... ..........  843M
   550K .......... .......... .......... .......... ..........  186M
   600K .......... .......... ....                              793M=0.02s

2026-07-09 11:35:54 (34.9 MB/s) - ‘/workspace/backups/cindemirlaw.com-20260709-113003/cindemirlaw.com/статус-условного-беженца/index.html?lang=ru.html’ saved [639069]

--2026-07-09 11:35:54--  https://cindemirlaw.com/%d0%b3%d1%83%d0%bc%d0%b0%d0%bd%d0%b8%d1%82%d0%b0%d1%80%d0%bd%d1%8b%d0%b9-%d0%b2%d0%b8%d0%b4-%d0%bd%d0%b0-%d0%b6%d0%b8%d1%82%d0%b5%d0%bb%d1%8c%d1%81%d1%82%d0%b2%d0%be-%d0%b2-%d1%82%d1%83%d1%80%d1%86/?lang=ru
Reusing existing connection to cindemirlaw.com:443.
HTTP request sent, awaiting response... 200 OK
Length: unspecified [text/html]
Saving to: ‘/workspace/backups/cindemirlaw.com-20260709-113003/cindemirlaw.com/гуманитарный-вид-на-жительство-в-турц/index.html?lang=ru.html’

     0K .......... .......... .......... .......... .......... 14.1M
    50K .......... .......... .......... .......... .......... 1.26M
   100K .......... .......... .......... .......... .......... 14.5M
   150K .......... .......... .......... .......... .......... 20.1M
   200K .......... .......... .......... .......... ..........  597M
   250K .......... .......... .......... .......... .......... 37.5M
   300K .......... .......... .......... .......... ..........  417M
   350K .......... .......... .......... .......... .......... 87.7M
   400K .......... .......... .......... .......... ..........  534M
   450K .......... .......... .......... .......... ..........  560M
   500K .......... .......... .......... .......... .......... 60.3M
   550K .......... .......... .......... .......... ..........  103M
   600K .......... .......... .......... .......                846M=0.05s

2026-07-09 11:35:55 (12.1 MB/s) - ‘/workspace/backups/cindemirlaw.com-20260709-113003/cindemirlaw.com/гуманитарный-вид-на-жительство-в-турц/index.html?lang=ru.html’ saved [653080]

--2026-07-09 11:35:55--  https://cindemirlaw.com/fde1/?lang=ru
Reusing existing connection to cindemirlaw.com:443.
HTTP request sent, awaiting response... 200 OK
Length: unspecified [text/html]
Saving to: ‘/workspace/backups/cindemirlaw.com-20260709-113003/cindemirlaw.com/fde1/index.html?lang=ru.html’

     0K .......... .......... .......... .......... .......... 13.4M
    50K .......... .......... .......... .......... .......... 21.0M
   100K .......... .......... .......... .......... .......... 23.7M
   150K .......... .......... .......... .......... .......... 29.0M
   200K .......... .......... .......... .......... .......... 62.3M
   250K .......... .......... .......... .......... ..........  100M
   300K .......... .......... .......... .......... ..........  437M
   350K .......... .......... .......... .......... .......... 26.3M
   400K .......... .......... .......... .......... ..........  649M
   450K .......... .......... .......... .......... ..........  331M
   500K .......... .......... .......... .......... ..........  838M
   550K .......... .......... .......... .......... ..........  735M
   600K .......... .......... .......... .......... .......... 48.3M
   650K .........                                               817M=0.01s

2026-07-09 11:35:56 (45.0 MB/s) - ‘/workspace/backups/cindemirlaw.com-20260709-113003/cindemirlaw.com/fde1/index.html?lang=ru.html’ saved [675216]

--2026-07-09 11:35:56--  https://cindemirlaw.com/fde1068e/?lang=ru
Reusing existing connection to cindemirlaw.com:443.
HTTP request sent, awaiting response... 200 OK
Length: unspecified [text/html]
Saving to: ‘/workspace/backups/cindemirlaw.com-20260709-113003/cindemirlaw.com/fde1068e/index.html?lang=ru.html’

     0K .......... .......... .......... .......... .......... 21.9M
    50K .......... .......... .......... .......... .......... 80.8M
   100K .......... .......... .......... .......... .......... 46.0M
   150K .......... .......... .......... .......... ..........  143M
   200K .......... .......... .......... .......... ..........  123M
   250K .......... .......... .......... .......... .......... 72.5M
   300K .......... .......... .......... .......... ..........  226M
   350K .......... .......... .......... .......... .......... 58.8M
   400K .......... .......... .......... .......... ..........  534M
   450K .......... .......... .......... .......... ..........  529M
   500K .......... .......... .......... .......... ..........  640M
   550K .......... .......... .......... .......... ..........  677M
   600K .......... .......... .......... .......... ..........  655M
   650K .......... ...                                         9.08M=0.008s

2026-07-09 11:35:56 (78.7 MB/s) - ‘/workspace/backups/cindemirlaw.com-20260709-113003/cindemirlaw.com/fde1068e/index.html?lang=ru.html’ saved [679716]

--2026-07-09 11:35:57--  https://cindemirlaw.com/fde1068e3bda46a37dd24126f9ec4b09df0c999365011ec71028e1a7d4c45bfdd1fde1068e3bda46a37dd24126f9ec4b09df0c999365011ec71028e1a7d4c45bfd82fde1068e3bda46a37dd24126f9ec4b09df0c999365011ec71028e1a7d4c45bf-2/?lang=ru
Reusing existing connection to cindemirlaw.com:443.
HTTP request sent, awaiting response... 200 OK
Length: unspecified [text/html]
Saving to: ‘/workspace/backups/cindemirlaw.com-20260709-113003/cindemirlaw.com/fde1068e3bda46a37dd24126f9ec4b09df0c999365011ec71028e1a7d4c45bfdd1fde1068e3bda46a37dd24126f9ec4b09df0c999365011ec71028e1a7d4c45bfd82fde1068e3bda46a37dd24126f9ec4b09df0c999365011ec71028e1a7d4c45bf-2/index.html?lang=ru.html’

     0K .......... .......... .......... .......... .......... 23.3M
    50K .......... .......... .......... .......... .......... 23.7M
   100K .......... .......... .......... .......... .......... 20.3M
   150K .......... .......... .......... .......... .......... 23.9M
   200K .......... .......... .......... .......... .......... 82.0M
   250K .......... .......... .......... .......... ..........  101M
   300K .......... .......... .......... .......... ..........  799M
   350K .......... .......... .......... .......... .......... 55.7M
   400K .......... .......... .......... .......... .......... 94.3M
   450K .......... .......... .......... .......... ..........  409M
   500K .......... .......... .......... .......... ..........  463M
   550K .......... .......... .......... .......... ..........  114M
   600K .......... .........                                   56.4M=0.01s

2026-07-09 11:35:57 (49.9 MB/s) - ‘/workspace/backups/cindemirlaw.com-20260709-113003/cindemirlaw.com/fde1068e3bda46a37dd24126f9ec4b09df0c999365011ec71028e1a7d4c45bfdd1fde1068e3bda46a37dd24126f9ec4b09df0c999365011ec71028e1a7d4c45bfd82fde1068e3bda46a37dd24126f9ec4b09df0c999365011ec71028e1a7d4c45bf-2/index.html?lang=ru.html’ saved [634762]

--2026-07-09 11:35:58--  https://cindemirlaw.com/fde1068e3bda46a37dd24126f9ec4b09df0c999365011ec71028e1a7d4c45bfdd1fde1068e3bda46a37dd24126f9ec4b09df0c999365011ec71028e1a7d4c45bfd83fde1068e3bda46a37dd24126f9ec4b09df0c999365011ec71028e1a7d4c45bf-3/?lang=ru
Reusing existing connection to cindemirlaw.com:443.
HTTP request sent, awaiting response... 200 OK
Length: unspecified [text/html]
Saving to: ‘/workspace/backups/cindemirlaw.com-20260709-113003/cindemirlaw.com/fde1068e3bda46a37dd24126f9ec4b09df0c999365011ec71028e1a7d4c45bfdd1fde1068e3bda46a37dd24126f9ec4b09df0c999365011ec71028e1a7d4c45bfd83fde1068e3bda46a37dd24126f9ec4b09df0c999365011ec71028e1a7d4c45bf-3/index.html?lang=ru.html’

     0K .......... .......... .......... .......... .......... 11.8M
    50K .......... .......... .......... .......... .......... 21.2M
   100K .......... .......... .......... .......... .......... 31.7M
   150K .......... .......... .......... .......... .......... 76.0M
   200K .......... .......... .......... .......... ..........  132M
   250K .......... .......... .......... .......... .......... 68.4M
   300K .......... .......... .......... .......... .......... 92.0M
   350K .......... .......... .......... .......... ..........  698M
   400K .......... .......... .......... .......... .......... 79.3M
   450K .......... .......... .......... .......... .......... 61.5M
   500K .......... .......... .......... .......... ..........  143M
   550K .......... .......... .......... .......... ..........  181M
   600K .......... .......... ..........                       99.3M=0.01s

2026-07-09 11:35:58 (48.8 MB/s) - ‘/workspace/backups/cindemirlaw.com-20260709-113003/cindemirlaw.com/fde1068e3bda46a37dd24126f9ec4b09df0c999365011ec71028e1a7d4c45bfdd1fde1068e3bda46a37dd24126f9ec4b09df0c999365011ec71028e1a7d4c45bfd83fde1068e3bda46a37dd24126f9ec4b09df0c999365011ec71028e1a7d4c45bf-3/index.html?lang=ru.html’ saved [645857]

--2026-07-09 11:35:59--  https://cindemirlaw.com/fde1068e3bda46a37dd24126f9ec4b09df0c999365011ec71028e1a7d4c45bfdd0fde1068e3bda46a37dd24126f9ec4b09df0c999365011ec71028e1a7d4c45bfdb4fde1068e3bda46a37dd24126f9ec4b09df0c999365011ec71028e1a7d4c45bf/?lang=ru
Reusing existing connection to cindemirlaw.com:443.
HTTP request sent, awaiting response... 200 OK
Length: unspecified [text/html]
Saving to: ‘/workspace/backups/cindemirlaw.com-20260709-113003/cindemirlaw.com/fde1068e3bda46a37dd24126f9ec4b09df0c999365011ec71028e1a7d4c45bfdd0fde1068e3bda46a37dd24126f9ec4b09df0c999365011ec71028e1a7d4c45bfdb4fde1068e3bda46a37dd24126f9ec4b09df0c999365011ec71028e1a7d4c45bf/index.html?lang=ru.html’

     0K .......... .......... .......... .......... .......... 13.1M
    50K .......... .......... .......... .......... .......... 20.3M
   100K .......... .......... .......... .......... .......... 28.9M
   150K .......... .......... .......... .......... .......... 81.0M
   200K .......... .......... .......... .......... ..........  101M
   250K .......... .......... .......... .......... .......... 57.0M
   300K .......... .......... .......... .......... .......... 65.4M
   350K .......... .......... .......... .......... ..........  126M
   400K .......... .......... .......... .......... ..........  806M
   450K .......... .......... .......... .......... ..........  256M
   500K .......... .......... .......... .......... .......... 67.7M
   550K .......... .......... .......... .......... .......... 76.3M
   600K .......... .......                                      563M=0.01s

2026-07-09 11:35:59 (48.1 MB/s) - ‘/workspace/backups/cindemirlaw.com-20260709-113003/cindemirlaw.com/fde1068e3bda46a37dd24126f9ec4b09df0c999365011ec71028e1a7d4c45bfdd0fde1068e3bda46a37dd24126f9ec4b09df0c999365011ec71028e1a7d4c45bfdb4fde1068e3bda46a37dd24126f9ec4b09df0c999365011ec71028e1a7d4c45bf/index.html?lang=ru.html’ saved [632812]

--2026-07-09 11:36:00--  https://cindemirlaw.com/fde1068e3bda46a37dd24126f9ec4b09df0c999365011ec71028e1a7d4c45bfdd0fde1068e3bda46a37dd24126f9ec4b09df0c999365011ec71028e1a7d4c45bfdb7fde1068e3bda46a37dd24126f9ec4b09df0c999365011ec71028e1a7d4c45bf/?lang=ru
Reusing existing connection to cindemirlaw.com:443.
HTTP request sent, awaiting response... 200 OK
Length: unspecified [text/html]
Saving to: ‘/workspace/backups/cindemirlaw.com-20260709-113003/cindemirlaw.com/fde1068e3bda46a37dd24126f9ec4b09df0c999365011ec71028e1a7d4c45bfdd0fde1068e3bda46a37dd24126f9ec4b09df0c999365011ec71028e1a7d4c45bfdb7fde1068e3bda46a37dd24126f9ec4b09df0c999365011ec71028e1a7d4c45bf/index.html?lang=ru.html’

     0K .......... .......... .......... .......... .......... 21.4M
    50K .......... .......... .......... .......... .......... 28.6M
   100K .......... .......... .......... .......... .......... 24.7M
   150K .......... .......... .......... .......... .......... 27.0M
   200K .......... .......... .......... .......... ..........  149M
   250K .......... .......... .......... .......... .......... 22.3M
   300K .......... .......... .......... .......... ..........  179M
   350K .......... .......... .......... .......... ..........  768M
   400K .......... .......... .......... .......... ..........  173M
   450K .......... .......... .......... .......... .......... 38.3M
   500K .......... .......... .......... .......... .......... 1004M
   550K .......... .......... .......... .......... ..........  705M
   600K .......... .......... .......... .                     19.6M=0.01s

2026-07-09 11:36:00 (44.4 MB/s) - ‘/workspace/backups/cindemirlaw.com-20260709-113003/cindemirlaw.com/fde1068e3bda46a37dd24126f9ec4b09df0c999365011ec71028e1a7d4c45bfdd0fde1068e3bda46a37dd24126f9ec4b09df0c999365011ec71028e1a7d4c45bfdb7fde1068e3bda46a37dd24126f9ec4b09df0c999365011ec71028e1a7d4c45bf/index.html?lang=ru.html’ saved [647062]

--2026-07-09 11:36:01--  https://cindemirlaw.com/fde1068e3bda46a37dd24126f9ec4b09df0c999365011ec71028e1a7d4c45bfdd0fde1068e3bda46a37dd24126f9ec4b09df0c999365011ec71028e1a7d4c45bfdbafde1068e3bda46a37dd24126f9ec4b09df0c999365011ec71028e1a7d4c45bf/?lang=ru
Reusing existing connection to cindemirlaw.com:443.
HTTP request sent, awaiting response... 200 OK
Length: unspecified [text/html]
Saving to: ‘/workspace/backups/cindemirlaw.com-20260709-113003/cindemirlaw.com/fde1068e3bda46a37dd24126f9ec4b09df0c999365011ec71028e1a7d4c45bfdd0fde1068e3bda46a37dd24126f9ec4b09df0c999365011ec71028e1a7d4c45bfdbafde1068e3bda46a37dd24126f9ec4b09df0c999365011ec71028e1a7d4c45bf/index.html?lang=ru.html’

     0K .......... .......... .......... .......... .......... 23.7M
    50K .......... .......... .......... .......... .......... 57.6M
   100K .......... .......... .......... .......... ..........  658M
   150K .......... .......... .......... .......... .......... 26.6M
   200K .......... .......... .......... .......... ..........  360M
   250K .......... .......... .......... .......... ..........  356M
   300K .......... .......... .......... .......... .......... 1.16G
   350K .......... .......... .......... .......... ..........  818M
   400K .......... .......... .......... .......... .......... 1.08G
   450K .......... .......... .......... .......... .......... 68.4M
   500K .......... .......... .......... .......... ..........  827M
   550K .......... .......... .......... .......... .......... 75.4M
   600K .......... .......... .......... ....                   134M=0.007s

2026-07-09 11:36:01 (89.7 MB/s) - ‘/workspace/backups/cindemirlaw.com-20260709-113003/cindemirlaw.com/fde1068e3bda46a37dd24126f9ec4b09df0c999365011ec71028e1a7d4c45bfdd0fde1068e3bda46a37dd24126f9ec4b09df0c999365011ec71028e1a7d4c45bfdbafde1068e3bda46a37dd24126f9ec4b09df0c999365011ec71028e1a7d4c45bf/index.html?lang=ru.html’ saved [649919]

--2026-07-09 11:36:01--  https://cindemirlaw.com/fde1068e3bda46a37dd24126f9ec4b09df0c999365011ec71028e1a7d4c45bfdd1fde1068e3bda46a37dd24126f9ec4b09df0c999365011ec71028e1a7d4c45bfd83fde1068e3bda46a37dd24126f9ec4b09df0c999365011ec71028e1a7d4c45bf-2/?lang=ru
Reusing existing connection to cindemirlaw.com:443.
HTTP request sent, awaiting response... 200 OK
Length: unspecified [text/html]
Saving to: ‘/workspace/backups/cindemirlaw.com-20260709-113003/cindemirlaw.com/fde1068e3bda46a37dd24126f9ec4b09df0c999365011ec71028e1a7d4c45bfdd1fde1068e3bda46a37dd24126f9ec4b09df0c999365011ec71028e1a7d4c45bfd83fde1068e3bda46a37dd24126f9ec4b09df0c999365011ec71028e1a7d4c45bf-2/index.html?lang=ru.html’

     0K .......... .......... .......... .......... .......... 27.5M
    50K .......... .......... .......... .......... .......... 40.2M
   100K .......... .......... .......... .......... .......... 45.3M
   150K .......... .......... .......... .......... .......... 28.4M
   200K .......... .......... .......... .......... ..........  195M
   250K .......... .......... .......... .......... .......... 45.2M
   300K .......... .......... .......... .......... ..........  721M
   350K .......... .......... .......... .......... .......... 76.0M
   400K .......... .......... .......... .......... ..........  734M
   450K .......... .......... .......... .......... ..........  722M
   500K .......... .......... .......... .......... ..........  769M
   550K .......... .......... .......... .......... ..........  242M
   600K .......... .......... .......... ..                    16.7M=0.01s

2026-07-09 11:36:02 (61.1 MB/s) - ‘/workspace/backups/cindemirlaw.com-20260709-113003/cindemirlaw.com/fde1068e3bda46a37dd24126f9ec4b09df0c999365011ec71028e1a7d4c45bfdd1fde1068e3bda46a37dd24126f9ec4b09df0c999365011ec71028e1a7d4c45bfd83fde1068e3bda46a37dd24126f9ec4b09df0c999365011ec71028e1a7d4c45bf-2/index.html?lang=ru.html’ saved [647328]

--2026-07-09 11:36:02--  https://cindemirlaw.com/fde1068e3bda46a37dd24126f9ec4b09df0c999365011ec71028e1a7d4c45bfdd0fde1068e3bda46a37dd24126f9ec4b09df0c999365011ec71028e1a7d4c45bfdbdfde1068e3bda46a37dd24126f9ec4b09df0c999365011ec71028e1a7d4c45bf-2/?lang=ru
Reusing existing connection to cindemirlaw.com:443.
HTTP request sent, awaiting response... 200 OK
Length: unspecified [text/html]
Saving to: ‘/workspace/backups/cindemirlaw.com-20260709-113003/cindemirlaw.com/fde1068e3bda46a37dd24126f9ec4b09df0c999365011ec71028e1a7d4c45bfdd0fde1068e3bda46a37dd24126f9ec4b09df0c999365011ec71028e1a7d4c45bfdbdfde1068e3bda46a37dd24126f9ec4b09df0c999365011ec71028e1a7d4c45bf-2/index.html?lang=ru.html’

     0K .......... .......... .......... .......... .......... 24.3M
    50K .......... .......... .......... .......... .......... 21.6M
   100K .......... .......... .......... .......... .......... 63.7M
   150K .......... .......... .......... .......... .......... 23.2M
   200K .......... .......... .......... .......... ..........  715M
   250K .......... .......... .......... .......... .......... 61.6M
   300K .......... .......... .......... .......... ..........  655M
   350K .......... .......... .......... .......... .......... 49.8M
   400K .......... .......... .......... .......... ..........  159M
   450K .......... .......... .......... .......... ..........  217M
   500K .......... .......... .......... .......... ..........  889M
   550K .......... .......... .......... .......... .......... 45.2M
   600K .......... ..........                                   740M=0.01s

2026-07-09 11:36:03 (56.4 MB/s) - ‘/workspace/backups/cindemirlaw.com-20260709-113003/cindemirlaw.com/fde1068e3bda46a37dd24126f9ec4b09df0c999365011ec71028e1a7d4c45bfdd0fde1068e3bda46a37dd24126f9ec4b09df0c999365011ec71028e1a7d4c45bfdbdfde1068e3bda46a37dd24126f9ec4b09df0c999365011ec71028e1a7d4c45bf-2/index.html?lang=ru.html’ saved [635794]

--2026-07-09 11:36:03--  https://cindemirlaw.com/fde1068e3bda46a37dd24126f9ec4b09df0c999365011ec71028e1a7d4c45bfdd1fde1068e3bda46a37dd24126f9ec4b09df0c999365011ec71028e1a7d4c45bfd81fde1068e3bda46a37dd24126f9ec4b09df0c999365011ec71028e1a7d4c45bf-3/?lang=ru
Reusing existing connection to cindemirlaw.com:443.
HTTP request sent, awaiting response... 200 OK
Length: unspecified [text/html]
Saving to: ‘/workspace/backups/cindemirlaw.com-20260709-113003/cindemirlaw.com/fde1068e3bda46a37dd24126f9ec4b09df0c999365011ec71028e1a7d4c45bfdd1fde1068e3bda46a37dd24126f9ec4b09df0c999365011ec71028e1a7d4c45bfd81fde1068e3bda46a37dd24126f9ec4b09df0c999365011ec71028e1a7d4c45bf-3/index.html?lang=ru.html’

     0K .......... .......... .......... .......... .......... 14.9M
    50K .......... .......... .......... .......... .......... 19.3M
   100K .......... .......... .......... .......... .......... 25.1M
   150K .......... .......... .......... .......... .......... 23.7M
   200K .......... .......... .......... .......... ..........  209M
   250K .......... .......... .......... .......... .......... 37.5M
   300K .......... .......... .......... .......... ..........  159M
   350K .......... .......... .......... .......... ..........  188M
   400K .......... .......... .......... .......... ..........  239M
   450K .......... .......... .......... .......... ..........  137M
   500K .......... .......... .......... .......... .......... 57.4M
   550K .......... .......... .......... .......... ..........  219M
   600K .......... .......... ........                          559M=0.01s

2026-07-09 11:36:04 (45.1 MB/s) - ‘/workspace/backups/cindemirlaw.com-20260709-113003/cindemirlaw.com/fde1068e3bda46a37dd24126f9ec4b09df0c999365011ec71028e1a7d4c45bfdd1fde1068e3bda46a37dd24126f9ec4b09df0c999365011ec71028e1a7d4c45bfd81fde1068e3bda46a37dd24126f9ec4b09df0c999365011ec71028e1a7d4c45bf-3/index.html?lang=ru.html’ saved [643549]

--2026-07-09 11:36:05--  https://cindemirlaw.com/fde1068e3bda46a37dd24126f9ec4b09df0c999365011ec71028e1a7d4c45bfdd0fde1068e3bda46a37dd24126f9ec4b09df0c999365011ec71028e1a7d4c45bfdb1fde1068e3bda46a37dd24126f9ec4b09df0c999365011ec71028e1a7d4c45bf/?lang=ru
Reusing existing connection to cindemirlaw.com:443.
HTTP request sent, awaiting response... 200 OK
Length: unspecified [text/html]
Saving to: ‘/workspace/backups/cindemirlaw.com-20260709-113003/cindemirlaw.com/fde1068e3bda46a37dd24126f9ec4b09df0c999365011ec71028e1a7d4c45bfdd0fde1068e3bda46a37dd24126f9ec4b09df0c999365011ec71028e1a7d4c45bfdb1fde1068e3bda46a37dd24126f9ec4b09df0c999365011ec71028e1a7d4c45bf/index.html?lang=ru.html’

     0K .......... .......... .......... .......... .......... 36.0M
    50K .......... .......... .......... .......... .......... 21.4M
   100K .......... .......... .......... .......... .......... 54.8M
   150K .......... .......... .......... .......... .......... 23.1M
   200K .......... .......... .......... .......... .......... 46.4M
   250K .......... .......... .......... .......... .......... 50.9M
   300K .......... .......... .......... .......... ..........  142M
   350K .......... .......... .......... .......... .......... 27.4M
   400K .......... .......... .......... .......... ..........  106M
   450K .......... .......... .......... .......... ..........  599M
   500K .......... .......... .......... .......... .......... 70.2M
   550K .......... .......... .......... .......... .......... 1.87M
   600K .......... .......... ..                                255M=0.04s

2026-07-09 11:36:05 (15.9 MB/s) - ‘/workspace/backups/cindemirlaw.com-20260709-113003/cindemirlaw.com/fde1068e3bda46a37dd24126f9ec4b09df0c999365011ec71028e1a7d4c45bfdd0fde1068e3bda46a37dd24126f9ec4b09df0c999365011ec71028e1a7d4c45bfdb1fde1068e3bda46a37dd24126f9ec4b09df0c999365011ec71028e1a7d4c45bf/index.html?lang=ru.html’ saved [637374]

--2026-07-09 11:36:06--  https://cindemirlaw.com/fde1068e3bda46a37dd24126f9ec4b09df0c999365011ec71028e1a7d4c45bfdd1fde1068e3bda46a37dd24126f9ec4b09df0c999365011ec71028e1a7d4c45bfd83fde1068e3bda46a37dd24126f9ec4b09df0c999365011ec71028e1a7d4c45bf/?lang=ru
Reusing existing connection to cindemirlaw.com:443.
HTTP request sent, awaiting response... 200 OK
Length: unspecified [text/html]
Saving to: ‘/workspace/backups/cindemirlaw.com-20260709-113003/cindemirlaw.com/fde1068e3bda46a37dd24126f9ec4b09df0c999365011ec71028e1a7d4c45bfdd1fde1068e3bda46a37dd24126f9ec4b09df0c999365011ec71028e1a7d4c45bfd83fde1068e3bda46a37dd24126f9ec4b09df0c999365011ec71028e1a7d4c45bf/index.html?lang=ru.html’

     0K .......... .......... .......... .......... .......... 12.7M
    50K .......... .......... .......... .......... .......... 15.3M
   100K .......... .......... .......... .......... .......... 56.6M
   150K .......... .......... .......... .......... .......... 25.2M
   200K .......... .......... .......... .......... .......... 19.5M
   250K .......... .......... .......... .......... .......... 28.9M
   300K .......... .......... .......... .......... .......... 18.3M
   350K .......... .......... .......... .......... .......... 19.3M
   400K .......... .......... .......... .......... ..........  661M
   450K .......... .......... .......... .......... .......... 21.8M
   500K .......... .......... .......... .......... ..........  113M
   550K .......... .......... .......... .......... ..........  752M
   600K .......... .......... ..                               22.3M=0.02s

2026-07-09 11:36:06 (26.4 MB/s) - ‘/workspace/backups/cindemirlaw.com-20260709-113003/cindemirlaw.com/fde1068e3bda46a37dd24126f9ec4b09df0c999365011ec71028e1a7d4c45bfdd1fde1068e3bda46a37dd24126f9ec4b09df0c999365011ec71028e1a7d4c45bfd83fde1068e3bda46a37dd24126f9ec4b09df0c999365011ec71028e1a7d4c45bf/index.html?lang=ru.html’ saved [636972]

--2026-07-09 11:36:07--  https://cindemirlaw.com/fde1068e3bda46a37dd24126f9ec4b09df0c999365011ec71028e1a7d4c45bfdd1fde1068e3bda46a37dd24126f9ec4b09df0c999365011ec71028e1a7d4c45bfd82fde1068e3bda46a37dd24126f9ec4b09df0c999365011ec71028e1a7d4c45bf/?lang=ru
Reusing existing connection to cindemirlaw.com:443.
HTTP request sent, awaiting response... 200 OK
Length: unspecified [text/html]
Saving to: ‘/workspace/backups/cindemirlaw.com-20260709-113003/cindemirlaw.com/fde1068e3bda46a37dd24126f9ec4b09df0c999365011ec71028e1a7d4c45bfdd1fde1068e3bda46a37dd24126f9ec4b09df0c999365011ec71028e1a7d4c45bfd82fde1068e3bda46a37dd24126f9ec4b09df0c999365011ec71028e1a7d4c45bf/index.html?lang=ru.html’

     0K .......... .......... .......... .......... .......... 13.5M
    50K .......... .......... .......... .......... .......... 17.8M
   100K .......... .......... .......... .......... .......... 32.2M
   150K .......... .......... .......... .......... .......... 50.2M
   200K .......... .......... .......... .......... ..........  110M
   250K .......... .......... .......... .......... .......... 3.45M
   300K .......... .......... .......... .......... ..........  488M
   350K .......... .......... .......... .......... ..........  430M
   400K .......... .......... .......... .......... ..........  478M
   450K .......... .......... .......... .......... ..........  486M
   500K .......... .......... .......... .......... ..........  444M
   550K .......... .......... .......... .......... .......... 27.9M
   600K .......... .......... ....                              271M=0.03s

2026-07-09 11:36:07 (23.6 MB/s) - ‘/workspace/backups/cindemirlaw.com-20260709-113003/cindemirlaw.com/fde1068e3bda46a37dd24126f9ec4b09df0c999365011ec71028e1a7d4c45bfdd1fde1068e3bda46a37dd24126f9ec4b09df0c999365011ec71028e1a7d4c45bfd82fde1068e3bda46a37dd24126f9ec4b09df0c999365011ec71028e1a7d4c45bf/index.html?lang=ru.html’ saved [639054]

--2026-07-09 11:36:08--  https://cindemirlaw.com/fde1068e3bda46a37dd24126f9ec4b09df0c999365011ec71028e1a7d4c45bfdd0fde1068e3bda46a37dd24126f9ec4b09df0c999365011ec71028e1a7d4c45bfdbdfde1068e3bda46a37dd24126f9ec4b09df0c999365011ec71028e1a7d4c45bf/?lang=ru
Reusing existing connection to cindemirlaw.com:443.
HTTP request sent, awaiting response... 200 OK
Length: unspecified [text/html]
Saving to: ‘/workspace/backups/cindemirlaw.com-20260709-113003/cindemirlaw.com/fde1068e3bda46a37dd24126f9ec4b09df0c999365011ec71028e1a7d4c45bfdd0fde1068e3bda46a37dd24126f9ec4b09df0c999365011ec71028e1a7d4c45bfdbdfde1068e3bda46a37dd24126f9ec4b09df0c999365011ec71028e1a7d4c45bf/index.html?lang=ru.html’

     0K .......... .......... .......... .......... .......... 12.7M
    50K .......... .......... .......... .......... .......... 29.9M
   100K .......... .......... .......... .......... .......... 22.1M
   150K .......... .......... .......... .......... .......... 29.9M
   200K .......... .......... .......... .......... .......... 20.0M
   250K .......... .......... .......... .......... ..........  138M
   300K .......... .......... .......... .......... ..........  151M
   350K .......... .......... .......... .......... .......... 40.1M
   400K .......... .......... .......... .......... ..........  227M
   450K .......... .......... .......... .......... ..........  258M
   500K .......... .......... .......... .......... ..........  370M
   550K .......... .......... .......... .......... ..........  349M
   600K .......... .......... ..                               30.0M=0.02s

2026-07-09 11:36:08 (40.3 MB/s) - ‘/workspace/backups/cindemirlaw.com-20260709-113003/cindemirlaw.com/fde1068e3bda46a37dd24126f9ec4b09df0c999365011ec71028e1a7d4c45bfdd0fde1068e3bda46a37dd24126f9ec4b09df0c999365011ec71028e1a7d4c45bfdbdfde1068e3bda46a37dd24126f9ec4b09df0c999365011ec71028e1a7d4c45bf/index.html?lang=ru.html’ saved [637083]

--2026-07-09 11:36:08--  https://cindemirlaw.com/fde1068e3bda46a37dd24126f9ec4b09df0c999365011ec71028e1a7d4c45bfdd1fde1068e3bda46a37dd24126f9ec4b09df0c999365011ec71028e1a7d4c45bfd81fde1068e3bda46a37dd24126f9ec4b09df0c999365011ec71028e1a7d4c45bf-2/?lang=ru
Reusing existing connection to cindemirlaw.com:443.
HTTP request sent, awaiting response... 200 OK
Length: unspecified [text/html]
Saving to: ‘/workspace/backups/cindemirlaw.com-20260709-113003/cindemirlaw.com/fde1068e3bda46a37dd24126f9ec4b09df0c999365011ec71028e1a7d4c45bfdd1fde1068e3bda46a37dd24126f9ec4b09df0c999365011ec71028e1a7d4c45bfd81fde1068e3bda46a37dd24126f9ec4b09df0c999365011ec71028e1a7d4c45bf-2/index.html?lang=ru.html’

     0K .......... .......... .......... .......... .......... 24.2M
    50K .......... .......... .......... .......... .......... 32.5M
   100K .......... .......... .......... .......... .......... 22.2M
   150K .......... .......... .......... .......... .......... 25.6M
   200K .......... .......... .......... .......... .......... 40.5M
   250K .......... .......... .......... .......... .......... 2.53M
   300K .......... .......... .......... .......... ..........  374M
   350K .......... .......... .......... .......... ..........  409M
   400K .......... .......... .......... .......... ..........  332M
   450K .......... .......... .......... .......... .......... 49.3M
   500K .......... .......... .......... .......... ..........  580M
   550K .......... .......... .......... .......... ..........  474M
   600K .......... .......... .                                 750M=0.03s

2026-07-09 11:36:09 (20.4 MB/s) - ‘/workspace/backups/cindemirlaw.com-20260709-113003/cindemirlaw.com/fde1068e3bda46a37dd24126f9ec4b09df0c999365011ec71028e1a7d4c45bfdd1fde1068e3bda46a37dd24126f9ec4b09df0c999365011ec71028e1a7d4c45bfd81fde1068e3bda46a37dd24126f9ec4b09df0c999365011ec71028e1a7d4c45bf-2/index.html?lang=ru.html’ saved [636337]

--2026-07-09 11:36:09--  https://cindemirlaw.com/fde1068e3bda46a37dd24126f9ec4b09df0c999365011ec71028e1a7d4c45bfdd1fde1068e3bda46a37dd24126f9ec4b09df0c999365011ec71028e1a7d4c45bfd81fde1068e3bda46a37dd24126f9ec4b09df0c999365011ec71028e1a7d4c45bf/?lang=ru
Reusing existing connection to cindemirlaw.com:443.
HTTP request sent, awaiting response... 200 OK
Length: unspecified [text/html]
Saving to: ‘/workspace/backups/cindemirlaw.com-20260709-113003/cindemirlaw.com/fde1068e3bda46a37dd24126f9ec4b09df0c999365011ec71028e1a7d4c45bfdd1fde1068e3bda46a37dd24126f9ec4b09df0c999365011ec71028e1a7d4c45bfd81fde1068e3bda46a37dd24126f9ec4b09df0c999365011ec71028e1a7d4c45bf/index.html?lang=ru.html’

     0K .......... .......... .......... .......... .......... 12.8M
    50K .......... .......... .......... .......... .......... 15.5M
   100K .......... .......... .......... .......... .......... 43.5M
   150K .......... .......... .......... .......... .......... 45.6M
   200K .......... .......... .......... .......... ..........  147M
   250K .......... .......... .......... .......... ..........  110M
   300K .......... .......... .......... .......... .......... 41.7M
   350K .......... .......... .......... .......... ..........  576M
   400K .......... .......... .......... .......... ..........  754M
   450K .......... .......... .......... .......... ..........  724M
   500K .......... .......... .......... .......... ..........  112M
   550K .......... .......... .......... .......... ..........  127M
   600K .......... .......... ....                              553M=0.01s

2026-07-09 11:36:10 (50.0 MB/s) - ‘/workspace/backups/cindemirlaw.com-20260709-113003/cindemirlaw.com/fde1068e3bda46a37dd24126f9ec4b09df0c999365011ec71028e1a7d4c45bfdd1fde1068e3bda46a37dd24126f9ec4b09df0c999365011ec71028e1a7d4c45bfd81fde1068e3bda46a37dd24126f9ec4b09df0c999365011ec71028e1a7d4c45bf/index.html?lang=ru.html’ saved [638976]

--2026-07-09 11:36:10--  https://cindemirlaw.com/cindemir-law-2/?lang=ru
Reusing existing connection to cindemirlaw.com:443.
HTTP request sent, awaiting response... 200 OK
Length: unspecified [text/html]
Saving to: ‘/workspace/backups/cindemirlaw.com-20260709-113003/cindemirlaw.com/cindemir-law-2/index.html?lang=ru.html’

     0K .......... .......... .......... .......... .......... 6.64M
    50K .......... .......... .......... .......... .......... 21.1M
   100K .......... .......... .......... .......... .......... 80.6M
   150K .......... .......... .......... .......... .......... 31.5M
   200K .......... .......... .......... .......... .......... 50.0M
   250K .......... .......... .......... .......... ..........  188M
   300K .......... .......... .......... .......... .......... 39.9M
   350K .......... .......... .......... .......... ..........  695M
   400K .......... .......... .......... .......... .......... 83.7M
   450K .......... .......... .......... .......... ..........  523M
   500K .......... .......... .......... .......... ..........  896M
   550K .......... .......... .......... .......... ..........  209M
   600K .......... .......... .......... ....                  89.5M=0.02s

2026-07-09 11:36:11 (39.4 MB/s) - ‘/workspace/backups/cindemirlaw.com-20260709-113003/cindemirlaw.com/cindemir-law-2/index.html?lang=ru.html’ saved [649292]

--2026-07-09 11:36:11--  https://cindemirlaw.com/wp-content/cache/debloat/js/0c032409e507e8fc20f3c29f359f86d0.js
Reusing existing connection to cindemirlaw.com:443.
HTTP request sent, awaiting response... 200 OK
Length: 643487 (628K) [text/javascript]
Saving to: ‘/workspace/backups/cindemirlaw.com-20260709-113003/cindemirlaw.com/wp-content/cache/debloat/js/0c032409e507e8fc20f3c29f359f86d0.js’

     0K .......... .......... .......... .......... ..........  7%  472M 0s
    50K .......... .......... .......... .......... .......... 15%  595M 0s
   100K .......... .......... .......... .......... .......... 23%  597M 0s
   150K .......... .......... .......... .......... .......... 31%  752M 0s
   200K .......... .......... .......... .......... .......... 39%  382M 0s
   250K .......... .......... .......... .......... .......... 47%  564M 0s
   300K .......... .......... .......... .......... .......... 55%  755M 0s
   350K .......... .......... .......... .......... .......... 63%  551M 0s
   400K .......... .......... .......... .......... .......... 71% 80.6M 0s
   450K .......... .......... .......... .......... .......... 79%  646M 0s
   500K .......... .......... .......... .......... .......... 87%  714M 0s
   550K .......... .......... .......... .......... .......... 95%  640M 0s
   600K .......... .......... ........                        100%  636M=0.002s

2026-07-09 11:36:11 (391 MB/s) - ‘/workspace/backups/cindemirlaw.com-20260709-113003/cindemirlaw.com/wp-content/cache/debloat/js/0c032409e507e8fc20f3c29f359f86d0.js’ saved [643487/643487]

--2026-07-09 11:36:12--  https://cindemirlaw.com/wp-content/uploads/2020/10/white-5-copy-300x300.jpg
Reusing existing connection to cindemirlaw.com:443.
HTTP request sent, awaiting response... 200 OK
Length: 53530 (52K) [image/jpeg]
Saving to: ‘/workspace/backups/cindemirlaw.com-20260709-113003/cindemirlaw.com/wp-content/uploads/2020/10/white-5-copy-300x300.jpg’

     0K .......... .......... .......... .......... .......... 95% 38.7M 0s
    50K ..                                                    100% 4.24T=0.001s

2026-07-09 11:36:12 (40.5 MB/s) - ‘/workspace/backups/cindemirlaw.com-20260709-113003/cindemirlaw.com/wp-content/uploads/2020/10/white-5-copy-300x300.jpg’ saved [53530/53530]

--2026-07-09 11:36:12--  https://cindemirlaw.com/wp-content/uploads/2020/10/white-5-copy-80x80.jpg
Reusing existing connection to cindemirlaw.com:443.
HTTP request sent, awaiting response... 200 OK
Length: 6328 (6.2K) [image/jpeg]
Saving to: ‘/workspace/backups/cindemirlaw.com-20260709-113003/cindemirlaw.com/wp-content/uploads/2020/10/white-5-copy-80x80.jpg’

     0K ......                                                100% 5.65G=0s

2026-07-09 11:36:12 (5.65 GB/s) - ‘/workspace/backups/cindemirlaw.com-20260709-113003/cindemirlaw.com/wp-content/uploads/2020/10/white-5-copy-80x80.jpg’ saved [6328/6328]

--2026-07-09 11:36:13--  https://cindemirlaw.com/wp-content/uploads/2020/10/white-5-copy-768x768.jpg
Reusing existing connection to cindemirlaw.com:443.
HTTP request sent, awaiting response... 200 OK
Length: 261384 (255K) [image/jpeg]
Saving to: ‘/workspace/backups/cindemirlaw.com-20260709-113003/cindemirlaw.com/wp-content/uploads/2020/10/white-5-copy-768x768.jpg’

     0K .......... .......... .......... .......... .......... 19%  441M 0s
    50K .......... .......... .......... .......... .......... 39%  114M 0s
   100K .......... .......... .......... .......... .......... 58%  481M 0s
   150K .......... .......... .......... .......... .......... 78%  550M 0s
   200K .......... .......... .......... .......... .......... 97%  474M 0s
   250K .....                                                 100% 9.79T=0.001s

2026-07-09 11:36:13 (300 MB/s) - ‘/workspace/backups/cindemirlaw.com-20260709-113003/cindemirlaw.com/wp-content/uploads/2020/10/white-5-copy-768x768.jpg’ saved [261384/261384]

--2026-07-09 11:36:14--  https://cindemirlaw.com/wp-content/uploads/2020/10/white-5-copy-36x36.jpg
Reusing existing connection to cindemirlaw.com:443.
HTTP request sent, awaiting response... 200 OK
Length: 2266 (2.2K) [image/jpeg]
Saving to: ‘/workspace/backups/cindemirlaw.com-20260709-113003/cindemirlaw.com/wp-content/uploads/2020/10/white-5-copy-36x36.jpg’

     0K ..                                                    100% 2.73G=0s

2026-07-09 11:36:14 (2.73 GB/s) - ‘/workspace/backups/cindemirlaw.com-20260709-113003/cindemirlaw.com/wp-content/uploads/2020/10/white-5-copy-36x36.jpg’ saved [2266/2266]

--2026-07-09 11:36:14--  https://cindemirlaw.com/wp-content/uploads/2020/10/white-5-copy-180x180.jpg
Reusing existing connection to cindemirlaw.com:443.
HTTP request sent, awaiting response... 200 OK
Length: 22692 (22K) [image/jpeg]
Saving to: ‘/workspace/backups/cindemirlaw.com-20260709-113003/cindemirlaw.com/wp-content/uploads/2020/10/white-5-copy-180x180.jpg’

     0K .......... .......... ..                              100%  320M=0s

2026-07-09 11:36:14 (320 MB/s) - ‘/workspace/backups/cindemirlaw.com-20260709-113003/cindemirlaw.com/wp-content/uploads/2020/10/white-5-copy-180x180.jpg’ saved [22692/22692]

--2026-07-09 11:36:15--  https://cindemirlaw.com/wp-content/uploads/2020/10/white-5-copy-705x705.jpg
Reusing existing connection to cindemirlaw.com:443.
HTTP request sent, awaiting response... 200 OK
Length: 228909 (224K) [image/jpeg]
Saving to: ‘/workspace/backups/cindemirlaw.com-20260709-113003/cindemirlaw.com/wp-content/uploads/2020/10/white-5-copy-705x705.jpg’

     0K .......... .......... .......... .......... .......... 22%  131M 0s
    50K .......... .......... .......... .......... .......... 44%  469M 0s
   100K .......... .......... .......... .......... .......... 67%  472M 0s
   150K .......... .......... .......... .......... .......... 89%  464M 0s
   200K .......... .......... ...                             100%  426M=0.001s

2026-07-09 11:36:15 (295 MB/s) - ‘/workspace/backups/cindemirlaw.com-20260709-113003/cindemirlaw.com/wp-content/uploads/2020/10/white-5-copy-705x705.jpg’ saved [228909/228909]

--2026-07-09 11:36:15--  https://cindemirlaw.com/wp-content/uploads/2020/10/white-5-copy.jpg
Reusing existing connection to cindemirlaw.com:443.
HTTP request sent, awaiting response... 200 OK
Length: 56159 (55K) [image/jpeg]
Saving to: ‘/workspace/backups/cindemirlaw.com-20260709-113003/cindemirlaw.com/wp-content/uploads/2020/10/white-5-copy.jpg’

     0K .......... .......... .......... .......... .......... 91%  474M 0s
    50K ....                                                  100%  223M=0s

2026-07-09 11:36:15 (431 MB/s) - ‘/workspace/backups/cindemirlaw.com-20260709-113003/cindemirlaw.com/wp-content/uploads/2020/10/white-5-copy.jpg’ saved [56159/56159]

--2026-07-09 11:36:16--  https://cindemirlaw.com/wp-content/uploads/2020/10/white-1-copy-300x300.jpg
Reusing existing connection to cindemirlaw.com:443.
HTTP request sent, awaiting response... 200 OK
Length: 41670 (41K) [image/jpeg]
Saving to: ‘/workspace/backups/cindemirlaw.com-20260709-113003/cindemirlaw.com/wp-content/uploads/2020/10/white-1-copy-300x300.jpg’

     0K .......... .......... .......... ..........           100% 48.9M=0.001s

2026-07-09 11:36:16 (48.9 MB/s) - ‘/workspace/backups/cindemirlaw.com-20260709-113003/cindemirlaw.com/wp-content/uploads/2020/10/white-1-copy-300x300.jpg’ saved [41670/41670]

--2026-07-09 11:36:17--  https://cindemirlaw.com/wp-content/uploads/2020/10/white-1-copy-80x80.jpg
Reusing existing connection to cindemirlaw.com:443.
HTTP request sent, awaiting response... 200 OK
Length: 5701 (5.6K) [image/jpeg]
Saving to: ‘/workspace/backups/cindemirlaw.com-20260709-113003/cindemirlaw.com/wp-content/uploads/2020/10/white-1-copy-80x80.jpg’

     0K .....                                                 100% 5.68G=0s

2026-07-09 11:36:17 (5.68 GB/s) - ‘/workspace/backups/cindemirlaw.com-20260709-113003/cindemirlaw.com/wp-content/uploads/2020/10/white-1-copy-80x80.jpg’ saved [5701/5701]

--2026-07-09 11:36:17--  https://cindemirlaw.com/wp-content/uploads/2020/10/white-1-copy-768x768.jpg
Reusing existing connection to cindemirlaw.com:443.
HTTP request sent, awaiting response... 200 OK
Length: 167311 (163K) [image/jpeg]
Saving to: ‘/workspace/backups/cindemirlaw.com-20260709-113003/cindemirlaw.com/wp-content/uploads/2020/10/white-1-copy-768x768.jpg’

     0K .......... .......... .......... .......... .......... 30%  111M 0s
    50K .......... .......... .......... .......... .......... 61%  408M 0s
   100K .......... .......... .......... .......... .......... 91%  554M 0s
   150K .......... ...                                        100%  896M=0.001s

2026-07-09 11:36:17 (241 MB/s) - ‘/workspace/backups/cindemirlaw.com-20260709-113003/cindemirlaw.com/wp-content/uploads/2020/10/white-1-copy-768x768.jpg’ saved [167311/167311]

--2026-07-09 11:36:18--  https://cindemirlaw.com/wp-content/uploads/2020/10/white-1-copy-36x36.jpg
Reusing existing connection to cindemirlaw.com:443.
HTTP request sent, awaiting response... 200 OK
Length: 2003 (2.0K) [image/jpeg]
Saving to: ‘/workspace/backups/cindemirlaw.com-20260709-113003/cindemirlaw.com/wp-content/uploads/2020/10/white-1-copy-36x36.jpg’

     0K .                                                     100% 1007M=0s

2026-07-09 11:36:18 (1007 MB/s) - ‘/workspace/backups/cindemirlaw.com-20260709-113003/cindemirlaw.com/wp-content/uploads/2020/10/white-1-copy-36x36.jpg’ saved [2003/2003]

--2026-07-09 11:36:18--  https://cindemirlaw.com/wp-content/uploads/2020/10/white-1-copy-180x180.jpg
Reusing existing connection to cindemirlaw.com:443.
HTTP request sent, awaiting response... 200 OK
Length: 19234 (19K) [image/jpeg]
Saving to: ‘/workspace/backups/cindemirlaw.com-20260709-113003/cindemirlaw.com/wp-content/uploads/2020/10/white-1-copy-180x180.jpg’

     0K .......... ........                                   100%  182M=0s

2026-07-09 11:36:18 (182 MB/s) - ‘/workspace/backups/cindemirlaw.com-20260709-113003/cindemirlaw.com/wp-content/uploads/2020/10/white-1-copy-180x180.jpg’ saved [19234/19234]

--2026-07-09 11:36:19--  https://cindemirlaw.com/wp-content/uploads/2020/10/white-1-copy-705x705.jpg
Reusing existing connection to cindemirlaw.com:443.
HTTP request sent, awaiting response... 200 OK
Length: 147727 (144K) [image/jpeg]
Saving to: ‘/workspace/backups/cindemirlaw.com-20260709-113003/cindemirlaw.com/wp-content/uploads/2020/10/white-1-copy-705x705.jpg’

     0K .......... .......... .......... .......... .......... 34% 49.7M 0s
    50K .......... .......... .......... .......... .......... 69%  229M 0s
   100K .......... .......... .......... .......... ....      100%  596M=0.001s

2026-07-09 11:36:19 (111 MB/s) - ‘/workspace/backups/cindemirlaw.com-20260709-113003/cindemirlaw.com/wp-content/uploads/2020/10/white-1-copy-705x705.jpg’ saved [147727/147727]

--2026-07-09 11:36:19--  https://cindemirlaw.com/wp-content/uploads/2020/10/white-1-copy.jpg
Reusing existing connection to cindemirlaw.com:443.
HTTP request sent, awaiting response... 200 OK
Length: 28801 (28K) [image/jpeg]
Saving to: ‘/workspace/backups/cindemirlaw.com-20260709-113003/cindemirlaw.com/wp-content/uploads/2020/10/white-1-copy.jpg’

     0K .......... .......... ........                        100% 69.9M=0s

2026-07-09 11:36:19 (69.9 MB/s) - ‘/workspace/backups/cindemirlaw.com-20260709-113003/cindemirlaw.com/wp-content/uploads/2020/10/white-1-copy.jpg’ saved [28801/28801]

--2026-07-09 11:36:20--  https://cindemirlaw.com/wp-content/uploads/2020/10/white-2-copy-300x300.jpg
Reusing existing connection to cindemirlaw.com:443.
HTTP request sent, awaiting response... 200 OK
Length: 40190 (39K) [image/jpeg]
Saving to: ‘/workspace/backups/cindemirlaw.com-20260709-113003/cindemirlaw.com/wp-content/uploads/2020/10/white-2-copy-300x300.jpg’

     0K .......... .......... .......... .........            100%  325M=0s

2026-07-09 11:36:20 (325 MB/s) - ‘/workspace/backups/cindemirlaw.com-20260709-113003/cindemirlaw.com/wp-content/uploads/2020/10/white-2-copy-300x300.jpg’ saved [40190/40190]

--2026-07-09 11:36:20--  https://cindemirlaw.com/wp-content/uploads/2020/10/white-2-copy-80x80.jpg
Reusing existing connection to cindemirlaw.com:443.
HTTP request sent, awaiting response... 200 OK
Length: 5526 (5.4K) [image/jpeg]
Saving to: ‘/workspace/backups/cindemirlaw.com-20260709-113003/cindemirlaw.com/wp-content/uploads/2020/10/white-2-copy-80x80.jpg’

     0K .....                                                 100% 4.27G=0s

2026-07-09 11:36:20 (4.27 GB/s) - ‘/workspace/backups/cindemirlaw.com-20260709-113003/cindemirlaw.com/wp-content/uploads/2020/10/white-2-copy-80x80.jpg’ saved [5526/5526]

--2026-07-09 11:36:21--  https://cindemirlaw.com/wp-content/uploads/2020/10/white-2-copy-768x768.jpg
Reusing existing connection to cindemirlaw.com:443.
HTTP request sent, awaiting response... 200 OK
Length: 164113 (160K) [image/jpeg]
Saving to: ‘/workspace/backups/cindemirlaw.com-20260709-113003/cindemirlaw.com/wp-content/uploads/2020/10/white-2-copy-768x768.jpg’

     0K .......... .......... .......... .......... .......... 31%  375M 0s
    50K .......... .......... .......... .......... .......... 62%  501M 0s
   100K .......... .......... .......... .......... .......... 93%  518M 0s
   150K ..........                                            100%  612M=0s

2026-07-09 11:36:21 (463 MB/s) - ‘/workspace/backups/cindemirlaw.com-20260709-113003/cindemirlaw.com/wp-content/uploads/2020/10/white-2-copy-768x768.jpg’ saved [164113/164113]

--2026-07-09 11:36:21--  https://cindemirlaw.com/wp-content/uploads/2020/10/white-2-copy-36x36.jpg
Reusing existing connection to cindemirlaw.com:443.
HTTP request sent, awaiting response... 200 OK
Length: 1967 (1.9K) [image/jpeg]
Saving to: ‘/workspace/backups/cindemirlaw.com-20260709-113003/cindemirlaw.com/wp-content/uploads/2020/10/white-2-copy-36x36.jpg’

     0K .                                                     100% 1.86G=0s

2026-07-09 11:36:21 (1.86 GB/s) - ‘/workspace/backups/cindemirlaw.com-20260709-113003/cindemirlaw.com/wp-content/uploads/2020/10/white-2-copy-36x36.jpg’ saved [1967/1967]

--2026-07-09 11:36:22--  https://cindemirlaw.com/wp-content/uploads/2020/10/white-2-copy-180x180.jpg
Reusing existing connection to cindemirlaw.com:443.
HTTP request sent, awaiting response... 200 OK
Length: 18125 (18K) [image/jpeg]
Saving to: ‘/workspace/backups/cindemirlaw.com-20260709-113003/cindemirlaw.com/wp-content/uploads/2020/10/white-2-copy-180x180.jpg’

     0K .......... .......                                    100% 4.77M=0.004s

2026-07-09 11:36:22 (4.77 MB/s) - ‘/workspace/backups/cindemirlaw.com-20260709-113003/cindemirlaw.com/wp-content/uploads/2020/10/white-2-copy-180x180.jpg’ saved [18125/18125]

--2026-07-09 11:36:22--  https://cindemirlaw.com/wp-content/uploads/2020/10/white-2-copy-705x705.jpg
Reusing existing connection to cindemirlaw.com:443.
HTTP request sent, awaiting response... 200 OK
Length: 145085 (142K) [image/jpeg]
Saving to: ‘/workspace/backups/cindemirlaw.com-20260709-113003/cindemirlaw.com/wp-content/uploads/2020/10/white-2-copy-705x705.jpg’

     0K .......... .......... .......... .......... .......... 35% 64.4M 0s
    50K .......... .......... .......... .......... .......... 70%  372M 0s
   100K .......... .......... .......... .......... .         100%  556M=0.001s

2026-07-09 11:36:22 (144 MB/s) - ‘/workspace/backups/cindemirlaw.com-20260709-113003/cindemirlaw.com/wp-content/uploads/2020/10/white-2-copy-705x705.jpg’ saved [145085/145085]

--2026-07-09 11:36:23--  https://cindemirlaw.com/wp-content/uploads/2020/10/white-2-copy.jpg
Reusing existing connection to cindemirlaw.com:443.
HTTP request sent, awaiting response... 200 OK
Length: 28900 (28K) [image/jpeg]
Saving to: ‘/workspace/backups/cindemirlaw.com-20260709-113003/cindemirlaw.com/wp-content/uploads/2020/10/white-2-copy.jpg’

     0K .......... .......... ........                        100%  278M=0s

2026-07-09 11:36:23 (278 MB/s) - ‘/workspace/backups/cindemirlaw.com-20260709-113003/cindemirlaw.com/wp-content/uploads/2020/10/white-2-copy.jpg’ saved [28900/28900]

--2026-07-09 11:36:24--  https://cindemirlaw.com/wp-content/uploads/2020/10/white3-copy-300x300.jpg
Reusing existing connection to cindemirlaw.com:443.
HTTP request sent, awaiting response... 200 OK
Length: 44910 (44K) [image/jpeg]
Saving to: ‘/workspace/backups/cindemirlaw.com-20260709-113003/cindemirlaw.com/wp-content/uploads/2020/10/white3-copy-300x300.jpg’

     0K .......... .......... .......... .......... ...       100%  128M=0s

2026-07-09 11:36:24 (128 MB/s) - ‘/workspace/backups/cindemirlaw.com-20260709-113003/cindemirlaw.com/wp-content/uploads/2020/10/white3-copy-300x300.jpg’ saved [44910/44910]

--2026-07-09 11:36:24--  https://cindemirlaw.com/wp-content/uploads/2020/10/white3-copy-80x80.jpg
Reusing existing connection to cindemirlaw.com:443.
HTTP request sent, awaiting response... 200 OK
Length: 5385 (5.3K) [image/jpeg]
Saving to: ‘/workspace/backups/cindemirlaw.com-20260709-113003/cindemirlaw.com/wp-content/uploads/2020/10/white3-copy-80x80.jpg’

     0K .....                                                 100% 4.45G=0s

2026-07-09 11:36:24 (4.45 GB/s) - ‘/workspace/backups/cindemirlaw.com-20260709-113003/cindemirlaw.com/wp-content/uploads/2020/10/white3-copy-80x80.jpg’ saved [5385/5385]

--2026-07-09 11:36:24--  https://cindemirlaw.com/wp-content/uploads/2020/10/white3-copy-768x768.jpg
Reusing existing connection to cindemirlaw.com:443.
HTTP request sent, awaiting response... 200 OK
Length: 191783 (187K) [image/jpeg]
Saving to: ‘/workspace/backups/cindemirlaw.com-20260709-113003/cindemirlaw.com/wp-content/uploads/2020/10/white3-copy-768x768.jpg’

     0K .......... .......... .......... .......... .......... 26%  141M 0s
    50K .......... .......... .......... .......... .......... 53%  105M 0s
   100K .......... .......... .......... .......... .......... 80%  392M 0s
   150K .......... .......... .......... .......              100%  776M=0.001s

2026-07-09 11:36:24 (186 MB/s) - ‘/workspace/backups/cindemirlaw.com-20260709-113003/cindemirlaw.com/wp-content/uploads/2020/10/white3-copy-768x768.jpg’ saved [191783/191783]

--2026-07-09 11:36:25--  https://cindemirlaw.com/wp-content/uploads/2020/10/white3-copy-36x36.jpg
Reusing existing connection to cindemirlaw.com:443.
HTTP request sent, awaiting response... 200 OK
Length: 1864 (1.8K) [image/jpeg]
Saving to: ‘/workspace/backups/cindemirlaw.com-20260709-113003/cindemirlaw.com/wp-content/uploads/2020/10/white3-copy-36x36.jpg’

     0K .                                                     100% 1.78G=0s

2026-07-09 11:36:25 (1.78 GB/s) - ‘/workspace/backups/cindemirlaw.com-20260709-113003/cindemirlaw.com/wp-content/uploads/2020/10/white3-copy-36x36.jpg’ saved [1864/1864]

--2026-07-09 11:36:25--  https://cindemirlaw.com/wp-content/uploads/2020/10/white3-copy-180x180.jpg
Reusing existing connection to cindemirlaw.com:443.
HTTP request sent, awaiting response... 200 OK
Length: 19796 (19K) [image/jpeg]
Saving to: ‘/workspace/backups/cindemirlaw.com-20260709-113003/cindemirlaw.com/wp-content/uploads/2020/10/white3-copy-180x180.jpg’

     0K .......... .........                                  100%  379M=0s

2026-07-09 11:36:25 (379 MB/s) - ‘/workspace/backups/cindemirlaw.com-20260709-113003/cindemirlaw.com/wp-content/uploads/2020/10/white3-copy-180x180.jpg’ saved [19796/19796]

--2026-07-09 11:36:26--  https://cindemirlaw.com/wp-content/uploads/2020/10/white3-copy-705x705.jpg
Reusing existing connection to cindemirlaw.com:443.
HTTP request sent, awaiting response... 200 OK
Length: 168815 (165K) [image/jpeg]
Saving to: ‘/workspace/backups/cindemirlaw.com-20260709-113003/cindemirlaw.com/wp-content/uploads/2020/10/white3-copy-705x705.jpg’

     0K .......... .......... .......... .......... .......... 30%  316M 0s
    50K .......... .......... .......... .......... .......... 60%  601M 0s
   100K .......... .......... .......... .......... .......... 90%  577M 0s
   150K .......... ....                                       100%  554M=0s

2026-07-09 11:36:26 (465 MB/s) - ‘/workspace/backups/cindemirlaw.com-20260709-113003/cindemirlaw.com/wp-content/uploads/2020/10/white3-copy-705x705.jpg’ saved [168815/168815]

--2026-07-09 11:36:26--  https://cindemirlaw.com/wp-content/uploads/2020/10/white3-copy.jpg
Connecting to cindemirlaw.com (cindemirlaw.com)|162.241.252.122|:443... connected.
HTTP request sent, awaiting response... 200 OK
Length: 33649 (33K) [image/jpeg]
Saving to: ‘/workspace/backups/cindemirlaw.com-20260709-113003/cindemirlaw.com/wp-content/uploads/2020/10/white3-copy.jpg’

     0K .......... .......... .......... ..                   100%  582K=0.06s

2026-07-09 11:36:27 (582 KB/s) - ‘/workspace/backups/cindemirlaw.com-20260709-113003/cindemirlaw.com/wp-content/uploads/2020/10/white3-copy.jpg’ saved [33649/33649]

--2026-07-09 11:36:27--  https://cindemirlaw.com/wp-content/uploads/2020/08/IMG_0876-kopya-741x1024-1-217x300.jpg
Reusing existing connection to cindemirlaw.com:443.
HTTP request sent, awaiting response... 200 OK
Length: 39537 (39K) [image/jpeg]
Saving to: ‘/workspace/backups/cindemirlaw.com-20260709-113003/cindemirlaw.com/wp-content/uploads/2020/08/IMG_0876-kopya-741x1024-1-217x300.jpg’

     0K .......... .......... .......... ........             100%  198M=0s

2026-07-09 11:36:27 (198 MB/s) - ‘/workspace/backups/cindemirlaw.com-20260709-113003/cindemirlaw.com/wp-content/uploads/2020/08/IMG_0876-kopya-741x1024-1-217x300.jpg’ saved [39537/39537]

--2026-07-09 11:36:28--  https://cindemirlaw.com/wp-content/uploads/2020/08/IMG_0876-kopya-741x1024-1-510x705.jpg
Reusing existing connection to cindemirlaw.com:443.
HTTP request sent, awaiting response... 200 OK
Length: 159439 (156K) [image/jpeg]
Saving to: ‘/workspace/backups/cindemirlaw.com-20260709-113003/cindemirlaw.com/wp-content/uploads/2020/08/IMG_0876-kopya-741x1024-1-510x705.jpg’

     0K .......... .......... .......... .......... .......... 32%  110M 0s
    50K .......... .......... .......... .......... .......... 64%  895K 0s
   100K .......... .......... .......... .......... .......... 96%  891K 0s
   150K .....                                                 100% 10.6T=0.1s

2026-07-09 11:36:28 (1.35 MB/s) - ‘/workspace/backups/cindemirlaw.com-20260709-113003/cindemirlaw.com/wp-content/uploads/2020/08/IMG_0876-kopya-741x1024-1-510x705.jpg’ saved [159439/159439]

--2026-07-09 11:36:29--  https://cindemirlaw.com/wp-content/uploads/2020/08/IMG_0876-kopya-741x1024-1.jpg
Reusing existing connection to cindemirlaw.com:443.
HTTP request sent, awaiting response... 200 OK
Length: 26871 (26K) [image/jpeg]
Saving to: ‘/workspace/backups/cindemirlaw.com-20260709-113003/cindemirlaw.com/wp-content/uploads/2020/08/IMG_0876-kopya-741x1024-1.jpg’

     0K .......... .......... ......                          100% 72.5M=0s

2026-07-09 11:36:29 (72.5 MB/s) - ‘/workspace/backups/cindemirlaw.com-20260709-113003/cindemirlaw.com/wp-content/uploads/2020/08/IMG_0876-kopya-741x1024-1.jpg’ saved [26871/26871]

--2026-07-09 11:36:29--  https://cindemirlaw.com/wp-content/uploads/2020/06/cropped-cropped-logoicon-1-1-300x300.jpg.webp
Reusing existing connection to cindemirlaw.com:443.
HTTP request sent, awaiting response... 200 OK
Length: 3396 (3.3K) [image/webp]
Saving to: ‘/workspace/backups/cindemirlaw.com-20260709-113003/cindemirlaw.com/wp-content/uploads/2020/06/cropped-cropped-logoicon-1-1-300x300.jpg.webp’

     0K ...                                                   100% 2.09G=0s

2026-07-09 11:36:29 (2.09 GB/s) - ‘/workspace/backups/cindemirlaw.com-20260709-113003/cindemirlaw.com/wp-content/uploads/2020/06/cropped-cropped-logoicon-1-1-300x300.jpg.webp’ saved [3396/3396]

--2026-07-09 11:36:30--  https://cindemirlaw.com/wp-content/uploads/2020/06/cropped-cropped-logoicon-1-1-180x180.jpg.webp
Reusing existing connection to cindemirlaw.com:443.
HTTP request sent, awaiting response... 200 OK
Length: 2120 (2.1K) [image/webp]
Saving to: ‘/workspace/backups/cindemirlaw.com-20260709-113003/cindemirlaw.com/wp-content/uploads/2020/06/cropped-cropped-logoicon-1-1-180x180.jpg.webp’

     0K ..                                                    100% 2.74G=0s

2026-07-09 11:36:30 (2.74 GB/s) - ‘/workspace/backups/cindemirlaw.com-20260709-113003/cindemirlaw.com/wp-content/uploads/2020/06/cropped-cropped-logoicon-1-1-180x180.jpg.webp’ saved [2120/2120]

--2026-07-09 11:36:30--  https://cindemirlaw.com/wp-content/uploads/2020/06/cropped-logoicon-1-1-300x300.jpg.webp
Reusing existing connection to cindemirlaw.com:443.
HTTP request sent, awaiting response... 200 OK
Length: 3058 (3.0K) [image/webp]
Saving to: ‘/workspace/backups/cindemirlaw.com-20260709-113003/cindemirlaw.com/wp-content/uploads/2020/06/cropped-logoicon-1-1-300x300.jpg.webp’

     0K ..                                                    100% 2.87G=0s

2026-07-09 11:36:30 (2.87 GB/s) - ‘/workspace/backups/cindemirlaw.com-20260709-113003/cindemirlaw.com/wp-content/uploads/2020/06/cropped-logoicon-1-1-300x300.jpg.webp’ saved [3058/3058]

--2026-07-09 11:36:31--  https://www.cindemirlaw.com/
Connecting to www.cindemirlaw.com (www.cindemirlaw.com)|162.241.252.122|:443... connected.
HTTP request sent, awaiting response... 301 Moved Permanently
Location: https://cindemirlaw.com/ [following]
--2026-07-09 11:36:32--  https://cindemirlaw.com/
Connecting to cindemirlaw.com (cindemirlaw.com)|162.241.252.122|:443... connected.
HTTP request sent, awaiting response... 200 OK
Length: unspecified [text/html]
Saving to: ‘/workspace/backups/cindemirlaw.com-20260709-113003/www.cindemirlaw.com/index.html’

     0K .......... .......... .......... .......... ..........  447K
    50K .......... .......... .......... .......... ..........  892K
   100K .......... .......... .......... .......... .......... 38.6M
   150K .......... .......... .......... .......... ..........  915K
   200K .......... .......... .......... .......... ..........  111M
   250K .......... .......... .......... .......... .......... 42.9M
   300K .......... .......... .......... .......... ..........  602M
   350K .......... .......... .......... .......... ..........  924K
   400K .......... .......... .......... .......... ..........  119M
   450K .......... .......... .......... .......... ..........  610M
   500K .......... .......... .......... .......... ..........  686M
   550K .......... .......... .......... .......... .......... 33.9M
   600K .......... .......... .......... .......... .....       475M=0.3s

2026-07-09 11:36:33 (2.24 MB/s) - ‘/workspace/backups/cindemirlaw.com-20260709-113003/www.cindemirlaw.com/index.html’ saved [660609]

--2026-07-09 11:36:33--  https://cindemirlaw.com/nashiyurist/
Reusing existing connection to cindemirlaw.com:443.
HTTP request sent, awaiting response... 200 OK
Length: unspecified [text/html]
Saving to: ‘/workspace/backups/cindemirlaw.com-20260709-113003/cindemirlaw.com/nashiyurist/index.html’

     0K .......... .......... .......... .......... .......... 13.2M
    50K .......... .......... .......... .......... .......... 21.1M
   100K .......... .......... .......... .......... .......... 35.8M
   150K .......... .......... .......... .......... ..........  101M
   200K .......... .......... .......... .......... .......... 36.6M
   250K .......... .......... .......... .......... .......... 75.9M
   300K .......... .......... .......... .......... ..........  622M
   350K .......... .......... .......... .......... ..........  204M
   400K .......... .......... .......... .......... .......... 38.0M
   450K .......... .......... .......... .......... ..........  635M
   500K .......... .......... .......... .......... ..........  110M
   550K .......... .......... .......... .......... ..........  540M
   600K ......                                                 11.5T=0.01s

2026-07-09 11:36:33 (49.1 MB/s) - ‘/workspace/backups/cindemirlaw.com-20260709-113003/cindemirlaw.com/nashiyurist/index.html’ saved [620740]

--2026-07-09 11:36:34--  https://cindemirlaw.com/embed-list/
Reusing existing connection to cindemirlaw.com:443.
HTTP request sent, awaiting response... 200 OK
Length: unspecified [text/html]
Saving to: ‘/workspace/backups/cindemirlaw.com-20260709-113003/cindemirlaw.com/embed-list/index.html’

     0K .......... .......... .......... .......... .......... 12.4M
    50K .......... .......... .......... .......... .......... 29.3M
   100K .......... .......... .......... .......... .......... 32.9M
   150K .......... .......... .......... .......... .......... 56.6M
   200K .......... .......... .......... .......... .......... 88.1M
   250K .......... .......... .......... .......... .......... 64.7M
   300K .......... .......... .......... .......... ..........  164M
   350K .......... .......... .......... .......... ..........  216M
   400K .......... .......... .......... .......... .......... 17.2M
   450K .......... .......... .......... .......... ..........  487M
   500K .......... .......... .......... .......... ..........  696M
   550K .......... .......... .......... .......... ..........  489M
   600K .....                                                  10.8T=0.01s

2026-07-09 11:36:34 (45.9 MB/s) - ‘/workspace/backups/cindemirlaw.com-20260709-113003/cindemirlaw.com/embed-list/index.html’ saved [620339]

--2026-07-09 11:36:35--  https://cindemirlaw.com/privacy-policy/
Reusing existing connection to cindemirlaw.com:443.
HTTP request sent, awaiting response... 200 OK
Length: unspecified [text/html]
Saving to: ‘/workspace/backups/cindemirlaw.com-20260709-113003/cindemirlaw.com/privacy-policy/index.html’

     0K .......... .......... .......... .......... .......... 13.8M
    50K .......... .......... .......... .......... .......... 18.2M
   100K .......... .......... .......... .......... .......... 36.5M
   150K .......... .......... .......... .......... .......... 66.0M
   200K .......... .......... .......... .......... .......... 38.3M
   250K .......... .......... .......... .......... .......... 95.5M
   300K .......... .......... .......... .......... ..........  510M
   350K .......... .......... .......... .......... ..........  110M
   400K .......... .......... .......... .......... ..........  493M
   450K .......... .......... .......... .......... .......... 52.3M
   500K .......... .......... .......... .......... ..........  456M
   550K .......... .......... .......... .......... ..........  109M
   600K .......... ....                                         761M=0.01s

2026-07-09 11:36:35 (49.1 MB/s) - ‘/workspace/backups/cindemirlaw.com-20260709-113003/cindemirlaw.com/privacy-policy/index.html’ saved [629643]

--2026-07-09 11:36:36--  https://cindemirlaw.com/link3/
Reusing existing connection to cindemirlaw.com:443.
HTTP request sent, awaiting response... 301 Moved Permanently
Location: https://cindemirlaw.com/support/ [following]
--2026-07-09 11:36:36--  https://cindemirlaw.com/support/
Reusing existing connection to cindemirlaw.com:443.
HTTP request sent, awaiting response... 200 OK
Length: unspecified [text/html]
Saving to: ‘/workspace/backups/cindemirlaw.com-20260709-113003/cindemirlaw.com/link3/index.html’

     0K .......... .......... .......... .......... .......... 6.09M
    50K .......... .......... .......... .......... .......... 15.9M
   100K .......... .......... .......... .......... .......... 14.6M
   150K .......... .......... .......... .......... .......... 14.6M
   200K .......... .......... .......... .......... ..........  511M
   250K .......... .......... .......... .......... .......... 33.3M
   300K .......... .......... .......... .......... ..........  504M
   350K .......... .......... .......... .......... .......... 24.8M
   400K .......... .......... .......... .......... ..........  455M
   450K .......... .......... .......... .......... .......... 59.7M
   500K .......... .......... .......... .......... ..........  143M
   550K .......... .......... .......... .......... ..........  428M
   600K .......... .                                            726M=0.02s

2026-07-09 11:36:37 (26.2 MB/s) - ‘/workspace/backups/cindemirlaw.com-20260709-113003/cindemirlaw.com/link3/index.html’ saved [626670]

--2026-07-09 11:36:37--  https://cindemirlaw.com/pod/
Reusing existing connection to cindemirlaw.com:443.
HTTP request sent, awaiting response... 200 OK
Length: unspecified [text/html]
Saving to: ‘/workspace/backups/cindemirlaw.com-20260709-113003/cindemirlaw.com/pod/index.html’

     0K .......... .......... .......... .......... .......... 16.7M
    50K .......... .......... .......... .......... .......... 28.0M
   100K .......... .......... .......... .......... ..........  107M
   150K .......... .......... .......... .......... .......... 19.3M
   200K .......... .......... .......... .......... .......... 26.0M
   250K .......... .......... .......... .......... ..........  402M
   300K .......... .......... .......... .......... .......... 4.01M
   350K .......... .......... .......... .......... ..........  363M
   400K .......... .......... .......... .......... .......... 50.4M
   450K .......... .......... .......... .......... ..........  702M
   500K .......... .......... .......... .......... ..........  119M
   550K .......... .......... .......... .......... .......... 81.7M
   600K .........                                               703M=0.02s

2026-07-09 11:36:37 (24.8 MB/s) - ‘/workspace/backups/cindemirlaw.com-20260709-113003/cindemirlaw.com/pod/index.html’ saved [624261]

--2026-07-09 11:36:38--  https://cindemirlaw.com/wp-content/uploads/2014/11/540664430-300x200.jpg
Reusing existing connection to cindemirlaw.com:443.
HTTP request sent, awaiting response... 200 OK
Length: 48151 (47K) [image/jpeg]
Saving to: ‘/workspace/backups/cindemirlaw.com-20260709-113003/cindemirlaw.com/wp-content/uploads/2014/11/540664430-300x200.jpg’

     0K .......... .......... .......... .......... .......   100% 65.8M=0.001s

2026-07-09 11:36:38 (65.8 MB/s) - ‘/workspace/backups/cindemirlaw.com-20260709-113003/cindemirlaw.com/wp-content/uploads/2014/11/540664430-300x200.jpg’ saved [48151/48151]

--2026-07-09 11:36:38--  https://cindemirlaw.com/wp-content/uploads/2014/11/540664430-768x512.jpg
Reusing existing connection to cindemirlaw.com:443.
HTTP request sent, awaiting response... 200 OK
Length: 214446 (209K) [image/jpeg]
Saving to: ‘/workspace/backups/cindemirlaw.com-20260709-113003/cindemirlaw.com/wp-content/uploads/2014/11/540664430-768x512.jpg’

     0K .......... .......... .......... .......... .......... 23%  406M 0s
    50K .......... .......... .......... .......... .......... 47%  566M 0s
   100K .......... .......... .......... .......... .......... 71%  757M 0s
   150K .......... .......... .......... .......... .......... 95%  122M 0s
   200K .........                                             100%  612M=0.001s

2026-07-09 11:36:38 (297 MB/s) - ‘/workspace/backups/cindemirlaw.com-20260709-113003/cindemirlaw.com/wp-content/uploads/2014/11/540664430-768x512.jpg’ saved [214446/214446]

--2026-07-09 11:36:39--  https://cindemirlaw.com/wp-content/uploads/2014/11/540664430-705x470.jpg
Reusing existing connection to cindemirlaw.com:443.
HTTP request sent, awaiting response... 200 OK
Length: 190295 (186K) [image/jpeg]
Saving to: ‘/workspace/backups/cindemirlaw.com-20260709-113003/cindemirlaw.com/wp-content/uploads/2014/11/540664430-705x470.jpg’

     0K .......... .......... .......... .......... .......... 26% 60.2M 0s
    50K .......... .......... .......... .......... .......... 53% 75.1M 0s
   100K .......... .......... .......... .......... .......... 80%  480M 0s
   150K .......... .......... .......... .....                100%  629M=0.002s

2026-07-09 11:36:39 (112 MB/s) - ‘/workspace/backups/cindemirlaw.com-20260709-113003/cindemirlaw.com/wp-content/uploads/2014/11/540664430-705x470.jpg’ saved [190295/190295]

--2026-07-09 11:36:40--  https://cindemirlaw.com/wp-content/uploads/2014/11/540664430.jpg
Reusing existing connection to cindemirlaw.com:443.
HTTP request sent, awaiting response... 200 OK
Length: 45511 (44K) [image/jpeg]
Saving to: ‘/workspace/backups/cindemirlaw.com-20260709-113003/cindemirlaw.com/wp-content/uploads/2014/11/540664430.jpg’

     0K .......... .......... .......... .......... ....      100%  479M=0s

2026-07-09 11:36:40 (479 MB/s) - ‘/workspace/backups/cindemirlaw.com-20260709-113003/cindemirlaw.com/wp-content/uploads/2014/11/540664430.jpg’ saved [45511/45511]

--2026-07-09 11:36:40--  https://cindemirlaw.com/tag/damage/
Reusing existing connection to cindemirlaw.com:443.
HTTP request sent, awaiting response... 200 OK
Length: unspecified [text/html]
Saving to: ‘/workspace/backups/cindemirlaw.com-20260709-113003/cindemirlaw.com/tag/damage/index.html’

     0K .......... .......... .......... .......... .......... 27.5M
    50K .......... .......... .......... .......... .......... 52.6M
   100K .......... .......... .......... .......... .......... 34.6M
   150K .......... .......... .......... .......... .......... 26.1M
   200K .......... .......... .......... .......... .......... 66.1M
   250K .......... .......... .......... .......... .......... 22.1M
   300K .......... .......... .......... .......... .......... 39.2M
   350K .......... .......... .......... .......... .......... 23.8M
   400K .......... .......... .......... .......... .......... 59.3M
   450K .......... .......... .......... .......... .......... 20.1M
   500K .......... .......... .......... .......... .......... 47.4M
   550K .......... .......... .......... .......... .......... 23.8M
   600K ..........                                              463K=0.04s

2026-07-09 11:36:41 (14.5 MB/s) - ‘/workspace/backups/cindemirlaw.com-20260709-113003/cindemirlaw.com/tag/damage/index.html’ saved [625044]

--2026-07-09 11:36:41--  https://cindemirlaw.com/tag/turkish/
Reusing existing connection to cindemirlaw.com:443.
HTTP request sent, awaiting response... 200 OK
Length: unspecified [text/html]
Saving to: ‘/workspace/backups/cindemirlaw.com-20260709-113003/cindemirlaw.com/tag/turkish/index.html’

     0K .......... .......... .......... .......... .......... 14.0M
    50K .......... .......... .......... .......... .......... 22.6M
   100K .......... .......... .......... .......... .......... 26.3M
   150K .......... .......... .......... .......... .......... 64.2M
   200K .......... .......... .......... .......... .......... 58.1M
   250K .......... .......... .......... .......... ..........  124M
   300K .......... .......... .......... .......... .......... 84.7M
   350K .......... .......... .......... .......... ..........  429M
   400K .......... .......... .......... .......... .......... 84.6M
   450K .......... .......... .......... .......... .......... 71.4M
   500K .......... .......... .......... .......... ..........  292M
   550K .......... .......... .......... .......... ..........  443M
   600K .......... .......... .........                         471M=0.01s

2026-07-09 11:36:42 (52.2 MB/s) - ‘/workspace/backups/cindemirlaw.com-20260709-113003/cindemirlaw.com/tag/turkish/index.html’ saved [645088]

--2026-07-09 11:36:42--  https://cindemirlaw.com/tag/injury/
Reusing existing connection to cindemirlaw.com:443.
HTTP request sent, awaiting response... 200 OK
Length: unspecified [text/html]
Saving to: ‘/workspace/backups/cindemirlaw.com-20260709-113003/cindemirlaw.com/tag/injury/index.html’

     0K .......... .......... .......... .......... .......... 12.0M
    50K .......... .......... .......... .......... .......... 20.5M
   100K .......... .......... .......... .......... .......... 30.6M
   150K .......... .......... .......... .......... .......... 73.5M
   200K .......... .......... .......... .......... ..........  661M
   250K .......... .......... .......... .......... .......... 32.3M
   300K .......... .......... .......... .......... .......... 59.1M
   350K .......... .......... .......... .......... ..........  148M
   400K .......... .......... .......... .......... ..........  436M
   450K .......... .......... .......... .......... ..........  755M
   500K .......... .......... .......... .......... ..........  280M
   550K .......... .......... .......... .......... .......... 44.4M
   600K .......... .........                                    309M=0.01s

2026-07-09 11:36:43 (46.7 MB/s) - ‘/workspace/backups/cindemirlaw.com-20260709-113003/cindemirlaw.com/tag/injury/index.html’ saved [634680]

--2026-07-09 11:36:43--  https://cindemirlaw.com/tag/prescription/
Reusing existing connection to cindemirlaw.com:443.
HTTP request sent, awaiting response... 200 OK
Length: unspecified [text/html]
Saving to: ‘/workspace/backups/cindemirlaw.com-20260709-113003/cindemirlaw.com/tag/prescription/index.html’

     0K .......... .......... .......... .......... .......... 14.1M
    50K .......... .......... .......... .......... .......... 19.3M
   100K .......... .......... .......... .......... .......... 36.2M
   150K .......... .......... .......... .......... .......... 70.5M
   200K .......... .......... .......... .......... ..........  100M
   250K .......... .......... .......... .......... .......... 70.8M
   300K .......... .......... .......... .......... ..........  105M
   350K .......... .......... .......... .......... .......... 76.4M
   400K .......... .......... .......... .......... ..........  255M
   450K .......... .......... .......... .......... .......... 81.3M
   500K .......... .......... .......... .......... ..........  111M
   550K .......... .......... .......... .......... ..........  288M
   600K .......... ...                                          851M=0.01s

2026-07-09 11:36:44 (51.1 MB/s) - ‘/workspace/backups/cindemirlaw.com-20260709-113003/cindemirlaw.com/tag/prescription/index.html’ saved [628367]

--2026-07-09 11:36:45--  https://cindemirlaw.com/wp-content/uploads/2020/06/rlandal-Turist-Konutu-Trkiyeyi-ok-Seviyorum.mp4?_=1
Reusing existing connection to cindemirlaw.com:443.
HTTP request sent, awaiting response... 200 OK
Length: 33627920 (32M) [video/mp4]
Saving to: ‘/workspace/backups/cindemirlaw.com-20260709-113003/cindemirlaw.com/wp-content/uploads/2020/06/rlandal-Turist-Konutu-Trkiyeyi-ok-Seviyorum.mp4?_=1’

     0K .......... .......... .......... .......... ..........  0% 83.1M 0s
    50K .......... .......... .......... .......... ..........  0%  317M 0s
   100K .......... .......... .......... .......... ..........  0%  388M 0s
   150K .......... .......... .......... .......... ..........  0%  300M 0s
   200K .......... .......... .......... .......... ..........  0%  295M 0s
   250K .......... .......... .......... .......... ..........  0%  360M 0s
   300K .......... .......... .......... .......... ..........  1%  520M 0s
   350K .......... .......... .......... .......... ..........  1%  258M 0s
   400K .......... .......... .......... .......... ..........  1%  928M 0s
   450K .......... .......... .......... .......... ..........  1%  912M 0s
   500K .......... .......... .......... .......... ..........  1%  996M 0s
   550K .......... .......... .......... .......... ..........  1%  866M 0s
   600K .......... .......... .......... .......... ..........  1%  530M 0s
   650K .......... .......... .......... .......... ..........  2%  587M 0s
   700K .......... .......... .......... .......... ..........  2%  427M 0s
   750K .......... .......... .......... .......... ..........  2%  520M 0s
   800K .......... .......... .......... .......... ..........  2%  708M 0s
   850K .......... .......... .......... .......... ..........  2%  607M 0s
   900K .......... .......... .......... .......... ..........  2%  682M 0s
   950K .......... .......... .......... .......... ..........  3%  520M 0s
  1000K .......... .......... .......... .......... ..........  3%  654M 0s
  1050K .......... .......... .......... .......... ..........  3%  474M 0s
  1100K .......... .......... .......... .......... ..........  3%  488M 0s
  1150K .......... .......... .......... .......... ..........  3%  585M 0s
  1200K .......... .......... .......... .......... ..........  3%  644M 0s
  1250K .......... .......... .......... .......... ..........  3%  947K 1s
  1300K .......... .......... .......... .......... ..........  4%  297M 1s
  1350K .......... .......... .......... .......... ..........  4%  510M 1s
  1400K .......... .......... .......... .......... ..........  4%  754M 1s
  1450K .......... .......... .......... .......... ..........  4%  567M 1s
  1500K .......... .......... .......... .......... ..........  4%  430M 1s
  1550K .......... .......... .......... .......... ..........  4%  405M 1s
  1600K .......... .......... .......... .......... ..........  5% 75.5M 1s
  1650K .......... .......... .......... .......... ..........  5%  712M 1s
  1700K .......... .......... .......... .......... ..........  5%  552M 1s
  1750K .......... .......... .......... .......... ..........  5%  562M 1s
  1800K .......... .......... .......... .......... ..........  5%  594M 1s
  1850K .......... .......... .......... .......... ..........  5%  588M 1s
  1900K .......... .......... .......... .......... ..........  5%  516M 1s
  1950K .......... .......... .......... .......... ..........  6%  490M 1s
  2000K .......... .......... .......... .......... ..........  6%  618M 1s
  2050K .......... .......... .......... .......... ..........  6%  558M 1s
  2100K .......... .......... .......... .......... ..........  6%  513M 1s
  2150K .......... .......... .......... .......... ..........  6%  621M 1s
  2200K .......... .......... .......... .......... ..........  6%  544M 1s
  2250K .......... .......... .......... .......... ..........  7%  628M 1s
  2300K .......... .......... .......... .......... ..........  7%  666M 1s
  2350K .......... .......... .......... .......... ..........  7%  517M 1s
  2400K .......... .......... .......... .......... ..........  7%  605M 1s
  2450K .......... .......... .......... .......... ..........  7%  556M 1s
  2500K .......... .......... .......... .......... ..........  7%  553M 1s
  2550K .......... .......... .......... .......... ..........  7%  592M 1s
  2600K .......... .......... .......... .......... ..........  8%  522M 1s
  2650K .......... .......... .......... .......... ..........  8%  677M 1s
  2700K .......... .......... .......... .......... ..........  8%  529M 1s
  2750K .......... .......... .......... .......... ..........  8%  630M 1s
  2800K .......... .......... .......... .......... ..........  8%  595M 1s
  2850K .......... .......... .......... .......... ..........  8%  414M 1s
  2900K .......... .......... .......... .......... ..........  8%  672M 1s
  2950K .......... .......... .......... .......... ..........  9%  627M 1s
  3000K .......... .......... .......... .......... ..........  9%  624M 1s
  3050K .......... .......... .......... .......... ..........  9%  625M 1s
  3100K .......... .......... .......... .......... ..........  9%  616M 1s
  3150K .......... .......... .......... .......... ..........  9% 1019M 1s
  3200K .......... .......... .......... .......... ..........  9%  726M 1s
  3250K .......... .......... .......... .......... .......... 10%  728M 1s
  3300K .......... .......... .......... .......... .......... 10% 1.11G 1s
  3350K .......... .......... .......... .......... .......... 10%  815M 1s
  3400K .......... .......... .......... .......... .......... 10% 1.05G 1s
  3450K .......... .......... .......... .......... .......... 10%  952M 1s
  3500K .......... .......... .......... .......... .......... 10% 1018M 0s
  3550K .......... .......... .......... .......... .......... 10% 1016M 0s
  3600K .......... .......... .......... .......... .......... 11%  943M 0s
  3650K .......... .......... .......... .......... .......... 11% 1.01G 0s
  3700K .......... .......... .......... .......... .......... 11%  919M 0s
  3750K .......... .......... .......... .......... .......... 11% 1.05G 0s
  3800K .......... .......... .......... .......... .......... 11% 1.01G 0s
  3850K .......... .......... .......... .......... .......... 11%  964M 0s
  3900K .......... .......... .......... .......... .......... 12% 1.05G 0s
  3950K .......... .......... .......... .......... .......... 12%  815M 0s
  4000K .......... .......... .......... .......... .......... 12%  976K 1s
  4050K .......... .......... .......... .......... .......... 12%  370M 1s
  4100K .......... .......... .......... .......... .......... 12% 88.9M 1s
  4150K .......... .......... .......... .......... .......... 12%  696M 1s
  4200K .......... .......... .......... .......... .......... 12%  562M 1s
  4250K .......... .......... .......... .......... .......... 13%  572M 1s
  4300K .......... .......... .......... .......... .......... 13%  717M 1s
  4350K .......... .......... .......... .......... .......... 13%  491M 1s
  4400K .......... .......... .......... .......... .......... 13%  609M 1s
  4450K .......... .......... .......... .......... .......... 13%  517M 1s
  4500K .......... .......... .......... .......... .......... 13%  671M 1s
  4550K .......... .......... .......... .......... .......... 14%  890M 1s
  4600K .......... .......... .......... .......... .......... 14%  772M 1s
  4650K .......... .......... .......... .......... .......... 14% 1.03G 1s
  4700K .......... .......... .......... .......... .......... 14%  675M 1s
  4750K .......... .......... .......... .......... .......... 14%  848M 1s
  4800K .......... .......... .......... .......... .......... 14%  968M 1s
  4850K .......... .......... .......... .......... .......... 14%  671M 1s
  4900K .......... .......... .......... .......... .......... 15%  664M 1s
  4950K .......... .......... .......... .......... .......... 15%  688M 1s
  5000K .......... .......... .......... .......... .......... 15%  741M 1s
  5050K .......... .......... .......... .......... .......... 15%  762M 1s
  5100K .......... .......... .......... .......... .......... 15% 98.7M 1s
  5150K .......... .......... .......... .......... .......... 15% 1017M 1s
  5200K .......... .......... .......... .......... .......... 15%  702M 1s
  5250K .......... .......... .......... .......... .......... 16% 1016M 1s
  5300K .......... .......... .......... .......... .......... 16%  829M 1s
  5350K .......... .......... .......... .......... .......... 16%  659M 1s
  5400K .......... .......... .......... .......... .......... 16%  720M 1s
  5450K .......... .......... .......... .......... .......... 16%  838M 1s
  5500K .......... .......... .......... .......... .......... 16%  685M 1s
  5550K .......... .......... .......... .......... .......... 17%  870M 1s
  5600K .......... .......... .......... .......... .......... 17%  709M 1s
  5650K .......... .......... .......... .......... .......... 17%  732M 1s
  5700K .......... .......... .......... .......... .......... 17%  800M 1s
  5750K .......... .......... .......... .......... .......... 17%  808M 1s
  5800K .......... .......... .......... .......... .......... 17%  753M 1s
  5850K .......... .......... .......... .......... .......... 17%  633M 1s
  5900K .......... .......... .......... .......... .......... 18%  638M 1s
  5950K .......... .......... .......... .......... .......... 18%  756M 1s
  6000K .......... .......... .......... .......... .......... 18%  728M 1s
  6050K .......... .......... .......... .......... .......... 18%  755M 1s
  6100K .......... .......... .......... .......... .......... 18%  745M 1s
  6150K .......... .......... .......... .......... .......... 18%  826M 0s
  6200K .......... .......... .......... .......... .......... 19%  685M 0s
  6250K .......... .......... .......... .......... .......... 19%  755M 0s
  6300K .......... .......... .......... .......... .......... 19%  687M 0s
  6350K .......... .......... .......... .......... .......... 19%  726M 0s
  6400K .......... .......... .......... .......... .......... 19%  874M 0s
  6450K .......... .......... .......... .......... .......... 19%  620M 0s
  6500K .......... .......... .......... .......... .......... 19%  716M 0s
  6550K .......... .......... .......... .......... .......... 20%  111M 0s
  6600K .......... .......... .......... .......... .......... 20%  619M 0s
  6650K .......... .......... .......... .......... .......... 20%  723M 0s
  6700K .......... .......... .......... .......... .......... 20%  636M 0s
  6750K .......... .......... .......... .......... .......... 20%  773M 0s
  6800K .......... .......... .......... .......... .......... 20%  794M 0s
  6850K .......... .......... .......... .......... .......... 21%  643M 0s
  6900K .......... .......... .......... .......... .......... 21%  814M 0s
  6950K .......... .......... .......... .......... .......... 21%  445M 0s
  7000K .......... .......... .......... .......... .......... 21%  912M 0s
  7050K .......... .......... .......... .......... .......... 21%  787M 0s
  7100K .......... .......... .......... .......... .......... 21%  615M 0s
  7150K .......... .......... .......... .......... .......... 21%  131M 0s
  7200K .......... .......... .......... .......... .......... 22%  712M 0s
  7250K .......... .......... .......... .......... .......... 22%  485M 0s
  7300K .......... .......... .......... .......... .......... 22%  841M 0s
  7350K .......... .......... .......... .......... .......... 22%  755M 0s
  7400K .......... .......... .......... .......... .......... 22%  772M 0s
  7450K .......... .......... .......... .......... .......... 22%  753M 0s
  7500K .......... .......... .......... .......... .......... 22%  849M 0s
  7550K .......... .......... .......... .......... .......... 23%  306M 0s
  7600K .......... .......... .......... .......... .......... 23%  580M 0s
  7650K .......... .......... .......... .......... .......... 23%  664M 0s
  7700K .......... .......... .......... .......... .......... 23% 1003K 1s
  7750K .......... .......... .......... .......... .......... 23%  691M 1s
  7800K .......... .......... .......... .......... .......... 23% 23.9M 1s
  7850K .......... .......... .......... .......... .......... 24%  103M 1s
  7900K .......... .......... .......... .......... .......... 24%  770M 1s
  7950K .......... .......... .......... .......... .......... 24% 1.05G 1s
  8000K .......... .......... .......... .......... .......... 24% 1.05G 1s
  8050K .......... .......... .......... .......... .......... 24%  695M 1s
  8100K .......... .......... .......... .......... .......... 24% 1.01G 1s
  8150K .......... .......... .......... .......... .......... 24% 1.21G 1s
  8200K .......... .......... .......... .......... .......... 25%  957M 1s
  8250K .......... .......... .......... .......... .......... 25%  480M 1s
  8300K .......... .......... .......... .......... .......... 25% 1.17G 1s
  8350K .......... .......... .......... .......... .......... 25%  729M 0s
  8400K .......... .......... .......... .......... .......... 25% 1.19G 0s
  8450K .......... .......... .......... .......... .......... 25%  637M 0s
  8500K .......... .......... .......... .......... .......... 26%  922M 0s
  8550K .......... .......... .......... .......... .......... 26% 1.21G 0s
  8600K .......... .......... .......... .......... .......... 26% 1.07G 0s
  8650K .......... .......... .......... .......... .......... 26% 93.9M 0s
  8700K .......... .......... .......... .......... .......... 26%  642M 0s
  8750K .......... .......... .......... .......... .......... 26% 1.11G 0s
  8800K .......... .......... .......... .......... .......... 26%  842M 0s
  8850K .......... .......... .......... .......... .......... 27% 1017M 0s
  8900K .......... .......... .......... .......... .......... 27% 1.11G 0s
  8950K .......... .......... .......... .......... .......... 27%  965M 0s
  9000K .......... .......... .......... .......... .......... 27% 1.10G 0s
  9050K .......... .......... .......... .......... .......... 27% 1.09G 0s
  9100K .......... .......... .......... .......... .......... 27%  934M 0s
  9150K .......... .......... .......... .......... .......... 28%  108M 0s
  9200K .......... .......... .......... .......... .......... 28%  761M 0s
  9250K .......... .......... .......... .......... .......... 28%  940M 0s
  9300K .......... .......... .......... .......... .......... 28%  874M 0s
  9350K .......... .......... .......... .......... .......... 28%  948M 0s
  9400K .......... .......... .......... .......... .......... 28% 1.01G 0s
  9450K .......... .......... .......... .......... .......... 28%  785M 0s
  9500K .......... .......... .......... .......... .......... 29%  931M 0s
  9550K .......... .......... .......... .......... .......... 29%  919M 0s
  9600K .......... .......... .......... .......... .......... 29%  730M 0s
  9650K .......... .......... .......... .......... .......... 29%  969M 0s
  9700K .......... .......... .......... .......... .......... 29%  767M 0s
  9750K .......... .......... .......... .......... .......... 29%  838M 0s
  9800K .......... .......... .......... .......... .......... 29%  964M 0s
  9850K .......... .......... .......... .......... .......... 30%  823M 0s
  9900K .......... .......... .......... .......... .......... 30%  877M 0s
  9950K .......... .......... .......... .......... .......... 30%  115M 0s
 10000K .......... .......... .......... .......... .......... 30%  642M 0s
 10050K .......... .......... .......... .......... .......... 30%  767M 0s
 10100K .......... .......... .......... .......... .......... 30%  665M 0s
 10150K .......... .......... .......... .......... .......... 31% 1005M 0s
 10200K .......... .......... .......... .......... .......... 31%  540M 0s
 10250K .......... .......... .......... .......... .......... 31%  841M 0s
 10300K .......... .......... .......... .......... .......... 31%  955K 0s
 10350K .......... .......... .......... .......... .......... 31%  350M 0s
 10400K .......... .......... .......... .......... .......... 31%  794M 0s
 10450K .......... .......... .......... .......... .......... 31%  779M 0s
 10500K .......... .......... .......... .......... .......... 32%  880M 0s
 10550K .......... .......... .......... .......... .......... 32%  778M 0s
 10600K .......... .......... .......... .......... .......... 32%  746M 0s
 10650K .......... .......... .......... .......... .......... 32% 1.23G 0s
 10700K .......... .......... .......... .......... .......... 32% 98.2M 0s
 10750K .......... .......... .......... .......... .......... 32%  661M 0s
 10800K .......... .......... .......... .......... .......... 33% 1.03G 0s
 10850K .......... .......... .......... .......... .......... 33%  714M 0s
 10900K .......... .......... .......... .......... .......... 33%  965M 0s
 10950K .......... .......... .......... .......... .......... 33% 1003M 0s
 11000K .......... .......... .......... .......... .......... 33%  853M 0s
 11050K .......... .......... .......... .......... .......... 33% 1014M 0s
 11100K .......... .......... .......... .......... .......... 33%  899M 0s
 11150K .......... .......... .......... .......... .......... 34%  967M 0s
 11200K .......... .......... .......... .......... .......... 34%  920M 0s
 11250K .......... .......... .......... .......... .......... 34% 1.04G 0s
 11300K .......... .......... .......... .......... .......... 34%  702M 0s
 11350K .......... .......... .......... .......... .......... 34%  819M 0s
 11400K .......... .......... .......... .......... .......... 34%  912M 0s
 11450K .......... .......... .......... .......... .......... 35%  746M 0s
 11500K .......... .......... .......... .......... .......... 35%  758M 0s
 11550K .......... .......... .......... .......... .......... 35%  890M 0s
 11600K .......... .......... .......... .......... .......... 35%  700M 0s
 11650K .......... .......... .......... .......... .......... 35%  848M 0s
 11700K .......... .......... .......... .......... .......... 35%  702M 0s
 11750K .......... .......... .......... .......... .......... 35%  833M 0s
 11800K .......... .......... .......... .......... .......... 36%  830M 0s
 11850K .......... .......... .......... .......... .......... 36%  708M 0s
 11900K .......... .......... .......... .......... .......... 36%  804M 0s
 11950K .......... .......... .......... .......... .......... 36%  685M 0s
 12000K .......... .......... .......... .......... .......... 36%  855M 0s
 12050K .......... .......... .......... .......... .......... 36%  889M 0s
 12100K .......... .......... .......... .......... .......... 36%  689M 0s
 12150K .......... .......... .......... .......... .......... 37%  666M 0s
 12200K .......... .......... .......... .......... .......... 37%  646M 0s
 12250K .......... .......... .......... .......... .......... 37%  811M 0s
 12300K .......... .......... .......... .......... .......... 37%  881M 0s
 12350K .......... .......... .......... .......... .......... 37%  784M 0s
 12400K .......... .......... .......... .......... .......... 37%  824M 0s
 12450K .......... .......... .......... .......... .......... 38%  741M 0s
 12500K .......... .......... .......... .......... .......... 38%  721M 0s
 12550K .......... .......... .......... .......... .......... 38%  915M 0s
 12600K .......... .......... .......... .......... .......... 38%  874M 0s
 12650K .......... .......... .......... .......... .......... 38%  994M 0s
 12700K .......... .......... .......... .......... .......... 38%  386M 0s
 12750K .......... .......... .......... .......... .......... 38%  632M 0s
 12800K .......... .......... .......... .......... .......... 39%  974M 0s
 12850K .......... .......... .......... .......... .......... 39%  537M 0s
 12900K .......... .......... .......... .......... .......... 39%  548M 0s
 12950K .......... .......... .......... .......... .......... 39%  615M 0s
 13000K .......... .......... .......... .......... .......... 39%  868M 0s
 13050K .......... .......... .......... .......... .......... 39%  882M 0s
 13100K .......... .......... .......... .......... .......... 40% 90.2M 0s
 13150K .......... .......... .......... .......... .......... 40%  613M 0s
 13200K .......... .......... .......... .......... .......... 40%  471M 0s
 13250K .......... .......... .......... .......... .......... 40%  885K 0s
 13300K .......... .......... .......... .......... .......... 40% 28.7M 0s
 13350K .......... .......... .......... .......... .......... 40%  562M 0s
 13400K .......... .......... .......... .......... .......... 40%  643M 0s
 13450K .......... .......... .......... .......... .......... 41%  613M 0s
 13500K .......... .......... .......... .......... .......... 41%  637M 0s
 13550K .......... .......... .......... .......... .......... 41%  720M 0s
 13600K .......... .......... .......... .......... .......... 41%  600M 0s
 13650K .......... .......... .......... .......... .......... 41%  525M 0s
 13700K .......... .......... .......... .......... .......... 41%  554M 0s
 13750K .......... .......... .......... .......... .......... 42%  659M 0s
 13800K .......... .......... .......... .......... .......... 42%  832M 0s
 13850K .......... .......... .......... .......... .......... 42%  639M 0s
 13900K .......... .......... .......... .......... .......... 42%  510M 0s
 13950K .......... .......... .......... .......... .......... 42%  619M 0s
 14000K .......... .......... .......... .......... .......... 42%  879M 0s
 14050K .......... .......... .......... .......... .......... 42%  723M 0s
 14100K .......... .......... .......... .......... .......... 43%  756M 0s
 14150K .......... .......... .......... .......... .......... 43%  743M 0s
 14200K .......... .......... .......... .......... .......... 43%  656M 0s
 14250K .......... .......... .......... .......... .......... 43%  926M 0s
 14300K .......... .......... .......... .......... .......... 43%  969M 0s
 14350K .......... .......... .......... .......... .......... 43%  722M 0s
 14400K .......... .......... .......... .......... .......... 44%  873M 0s
 14450K .......... .......... .......... .......... .......... 44%  800M 0s
 14500K .......... .......... .......... .......... .......... 44%  850M 0s
 14550K .......... .......... .......... .......... .......... 44%  481M 0s
 14600K .......... .......... .......... .......... .......... 44%  422M 0s
 14650K .......... .......... .......... .......... .......... 44%  496M 0s
 14700K .......... .......... .......... .......... .......... 44%  412M 0s
 14750K .......... .......... .......... .......... .......... 45%  558M 0s
 14800K .......... .......... .......... .......... .......... 45%  735M 0s
 14850K .......... .......... .......... .......... .......... 45%  652M 0s
 14900K .......... .......... .......... .......... .......... 45%  809M 0s
 14950K .......... .......... .......... .......... .......... 45%  761M 0s
 15000K .......... .......... .......... .......... .......... 45%  757M 0s
 15050K .......... .......... .......... .......... .......... 45%  838M 0s
 15100K .......... .......... .......... .......... .......... 46%  604M 0s
 15150K .......... .......... .......... .......... .......... 46%  592M 0s
 15200K .......... .......... .......... .......... .......... 46%  505M 0s
 15250K .......... .......... .......... .......... .......... 46%  576M 0s
 15300K .......... .......... .......... .......... .......... 46%  576M 0s
 15350K .......... .......... .......... .......... .......... 46%  528M 0s
 15400K .......... .......... .......... .......... .......... 47%  618M 0s
 15450K .......... .......... .......... .......... .......... 47%  540M 0s
 15500K .......... .......... .......... .......... .......... 47%  553M 0s
 15550K .......... .......... .......... .......... .......... 47%  614M 0s
 15600K .......... .......... .......... .......... .......... 47%  839M 0s
 15650K .......... .......... .......... .......... .......... 47% 1.04G 0s
 15700K .......... .......... .......... .......... .......... 47%  915M 0s
 15750K .......... .......... .......... .......... .......... 48% 1.03M 0s
 15800K .......... .......... .......... .......... .......... 48%  857M 0s
 15850K .......... .......... .......... .......... .......... 48%  447M 0s
 15900K .......... .......... .......... .......... .......... 48%  513M 0s
 15950K .......... .......... .......... .......... .......... 48%  439M 0s
 16000K .......... .......... .......... .......... .......... 48%  221M 0s
 16050K .......... .......... .......... .......... .......... 49%  527M 0s
 16100K .......... .......... .......... .......... .......... 49%  585M 0s
 16150K .......... .......... .......... .......... .......... 49%  973M 0s
 16200K .......... .......... .......... .......... .......... 49%  483M 0s
 16250K .......... .......... .......... .......... .......... 49%  607M 0s
 16300K .......... .......... .......... .......... .......... 49%  934M 0s
 16350K .......... .......... .......... .......... .......... 49%  751M 0s
 16400K .......... .......... .......... .......... .......... 50%  618M 0s
 16450K .......... .......... .......... .......... .......... 50%  619M 0s
 16500K .......... .......... .......... .......... .......... 50%  278M 0s
 16550K .......... .......... .......... .......... .......... 50%  510M 0s
 16600K .......... .......... .......... .......... .......... 50%  502M 0s
 16650K .......... .......... .......... .......... .......... 50% 1.08G 0s
 16700K .......... .......... .......... .......... .......... 51%  751M 0s
 16750K .......... .......... .......... .......... .......... 51%  902M 0s
 16800K .......... .......... .......... .......... .......... 51%  390M 0s
 16850K .......... .......... .......... .......... .......... 51%  776M 0s
 16900K .......... .......... .......... .......... .......... 51% 26.6M 0s
 16950K .......... .......... .......... .......... .......... 51%  104M 0s
 17000K .......... .......... .......... .......... .......... 51%  579M 0s
 17050K .......... .......... .......... .......... .......... 52%  967M 0s
 17100K .......... .......... .......... .......... .......... 52%  645M 0s
 17150K .......... .......... .......... .......... .......... 52%  627M 0s
 17200K .......... .......... .......... .......... .......... 52%  558M 0s
 17250K .......... .......... .......... .......... .......... 52%  835M 0s
 17300K .......... .......... .......... .......... .......... 52%  933M 0s
 17350K .......... .......... .......... .......... .......... 52% 69.1M 0s
 17400K .......... .......... .......... .......... .......... 53%  433M 0s
 17450K .......... .......... .......... .......... .......... 53%  686M 0s
 17500K .......... .......... .......... .......... .......... 53%  628M 0s
 17550K .......... .......... .......... .......... .......... 53%  837M 0s
 17600K .......... .......... .......... .......... .......... 53%  706M 0s
 17650K .......... .......... .......... .......... .......... 53%  745M 0s
 17700K .......... .......... .......... .......... .......... 54%  450M 0s
 17750K .......... .......... .......... .......... .......... 54%  525M 0s
 17800K .......... .......... .......... .......... .......... 54%  563M 0s
 17850K .......... .......... .......... .......... .......... 54%  645M 0s
 17900K .......... .......... .......... .......... .......... 54%  751M 0s
 17950K .......... .......... .......... .......... .......... 54%  683M 0s
 18000K .......... .......... .......... .......... .......... 54%  755M 0s
 18050K .......... .......... .......... .......... .......... 55%  726M 0s
 18100K .......... .......... .......... .......... .......... 55%  643M 0s
 18150K .......... .......... .......... .......... .......... 55%  835M 0s
 18200K .......... .......... .......... .......... .......... 55%  697M 0s
 18250K .......... .......... .......... .......... .......... 55%  693M 0s
 18300K .......... .......... .......... .......... .......... 55%  848M 0s
 18350K .......... .......... .......... .......... .......... 56%  681M 0s
 18400K .......... .......... .......... .......... .......... 56%  746M 0s
 18450K .......... .......... .......... .......... .......... 56%  669M 0s
 18500K .......... .......... .......... .......... .......... 56%  797M 0s
 18550K .......... .......... .......... .......... .......... 56%  820M 0s
 18600K .......... .......... .......... .......... .......... 56%  584M 0s
 18650K .......... .......... .......... .......... .......... 56%  799M 0s
 18700K .......... .......... .......... .......... .......... 57% 1.01M 0s
 18750K .......... .......... .......... .......... .......... 57%  192M 0s
 18800K .......... .......... .......... .......... .......... 57%  592M 0s
 18850K .......... .......... .......... .......... .......... 57%  501M 0s
 18900K .......... .......... .......... .......... .......... 57%  651M 0s
 18950K .......... .......... .......... .......... .......... 57%  709M 0s
 19000K .......... .......... .......... .......... .......... 58%  359M 0s
 19050K .......... .......... .......... .......... .......... 58%  860M 0s
 19100K .......... .......... .......... .......... .......... 58%  554M 0s
 19150K .......... .......... .......... .......... .......... 58%  933M 0s
 19200K .......... .......... .......... .......... .......... 58%  512M 0s
 19250K .......... .......... .......... .......... .......... 58%  567M 0s
 19300K .......... .......... .......... .......... .......... 58%  680M 0s
 19350K .......... .......... .......... .......... .......... 59%  652M 0s
 19400K .......... .......... .......... .......... .......... 59%  937M 0s
 19450K .......... .......... .......... .......... .......... 59%  687M 0s
 19500K .......... .......... .......... .......... .......... 59%  544M 0s
 19550K .......... .......... .......... .......... .......... 59%  779M 0s
 19600K .......... .......... .......... .......... .......... 59%  669M 0s
 19650K .......... .......... .......... .......... .......... 59%  911M 0s
 19700K .......... .......... .......... .......... .......... 60% 17.6M 0s
 19750K .......... .......... .......... .......... .......... 60%  106M 0s
 19800K .......... .......... .......... .......... .......... 60%  762M 0s
 19850K .......... .......... .......... .......... .......... 60%  542M 0s
 19900K .......... .......... .......... .......... .......... 60%  778M 0s
 19950K .......... .......... .......... .......... .......... 60%  618M 0s
 20000K .......... .......... .......... .......... .......... 61%  733M 0s
 20050K .......... .......... .......... .......... .......... 61%  800M 0s
 20100K .......... .......... .......... .......... .......... 61%  658M 0s
 20150K .......... .......... .......... .......... .......... 61%  901M 0s
 20200K .......... .......... .......... .......... .......... 61%  565M 0s
 20250K .......... .......... .......... .......... .......... 61%  756M 0s
 20300K .......... .......... .......... .......... .......... 61%  781M 0s
 20350K .......... .......... .......... .......... .......... 62%  663M 0s
 20400K .......... .......... .......... .......... .......... 62%  794M 0s
 20450K .......... .......... .......... .......... .......... 62%  641M 0s
 20500K .......... .......... .......... .......... .......... 62%  117M 0s
 20550K .......... .......... .......... .......... .......... 62%  762M 0s
 20600K .......... .......... .......... .......... .......... 62%  494M 0s
 20650K .......... .......... .......... .......... .......... 63%  585M 0s
 20700K .......... .......... .......... .......... .......... 63%  469M 0s
 20750K .......... .......... .......... .......... .......... 63%  538M 0s
 20800K .......... .......... .......... .......... .......... 63%  571M 0s
 20850K .......... .......... .......... .......... .......... 63%  448M 0s
 20900K .......... .......... .......... .......... .......... 63%  529M 0s
 20950K .......... .......... .......... .......... .......... 63%  449M 0s
 21000K .......... .......... .......... .......... .......... 64%  566M 0s
 21050K .......... .......... .......... .......... .......... 64%  560M 0s
 21100K .......... .......... .......... .......... .......... 64%  469M 0s
 21150K .......... .......... .......... .......... .......... 64%  587M 0s
 21200K .......... .......... .......... .......... .......... 64%  475M 0s
 21250K .......... .......... .......... .......... .......... 64%  547M 0s
 21300K .......... .......... .......... .......... .......... 65%  792M 0s
 21350K .......... .......... .......... .......... .......... 65%  673M 0s
 21400K .......... .......... .......... .......... .......... 65%  750M 0s
 21450K .......... .......... .......... .......... .......... 65%  694M 0s
 21500K .......... .......... .......... .......... .......... 65%  815M 0s
 21550K .......... .......... .......... .......... .......... 65%  712M 0s
 21600K .......... .......... .......... .......... .......... 65%  777M 0s
 21650K .......... .......... .......... .......... .......... 66%  796M 0s
 21700K .......... .......... .......... .......... .......... 66%  622M 0s
 21750K .......... .......... .......... .......... .......... 66%  806M 0s
 21800K .......... .......... .......... .......... .......... 66%  830M 0s
 21850K .......... .......... .......... .......... .......... 66%  632M 0s
 21900K .......... .......... .......... .......... .......... 66%  883M 0s
 21950K .......... .......... .......... .......... .......... 66%  673M 0s
 22000K .......... .......... .......... .......... .......... 67%  753M 0s
 22050K .......... .......... .......... .......... .......... 67%  799M 0s
 22100K .......... .......... .......... .......... .......... 67%  676M 0s
 22150K .......... .......... .......... .......... .......... 67%  763M 0s
 22200K .......... .......... .......... .......... .......... 67%  675M 0s
 22250K .......... .......... .......... .......... .......... 67%  803M 0s
 22300K .......... .......... .......... .......... .......... 68%  602M 0s
 22350K .......... .......... .......... .......... .......... 68%  485M 0s
 22400K .......... .......... .......... .......... .......... 68%  955K 0s
 22450K .......... .......... .......... .......... .......... 68%  490M 0s
 22500K .......... .......... .......... .......... .......... 68%  513M 0s
 22550K .......... .......... .......... .......... .......... 68%  589M 0s
 22600K .......... .......... .......... .......... .......... 68%  439M 0s
 22650K .......... .......... .......... .......... .......... 69%  501M 0s
 22700K .......... .......... .......... .......... .......... 69%  482M 0s
 22750K .......... .......... .......... .......... .......... 69%  525M 0s
 22800K .......... .......... .......... .......... .......... 69%  527M 0s
 22850K .......... .......... .......... .......... .......... 69%  457M 0s
 22900K .......... .......... .......... .......... .......... 69%  424M 0s
 22950K .......... .......... .......... .......... .......... 70%  217M 0s
 23000K .......... .......... .......... .......... .......... 70%  534M 0s
 23050K .......... .......... .......... .......... .......... 70%  446M 0s
 23100K .......... .......... .......... .......... .......... 70%  450M 0s
 23150K .......... .......... .......... .......... .......... 70%  575M 0s
 23200K .......... .......... .......... .......... .......... 70%  384M 0s
 23250K .......... .......... .......... .......... .......... 70%  526M 0s
 23300K .......... .......... .......... .......... .......... 71%  427M 0s
 23350K .......... .......... .......... .......... .......... 71%  519M 0s
 23400K .......... .......... .......... .......... .......... 71%  566M 0s
 23450K .......... .......... .......... .......... .......... 71%  500M 0s
 23500K .......... .......... .......... .......... .......... 71%  606M 0s
 23550K .......... .......... .......... .......... .......... 71%  580M 0s
 23600K .......... .......... .......... .......... .......... 72%  499M 0s
 23650K .......... .......... .......... .......... .......... 72%  600M 0s
 23700K .......... .......... .......... .......... .......... 72%  505M 0s
 23750K .......... .......... .......... .......... .......... 72%  574M 0s
 23800K .......... .......... .......... .......... .......... 72%  503M 0s
 23850K .......... .......... .......... .......... .......... 72%  517M 0s
 23900K .......... .......... .......... .......... .......... 72%  420M 0s
 23950K .......... .......... .......... .......... .......... 73%  518M 0s
 24000K .......... .......... .......... .......... .......... 73%  589M 0s
 24050K .......... .......... .......... .......... .......... 73%  517M 0s
 24100K .......... .......... .......... .......... .......... 73%  517M 0s
 24150K .......... .......... .......... .......... .......... 73%  618M 0s
 24200K .......... .......... .......... .......... .......... 73%  491M 0s
 24250K .......... .......... .......... .......... .......... 73%  510M 0s
 24300K .......... .......... .......... .......... .......... 74%  331M 0s
 24350K .......... .......... .......... .......... .......... 74%  490M 0s
 24400K .......... .......... .......... .......... .......... 74%  603M 0s
 24450K .......... .......... .......... .......... .......... 74%  508M 0s
 24500K .......... .......... .......... .......... .......... 74%  463M 0s
 24550K .......... .......... .......... .......... .......... 74%  551M 0s
 24600K .......... .......... .......... .......... .......... 75%  422M 0s
 24650K .......... .......... .......... .......... .......... 75%  538M 0s
 24700K .......... .......... .......... .......... .......... 75%  473M 0s
 24750K .......... .......... .......... .......... .......... 75%  529M 0s
 24800K .......... .......... .......... .......... .......... 75%  560M 0s
 24850K .......... .......... .......... .......... .......... 75%  446M 0s
 24900K .......... .......... .......... .......... .......... 75%  534M 0s
 24950K .......... .......... .......... .......... .......... 76%  469M 0s
 25000K .......... .......... .......... .......... .......... 76%  520M 0s
 25050K .......... .......... .......... .......... .......... 76%  545M 0s
 25100K .......... .......... .......... .......... .......... 76%  474M 0s
 25150K .......... .......... .......... .......... .......... 76%  559M 0s
 25200K .......... .......... .......... .......... .......... 76%  470M 0s
 25250K .......... .......... .......... .......... .......... 77%  561M 0s
 25300K .......... .......... .......... .......... .......... 77%  541M 0s
 25350K .......... .......... .......... .......... .......... 77%  473M 0s
 25400K .......... .......... .......... .......... .......... 77%  976K 0s
 25450K .......... .......... .......... .......... .......... 77%  284M 0s
 25500K .......... .......... .......... .......... .......... 77%  575M 0s
 25550K .......... .......... .......... .......... .......... 77%  579M 0s
 25600K .......... .......... .......... .......... .......... 78%  481M 0s
 25650K .......... .......... .......... .......... .......... 78%  621M 0s
 25700K .......... .......... .......... .......... .......... 78%  472M 0s
 25750K .......... .......... .......... .......... .......... 78%  544M 0s
 25800K .......... .......... .......... .......... .......... 78%  592M 0s
 25850K .......... .......... .......... .......... .......... 78%  484M 0s
 25900K .......... .......... .......... .......... .......... 79%  498M 0s
 25950K .......... .......... .......... .......... .......... 79%  556M 0s
 26000K .......... .......... .......... .......... .......... 79%  645M 0s
 26050K .......... .......... .......... .......... .......... 79%  561M 0s
 26100K .......... .......... .......... .......... .......... 79% 91.8M 0s
 26150K .......... .......... .......... .......... .......... 79%  583M 0s
 26200K .......... .......... .......... .......... .......... 79%  371M 0s
 26250K .......... .......... .......... .......... .......... 80%  254M 0s
 26300K .......... .......... .......... .......... .......... 80%  654M 0s
 26350K .......... .......... .......... .......... .......... 80%  501M 0s
 26400K .......... .......... .......... .......... .......... 80%  616M 0s
 26450K .......... .......... .......... .......... .......... 80%  570M 0s
 26500K .......... .......... .......... .......... .......... 80%  310M 0s
 26550K .......... .......... .......... .......... .......... 80%  531M 0s
 26600K .......... .......... .......... .......... .......... 81%  522M 0s
 26650K .......... .......... .......... .......... .......... 81%  603M 0s
 26700K .......... .......... .......... .......... .......... 81%  492M 0s
 26750K .......... .......... .......... .......... .......... 81%  643M 0s
 26800K .......... .......... .......... .......... .......... 81%  639M 0s
 26850K .......... .......... .......... .......... .......... 81%  516M 0s
 26900K .......... .......... .......... .......... .......... 82%  511M 0s
 26950K .......... .......... .......... .......... .......... 82%  457M 0s
 27000K .......... .......... .......... .......... .......... 82%  570M 0s
 27050K .......... .......... .......... .......... .......... 82%  460M 0s
 27100K .......... .......... .......... .......... .......... 82%  529M 0s
 27150K .......... .......... .......... .......... .......... 82%  455M 0s
 27200K .......... .......... .......... .......... .......... 82%  423M 0s
 27250K .......... .......... .......... .......... .......... 83%  509M 0s
 27300K .......... .......... .......... .......... .......... 83%  506M 0s
 27350K .......... .......... .......... .......... .......... 83%  357M 0s
 27400K .......... .......... .......... .......... .......... 83%  516M 0s
 27450K .......... .......... .......... .......... .......... 83%  391M 0s
 27500K .......... .......... .......... .......... .......... 83%  454M 0s
 27550K .......... .......... .......... .......... .......... 84%  579M 0s
 27600K .......... .......... .......... .......... .......... 84%  553M 0s
 27650K .......... .......... .......... .......... .......... 84%  607M 0s
 27700K .......... .......... .......... .......... .......... 84%  523M 0s
 27750K .......... .......... .......... .......... .......... 84%  492M 0s
 27800K .......... .......... .......... .......... .......... 84%  636M 0s
 27850K .......... .......... .......... .......... .......... 84%  569M 0s
 27900K .......... .......... .......... .......... .......... 85%  653M 0s
 27950K .......... .......... .......... .......... .......... 85%  567M 0s
 28000K .......... .......... .......... .......... .......... 85%  639M 0s
 28050K .......... .......... .......... .......... .......... 85%  979K 0s
 28100K .......... .......... .......... .......... .......... 85%  116M 0s
 28150K .......... .......... .......... .......... .......... 85%  571M 0s
 28200K .......... .......... .......... .......... .......... 86%  546M 0s
 28250K .......... .......... .......... .......... .......... 86%  555M 0s
 28300K .......... .......... .......... .......... .......... 86%  601M 0s
 28350K .......... .......... .......... .......... .......... 86%  508M 0s
 28400K .......... .......... .......... .......... .......... 86%  524M 0s
 28450K .......... .......... .......... .......... .......... 86%  521M 0s
 28500K .......... .......... .......... .......... .......... 86%  295M 0s
 28550K .......... .......... .......... .......... .......... 87%  471M 0s
 28600K .......... .......... .......... .......... .......... 87%  553M 0s
 28650K .......... .......... .......... .......... .......... 87%  658M 0s
 28700K .......... .......... .......... .......... .......... 87%  428M 0s
 28750K .......... .......... .......... .......... .......... 87%  649M 0s
 28800K .......... .......... .......... .......... .......... 87%  660M 0s
 28850K .......... .......... .......... .......... .......... 88%  491M 0s
 28900K .......... .......... .......... .......... .......... 88%  573M 0s
 28950K .......... .......... .......... .......... .......... 88%  498M 0s
 29000K .......... .......... .......... .......... .......... 88%  540M 0s
 29050K .......... .......... .......... .......... .......... 88%  524M 0s
 29100K .......... .......... .......... .......... .......... 88%  487M 0s
 29150K .......... .......... .......... .......... .......... 88%  557M 0s
 29200K .......... .......... .......... .......... .......... 89%  471M 0s
 29250K .......... .......... .......... .......... .......... 89%  534M 0s
 29300K .......... .......... .......... .......... .......... 89%  558M 0s
 29350K .......... .......... .......... .......... .......... 89%  395M 0s
 29400K .......... .......... .......... .......... .......... 89%  545M 0s
 29450K .......... .......... .......... .......... .......... 89%  448M 0s
 29500K .......... .......... .......... .......... .......... 89%  548M 0s
 29550K .......... .......... .......... .......... .......... 90%  483M 0s
 29600K .......... .......... .......... .......... .......... 90%  462M 0s
 29650K .......... .......... .......... .......... .......... 90%  505M 0s
 29700K .......... .......... .......... .......... .......... 90%  466M 0s
 29750K .......... .......... .......... .......... .......... 90%  516M 0s
 29800K .......... .......... .......... .......... .......... 90%  534M 0s
 29850K .......... .......... .......... .......... .......... 91%  483M 0s
 29900K .......... .......... .......... .......... .......... 91%  440M 0s
 29950K .......... .......... .......... .......... .......... 91%  445M 0s
 30000K .......... .......... .......... .......... .......... 91%  559M 0s
 30050K .......... .......... .......... .......... .......... 91%  575M 0s
 30100K .......... .......... .......... .......... .......... 91%  458M 0s
 30150K .......... .......... .......... .......... .......... 91%  553M 0s
 30200K .......... .......... .......... .......... .......... 92%  468M 0s
 30250K .......... .......... .......... .......... .......... 92%  566M 0s
 30300K .......... .......... .......... .......... .......... 92%  586M 0s
 30350K .......... .......... .......... .......... .......... 92%  514M 0s
 30400K .......... .......... .......... .......... .......... 92%  549M 0s
 30450K .......... .......... .......... .......... .......... 92%  506M 0s
 30500K .......... .......... .......... .......... .......... 93%  578M 0s
 30550K .......... .......... .......... .......... .......... 93%  270M 0s
 30600K .......... .......... .......... .......... .......... 93%  505M 0s
 30650K .......... .......... .......... .......... .......... 93%  631M 0s
 30700K .......... .......... .......... .......... .......... 93%  523M 0s
 30750K .......... .......... .......... .......... .......... 93%  589M 0s
 30800K .......... .......... .......... .......... .......... 93%  634M 0s
 30850K .......... .......... .......... .......... .......... 94%  452M 0s
 30900K .......... .......... .......... .......... .......... 94%  538M 0s
 30950K .......... .......... .......... .......... .......... 94%  975K 0s
 31000K .......... .......... .......... .......... .......... 94%  337M 0s
 31050K .......... .......... .......... .......... .......... 94%  450M 0s
 31100K .......... .......... .......... .......... .......... 94%  408M 0s
 31150K .......... .......... .......... .......... .......... 95%  532M 0s
 31200K .......... .......... .......... .......... .......... 95%  495M 0s
 31250K .......... .......... .......... .......... .......... 95%  564M 0s
 31300K .......... .......... .......... .......... .......... 95%  599M 0s
 31350K .......... .......... .......... .......... .......... 95%  490M 0s
 31400K .......... .......... .......... .......... .......... 95%  575M 0s
 31450K .......... .......... .......... .......... .......... 95%  526M 0s
 31500K .......... .......... .......... .......... .......... 96%  564M 0s
 31550K .......... .......... .......... .......... .......... 96%  580M 0s
 31600K .......... .......... .......... .......... .......... 96%  497M 0s
 31650K .......... .......... .......... .......... .......... 96%  547M 0s
 31700K .......... .......... .......... .......... .......... 96%  462M 0s
 31750K .......... .......... .......... .......... .......... 96%  562M 0s
 31800K .......... .......... .......... .......... .......... 96%  317M 0s
 31850K .......... .......... .......... .......... .......... 97%  497M 0s
 31900K .......... .......... .......... .......... .......... 97%  603M 0s
 31950K .......... .......... .......... .......... .......... 97%  548M 0s
 32000K .......... .......... .......... .......... .......... 97%  572M 0s
 32050K .......... .......... .......... .......... .......... 97%  541M 0s
 32100K .......... .......... .......... .......... .......... 97%  550M 0s
 32150K .......... .......... .......... .......... .......... 98%  593M 0s
 32200K .......... .......... .......... .......... .......... 98%  538M 0s
 32250K .......... .......... .......... .......... .......... 98%  623M 0s
 32300K .......... .......... .......... .......... .......... 98%  661M 0s
 32350K .......... .......... .......... .......... .......... 98%  536M 0s
 32400K .......... .......... .......... .......... .......... 98%  654M 0s
 32450K .......... .......... .......... .......... .......... 98%  564M 0s
 32500K .......... .......... .......... .......... .......... 99%  634M 0s
 32550K .......... .......... .......... .......... .......... 99%  646M 0s
 32600K .......... .......... .......... .......... .......... 99%  278M 0s
 32650K .......... .......... .......... .......... .......... 99%  685M 0s
 32700K .......... .......... .......... .......... .......... 99%  567M 0s
 32750K .......... .......... .......... .......... .......... 99%  629M 0s
 32800K .......... .......... .......... .........            100%  618M=0.6s

2026-07-09 11:36:45 (50.7 MB/s) - ‘/workspace/backups/cindemirlaw.com-20260709-113003/cindemirlaw.com/wp-content/uploads/2020/06/rlandal-Turist-Konutu-Trkiyeyi-ok-Seviyorum.mp4?_=1’ saved [33627920/33627920]

--2026-07-09 11:36:46--  https://cindemirlaw.com/wp-content/uploads/2020/06/rlandal-Turist-Konutu-Trkiyeyi-ok-Seviyorum.mp4
Reusing existing connection to cindemirlaw.com:443.
HTTP request sent, awaiting response... 200 OK
Length: 33627920 (32M) [video/mp4]
Saving to: ‘/workspace/backups/cindemirlaw.com-20260709-113003/cindemirlaw.com/wp-content/uploads/2020/06/rlandal-Turist-Konutu-Trkiyeyi-ok-Seviyorum.mp4’

     0K .......... .......... .......... .......... ..........  0%  321M 0s
    50K .......... .......... .......... .......... ..........  0%  489M 0s
   100K .......... .......... .......... .......... ..........  0%  411M 0s
   150K .......... .......... .......... .......... ..........  0%  457M 0s
   200K .......... .......... .......... .......... ..........  0%  431M 0s
   250K .......... .......... .......... .......... ..........  0%  471M 0s
   300K .......... .......... .......... .......... ..........  1%  579M 0s
   350K .......... .......... .......... .......... ..........  1%  504M 0s
   400K .......... .......... .......... .......... ..........  1%  470M 0s
   450K .......... .......... .......... .......... ..........  1%  499M 0s
   500K .......... .......... .......... .......... ..........  1%  585M 0s
   550K .......... .......... .......... .......... ..........  1%  588M 0s
   600K .......... .......... .......... .......... ..........  1%  511M 0s
   650K .......... .......... .......... .......... ..........  2%  495M 0s
   700K .......... .......... .......... .......... ..........  2%  492M 0s
   750K .......... .......... .......... .......... ..........  2%  560M 0s
   800K .......... .......... .......... .......... ..........  2%  584M 0s
   850K .......... .......... .......... .......... ..........  2%  473M 0s
   900K .......... .......... .......... .......... ..........  2%  221M 0s
   950K .......... .......... .......... .......... ..........  3%  546M 0s
  1000K .......... .......... .......... .......... ..........  3%  610M 0s
  1050K .......... .......... .......... .......... ..........  3%  507M 0s
  1100K .......... .......... .......... .......... ..........  3%  498M 0s
  1150K .......... .......... .......... .......... ..........  3%  445M 0s
  1200K .......... .......... .......... .......... ..........  3%  510M 0s
  1250K .......... .......... .......... .......... ..........  3%  614M 0s
  1300K .......... .......... .......... .......... ..........  4%  656M 0s
  1350K .......... .......... .......... .......... ..........  4%  523M 0s
  1400K .......... .......... .......... .......... ..........  4%  612M 0s
  1450K .......... .......... .......... .......... ..........  4%  499M 0s
  1500K .......... .......... .......... .......... ..........  4%  521M 0s
  1550K .......... .......... .......... .......... ..........  4%  626M 0s
  1600K .......... .......... .......... .......... ..........  5%  494M 0s
  1650K .......... .......... .......... .......... ..........  5%  569M 0s
  1700K .......... .......... .......... .......... ..........  5%  387M 0s
  1750K .......... .......... .......... .......... ..........  5%  565M 0s
  1800K .......... .......... .......... .......... ..........  5%  539M 0s
  1850K .......... .......... .......... .......... ..........  5%  508M 0s
  1900K .......... .......... .......... .......... ..........  5%  573M 0s
  1950K .......... .......... .......... .......... ..........  6%  493M 0s
  2000K .......... .......... .......... .......... ..........  6%  572M 0s
  2050K .......... .......... .......... .......... ..........  6%  565M 0s
  2100K .......... .......... .......... .......... ..........  6%  463M 0s
  2150K .......... .......... .......... .......... ..........  6%  590M 0s
  2200K .......... .......... .......... .......... ..........  6%  492M 0s
  2250K .......... .......... .......... .......... ..........  7%  570M 0s
  2300K .......... .......... .......... .......... ..........  7%  549M 0s
  2350K .......... .......... .......... .......... ..........  7%  453M 0s
  2400K .......... .......... .......... .......... ..........  7%  572M 0s
  2450K .......... .......... .......... .......... ..........  7%  511M 0s
  2500K .......... .......... .......... .......... ..........  7%  510M 0s
  2550K .......... .......... .......... .......... ..........  7%  547M 0s
  2600K .......... .......... .......... .......... ..........  8%  482M 0s
  2650K .......... .......... .......... .......... ..........  8%  891K 1s
  2700K .......... .......... .......... .......... ..........  8%  365M 1s
  2750K .......... .......... .......... .......... ..........  8%  497M 1s
  2800K .......... .......... .......... .......... ..........  8%  437M 1s
  2850K .......... .......... .......... .......... ..........  8%  497M 1s
  2900K .......... .......... .......... .......... ..........  8%  540M 1s
  2950K .......... .......... .......... .......... ..........  9%  512M 1s
  3000K .......... .......... .......... .......... ..........  9%  527M 1s
  3050K .......... .......... .......... .......... ..........  9%  546M 1s
  3100K .......... .......... .......... .......... ..........  9%  497M 1s
  3150K .......... .......... .......... .......... ..........  9%  600M 1s
  3200K .......... .......... .......... .......... ..........  9%  484M 1s
  3250K .......... .......... .......... .......... .......... 10% 90.4M 1s
  3300K .......... .......... .......... .......... .......... 10%  439M 1s
  3350K .......... .......... .......... .......... .......... 10%  483M 1s
  3400K .......... .......... .......... .......... .......... 10%  639M 1s
  3450K .......... .......... .......... .......... .......... 10%  569M 1s
  3500K .......... .......... .......... .......... .......... 10%  609M 1s
  3550K .......... .......... .......... .......... .......... 10%  954K 1s
  3600K .......... .......... .......... .......... .......... 11%  380M 1s
  3650K .......... .......... .......... .......... .......... 11%  448M 1s
  3700K .......... .......... .......... .......... .......... 11%  399M 1s
  3750K .......... .......... .......... .......... .......... 11%  460M 1s
  3800K .......... .......... .......... .......... .......... 11%  446M 1s
  3850K .......... .......... .......... .......... .......... 11%  404M 1s
  3900K .......... .......... .......... .......... .......... 12%  504M 1s
  3950K .......... .......... .......... .......... .......... 12%  457M 1s
  4000K .......... .......... .......... .......... .......... 12%  479M 1s
  4050K .......... .......... .......... .......... .......... 12%  524M 1s
  4100K .......... .......... .......... .......... .......... 12%  428M 1s
  4150K .......... .......... .......... .......... .......... 12%  623M 1s
  4200K .......... .......... .......... .......... .......... 12%  509M 1s
  4250K .......... .......... .......... .......... .......... 13%  729M 1s
  4300K .......... .......... .......... .......... .......... 13%  818M 1s
  4350K .......... .......... .......... .......... .......... 13%  778M 1s
  4400K .......... .......... .......... .......... .......... 13%  958M 1s
  4450K .......... .......... .......... .......... .......... 13%  700M 1s
  4500K .......... .......... .......... .......... .......... 13%  919M 1s
  4550K .......... .......... .......... .......... .......... 14%  765M 1s
  4600K .......... .......... .......... .......... .......... 14%  636M 1s
  4650K .......... .......... .......... .......... .......... 14% 1.04G 1s
  4700K .......... .......... .......... .......... .......... 14%  869M 1s
  4750K .......... .......... .......... .......... .......... 14%  922M 1s
  4800K .......... .......... .......... .......... .......... 14% 1.06G 1s
  4850K .......... .......... .......... .......... .......... 14%  872M 1s
  4900K .......... .......... .......... .......... .......... 15%  920M 1s
  4950K .......... .......... .......... .......... .......... 15%  758M 1s
  5000K .......... .......... .......... .......... .......... 15%  545M 1s
  5050K .......... .......... .......... .......... .......... 15%  984M 1s
  5100K .......... .......... .......... .......... .......... 15%  780M 1s
  5150K .......... .......... .......... .......... .......... 15% 1.07G 1s
  5200K .......... .......... .......... .......... .......... 15%  883M 1s
  5250K .......... .......... .......... .......... .......... 16%  872M 1s
  5300K .......... .......... .......... .......... .......... 16% 1.05G 1s
  5350K .......... .......... .......... .......... .......... 16%  772M 1s
  5400K .......... .......... .......... .......... .......... 16%  906M 1s
  5450K .......... .......... .......... .......... .......... 16%  925M 1s
  5500K .......... .......... .......... .......... .......... 16%  956M 1s
  5550K .......... .......... .......... .......... .......... 17%  883M 1s
  5600K .......... .......... .......... .......... .......... 17%  531M 1s
  5650K .......... .......... .......... .......... .......... 17%  688M 1s
  5700K .......... .......... .......... .......... .......... 17%  731M 1s
  5750K .......... .......... .......... .......... .......... 17%  858M 1s
  5800K .......... .......... .......... .......... .......... 17%  985M 1s
  5850K .......... .......... .......... .......... .......... 17%  711M 1s
  5900K .......... .......... .......... .......... .......... 18%  844M 1s
  5950K .......... .......... .......... .......... .......... 18%  493M 1s
  6000K .......... .......... .......... .......... .......... 18%  556M 1s
  6050K .......... .......... .......... .......... .......... 18%  724M 1s
  6100K .......... .......... .......... .......... .......... 18%  650M 1s
  6150K .......... .......... .......... .......... .......... 18%  956M 1s
  6200K .......... .......... .......... .......... .......... 19%  737M 1s
  6250K .......... .......... .......... .......... .......... 19%  979K 1s
  6300K .......... .......... .......... .......... .......... 19%  993M 1s
  6350K .......... .......... .......... .......... .......... 19%  555M 1s
  6400K .......... .......... .......... .......... .......... 19%  854M 1s
  6450K .......... .......... .......... .......... .......... 19%  794M 1s
  6500K .......... .......... .......... .......... .......... 19%  806M 1s
  6550K .......... .......... .......... .......... .......... 20%  897M 1s
  6600K .......... .......... .......... .......... .......... 20%  772M 1s
  6650K .......... .......... .......... .......... .......... 20%  863M 1s
  6700K .......... .......... .......... .......... .......... 20%  360M 1s
  6750K .......... .......... .......... .......... .......... 20%  973M 1s
  6800K .......... .......... .......... .......... .......... 20%  865M 1s
  6850K .......... .......... .......... .......... .......... 21%  874M 1s
  6900K .......... .......... .......... .......... .......... 21% 1.02G 1s
  6950K .......... .......... .......... .......... .......... 21%  841M 1s
  7000K .......... .......... .......... .......... .......... 21%  953M 1s
  7050K .......... .......... .......... .......... .......... 21%  959M 1s
  7100K .......... .......... .......... .......... .......... 21%  674M 1s
  7150K .......... .......... .......... .......... .......... 21%  808M 1s
  7200K .......... .......... .......... .......... .......... 22%  776M 1s
  7250K .......... .......... .......... .......... .......... 22%  848M 1s
  7300K .......... .......... .......... .......... .......... 22%  956M 1s
  7350K .......... .......... .......... .......... .......... 22%  771M 1s
  7400K .......... .......... .......... .......... .......... 22% 81.6M 1s
  7450K .......... .......... .......... .......... .......... 22%  803M 1s
  7500K .......... .......... .......... .......... .......... 22%  998M 1s
  7550K .......... .......... .......... .......... .......... 23%  932M 1s
  7600K .......... .......... .......... .......... .......... 23% 63.7M 1s
  7650K .......... .......... .......... .......... .......... 23%  112M 1s
  7700K .......... .......... .......... .......... .......... 23%  710M 1s
  7750K .......... .......... .......... .......... .......... 23%  603M 1s
  7800K .......... .......... .......... .......... .......... 23%  956M 1s
  7850K .......... .......... .......... .......... .......... 24%  828M 1s
  7900K .......... .......... .......... .......... .......... 24%  813M 1s
  7950K .......... .......... .......... .......... .......... 24%  814M 1s
  8000K .......... .......... .......... .......... .......... 24%  990M 1s
  8050K .......... .......... .......... .......... .......... 24%  888M 1s
  8100K .......... .......... .......... .......... .......... 24% 74.2M 1s
  8150K .......... .......... .......... .......... .......... 24% 1.00G 1s
  8200K .......... .......... .......... .......... .......... 25%  742M 1s
  8250K .......... .......... .......... .......... .......... 25% 1.08G 1s
  8300K .......... .......... .......... .......... .......... 25% 1.16G 1s
  8350K .......... .......... .......... .......... .......... 25%  773M 1s
  8400K .......... .......... .......... .......... .......... 25% 1.07G 1s
  8450K .......... .......... .......... .......... .......... 25%  929M 1s
  8500K .......... .......... .......... .......... .......... 26%  360M 0s
  8550K .......... .......... .......... .......... .......... 26%  935M 0s
  8600K .......... .......... .......... .......... .......... 26%  770M 0s
  8650K .......... .......... .......... .......... .......... 26%  968M 0s
  8700K .......... .......... .......... .......... .......... 26%  721M 0s
  8750K .......... .......... .......... .......... .......... 26%  923M 0s
  8800K .......... .......... .......... .......... .......... 26%  962M 0s
  8850K .......... .......... .......... .......... .......... 27%  730M 0s
  8900K .......... .......... .......... .......... .......... 27%  900M 0s
  8950K .......... .......... .......... .......... .......... 27%  818M 0s
  9000K .......... .......... .......... .......... .......... 27%  850M 0s
  9050K .......... .......... .......... .......... .......... 27%  937M 0s
  9100K .......... .......... .......... .......... .......... 27%  880K 1s
  9150K .......... .......... .......... .......... .......... 28%  461M 1s
  9200K .......... .......... .......... .......... .......... 28%  407M 1s
  9250K .......... .......... .......... .......... .......... 28%  471M 1s
  9300K .......... .......... .......... .......... .......... 28%  501M 1s
  9350K .......... .......... .......... .......... .......... 28%  478M 1s
  9400K .......... .......... .......... .......... .......... 28%  963K 1s
  9450K .......... .......... .......... .......... .......... 28%  496M 1s
  9500K .......... .......... .......... .......... .......... 29%  580M 1s
  9550K .......... .......... .......... .......... .......... 29%  472M 1s
  9600K .......... .......... .......... .......... .......... 29%  543M 1s
  9650K .......... .......... .......... .......... .......... 29%  647M 1s
  9700K .......... .......... .......... .......... .......... 29%  517M 1s
  9750K .......... .......... .......... .......... .......... 29%  600M 1s
  9800K .......... .......... .......... .......... .......... 29%  510M 1s
  9850K .......... .......... .......... .......... .......... 30%  506M 1s
  9900K .......... .......... .......... .......... .......... 30%  565M 1s
  9950K .......... .......... .......... .......... .......... 30%  512M 1s
 10000K .......... .......... .......... .......... .......... 30%  517M 1s
 10050K .......... .......... .......... .......... .......... 30%  567M 1s
 10100K .......... .......... .......... .......... .......... 30%  490M 1s
 10150K .......... .......... .......... .......... .......... 31%  594M 1s
 10200K .......... .......... .......... .......... .......... 31%  408M 1s
 10250K .......... .......... .......... .......... .......... 31%  468M 1s
 10300K .......... .......... .......... .......... .......... 31%  537M 1s
 10350K .......... .......... .......... .......... .......... 31%  488M 1s
 10400K .......... .......... .......... .......... .......... 31%  537M 1s
 10450K .......... .......... .......... .......... .......... 31%  521M 1s
 10500K .......... .......... .......... .......... .......... 32%  489M 1s
 10550K .......... .......... .......... .......... .......... 32%  438M 1s
 10600K .......... .......... .......... .......... .......... 32%  549M 1s
 10650K .......... .......... .......... .......... .......... 32%  629M 1s
 10700K .......... .......... .......... .......... .......... 32%  533M 1s
 10750K .......... .......... .......... .......... .......... 32%  622M 1s
 10800K .......... .......... .......... .......... .......... 33%  628M 1s
 10850K .......... .......... .......... .......... .......... 33%  537M 1s
 10900K .......... .......... .......... .......... .......... 33%  641M 1s
 10950K .......... .......... .......... .......... .......... 33%  537M 1s
 11000K .......... .......... .......... .......... .......... 33%  624M 1s
 11050K .......... .......... .......... .......... .......... 33%  632M 1s
 11100K .......... .......... .......... .......... .......... 33%  515M 1s
 11150K .......... .......... .......... .......... .......... 34%  651M 1s
 11200K .......... .......... .......... .......... .......... 34%  538M 1s
 11250K .......... .......... .......... .......... .......... 34%  622M 1s
 11300K .......... .......... .......... .......... .......... 34%  513M 1s
 11350K .......... .......... .......... .......... .......... 34%  534M 1s
 11400K .......... .......... .......... .......... .......... 34%  635M 1s
 11450K .......... .......... .......... .......... .......... 35%  510M 1s
 11500K .......... .......... .......... .......... .......... 35%  574M 1s
 11550K .......... .......... .......... .......... .......... 35%  569M 1s
 11600K .......... .......... .......... .......... .......... 35%  440M 1s
 11650K .......... .......... .......... .......... .......... 35%  596M 1s
 11700K .......... .......... .......... .......... .......... 35%  475M 1s
 11750K .......... .......... .......... .......... .......... 35%  574M 1s
 11800K .......... .......... .......... .......... .......... 36%  609M 1s
 11850K .......... .......... .......... .......... .......... 36%  473M 1s
 11900K .......... .......... .......... .......... .......... 36%  614M 1s
 11950K .......... .......... .......... .......... .......... 36%  551M 1s
 12000K .......... .......... .......... .......... .......... 36%  634M 1s
 12050K .......... .......... .......... .......... .......... 36%  606M 0s
 12100K .......... .......... .......... .......... .......... 36%  539M 0s
 12150K .......... .......... .......... .......... .......... 37%  664M 0s
 12200K .......... .......... .......... .......... .......... 37%  523M 0s
 12250K .......... .......... .......... .......... .......... 37%  632M 0s
 12300K .......... .......... .......... .......... .......... 37%  646M 0s
 12350K .......... .......... .......... .......... .......... 37%  519M 0s
 12400K .......... .......... .......... .......... .......... 37%  632M 0s
 12450K .......... .......... .......... .......... .......... 38%  551M 0s
 12500K .......... .......... .......... .......... .......... 38%  630M 0s
 12550K .......... .......... .......... .......... .......... 38%  547M 0s
 12600K .......... .......... .......... .......... .......... 38%  468M 0s
 12650K .......... .......... .......... .......... .......... 38%  582M 0s
 12700K .......... .......... .......... .......... .......... 38%  433M 0s
 12750K .......... .......... .......... .......... .......... 38%  521M 0s
 12800K .......... .......... .......... .......... .......... 39%  542M 0s
 12850K .......... .......... .......... .......... .......... 39%  528M 0s
 12900K .......... .......... .......... .......... .......... 39% 1011K 1s
 12950K .......... .......... .......... .......... .......... 39%  386M 1s
 13000K .......... .......... .......... .......... .......... 39%  501M 1s
 13050K .......... .......... .......... .......... .......... 39%  378M 1s
 13100K .......... .......... .......... .......... .......... 40%  410M 1s
 13150K .......... .......... .......... .......... .......... 40%  443M 1s
 13200K .......... .......... .......... .......... .......... 40%  431M 1s
 13250K .......... .......... .......... .......... .......... 40%  600M 1s
 13300K .......... .......... .......... .......... .......... 40%  608M 0s
 13350K .......... .......... .......... .......... .......... 40%  524M 0s
 13400K .......... .......... .......... .......... .......... 40%  581M 0s
 13450K .......... .......... .......... .......... .......... 41%  461M 0s
 13500K .......... .......... .......... .......... .......... 41%  506M 0s
 13550K .......... .......... .......... .......... .......... 41%  577M 0s
 13600K .......... .......... .......... .......... .......... 41% 98.3M 0s
 13650K .......... .......... .......... .......... .......... 41%  505M 0s
 13700K .......... .......... .......... .......... .......... 41%  434M 0s
 13750K .......... .......... .......... .......... .......... 42%  466M 0s
 13800K .......... .......... .......... .......... .......... 42%  473M 0s
 13850K .......... .......... .......... .......... .......... 42%  486M 0s
 13900K .......... .......... .......... .......... .......... 42%  521M 0s
 13950K .......... .......... .......... .......... .......... 42%  450M 0s
 14000K .......... .......... .......... .......... .......... 42%  549M 0s
 14050K .......... .......... .......... .......... .......... 42%  570M 0s
 14100K .......... .......... .......... .......... .......... 43%  518M 0s
 14150K .......... .......... .......... .......... .......... 43%  647M 0s
 14200K .......... .......... .......... .......... .......... 43%  151M 0s
 14250K .......... .......... .......... .......... .......... 43%  508M 0s
 14300K .......... .......... .......... .......... .......... 43%  603M 0s
 14350K .......... .......... .......... .......... .......... 43%  505M 0s
 14400K .......... .......... .......... .......... .......... 44%  551M 0s
 14450K .......... .......... .......... .......... .......... 44%  474M 0s
 14500K .......... .......... .......... .......... .......... 44%  565M 0s
 14550K .......... .......... .......... .......... .......... 44%  463M 0s
 14600K .......... .......... .......... .......... .......... 44%  466M 0s
 14650K .......... .......... .......... .......... .......... 44%  554M 0s
 14700K .......... .......... .......... .......... .......... 44%  444M 0s
 14750K .......... .......... .......... .......... .......... 45%  558M 0s
 14800K .......... .......... .......... .......... .......... 45%  898M 0s
 14850K .......... .......... .......... .......... .......... 45%  768M 0s
 14900K .......... .......... .......... .......... .......... 45%  820M 0s
 14950K .......... .......... .......... .......... .......... 45%  763M 0s
 15000K .......... .......... .......... .......... .......... 45%  791M 0s
 15050K .......... .......... .......... .......... .......... 45%  899M 0s
 15100K .......... .......... .......... .......... .......... 46%  861M 0s
 15150K .......... .......... .......... .......... .......... 46%  926M 0s
 15200K .......... .......... .......... .......... .......... 46%  787M 0s
 15250K .......... .......... .......... .......... .......... 46%  974M 0s
 15300K .......... .......... .......... .......... .......... 46%  888M 0s
 15350K .......... .......... .......... .......... .......... 46%  753M 0s
 15400K .......... .......... .......... .......... .......... 47%  976K 0s
 15450K .......... .......... .......... .......... .......... 47%  884M 0s
 15500K .......... .......... .......... .......... .......... 47%  117M 0s
 15550K .......... .......... .......... .......... .......... 47%  493M 0s
 15600K .......... .......... .......... .......... .......... 47%  771M 0s
 15650K .......... .......... .......... .......... .......... 47%  649M 0s
 15700K .......... .......... .......... .......... .......... 47%  597M 0s
 15750K .......... .......... .......... .......... .......... 48%  593M 0s
 15800K .......... .......... .......... .......... .......... 48%  538M 0s
 15850K .......... .......... .......... .......... .......... 48%  526M 0s
 15900K .......... .......... .......... .......... .......... 48%  611M 0s
 15950K .......... .......... .......... .......... .......... 48%  438M 0s
 16000K .......... .......... .......... .......... .......... 48%  605M 0s
 16050K .......... .......... .......... .......... .......... 49%  601M 0s
 16100K .......... .......... .......... .......... .......... 49%  512M 0s
 16150K .......... .......... .......... .......... .......... 49%  608M 0s
 16200K .......... .......... .......... .......... .......... 49%  405M 0s
 16250K .......... .......... .......... .......... .......... 49%  512M 0s
 16300K .......... .......... .......... .......... .......... 49%  529M 0s
 16350K .......... .......... .......... .......... .......... 49%  458M 0s
 16400K .......... .......... .......... .......... .......... 50%  502M 0s
 16450K .......... .......... .......... .......... .......... 50%  434M 0s
 16500K .......... .......... .......... .......... .......... 50%  529M 0s
 16550K .......... .......... .......... .......... .......... 50%  431M 0s
 16600K .......... .......... .......... .......... .......... 50%  446M 0s
 16650K .......... .......... .......... .......... .......... 50%  509M 0s
 16700K .......... .......... .......... .......... .......... 51%  498M 0s
 16750K .......... .......... .......... .......... .......... 51%  603M 0s
 16800K .......... .......... .......... .......... .......... 51%  587M 0s
 16850K .......... .......... .......... .......... .......... 51%  469M 0s
 16900K .......... .......... .......... .......... .......... 51%  563M 0s
 16950K .......... .......... .......... .......... .......... 51%  557M 0s
 17000K .......... .......... .......... .......... .......... 51%  615M 0s
 17050K .......... .......... .......... .......... .......... 52%  592M 0s
 17100K .......... .......... .......... .......... .......... 52%  545M 0s
 17150K .......... .......... .......... .......... .......... 52%  518M 0s
 17200K .......... .......... .......... .......... .......... 52%  513M 0s
 17250K .......... .......... .......... .......... .......... 52%  500M 0s
 17300K .......... .......... .......... .......... .......... 52%  506M 0s
 17350K .......... .......... .......... .......... .......... 52%  523M 0s
 17400K .......... .......... .......... .......... .......... 53%  579M 0s
 17450K .......... .......... .......... .......... .......... 53%  514M 0s
 17500K .......... .......... .......... .......... .......... 53%  506M 0s
 17550K .......... .......... .......... .......... .......... 53%  583M 0s
 17600K .......... .......... .......... .......... .......... 53% 38.9M 0s
 17650K .......... .......... .......... .......... .......... 53%  531M 0s
 17700K .......... .......... .......... .......... .......... 54%  355M 0s
 17750K .......... .......... .......... .......... .......... 54%  573M 0s
 17800K .......... .......... .......... .......... .......... 54%  470M 0s
 17850K .......... .......... .......... .......... .......... 54%  487M 0s
 17900K .......... .......... .......... .......... .......... 54%  572M 0s
 17950K .......... .......... .......... .......... .......... 54%  509M 0s
 18000K .......... .......... .......... .......... .......... 54%  539M 0s
 18050K .......... .......... .......... .......... .......... 55% 1021K 0s
 18100K .......... .......... .......... .......... .......... 55% 36.7M 0s
 18150K .......... .......... .......... .......... .......... 55%  485M 0s
 18200K .......... .......... .......... .......... .......... 55%  471M 0s
 18250K .......... .......... .......... .......... .......... 55%  556M 0s
 18300K .......... .......... .......... .......... .......... 55%  302M 0s
 18350K .......... .......... .......... .......... .......... 56%  519M 0s
 18400K .......... .......... .......... .......... .......... 56%  469M 0s
 18450K .......... .......... .......... .......... .......... 56%  446M 0s
 18500K .......... .......... .......... .......... .......... 56%  557M 0s
 18550K .......... .......... .......... .......... .......... 56%  560M 0s
 18600K .......... .......... .......... .......... .......... 56%  485M 0s
 18650K .......... .......... .......... .......... .......... 56%  570M 0s
 18700K .......... .......... .......... .......... .......... 57%  494M 0s
 18750K .......... .......... .......... .......... .......... 57%  584M 0s
 18800K .......... .......... .......... .......... .......... 57%  616M 0s
 18850K .......... .......... .......... .......... .......... 57%  478M 0s
 18900K .......... .......... .......... .......... .......... 57%  548M 0s
 18950K .......... .......... .......... .......... .......... 57%  495M 0s
 19000K .......... .......... .......... .......... .......... 58%  534M 0s
 19050K .......... .......... .......... .......... .......... 58%  471M 0s
 19100K .......... .......... .......... .......... .......... 58%  482M 0s
 19150K .......... .......... .......... .......... .......... 58%  614M 0s
 19200K .......... .......... .......... .......... .......... 58%  518M 0s
 19250K .......... .......... .......... .......... .......... 58%  545M 0s
 19300K .......... .......... .......... .......... .......... 58% 90.6M 0s
 19350K .......... .......... .......... .......... .......... 59%  497M 0s
 19400K .......... .......... .......... .......... .......... 59%  572M 0s
 19450K .......... .......... .......... .......... .......... 59%  418M 0s
 19500K .......... .......... .......... .......... .......... 59%  517M 0s
 19550K .......... .......... .......... .......... .......... 59%  592M 0s
 19600K .......... .......... .......... .......... .......... 59%  472M 0s
 19650K .......... .......... .......... .......... .......... 59%  552M 0s
 19700K .......... .......... .......... .......... .......... 60%  417M 0s
 19750K .......... .......... .......... .......... .......... 60%  491M 0s
 19800K .......... .......... .......... .......... .......... 60%  659M 0s
 19850K .......... .......... .......... .......... .......... 60%  463M 0s
 19900K .......... .......... .......... .......... .......... 60%  112M 0s
 19950K .......... .......... .......... .......... .......... 60%  388M 0s
 20000K .......... .......... .......... .......... .......... 61%  548M 0s
 20050K .......... .......... .......... .......... .......... 61%  576M 0s
 20100K .......... .......... .......... .......... .......... 61%  501M 0s
 20150K .......... .......... .......... .......... .......... 61%  605M 0s
 20200K .......... .......... .......... .......... .......... 61%  540M 0s
 20250K .......... .......... .......... .......... .......... 61%  600M 0s
 20300K .......... .......... .......... .......... .......... 61%  663M 0s
 20350K .......... .......... .......... .......... .......... 62%  223M 0s
 20400K .......... .......... .......... .......... .......... 62%  580M 0s
 20450K .......... .......... .......... .......... .......... 62%  464M 0s
 20500K .......... .......... .......... .......... .......... 62%  527M 0s
 20550K .......... .......... .......... .......... .......... 62%  480M 0s
 20600K .......... .......... .......... .......... .......... 62%  484M 0s
 20650K .......... .......... .......... .......... .......... 63%  547M 0s
 20700K .......... .......... .......... .......... .......... 63%  434M 0s
 20750K .......... .......... .......... .......... .......... 63% 1002K 0s
 20800K .......... .......... .......... .......... .......... 63%  352M 0s
 20850K .......... .......... .......... .......... .......... 63%  422M 0s
 20900K .......... .......... .......... .......... .......... 63%  463M 0s
 20950K .......... .......... .......... .......... .......... 63%  397M 0s
 21000K .......... .......... .......... .......... .......... 64%  484M 0s
 21050K .......... .......... .......... .......... .......... 64%  498M 0s
 21100K .......... .......... .......... .......... .......... 64%  419M 0s
 21150K .......... .......... .......... .......... .......... 64%  105M 0s
 21200K .......... .......... .......... .......... .......... 64%  391M 0s
 21250K .......... .......... .......... .......... .......... 64%  463M 0s
 21300K .......... .......... .......... .......... .......... 65%  561M 0s
 21350K .......... .......... .......... .......... .......... 65%  443M 0s
 21400K .......... .......... .......... .......... .......... 65%  572M 0s
 21450K .......... .......... .......... .......... .......... 65%  549M 0s
 21500K .......... .......... .......... .......... .......... 65%  490M 0s
 21550K .......... .......... .......... .......... .......... 65%  570M 0s
 21600K .......... .......... .......... .......... .......... 65%  464M 0s
 21650K .......... .......... .......... .......... .......... 66%  596M 0s
 21700K .......... .......... .......... .......... .......... 66%  509M 0s
 21750K .......... .......... .......... .......... .......... 66%  541M 0s
 21800K .......... .......... .......... .......... .......... 66%  603M 0s
 21850K .......... .......... .......... .......... .......... 66%  479M 0s
 21900K .......... .......... .......... .......... .......... 66%  513M 0s
 21950K .......... .......... .......... .......... .......... 66%  457M 0s
 22000K .......... .......... .......... .......... .......... 67%  553M 0s
 22050K .......... .......... .......... .......... .......... 67% 58.8M 0s
 22100K .......... .......... .......... .......... .......... 67%  350M 0s
 22150K .......... .......... .......... .......... .......... 67%  642M 0s
 22200K .......... .......... .......... .......... .......... 67%  441M 0s
 22250K .......... .......... .......... .......... .......... 67%  575M 0s
 22300K .......... .......... .......... .......... .......... 68%  552M 0s
 22350K .......... .......... .......... .......... .......... 68%  472M 0s
 22400K .......... .......... .......... .......... .......... 68%  585M 0s
 22450K .......... .......... .......... .......... .......... 68%  513M 0s
 22500K .......... .......... .......... .......... .......... 68%  568M 0s
 22550K .......... .......... .......... .......... .......... 68%  535M 0s
 22600K .......... .......... .......... .......... .......... 68%  497M 0s
 22650K .......... .......... .......... .......... .......... 69%  560M 0s
 22700K .......... .......... .......... .......... .......... 69%  497M 0s
 22750K .......... .......... .......... .......... .......... 69%  580M 0s
 22800K .......... .......... .......... .......... .......... 69%  551M 0s
 22850K .......... .......... .......... .......... .......... 69%  467M 0s
 22900K .......... .......... .......... .......... .......... 69%  594M 0s
 22950K .......... .......... .......... .......... .......... 70%  516M 0s
 23000K .......... .......... .......... .......... .......... 70%  571M 0s
 23050K .......... .......... .......... .......... .......... 70%  515M 0s
 23100K .......... .......... .......... .......... .......... 70%  513M 0s
 23150K .......... .......... .......... .......... .......... 70%  596M 0s
 23200K .......... .......... .......... .......... .......... 70%  533M 0s
 23250K .......... .......... .......... .......... .......... 70%  624M 0s
 23300K .......... .......... .......... .......... .......... 71%  496M 0s
 23350K .......... .......... .......... .......... .......... 71%  530M 0s
 23400K .......... .......... .......... .......... .......... 71%  621M 0s
 23450K .......... .......... .......... .......... .......... 71% 1002K 0s
 23500K .......... .......... .......... .......... .......... 71%  292M 0s
 23550K .......... .......... .......... .......... .......... 71%  427M 0s
 23600K .......... .......... .......... .......... .......... 72%  412M 0s
 23650K .......... .......... .......... .......... .......... 72%  520M 0s
 23700K .......... .......... .......... .......... .......... 72%  435M 0s
 23750K .......... .......... .......... .......... .......... 72%  255M 0s
 23800K .......... .......... .......... .......... .......... 72%  471M 0s
 23850K .......... .......... .......... .......... .......... 72%  431M 0s
 23900K .......... .......... .......... .......... .......... 72%  488M 0s
 23950K .......... .......... .......... .......... .......... 73%  446M 0s
 24000K .......... .......... .......... .......... .......... 73%  446M 0s
 24050K .......... .......... .......... .......... .......... 73%  572M 0s
 24100K .......... .......... .......... .......... .......... 73%  491M 0s
 24150K .......... .......... .......... .......... .......... 73%  560M 0s
 24200K .......... .......... .......... .......... .......... 73%  473M 0s
 24250K .......... .......... .......... .......... .......... 73%  505M 0s
 24300K .......... .......... .......... .......... .......... 74%  602M 0s
 24350K .......... .......... .......... .......... .......... 74% 90.5M 0s
 24400K .......... .......... .......... .......... .......... 74%  426M 0s
 24450K .......... .......... .......... .......... .......... 74%  455M 0s
 24500K .......... .......... .......... .......... .......... 74%  330M 0s
 24550K .......... .......... .......... .......... .......... 74%  495M 0s
 24600K .......... .......... .......... .......... .......... 75%  439M 0s
 24650K .......... .......... .......... .......... .......... 75%  509M 0s
 24700K .......... .......... .......... .......... .......... 75%  464M 0s
 24750K .......... .......... .......... .......... .......... 75%  575M 0s
 24800K .......... .......... .......... .......... .......... 75%  608M 0s
 24850K .......... .......... .......... .......... .......... 75%  473M 0s
 24900K .......... .......... .......... .......... .......... 75%  526M 0s
 24950K .......... .......... .......... .......... .......... 76%  421M 0s
 25000K .......... .......... .......... .......... .......... 76%  504M 0s
 25050K .......... .......... .......... .......... .......... 76%  510M 0s
 25100K .......... .......... .......... .......... .......... 76%  431M 0s
 25150K .......... .......... .......... .......... .......... 76% 90.1M 0s
 25200K .......... .......... .......... .......... .......... 76%  443M 0s
 25250K .......... .......... .......... .......... .......... 77%  524M 0s
 25300K .......... .......... .......... .......... .......... 77%  490M 0s
 25350K .......... .......... .......... .......... .......... 77%  262M 0s
 25400K .......... .......... .......... .......... .......... 77%  422M 0s
 25450K .......... .......... .......... .......... .......... 77%  429M 0s
 25500K .......... .......... .......... .......... .......... 77%  516M 0s
 25550K .......... .......... .......... .......... .......... 77%  507M 0s
 25600K .......... .......... .......... .......... .......... 78%  452M 0s
 25650K .......... .......... .......... .......... .......... 78%  409M 0s
 25700K .......... .......... .......... .......... .......... 78%  449M 0s
 25750K .......... .......... .......... .......... .......... 78%  556M 0s
 25800K .......... .......... .......... .......... .......... 78%  552M 0s
 25850K .......... .......... .......... .......... .......... 78%  491M 0s
 25900K .......... .......... .......... .......... .......... 79%  579M 0s
 25950K .......... .......... .......... .......... .......... 79%  458M 0s
 26000K .......... .......... .......... .......... .......... 79%  541M 0s
 26050K .......... .......... .......... .......... .......... 79%  538M 0s
 26100K .......... .......... .......... .......... .......... 79%  438M 0s
 26150K .......... .......... .......... .......... .......... 79%  556M 0s
 26200K .......... .......... .......... .......... .......... 79% 1004K 0s
 26250K .......... .......... .......... .......... .......... 80%  465M 0s
 26300K .......... .......... .......... .......... .......... 80%  519M 0s
 26350K .......... .......... .......... .......... .......... 80% 95.4M 0s
 26400K .......... .......... .......... .......... .......... 80%  207M 0s
 26450K .......... .......... .......... .......... .......... 80%  434M 0s
 26500K .......... .......... .......... .......... .......... 80%  504M 0s
 26550K .......... .......... .......... .......... .......... 80%  457M 0s
 26600K .......... .......... .......... .......... .......... 81%  418M 0s
 26650K .......... .......... .......... .......... .......... 81%  505M 0s
 26700K .......... .......... .......... .......... .......... 81%  443M 0s
 26750K .......... .......... .......... .......... .......... 81%  516M 0s
 26800K .......... .......... .......... .......... .......... 81%  597M 0s
 26850K .......... .......... .......... .......... .......... 81%  437M 0s
 26900K .......... .......... .......... .......... .......... 82%  579M 0s
 26950K .......... .......... .......... .......... .......... 82%  518M 0s
 27000K .......... .......... .......... .......... .......... 82%  571M 0s
 27050K .......... .......... .......... .......... .......... 82%  535M 0s
 27100K .......... .......... .......... .......... .......... 82%  497M 0s
 27150K .......... .......... .......... .......... .......... 82%  570M 0s
 27200K .......... .......... .......... .......... .......... 82%  479M 0s
 27250K .......... .......... .......... .......... .......... 83%  571M 0s
 27300K .......... .......... .......... .......... .......... 83%  479M 0s
 27350K .......... .......... .......... .......... .......... 83%  334M 0s
 27400K .......... .......... .......... .......... .......... 83%  606M 0s
 27450K .......... .......... .......... .......... .......... 83%  547M 0s
 27500K .......... .......... .......... .......... .......... 83%  624M 0s
 27550K .......... .......... .......... .......... .......... 84%  610M 0s
 27600K .......... .......... .......... .......... .......... 84%  222M 0s
 27650K .......... .......... .......... .......... .......... 84%  552M 0s
 27700K .......... .......... .......... .......... .......... 84%  448M 0s
 27750K .......... .......... .......... .......... .......... 84%  563M 0s
 27800K .......... .......... .......... .......... .......... 84%  522M 0s
 27850K .......... .......... .......... .......... .......... 84%  506M 0s
 27900K .......... .......... .......... .......... .......... 85%  117M 0s
 27950K .......... .......... .......... .......... .......... 85%  495M 0s
 28000K .......... .......... .......... .......... .......... 85%  856M 0s
 28050K .......... .......... .......... .......... .......... 85%  944M 0s
 28100K .......... .......... .......... .......... .......... 85%  685M 0s
 28150K .......... .......... .......... .......... .......... 85%  117M 0s
 28200K .......... .......... .......... .......... .......... 86%  590M 0s
 28250K .......... .......... .......... .......... .......... 86%  734M 0s
 28300K .......... .......... .......... .......... .......... 86%  992M 0s
 28350K .......... .......... .......... .......... .......... 86%  870M 0s
 28400K .......... .......... .......... .......... .......... 86%  834M 0s
 28450K .......... .......... .......... .......... .......... 86%  847M 0s
 28500K .......... .......... .......... .......... .......... 86%  760M 0s
 28550K .......... .......... .......... .......... .......... 87%  779M 0s
 28600K .......... .......... .......... .......... .......... 87%  764M 0s
 28650K .......... .......... .......... .......... .......... 87%  819M 0s
 28700K .......... .......... .......... .......... .......... 87%  678M 0s
 28750K .......... .......... .......... .......... .......... 87%  846M 0s
 28800K .......... .......... .......... .......... .......... 87%  919M 0s
 28850K .......... .......... .......... .......... .......... 88%  707M 0s
 28900K .......... .......... .......... .......... .......... 88% 1005K 0s
 28950K .......... .......... .......... .......... .......... 88%  103M 0s
 29000K .......... .......... .......... .......... .......... 88%  424M 0s
 29050K .......... .......... .......... .......... .......... 88% 87.4M 0s
 29100K .......... .......... .......... .......... .......... 88%  433M 0s
 29150K .......... .......... .......... .......... .......... 88%  141M 0s
 29200K .......... .......... .......... .......... .......... 89%  404M 0s
 29250K .......... .......... .......... .......... .......... 89%  561M 0s
 29300K .......... .......... .......... .......... .......... 89%  559M 0s
 29350K .......... .......... .......... .......... .......... 89%  446M 0s
 29400K .......... .......... .......... .......... .......... 89%  547M 0s
 29450K .......... .......... .......... .......... .......... 89%  504M 0s
 29500K .......... .......... .......... .......... .......... 89%  296M 0s
 29550K .......... .......... .......... .......... .......... 90%  570M 0s
 29600K .......... .......... .......... .......... .......... 90%  216M 0s
 29650K .......... .......... .......... .......... .......... 90%  550M 0s
 29700K .......... .......... .......... .......... .......... 90%  510M 0s
 29750K .......... .......... .......... .......... .......... 90%  581M 0s
 29800K .......... .......... .......... .......... .......... 90%  533M 0s
 29850K .......... .......... .......... .......... .......... 91%  444M 0s
 29900K .......... .......... .......... .......... .......... 91%  555M 0s
 29950K .......... .......... .......... .......... .......... 91%  495M 0s
 30000K .......... .......... .......... .......... .......... 91%  556M 0s
 30050K .......... .......... .......... .......... .......... 91%  585M 0s
 30100K .......... .......... .......... .......... .......... 91%  484M 0s
 30150K .......... .......... .......... .......... .......... 91%  623M 0s
 30200K .......... .......... .......... .......... .......... 92%  431M 0s
 30250K .......... .......... .......... .......... .......... 92%  573M 0s
 30300K .......... .......... .......... .......... .......... 92%  553M 0s
 30350K .......... .......... .......... .......... .......... 92%  509M 0s
 30400K .......... .......... .......... .......... .......... 92%  587M 0s
 30450K .......... .......... .......... .......... .......... 92%  143M 0s
 30500K .......... .......... .......... .......... .......... 93%  350M 0s
 30550K .......... .......... .......... .......... .......... 93%  534M 0s
 30600K .......... .......... .......... .......... .......... 93%  432M 0s
 30650K .......... .......... .......... .......... .......... 93%  522M 0s
 30700K .......... .......... .......... .......... .......... 93%  406M 0s
 30750K .......... .......... .......... .......... .......... 93%  485M 0s
 30800K .......... .......... .......... .......... .......... 93%  537M 0s
 30850K .......... .......... .......... .......... .......... 94%  424M 0s
 30900K .......... .......... .......... .......... .......... 94%  469M 0s
 30950K .......... .......... .......... .......... .......... 94%  467M 0s
 31000K .......... .......... .......... .......... .......... 94%  523M 0s
 31050K .......... .......... .......... .......... .......... 94%  508M 0s
 31100K .......... .......... .......... .......... .......... 94%  440M 0s
 31150K .......... .......... .......... .......... .......... 95%  561M 0s
 31200K .......... .......... .......... .......... .......... 95%  447M 0s
 31250K .......... .......... .......... .......... .......... 95%  502M 0s
 31300K .......... .......... .......... .......... .......... 95%  519M 0s
 31350K .......... .......... .......... .......... .......... 95%  428M 0s
 31400K .......... .......... .......... .......... .......... 95%  530M 0s
 31450K .......... .......... .......... .......... .......... 95%  455M 0s
 31500K .......... .......... .......... .......... .......... 96%  517M 0s
 31550K .......... .......... .......... .......... .......... 96%  423M 0s
 31600K .......... .......... .......... .......... .......... 96% 1.04M 0s
 31650K .......... .......... .......... .......... .......... 96% 15.2M 0s
 31700K .......... .......... .......... .......... .......... 96%  382M 0s
 31750K .......... .......... .......... .......... .......... 96%  450M 0s
 31800K .......... .......... .......... .......... .......... 96%  418M 0s
 31850K .......... .......... .......... .......... .......... 97%  394M 0s
 31900K .......... .......... .......... .......... .......... 97%  528M 0s
 31950K .......... .......... .......... .......... .......... 97%  510M 0s
 32000K .......... .......... .......... .......... .......... 97% 81.7M 0s
 32050K .......... .......... .......... .......... .......... 97%  619M 0s
 32100K .......... .......... .......... .......... .......... 97%  479M 0s
 32150K .......... .......... .......... .......... .......... 98%  472M 0s
 32200K .......... .......... .......... .......... .......... 98%  494M 0s
 32250K .......... .......... .......... .......... .......... 98%  555M 0s
 32300K .......... .......... .......... .......... .......... 98%  539M 0s
 32350K .......... .......... .......... .......... .......... 98%  477M 0s
 32400K .......... .......... .......... .......... .......... 98%  522M 0s
 32450K .......... .......... .......... .......... .......... 98%  498M 0s
 32500K .......... .......... .......... .......... .......... 99%  268M 0s
 32550K .......... .......... .......... .......... .......... 99%  571M 0s
 32600K .......... .......... .......... .......... .......... 99%  494M 0s
 32650K .......... .......... .......... .......... .......... 99%  574M 0s
 32700K .......... .......... .......... .......... .......... 99%  473M 0s
 32750K .......... .......... .......... .......... .......... 99%  547M 0s
 32800K .......... .......... .......... .........            100%  557M=0.7s

2026-07-09 11:36:47 (43.5 MB/s) - ‘/workspace/backups/cindemirlaw.com-20260709-113003/cindemirlaw.com/wp-content/uploads/2020/06/rlandal-Turist-Konutu-Trkiyeyi-ok-Seviyorum.mp4’ saved [33627920/33627920]

--2026-07-09 11:36:47--  https://cindemirlaw.com/wp-content/cache/debloat/js/ac8468fe859fc6253f11f57073ed16f5.js
Reusing existing connection to cindemirlaw.com:443.
HTTP request sent, awaiting response... 200 OK
Length: 454433 (444K) [text/javascript]
Saving to: ‘/workspace/backups/cindemirlaw.com-20260709-113003/cindemirlaw.com/wp-content/cache/debloat/js/ac8468fe859fc6253f11f57073ed16f5.js’

     0K .......... .......... .......... .......... .......... 11%  356M 0s
    50K .......... .......... .......... .......... .......... 22%  441M 0s
   100K .......... .......... .......... .......... .......... 33%  428M 0s
   150K .......... .......... .......... .......... .......... 45%  582M 0s
   200K .......... .......... .......... .......... .......... 56%  455M 0s
   250K .......... .......... .......... .......... .......... 67%  492M 0s
   300K .......... .......... .......... .......... .......... 78%  553M 0s
   350K .......... .......... .......... .......... .......... 90%  446M 0s
   400K .......... .......... .......... .......... ...       100%  506M=0.001s

2026-07-09 11:36:47 (463 MB/s) - ‘/workspace/backups/cindemirlaw.com-20260709-113003/cindemirlaw.com/wp-content/cache/debloat/js/ac8468fe859fc6253f11f57073ed16f5.js’ saved [454433/454433]

--2026-07-09 11:36:48--  https://cindemirlaw.com/russian/wp-content/uploads/2014/11/white-5-copy-150x150.jpg
Reusing existing connection to cindemirlaw.com:443.
HTTP request sent, awaiting response... 200 OK
Length: 18191 (18K) [image/jpeg]
Saving to: ‘/workspace/backups/cindemirlaw.com-20260709-113003/cindemirlaw.com/russian/wp-content/uploads/2014/11/white-5-copy-150x150.jpg’

     0K .......... .......                                    100%  386M=0s

2026-07-09 11:36:48 (386 MB/s) - ‘/workspace/backups/cindemirlaw.com-20260709-113003/cindemirlaw.com/russian/wp-content/uploads/2014/11/white-5-copy-150x150.jpg’ saved [18191/18191]

--2026-07-09 11:36:49--  https://cindemirlaw.com/russian/wp-content/uploads/2014/11/white-2-copy-150x150.jpg
Reusing existing connection to cindemirlaw.com:443.
HTTP request sent, awaiting response... 200 OK
Length: 16649 (16K) [image/jpeg]
Saving to: ‘/workspace/backups/cindemirlaw.com-20260709-113003/cindemirlaw.com/russian/wp-content/uploads/2014/11/white-2-copy-150x150.jpg’

     0K .......... ......                                     100%  115M=0s

2026-07-09 11:36:49 (115 MB/s) - ‘/workspace/backups/cindemirlaw.com-20260709-113003/cindemirlaw.com/russian/wp-content/uploads/2014/11/white-2-copy-150x150.jpg’ saved [16649/16649]

--2026-07-09 11:36:49--  https://cindemirlaw.com/link9/
Reusing existing connection to cindemirlaw.com:443.
HTTP request sent, awaiting response... 301 Moved Permanently
Location: https://cindemirlaw.com/press/ [following]
--2026-07-09 11:36:50--  https://cindemirlaw.com/press/
Reusing existing connection to cindemirlaw.com:443.
HTTP request sent, awaiting response... 301 Moved Permanently
Location: https://cindemir.av.tr/en/we-are-in-news/ [following]
--2026-07-09 11:36:50--  https://cindemir.av.tr/en/we-are-in-news/
Connecting to cindemir.av.tr (cindemir.av.tr)|212.58.20.196|:443... connected.
HTTP request sent, awaiting response... 200 OK
Length: unspecified [text/html]
Saving to: ‘/workspace/backups/cindemirlaw.com-20260709-113003/cindemirlaw.com/link9/index.html’

     0K .......... .......... .......... .......... ..........  383K
    50K .......... .......... .......... .......... ..........  391K
   100K .......... .......... .......... .......... .......... 19.4M
   150K .......... .......... .......... .......... ..........  389K
   200K .                                                      3.55T=0.4s

2026-07-09 11:36:52 (518 KB/s) - ‘/workspace/backups/cindemirlaw.com-20260709-113003/cindemirlaw.com/link9/index.html’ saved [206752]

--2026-07-09 11:36:52--  https://cindemirlaw.com/news-events/
Connecting to cindemirlaw.com (cindemirlaw.com)|162.241.252.122|:443... connected.
HTTP request sent, awaiting response... 200 OK
Length: unspecified [text/html]
Saving to: ‘/workspace/backups/cindemirlaw.com-20260709-113003/cindemirlaw.com/news-events/index.html’

     0K .......... .......... .......... .......... ..........  440K
    50K .......... .......... .......... .......... ..........  878K
   100K .......... .......... .......... .......... .......... 26.6M
   150K .......... .......... .......... .......... ..........  914K
   200K .......... .......... .......... .......... ..........  105M
   250K .......... .......... .......... .......... ..........  223M
   300K .......... .......... .......... .......... .......... 30.7M
   350K .......... .......... .......... .......... ..........  915K
   400K .......... .......... .......... .......... ..........  649M
   450K .......... .......... .......... .......... .......... 16.2M
   500K .......... .......... .......... .......... ..........  128M
   550K .......... .......... .......... .......... ..........  572M
   600K .....                                                  10.8T=0.3s

2026-07-09 11:36:53 (2.06 MB/s) - ‘/workspace/backups/cindemirlaw.com-20260709-113003/cindemirlaw.com/news-events/index.html’ saved [620340]

--2026-07-09 11:36:53--  https://cindemirlaw.com/stati/
Reusing existing connection to cindemirlaw.com:443.
HTTP request sent, awaiting response... 200 OK
Length: unspecified [text/html]
Saving to: ‘/workspace/backups/cindemirlaw.com-20260709-113003/cindemirlaw.com/stati/index.html’

     0K .......... .......... .......... .......... .......... 13.1M
    50K .......... .......... .......... .......... .......... 20.4M
   100K .......... .......... .......... .......... .......... 25.6M
   150K .......... .......... .......... .......... .......... 15.9M
   200K .......... .......... .......... .......... .......... 50.5M
   250K .......... .......... .......... .......... .......... 44.6M
   300K .......... .......... .......... .......... ..........  244M
   350K .......... .......... .......... .......... .......... 34.8M
   400K .......... .......... .......... .......... ..........  490M
   450K .......... .......... .......... .......... .......... 50.7M
   500K .......... .......... .......... .......... ..........  832M
   550K .......... .......... .......... .......... .......... 1.13M
   600K ......                                                 11.8T=0.06s

2026-07-09 11:36:54 (10.0 MB/s) - ‘/workspace/backups/cindemirlaw.com-20260709-113003/cindemirlaw.com/stati/index.html’ saved [620904]

--2026-07-09 11:36:54--  https://cindemirlaw.com/komanda/
Reusing existing connection to cindemirlaw.com:443.
HTTP request sent, awaiting response... 200 OK
Length: unspecified [text/html]
Saving to: ‘/workspace/backups/cindemirlaw.com-20260709-113003/cindemirlaw.com/komanda/index.html’

     0K .......... .......... .......... .......... .......... 12.3M
    50K .......... .......... .......... .......... .......... 11.8M
   100K .......... .......... .......... .......... .......... 18.9M
   150K .......... .......... .......... .......... .......... 25.5M
   200K .......... .......... .......... .......... ..........  145M
   250K .......... .......... .......... .......... .......... 23.9M
   300K .......... .......... .......... .......... ..........  667M
   350K .......... .......... .......... .......... .......... 98.4M
   400K .......... .......... .......... .......... ..........  439M
   450K .......... .......... .......... .......... .......... 54.1M
   500K .......... .......... .......... .......... .......... 61.5M
   550K .......... .......... .......... .......... ..........  435M
   600K ......                                                 11.4T=0.02s

2026-07-09 11:36:55 (33.9 MB/s) - ‘/workspace/backups/cindemirlaw.com-20260709-113003/cindemirlaw.com/komanda/index.html’ saved [620694]

--2026-07-09 11:36:55--  https://cindemirlaw.com/onas/
Reusing existing connection to cindemirlaw.com:443.
HTTP request sent, awaiting response... 200 OK
Length: unspecified [text/html]
Saving to: ‘/workspace/backups/cindemirlaw.com-20260709-113003/cindemirlaw.com/onas/index.html’

     0K .......... .......... .......... .......... .......... 13.0M
    50K .......... .......... .......... .......... .......... 24.8M
   100K .......... .......... .......... .......... .......... 35.8M
   150K .......... .......... .......... .......... .......... 24.5M
   200K .......... .......... .......... .......... .......... 5.29M
   250K .......... .......... .......... .......... ..........  297M
   300K .......... .......... .......... .......... ..........  147M
   350K .......... .......... .......... .......... .......... 22.0M
   400K .......... .......... .......... .......... ..........  456M
   450K .......... .......... .......... .......... ..........  504M
   500K .......... .......... .......... .......... ..........  311M
   550K .......... .......... .......... .......... .......... 2.01M
   600K ..........                                             32.6M=0.05s

2026-07-09 11:36:56 (13.0 MB/s) - ‘/workspace/backups/cindemirlaw.com-20260709-113003/cindemirlaw.com/onas/index.html’ saved [624841]

--2026-07-09 11:36:56--  https://cindemirlaw.com/link4/
Reusing existing connection to cindemirlaw.com:443.
HTTP request sent, awaiting response... 301 Moved Permanently
Location: https://cindemirlaw.com/services/ [following]
--2026-07-09 11:36:57--  https://cindemirlaw.com/services/
Reusing existing connection to cindemirlaw.com:443.
HTTP request sent, awaiting response... 200 OK
Length: unspecified [text/html]
Saving to: ‘/workspace/backups/cindemirlaw.com-20260709-113003/cindemirlaw.com/link4/index.html’

     0K .......... .......... .......... .......... .......... 8.91M
    50K .......... .......... .......... .......... .......... 26.5M
   100K .......... .......... .......... .......... .......... 32.3M
   150K .......... .......... .......... .......... .......... 26.9M
   200K .......... .......... .......... .......... .......... 79.0M
   250K .......... .......... .......... .......... .......... 91.3M
   300K .......... .......... .......... .......... .......... 92.1M
   350K .......... .......... .......... .......... .......... 37.7M
   400K .......... .......... .......... .......... ..........  478M
   450K .......... .......... .......... .......... ..........  478M
   500K .......... .......... .......... .......... ..........  266M
   550K .......... .......... .......... .......... .......... 95.6M
   600K .......... .......... .......... .......... ..........  521M
   650K .......... .......... .......... ........              43.3M=0.02s

2026-07-09 11:36:57 (43.4 MB/s) - ‘/workspace/backups/cindemirlaw.com-20260709-113003/cindemirlaw.com/link4/index.html’ saved [705247]

--2026-07-09 11:36:58--  https://cindemirlaw.com/kontak/
Reusing existing connection to cindemirlaw.com:443.
HTTP request sent, awaiting response... 200 OK
Length: unspecified [text/html]
Saving to: ‘/workspace/backups/cindemirlaw.com-20260709-113003/cindemirlaw.com/kontak/index.html’

     0K .......... .......... .......... .......... .......... 12.9M
    50K .......... .......... .......... .......... .......... 23.5M
   100K .......... .......... .......... .......... .......... 37.4M
   150K .......... .......... .......... .......... .......... 68.2M
   200K .......... .......... .......... .......... .......... 31.7M
   250K .......... .......... .......... .......... .......... 62.7M
   300K .......... .......... .......... .......... ..........  492M
   350K .......... .......... .......... .......... ..........  475M
   400K .......... .......... .......... .......... .......... 2.61M
   450K .......... .......... .......... .......... ..........  530M
   500K .......... .......... .......... .......... ..........  476M
   550K .......... .......... .......... .......... .......... 17.5M
   600K ......                                                 11.3T=0.03s

2026-07-09 11:36:58 (18.4 MB/s) - ‘/workspace/backups/cindemirlaw.com-20260709-113003/cindemirlaw.com/kontak/index.html’ saved [620639]

--2026-07-09 11:36:59--  https://cindemirlaw.com/link2/
Reusing existing connection to cindemirlaw.com:443.
HTTP request sent, awaiting response... 301 Moved Permanently
Location: https://cindemirlaw.com/about-us/ [following]
--2026-07-09 11:36:59--  https://cindemirlaw.com/about-us/
Reusing existing connection to cindemirlaw.com:443.
HTTP request sent, awaiting response... 200 OK
Length: unspecified [text/html]
Saving to: ‘/workspace/backups/cindemirlaw.com-20260709-113003/cindemirlaw.com/link2/index.html’

     0K .......... .......... .......... .......... .......... 13.9M
    50K .......... .......... .......... .......... .......... 20.7M
   100K .......... .......... .......... .......... .......... 34.6M
   150K .......... .......... .......... .......... .......... 48.7M
   200K .......... .......... .......... .......... .......... 38.5M
   250K .......... .......... .......... .......... ..........  265M
   300K .......... .......... .......... .......... .......... 93.9M
   350K .......... .......... .......... .......... ..........  457M
   400K .......... .......... .......... .......... .......... 49.5M
   450K .......... .......... .......... .......... .......... 62.4M
   500K .......... .......... .......... .......... ..........  464M
   550K .......... .......... .......... .......... ..........  433M
   600K .......... .....                                        853M=0.01s

2026-07-09 11:37:00 (48.6 MB/s) - ‘/workspace/backups/cindemirlaw.com-20260709-113003/cindemirlaw.com/link2/index.html’ saved [630403]

--2026-07-09 11:37:00--  https://cindemirlaw.com/wp-content/uploads/2014/10/health-image-80x80.png
Reusing existing connection to cindemirlaw.com:443.
HTTP request sent, awaiting response... 200 OK
Length: 5109 (5.0K) [image/png]
Saving to: ‘/workspace/backups/cindemirlaw.com-20260709-113003/cindemirlaw.com/wp-content/uploads/2014/10/health-image-80x80.png’

     0K ....                                                  100% 3.35G=0s

2026-07-09 11:37:00 (3.35 GB/s) - ‘/workspace/backups/cindemirlaw.com-20260709-113003/cindemirlaw.com/wp-content/uploads/2014/10/health-image-80x80.png’ saved [5109/5109]

--2026-07-09 11:37:01--  https://cindemirlaw.com/wp-content/uploads/2014/10/health-image-36x36.png
Reusing existing connection to cindemirlaw.com:443.
HTTP request sent, awaiting response... 404 Not Found
2026-07-09 11:37:01 ERROR 404: Not Found.

--2026-07-09 11:37:01--  https://cindemirlaw.com/wp-content/plugins/ninja-forms/assets/fonts/fontawesome-webfont.eot?v=4.5.0
Reusing existing connection to cindemirlaw.com:443.
HTTP request sent, awaiting response... 200 OK
Length: 70807 (69K) [application/vnd.ms-fontobject]
Saving to: ‘/workspace/backups/cindemirlaw.com-20260709-113003/cindemirlaw.com/wp-content/plugins/ninja-forms/assets/fonts/fontawesome-webfont.eot?v=4.5.0’

     0K .......... .......... .......... .......... .......... 72% 24.0M 0s
    50K .......... .........                                  100% 70.6M=0.002s

2026-07-09 11:37:01 (29.3 MB/s) - ‘/workspace/backups/cindemirlaw.com-20260709-113003/cindemirlaw.com/wp-content/plugins/ninja-forms/assets/fonts/fontawesome-webfont.eot?v=4.5.0’ saved [70807/70807]

--2026-07-09 11:37:02--  https://cindemirlaw.com/wp-content/plugins/ninja-forms/assets/fonts/fontawesome-webfont.eot?
Reusing existing connection to cindemirlaw.com:443.
HTTP request sent, awaiting response... 200 OK
Length: 70807 (69K) [application/vnd.ms-fontobject]
Saving to: ‘/workspace/backups/cindemirlaw.com-20260709-113003/cindemirlaw.com/wp-content/plugins/ninja-forms/assets/fonts/fontawesome-webfont.eot?’

     0K .......... .......... .......... .......... .......... 72% 21.7M 0s
    50K .......... .........                                  100%  292M=0.002s

2026-07-09 11:37:02 (29.1 MB/s) - ‘/workspace/backups/cindemirlaw.com-20260709-113003/cindemirlaw.com/wp-content/plugins/ninja-forms/assets/fonts/fontawesome-webfont.eot?’ saved [70807/70807]

--2026-07-09 11:37:03--  https://cindemirlaw.com/wp-content/plugins/ninja-forms/assets/fonts/fontawesome-webfont.woff2?v=4.5.0
Reusing existing connection to cindemirlaw.com:443.
HTTP request sent, awaiting response... 200 OK
Length: 66624 (65K) [font/woff2]
Saving to: ‘/workspace/backups/cindemirlaw.com-20260709-113003/cindemirlaw.com/wp-content/plugins/ninja-forms/assets/fonts/fontawesome-webfont.woff2?v=4.5.0’

     0K .......... .......... .......... .......... .......... 76% 73.6M 0s
    50K .......... .....                                      100%  532M=0.001s

2026-07-09 11:37:03 (91.9 MB/s) - ‘/workspace/backups/cindemirlaw.com-20260709-113003/cindemirlaw.com/wp-content/plugins/ninja-forms/assets/fonts/fontawesome-webfont.woff2?v=4.5.0’ saved [66624/66624]

--2026-07-09 11:37:03--  https://cindemirlaw.com/wp-content/plugins/ninja-forms/assets/fonts/fontawesome-webfont.woff?v=4.5.0
Reusing existing connection to cindemirlaw.com:443.
HTTP request sent, awaiting response... 200 OK
Length: 83588 (82K) [font/woff]
Saving to: ‘/workspace/backups/cindemirlaw.com-20260709-113003/cindemirlaw.com/wp-content/plugins/ninja-forms/assets/fonts/fontawesome-webfont.woff?v=4.5.0’

     0K .......... .......... .......... .......... .......... 61%  327M 0s
    50K .......... .......... .......... .                    100% 51.3M=0.001s

2026-07-09 11:37:03 (106 MB/s) - ‘/workspace/backups/cindemirlaw.com-20260709-113003/cindemirlaw.com/wp-content/plugins/ninja-forms/assets/fonts/fontawesome-webfont.woff?v=4.5.0’ saved [83588/83588]

--2026-07-09 11:37:04--  https://cindemirlaw.com/wp-content/plugins/ninja-forms/assets/fonts/fontawesome-webfont.ttf?v=4.5.0
Reusing existing connection to cindemirlaw.com:443.
HTTP request sent, awaiting response... 200 OK
Length: 142072 (139K) [font/ttf]
Saving to: ‘/workspace/backups/cindemirlaw.com-20260709-113003/cindemirlaw.com/wp-content/plugins/ninja-forms/assets/fonts/fontawesome-webfont.ttf?v=4.5.0’

     0K .......... .......... .......... .......... .......... 36% 13.2M 0s
    50K .......... .......... .......... .......... .......... 72% 19.3M 0s
   100K .......... .......... .......... ........             100%  253M=0.006s

2026-07-09 11:37:04 (21.3 MB/s) - ‘/workspace/backups/cindemirlaw.com-20260709-113003/cindemirlaw.com/wp-content/plugins/ninja-forms/assets/fonts/fontawesome-webfont.ttf?v=4.5.0’ saved [142072/142072]

--2026-07-09 11:37:05--  https://cindemirlaw.com/wp-content/plugins/ninja-forms/assets/fonts/fontawesome-webfont.svg?v=4.5.0
Reusing existing connection to cindemirlaw.com:443.
HTTP request sent, awaiting response... 200 OK
Length: 365616 (357K) [image/svg+xml]
Saving to: ‘/workspace/backups/cindemirlaw.com-20260709-113003/cindemirlaw.com/wp-content/plugins/ninja-forms/assets/fonts/fontawesome-webfont.svg?v=4.5.0’

     0K .......... .......... .......... .......... .......... 14%  395M 0s
    50K .......... .......... .......... .......... .......... 28%  111M 0s
   100K .......... .......... .......... .......... .......... 42%  469M 0s
   150K .......... .......... .......... .......... .......... 56%  635M 0s
   200K .......... .......... .......... .......... .......... 70%  501M 0s
   250K .......... .......... .......... .......... .......... 84%  562M 0s
   300K .......... .......... .......... .......... .......... 98%  495M 0s
   350K .......                                               100%  433M=0.001s

2026-07-09 11:37:05 (334 MB/s) - ‘/workspace/backups/cindemirlaw.com-20260709-113003/cindemirlaw.com/wp-content/plugins/ninja-forms/assets/fonts/fontawesome-webfont.svg?v=4.5.0’ saved [365616/365616]

--2026-07-09 11:37:05--  https://cindemirlaw.com/wp-content/uploads/2020/10/portrait-5-copy-240x300.jpg
Reusing existing connection to cindemirlaw.com:443.
HTTP request sent, awaiting response... 200 OK
Length: 67188 (66K) [image/jpeg]
Saving to: ‘/workspace/backups/cindemirlaw.com-20260709-113003/cindemirlaw.com/wp-content/uploads/2020/10/portrait-5-copy-240x300.jpg’

     0K .......... .......... .......... .......... .......... 76%  125M 0s
    50K .......... .....                                      100%  347M=0s

2026-07-09 11:37:05 (147 MB/s) - ‘/workspace/backups/cindemirlaw.com-20260709-113003/cindemirlaw.com/wp-content/uploads/2020/10/portrait-5-copy-240x300.jpg’ saved [67188/67188]

--2026-07-09 11:37:06--  https://cindemirlaw.com/wp-content/uploads/2020/10/portrait-5-copy-768x960.jpg
Reusing existing connection to cindemirlaw.com:443.
HTTP request sent, awaiting response... 200 OK
Length: 492684 (481K) [image/jpeg]
Saving to: ‘/workspace/backups/cindemirlaw.com-20260709-113003/cindemirlaw.com/wp-content/uploads/2020/10/portrait-5-copy-768x960.jpg’

     0K .......... .......... .......... .......... .......... 10%  105M 0s
    50K .......... .......... .......... .......... .......... 20%  414M 0s
   100K .......... .......... .......... .......... .......... 31%  494M 0s
   150K .......... .......... .......... .......... .......... 41%  257M 0s
   200K .......... .......... .......... .......... .......... 51%  451M 0s
   250K .......... .......... .......... .......... .......... 62%  530M 0s
   300K .......... .......... .......... .......... .......... 72%  563M 0s
   350K .......... .......... .......... .......... .......... 83%  471M 0s
   400K .......... .......... .......... .......... .......... 93%  575M 0s
   450K .......... .......... .......... .                    100%  506M=0.001s

2026-07-09 11:37:06 (334 MB/s) - ‘/workspace/backups/cindemirlaw.com-20260709-113003/cindemirlaw.com/wp-content/uploads/2020/10/portrait-5-copy-768x960.jpg’ saved [492684/492684]

--2026-07-09 11:37:06--  https://cindemirlaw.com/wp-content/uploads/2020/10/portrait-5-copy-564x705.jpg
Reusing existing connection to cindemirlaw.com:443.
HTTP request sent, awaiting response... 200 OK
Length: 295156 (288K) [image/jpeg]
Saving to: ‘/workspace/backups/cindemirlaw.com-20260709-113003/cindemirlaw.com/wp-content/uploads/2020/10/portrait-5-copy-564x705.jpg’

     0K .......... .......... .......... .......... .......... 17%  333M 0s
    50K .......... .......... .......... .......... .......... 34%  514M 0s
   100K .......... .......... .......... .......... .......... 52%  406M 0s
   150K .......... .......... .......... .......... .......... 69%  524M 0s
   200K .......... .......... .......... .......... .......... 86%  438M 0s
   250K .......... .......... .......... ........             100%  523M=0.001s

2026-07-09 11:37:06 (441 MB/s) - ‘/workspace/backups/cindemirlaw.com-20260709-113003/cindemirlaw.com/wp-content/uploads/2020/10/portrait-5-copy-564x705.jpg’ saved [295156/295156]

--2026-07-09 11:37:07--  https://cindemirlaw.com/wp-content/uploads/2020/10/portrait-5-copy.jpg
Reusing existing connection to cindemirlaw.com:443.
HTTP request sent, awaiting response... 200 OK
Length: 143093 (140K) [image/jpeg]
Saving to: ‘/workspace/backups/cindemirlaw.com-20260709-113003/cindemirlaw.com/wp-content/uploads/2020/10/portrait-5-copy.jpg’

     0K .......... .......... .......... .......... .......... 35%  389M 0s
    50K .......... .......... .......... .......... .......... 71%  564M 0s
   100K .......... .......... .......... .........            100%  520M=0s

2026-07-09 11:37:07 (476 MB/s) - ‘/workspace/backups/cindemirlaw.com-20260709-113003/cindemirlaw.com/wp-content/uploads/2020/10/portrait-5-copy.jpg’ saved [143093/143093]

--2026-07-09 11:37:07--  https://cindemirlaw.com/wp-content/uploads/2022/04/rehberi_Rusca-1.pdf
Reusing existing connection to cindemirlaw.com:443.
HTTP request sent, awaiting response... 200 OK
Length: 1089320 (1.0M) [application/pdf]
Saving to: ‘/workspace/backups/cindemirlaw.com-20260709-113003/cindemirlaw.com/wp-content/uploads/2022/04/rehberi_Rusca-1.pdf’

     0K .......... .......... .......... .......... ..........  4%  398M 0s
    50K .......... .......... .......... .......... ..........  9%  492M 0s
   100K .......... .......... .......... .......... .......... 14%  442M 0s
   150K .......... .......... .......... .......... .......... 18%  477M 0s
   200K .......... .......... .......... .......... .......... 23%  494M 0s
   250K .......... .......... .......... .......... .......... 28%  578M 0s
   300K .......... .......... .......... .......... .......... 32%  592M 0s
   350K .......... .......... .......... .......... .......... 37%  531M 0s
   400K .......... .......... .......... .......... .......... 42%  583M 0s
   450K .......... .......... .......... .......... .......... 47%  545M 0s
   500K .......... .......... .......... .......... .......... 51%  577M 0s
   550K .......... .......... .......... .......... .......... 56%  642M 0s
   600K .......... .......... .......... .......... .......... 61%  502M 0s
   650K .......... .......... .......... .......... .......... 65%  148M 0s
   700K .......... .......... .......... .......... .......... 70%  413M 0s
   750K .......... .......... .......... .......... .......... 75%  547M 0s
   800K .......... .......... .......... .......... .......... 79%  503M 0s
   850K .......... .......... .......... .......... .......... 84%  456M 0s
   900K .......... .......... .......... .......... .......... 89%  526M 0s
   950K .......... .......... .......... .......... .......... 94%  435M 0s
  1000K .......... .......... .......... .......... .......... 98%  516M 0s
  1050K .......... ...                                        100%  392M=0.002s

2026-07-09 11:37:07 (452 MB/s) - ‘/workspace/backups/cindemirlaw.com-20260709-113003/cindemirlaw.com/wp-content/uploads/2022/04/rehberi_Rusca-1.pdf’ saved [1089320/1089320]

--2026-07-09 11:37:08--  https://cindemirlaw.com/wp-content/cache/debloat/js/ab64a88a75b3b75f98ca260d57e3d7d4.js
Reusing existing connection to cindemirlaw.com:443.
HTTP request sent, awaiting response... 200 OK
Length: 63772 (62K) [text/javascript]
Saving to: ‘/workspace/backups/cindemirlaw.com-20260709-113003/cindemirlaw.com/wp-content/cache/debloat/js/ab64a88a75b3b75f98ca260d57e3d7d4.js’

     0K .......... .......... .......... .......... .......... 80%  428M 0s
    50K .......... ..                                         100%  627M=0s

2026-07-09 11:37:08 (456 MB/s) - ‘/workspace/backups/cindemirlaw.com-20260709-113003/cindemirlaw.com/wp-content/cache/debloat/js/ab64a88a75b3b75f98ca260d57e3d7d4.js’ saved [63772/63772]

--2026-07-09 11:37:08--  https://cindemirlaw.com/wp-content/cache/debloat/js/d6d34b970769014bfd6f166a1582c845.js
Reusing existing connection to cindemirlaw.com:443.
HTTP request sent, awaiting response... 200 OK
Length: 125710 (123K) [text/javascript]
Saving to: ‘/workspace/backups/cindemirlaw.com-20260709-113003/cindemirlaw.com/wp-content/cache/debloat/js/d6d34b970769014bfd6f166a1582c845.js’

     0K .......... .......... .......... .......... .......... 40%  209M 0s
    50K .......... .......... .......... .......... .......... 81%  471M 0s
   100K .......... .......... ..                              100%  403M=0s

2026-07-09 11:37:08 (305 MB/s) - ‘/workspace/backups/cindemirlaw.com-20260709-113003/cindemirlaw.com/wp-content/cache/debloat/js/d6d34b970769014bfd6f166a1582c845.js’ saved [125710/125710]

--2026-07-09 11:37:09--  https://cindemirlaw.com/wp-content/uploads/2022/04/DONE_F_RU_guide_to_foreign_citizens_acquisition_of_turkish_citizenship_converted-1.pdf
Reusing existing connection to cindemirlaw.com:443.
HTTP request sent, awaiting response... 200 OK
Length: 522532 (510K) [application/pdf]
Saving to: ‘/workspace/backups/cindemirlaw.com-20260709-113003/cindemirlaw.com/wp-content/uploads/2022/04/DONE_F_RU_guide_to_foreign_citizens_acquisition_of_turkish_citizenship_converted-1.pdf’

     0K .......... .......... .......... .......... ..........  9%  276M 0s
    50K .......... .......... .......... .......... .......... 19%  216M 0s
   100K .......... .......... .......... .......... .......... 29%  301M 0s
   150K .......... .......... .......... .......... .......... 39%  435M 0s
   200K .......... .......... .......... .......... .......... 48%  397M 0s
   250K .......... .......... .......... .......... .......... 58%  523M 0s
   300K .......... .......... .......... .......... .......... 68%  455M 0s
   350K .......... .......... .......... .......... .......... 78%  458M 0s
   400K .......... .......... .......... .......... .......... 88%  516M 0s
   450K .......... .......... .......... .......... .......... 97%  454M 0s
   500K ..........                                            100%  567M=0.001s

2026-07-09 11:37:09 (375 MB/s) - ‘/workspace/backups/cindemirlaw.com-20260709-113003/cindemirlaw.com/wp-content/uploads/2022/04/DONE_F_RU_guide_to_foreign_citizens_acquisition_of_turkish_citizenship_converted-1.pdf’ saved [522532/522532]

--2026-07-09 11:37:10--  https://cindemirlaw.com/wp-content/uploads/2014/10/health-image.png
Reusing existing connection to cindemirlaw.com:443.
HTTP request sent, awaiting response... 200 OK
Length: 14153 (14K) [image/png]
Saving to: ‘/workspace/backups/cindemirlaw.com-20260709-113003/cindemirlaw.com/wp-content/uploads/2014/10/health-image.png’

     0K .......... ...                                        100% 43.0M=0s

2026-07-09 11:37:10 (43.0 MB/s) - ‘/workspace/backups/cindemirlaw.com-20260709-113003/cindemirlaw.com/wp-content/uploads/2014/10/health-image.png’ saved [14153/14153]

FINISHED --2026-07-09 11:37:10--
Total wall clock time: 7m 2s
Downloaded: 497 files, 277M in 11s (25.3 MB/s)
Converting links in /workspace/backups/cindemirlaw.com-20260709-113003/cindemirlaw.com/administration-of-crypto-assets-under-turkish-law/index.html... 75.
74-1
Converting links in /workspace/backups/cindemirlaw.com-20260709-113003/cindemirlaw.com/administrative-law/index.html... 59.
58-1
Converting links in /workspace/backups/cindemirlaw.com-20260709-113003/cindemirlaw.com/services/index.html?lang=zh-hans.html... 54.
53-1
Converting links in /workspace/backups/cindemirlaw.com-20260709-113003/cindemirlaw.com/family-heritage/index.html... 71.
70-1
Converting links in /workspace/backups/cindemirlaw.com-20260709-113003/cindemirlaw.com/hakan-cindemir-attorney-at-law-senior-attorney-of-the-law-office/index.html... 75.
74-1
Converting links in /workspace/backups/cindemirlaw.com-20260709-113003/cindemirlaw.com/типы-компаний-в-турции/index.html?lang=ru.html... 60.
59-1
Converting links in /workspace/backups/cindemirlaw.com-20260709-113003/cindemirlaw.com/humanitarian-residence-permit-in-turkey-legal-insights-by-cindemir-law-office/index.html... 76.
75-1
Converting links in /workspace/backups/cindemirlaw.com-20260709-113003/cindemirlaw.com/independent-certified-public-accountant-financial-consultant-taner-cevik/index.html... 62.
61-1
Converting links in /workspace/backups/cindemirlaw.com-20260709-113003/cindemirlaw.com/удаление-судимости-в-турции-для-иност/index.html?lang=ru.html... 53.
52-1
Converting links in /workspace/backups/cindemirlaw.com-20260709-113003/cindemirlaw.com/contacts/index.html?lang=ru.html... 52.
51-1
Converting links in /workspace/backups/cindemirlaw.com-20260709-113003/cindemirlaw.com/market-abuse-in-the-crypto-asset-market-in-turkey/index.html... 76.
75-1
Converting links in /workspace/backups/cindemirlaw.com-20260709-113003/cindemirlaw.com/personal-injury-liability-in-turkey/index.html... 84.
83-1
Converting links in /workspace/backups/cindemirlaw.com-20260709-113003/cindemirlaw.com/corporate-commercial/index.html... 63.
62-1
Converting links in /workspace/backups/cindemirlaw.com-20260709-113003/cindemirlaw.com/definition-regarding-conflict-of-laws-in-turkey/index.html... 77.
76-1
Converting links in /workspace/backups/cindemirlaw.com-20260709-113003/cindemirlaw.com/deportation-law-in-turkey/index.html... 81.
80-1
Converting links in /workspace/backups/cindemirlaw.com-20260709-113003/cindemirlaw.com/права-и-обязанности/index.html?lang=ru.html... 61.
60-1
Converting links in /workspace/backups/cindemirlaw.com-20260709-113003/cindemirlaw.com/как-получить-справку-о-наличии-судимо/index.html?lang=ru.html... 53.
52-1
Converting links in /workspace/backups/cindemirlaw.com-20260709-113003/cindemirlaw.com/escrow-in-turkey/index.html... 74.
73-1
Converting links in /workspace/backups/cindemirlaw.com-20260709-113003/cindemirlaw.com/team/index.html?lang=zh-hans.html... 63.
62-1
Converting links in /workspace/backups/cindemirlaw.com-20260709-113003/cindemirlaw.com/как-получить-судимость-в-турции/index.html?lang=ru.html... 61.
60-1
Converting links in /workspace/backups/cindemirlaw.com-20260709-113003/cindemirlaw.com/turkish-procedural-law/index.html... 72.
71-1
Converting links in /workspace/backups/cindemirlaw.com-20260709-113003/cindemirlaw.com/enforcement-of-uk-judgments-in-turkey/index.html... 83.
82-1
Converting links in /workspace/backups/cindemirlaw.com-20260709-113003/cindemirlaw.com/ottoman-archival-documents-and-their-role-in-legal-and-historical-investigations/index.html... 69.
68-1
Converting links in /workspace/backups/cindemirlaw.com-20260709-113003/cindemirlaw.com/starting-a-company-in-turkey-a-comprehensive-guide-for-entrepreneurs/index.html... 69.
68-1
Converting links in /workspace/backups/cindemirlaw.com-20260709-113003/cindemirlaw.com/legal-status-of-late-registered-turkish-citizens-concerning-military-service-obligations-under-law-no-7179/index.html... 71.
70-1
Converting links in /workspace/backups/cindemirlaw.com-20260709-113003/cindemirlaw.com/narcotic-crimes-drugs-and-cordials-in-turkish-penal-code/index.html... 76.
75-1
Converting links in /workspace/backups/cindemirlaw.com-20260709-113003/cindemirlaw.com/form-a-document-legal-proof-of-birth-in-turkey-and-application-procedures/index.html... 70.
69-1
Converting links in /workspace/backups/cindemirlaw.com-20260709-113003/cindemirlaw.com/fde1068e3bda46a37dd24126f9ec4b09df0c999365011ec71028e1a7d4c45bfdd0fde1068e3bda46a37dd24126f9ec4b09df0c999365011ec71028e1a7d4c45bfdb4fde1068e3bda46a37dd24126f9ec4b09df0c999365011ec71028e1a7d4c45bf/index.html?lang=ru.html... 53.
52-1
Converting links in /workspace/backups/cindemirlaw.com-20260709-113003/cindemirlaw.com/nominee-director-in-turkey/index.html... 75.
74-1
Converting links in /workspace/backups/cindemirlaw.com-20260709-113003/cindemirlaw.com/verdict-rendered-for-the-unbelievable-accident-killing-a-tour-guide-hurriyet-newspaper/index.html... 65.
64-1
Converting links in /workspace/backups/cindemirlaw.com-20260709-113003/cindemirlaw.com/feed/index.html... 91.
90-1
Converting links in /workspace/backups/cindemirlaw.com-20260709-113003/cindemirlaw.com/руководство-по-приобретению-иностра/index.html?lang=ru.html... 75.
74-1
Converting links in /workspace/backups/cindemirlaw.com-20260709-113003/cindemirlaw.com/insurance/index.html... 60.
59-1
Converting links in /workspace/backups/cindemirlaw.com-20260709-113003/cindemirlaw.com/turkish-lawyer-online-consultancy/index.html... 81.
80-1
Converting links in /workspace/backups/cindemirlaw.com-20260709-113003/cindemirlaw.com/energy-law-and-investment/index.html... 61.
60-1
Converting links in /workspace/backups/cindemirlaw.com-20260709-113003/cindemirlaw.com/overcoming-the-5-year-entry-ban-in-turkey-a-path-to-redemption/index.html... 85.
84-1
Converting links in /workspace/backups/cindemirlaw.com-20260709-113003/cindemirlaw.com/crypto-assets-status-a-perspective-following-turkeys-stance-on-crypto-use/index.html... 75.
74-1
Converting links in /workspace/backups/cindemirlaw.com-20260709-113003/cindemirlaw.com/tag/prescription/index.html... 62.
61-1
Converting links in /workspace/backups/cindemirlaw.com-20260709-113003/cindemirlaw.com/exit-bans-in-turkey-a-critical-exploration-of-judicial-control/index.html... 73.
72-1
Converting links in /workspace/backups/cindemirlaw.com-20260709-113003/cindemirlaw.com/crypto-asset-issuers-under-turkish-law/index.html... 74.
73-1
Converting links in /workspace/backups/cindemirlaw.com-20260709-113003/cindemirlaw.com/enforcement-of-us-judgments-in-turkey/index.html... 83.
82-1
Converting links in /workspace/backups/cindemirlaw.com-20260709-113003/cindemirlaw.com/migrant-smuggling-and-human-trafficking-under-turkish-law/index.html... 65.
64-1
Converting links in /workspace/backups/cindemirlaw.com-20260709-113003/cindemirlaw.com/independent-certified-public-accountant-financial-consultant-taner-cevik-2/index.html... 59.
58-1
Converting links in /workspace/backups/cindemirlaw.com-20260709-113003/cindemirlaw.com/enforcement-of-foreign-judgments-austria-in-turkey/index.html... 74.
73-1
Converting links in /workspace/backups/cindemirlaw.com-20260709-113003/cindemirlaw.com/статус-беженца-в-турции/index.html?lang=ru.html... 51.
50-1
Converting links in /workspace/backups/cindemirlaw.com-20260709-113003/cindemirlaw.com/link9/index.html... 33.
32-1
Converting links in /workspace/backups/cindemirlaw.com-20260709-113003/cindemirlaw.com/embed-list/index.html... 56.
55-1
Converting links in /workspace/backups/cindemirlaw.com-20260709-113003/cindemirlaw.com/ottoman-title-deeds-in-turkiye-inheritance-registration-and-land-search/index.html... 72.
71-1
Converting links in /workspace/backups/cindemirlaw.com-20260709-113003/cindemirlaw.com/team/index.html... 113.
112-1
Converting links in /workspace/backups/cindemirlaw.com-20260709-113003/cindemirlaw.com/cisg-в-турции-международная-купля-продаж/index.html... 59.
58-1
Converting links in /workspace/backups/cindemirlaw.com-20260709-113003/cindemirlaw.com/european-law-rights-concerning-ankara-agreement/index.html... 61.
60-1
Converting links in /workspace/backups/cindemirlaw.com-20260709-113003/cindemirlaw.com/some-notes-about-opening-a-bank-account-for-a-foreign-company-in-turkey/index.html... 78.
77-1
Converting links in /workspace/backups/cindemirlaw.com-20260709-113003/cindemirlaw.com/tag/damage/index.html... 59.
58-1
Converting links in /workspace/backups/cindemirlaw.com-20260709-113003/cindemirlaw.com/nashiyurist/index.html... 56.
55-1
Converting links in /workspace/backups/cindemirlaw.com-20260709-113003/cindemirlaw.com/link20/index.html... 59.
58-1
Converting links in /workspace/backups/cindemirlaw.com-20260709-113003/cindemirlaw.com/establishing-a-commercial-enterprise-in-turkey/index.html... 81.
80-1
Converting links in /workspace/backups/cindemirlaw.com-20260709-113003/cindemirlaw.com/wrongful-death-claim-in-turkey-under-turkish-law/index.html... 83.
82-1
Converting links in /workspace/backups/cindemirlaw.com-20260709-113003/cindemirlaw.com/understanding-spks-introduction-guide-for-information-systems-independent-audit/index.html... 76.
75-1
Converting links in /workspace/backups/cindemirlaw.com-20260709-113003/cindemirlaw.com/airport-detention-in-turkey-legal-risks-for-foreign-travellers-and-how-to-respond/index.html... 79.
78-1
Converting links in /workspace/backups/cindemirlaw.com-20260709-113003/cindemirlaw.com/fde1068e3bda46a37dd24126f9ec4b09df0c999365011ec71028e1a7d4c45bfdd0fde1068e3bda46a37dd24126f9ec4b09df0c999365011ec71028e1a7d4c45bfdb5fde1068e3bda46a37dd24126f9ec4b09df0c999365011ec71028e1a7d4c45bf/index.html?lang=ru.html... 60.
59-1
Converting links in /workspace/backups/cindemirlaw.com-20260709-113003/cindemirlaw.com/cenker-degirmenci-legal-advisorgeneral-coordinator/index.html... 62.
61-1
Converting links in /workspace/backups/cindemirlaw.com-20260709-113003/cindemirlaw.com/открытие-банковского-счета-для-росси/index.html?lang=ru.html... 60.
59-1
Converting links in /workspace/backups/cindemirlaw.com-20260709-113003/cindemirlaw.com/legal-rights-of-foreign-nationals-in-police-custody-in-istanbul/index.html... 71.
70-1
Converting links in /workspace/backups/cindemirlaw.com-20260709-113003/cindemirlaw.com/stati/index.html... 56.
55-1
Converting links in /workspace/backups/cindemirlaw.com-20260709-113003/cindemirlaw.com/car-accident-in-turkey-and-legal-compensation-issues/index.html... 71.
70-1
Converting links in /workspace/backups/cindemirlaw.com-20260709-113003/cindemirlaw.com/gokhan-cindemir-attorney-at-law-2/index.html... 59.
58-1
Converting links in /workspace/backups/cindemirlaw.com-20260709-113003/cindemirlaw.com/fde1068e3bda46a37dd24126f9ec4b09df0c999365011ec71028e1a7d4c45bfdd1fde1068e3bda46a37dd24126f9ec4b09df0c999365011ec71028e1a7d4c45bfd81fde1068e3bda46a37dd24126f9ec4b09df0c999365011ec71028e1a7d4c45bf-2/index.html?lang=ru.html... 54.
53-1
Converting links in /workspace/backups/cindemirlaw.com-20260709-113003/cindemirlaw.com/compulsory-earthquake-insurance-in-turkey-compensation-claim/index.html... 80.
79-1
Converting links in /workspace/backups/cindemirlaw.com-20260709-113003/cindemirlaw.com/payment/index.html... 60.
59-1
Converting links in /workspace/backups/cindemirlaw.com-20260709-113003/cindemirlaw.com/paternity-suit-in-turkey-under-turkish-family-law/index.html... 80.
79-1
Converting links in /workspace/backups/cindemirlaw.com-20260709-113003/cindemirlaw.com/профессиональные-юридические-консул/index.html?lang=ru.html... 58.
57-1
Converting links in /workspace/backups/cindemirlaw.com-20260709-113003/cindemirlaw.com/создание-компании-с-ограниченной-отв/index.html?lang=ru.html... 57.
56-1
Converting links in /workspace/backups/cindemirlaw.com-20260709-113003/cindemirlaw.com/fde1068e3bda46a37dd24126f9ec4b09df0c999365011ec71028e1a7d4c45bfdd0fde1068e3bda46a37dd24126f9ec4b09df0c999365011ec71028e1a7d4c45bfdbdfde1068e3bda46a37dd24126f9ec4b09df0c999365011ec71028e1a7d4c45bf-2/index.html?lang=ru.html... 53.
52-1
Converting links in /workspace/backups/cindemirlaw.com-20260709-113003/cindemirlaw.com/due-dilligence/index.html... 59.
58-1
Converting links in /workspace/backups/cindemirlaw.com-20260709-113003/cindemirlaw.com/enforcement-and-recognition-of-foreign-arbitral-awards-in-turkey/index.html... 87.
86-1
Converting links in /workspace/backups/cindemirlaw.com-20260709-113003/cindemirlaw.com/вторичная-защита/index.html?lang=ru.html... 51.
50-1
Converting links in /workspace/backups/cindemirlaw.com-20260709-113003/cindemirlaw.com/link2/index.html... 79.
78-1
Converting links in /workspace/backups/cindemirlaw.com-20260709-113003/cindemirlaw.com/icsid/index.html... 83.
82-1
Converting links in /workspace/backups/cindemirlaw.com-20260709-113003/cindemirlaw.com/inheritance-contracts-under-turkish-civil-code/index.html... 78.
77-1
Converting links in /workspace/backups/cindemirlaw.com-20260709-113003/cindemirlaw.com/gokhan-cindemir/index.html... 60.
59-1
Converting links in /workspace/backups/cindemirlaw.com-20260709-113003/cindemirlaw.com/accidents-on-the-road-in-turkey-car-crashes-traffic-accidents/index.html... 94.
93-1
Converting links in /workspace/backups/cindemirlaw.com-20260709-113003/cindemirlaw.com/paternity-in-turkish-law-under-new-turkish-constitution-court-decision/index.html... 82.
81-1
Converting links in /workspace/backups/cindemirlaw.com-20260709-113003/cindemirlaw.com/crypto-asset-fraud-common-schemes-legal-analysis-what-victims-should-do/index.html... 76.
75-1
Converting links in /workspace/backups/cindemirlaw.com-20260709-113003/cindemirlaw.com/software-account-services/index.html... 75.
74-1
Converting links in /workspace/backups/cindemirlaw.com-20260709-113003/cindemirlaw.com/sales-of-real-estate-to-foreigners-in-turkey/index.html... 80.
79-1
Converting links in /workspace/backups/cindemirlaw.com-20260709-113003/cindemirlaw.com/fde1068e/index.html?lang=ru.html... 67.
66-1
Converting links in /workspace/backups/cindemirlaw.com-20260709-113003/cindemirlaw.com/irish-tourist-s-attorney-gokhan-cindemir-s-press-statement/index.html... 61.
60-1
Converting links in /workspace/backups/cindemirlaw.com-20260709-113003/cindemirlaw.com/humanitarian-residence-permit-application-in-turkey/index.html... 69.
68-1
Converting links in /workspace/backups/cindemirlaw.com-20260709-113003/cindemirlaw.com/nominee-director-in-turkey/index.html?lang=ru.html... 66.
65-1
Converting links in /workspace/backups/cindemirlaw.com-20260709-113003/cindemirlaw.com/onas/index.html... 57.
56-1
Converting links in /workspace/backups/cindemirlaw.com-20260709-113003/cindemirlaw.com/establishing-a-branch-in-turkey-2/index.html... 66.
65-1
Converting links in /workspace/backups/cindemirlaw.com-20260709-113003/cindemirlaw.com/туристическое-право-в-турции/index.html... 60.
59-1
Converting links in /workspace/backups/cindemirlaw.com-20260709-113003/cindemirlaw.com/что-такое-заявление-в-еспч-кто-может-по/index.html?lang=ru.html... 55.
54-1
Converting links in /workspace/backups/cindemirlaw.com-20260709-113003/cindemirlaw.com/tort-law-in-turkey/index.html... 83.
82-1
Converting links in /workspace/backups/cindemirlaw.com-20260709-113003/cindemirlaw.com/intentional-killing-under-turkish-law/index.html... 81.
80-1
Converting links in /workspace/backups/cindemirlaw.com-20260709-113003/cindemirlaw.com/our-articles-3/index.html... 59.
58-1
Converting links in /workspace/backups/cindemirlaw.com-20260709-113003/cindemirlaw.com/fde1068e3bda46a37dd24126f9ec4b09df0c999365011ec71028e1a7d4c45bfdd0fde1068e3bda46a37dd24126f9ec4b09df0c999365011ec71028e1a7d4c45bfdb0fde1068e3bda46a37dd24126f9ec4b09df0c999365011ec71028e1a7d4c45bf/index.html?lang=ru.html... 53.
52-1
Converting links in /workspace/backups/cindemirlaw.com-20260709-113003/cindemirlaw.com/how-to-lift-entry-ban-to-turkey/index.html... 53.
52-1
Converting links in /workspace/backups/cindemirlaw.com-20260709-113003/cindemirlaw.com/gokhan-cindemir-2/index.html... 59.
58-1
Converting links in /workspace/backups/cindemirlaw.com-20260709-113003/cindemirlaw.com/cindemir-hukuk-burosu-cindemir-law-office-kusdili-caddesi-osmanaga-mahallesi-artunc-apartmani-no173-34714-kadikoy-istanbul-2/index.html... 61.
60-1
Converting links in /workspace/backups/cindemirlaw.com-20260709-113003/cindemirlaw.com/consequences-of-a-divorce-decision-in-turkey/index.html... 77.
76-1
Converting links in /workspace/backups/cindemirlaw.com-20260709-113003/cindemirlaw.com/turkish-succession-law/index.html... 76.
75-1
Converting links in /workspace/backups/cindemirlaw.com-20260709-113003/cindemirlaw.com/airport-customs-seizures-and-smuggling-offences-under-turkish-law/index.html... 74.
73-1
Converting links in /workspace/backups/cindemirlaw.com-20260709-113003/cindemirlaw.com/sexual-assault-in-turkey/index.html... 74.
73-1
Converting links in /workspace/backups/cindemirlaw.com-20260709-113003/cindemirlaw.com/introduction-to-jurisdiction-of-divorce-in-turkey/index.html... 89.
88-1
Converting links in /workspace/backups/cindemirlaw.com-20260709-113003/cindemirlaw.com/enforcement-of-a-chinese-foreign-judgment-in-turkey/index.html... 73.
72-1
Converting links in /workspace/backups/cindemirlaw.com-20260709-113003/cindemirlaw.com/liaison-offices-in-turkey/index.html... 69.
68-1
Converting links in /workspace/backups/cindemirlaw.com-20260709-113003/cindemirlaw.com/services/index.html... 91.
90-1
Converting links in /workspace/backups/cindemirlaw.com-20260709-113003/cindemirlaw.com/cindemir-law/index.html... 73.
72-1
Converting links in /workspace/backups/cindemirlaw.com-20260709-113003/cindemirlaw.com/alternative-dispute-resolutions-in-turkey/index.html... 76.
75-1
Converting links in /workspace/backups/cindemirlaw.com-20260709-113003/cindemirlaw.com/obtaining-a-criminal-record-certificate-in-turkey-a-step-by-step-guide/index.html... 77.
76-1
Converting links in /workspace/backups/cindemirlaw.com-20260709-113003/cindemirlaw.com/prosecutor/index.html... 74.
73-1
Converting links in /workspace/backups/cindemirlaw.com-20260709-113003/cindemirlaw.com/articles/index.html?lang=ru.html... 236.
235-1
Converting links in /workspace/backups/cindemirlaw.com-20260709-113003/cindemirlaw.com/appointment-of-a-turkish-lawyer-with-power-of-attorney/index.html... 80.
79-1
Converting links in /workspace/backups/cindemirlaw.com-20260709-113003/cindemirlaw.com/understanding-the-role-and-responsibilities-of-a-commercial-agent/index.html... 80.
79-1
Converting links in /workspace/backups/cindemirlaw.com-20260709-113003/cindemirlaw.com/index.html?lang=zh-hans.html... 112.
111-1
Converting links in /workspace/backups/cindemirlaw.com-20260709-113003/cindemirlaw.com/bank-account-opening-in-turkey-for-russian-companies/index.html... 71.
70-1
Converting links in /workspace/backups/cindemirlaw.com-20260709-113003/cindemirlaw.com/privacy-policy/index.html... 59.
58-1
Converting links in /workspace/backups/cindemirlaw.com-20260709-113003/cindemirlaw.com/fde1068e3bda46a37dd24126f9ec4b09df0c999365011ec71028e1a7d4c45bfdd1fde1068e3bda46a37dd24126f9ec4b09df0c999365011ec71028e1a7d4c45bfd81fde1068e3bda46a37dd24126f9ec4b09df0c999365011ec71028e1a7d4c45bf/index.html?lang=ru.html... 56.
55-1
Converting links in /workspace/backups/cindemirlaw.com-20260709-113003/cindemirlaw.com/basic-principles-of-turkish-labor-law/index.html... 81.
80-1
Converting links in /workspace/backups/cindemirlaw.com-20260709-113003/cindemirlaw.com/pig-butchering-cryptocurrency-scam-key-risks-and-legal-considerations-for-investors-in-turkey/index.html?lang=ru.html... 54.
53-1
Converting links in /workspace/backups/cindemirlaw.com-20260709-113003/cindemirlaw.com/international-private-law-and-conventions-that-turkey-is-party/index.html... 68.
67-1
Converting links in /workspace/backups/cindemirlaw.com-20260709-113003/cindemirlaw.com/kontak/index.html... 56.
55-1
Converting links in /workspace/backups/cindemirlaw.com-20260709-113003/cindemirlaw.com/гуманитарный-вид-на-жительство-в-турц/index.html?lang=ru.html... 56.
55-1
Converting links in /workspace/backups/cindemirlaw.com-20260709-113003/cindemirlaw.com/enforcement-of-a-foreign-romania-judgment-in-turkey/index.html... 73.
72-1
Converting links in /workspace/backups/cindemirlaw.com-20260709-113003/cindemirlaw.com/unfair-competition-in-turkey-understanding-the-issues-and-finding-solutions/index.html... 78.
77-1
Converting links in /workspace/backups/cindemirlaw.com-20260709-113003/cindemirlaw.com/enforcement-of-a-foreign-decision-in-turkey/index.html... 76.
75-1
Converting links in /workspace/backups/cindemirlaw.com-20260709-113003/cindemirlaw.com/виды-компании-в-турции/index.html?lang=ru.html... 84.
83-1
Converting links in /workspace/backups/cindemirlaw.com-20260709-113003/cindemirlaw.com/eu-legal-representative-services-for-ai-companies-outside-the-european-union/index.html... 75.
74-1
Converting links in /workspace/backups/cindemirlaw.com-20260709-113003/cindemirlaw.com/статус-условного-беженца/index.html?lang=ru.html... 52.
51-1
Converting links in /workspace/backups/cindemirlaw.com-20260709-113003/cindemirlaw.com/the-scope-of-turkish-labor-law/index.html... 76.
75-1
Converting links in /workspace/backups/cindemirlaw.com-20260709-113003/cindemirlaw.com/turkish-companies-before-the-court-of-justice-of-the-european-union/index.html... 69.
68-1
Converting links in /workspace/backups/cindemirlaw.com-20260709-113003/cindemirlaw.com/задержание-в-аэропорту-турции-правов/index.html?lang=ru.html... 56.
55-1
Converting links in /workspace/backups/cindemirlaw.com-20260709-113003/cindemirlaw.com/legal-support-for-visiting-foreign-nationals-in-turkish-prisons/index.html... 73.
72-1
Converting links in /workspace/backups/cindemirlaw.com-20260709-113003/cindemirlaw.com/tag/turkish/index.html... 77.
76-1
Converting links in /workspace/backups/cindemirlaw.com-20260709-113003/cindemirlaw.com/how-to-apply-to-the-european-court-of-human-rights-echr-legal-conditions-and-procedure/index.html... 71.
70-1
Converting links in /workspace/backups/cindemirlaw.com-20260709-113003/cindemirlaw.com/our-press-statement-regarding-keshia-handa/index.html... 65.
64-1
Converting links in /workspace/backups/cindemirlaw.com-20260709-113003/cindemirlaw.com/fde1068e3bda46a37dd24126f9ec4b09df0c999365011ec71028e1a7d4c45bfdd0fde1068e3bda46a37dd24126f9ec4b09df0c999365011ec71028e1a7d4c45bfdbdfde1068e3bda46a37dd24126f9ec4b09df0c999365011ec71028e1a7d4c45bf/index.html?lang=ru.html... 53.
52-1
Converting links in /workspace/backups/cindemirlaw.com-20260709-113003/cindemirlaw.com/crypto-asset-fraud-in-turkey-legal-perspective/index.html... 70.
69-1
Converting links in /workspace/backups/cindemirlaw.com-20260709-113003/cindemirlaw.com/press/index.html?lang=ru.html... 59.
58-1
Converting links in /workspace/backups/cindemirlaw.com-20260709-113003/cindemirlaw.com/principle-of-family-unity-deportation-procedures-and-protection-of-family-unity-for-deportees/index.html... 81.
80-1
Converting links in /workspace/backups/cindemirlaw.com-20260709-113003/cindemirlaw.com/inheritance-investigation-in-turkey-guiding-international-heirs-through-a-complex-process/index.html... 75.
74-1
Converting links in /workspace/backups/cindemirlaw.com-20260709-113003/cindemirlaw.com/расследование-наследства-в-турции-юр/index.html... 59.
58-1
Converting links in /workspace/backups/cindemirlaw.com-20260709-113003/cindemirlaw.com/finding-a-nominee-director-in-turkey/index.html... 78.
77-1
Converting links in /workspace/backups/cindemirlaw.com-20260709-113003/cindemirlaw.com/юридическая-помощь-при-отправке-веще/index.html?lang=ru.html... 53.
52-1
Converting links in /workspace/backups/cindemirlaw.com-20260709-113003/cindemirlaw.com/regulatory-landscape-for-crypto-asset-trading-platforms-in-turkey/index.html... 75.
74-1
Converting links in /workspace/backups/cindemirlaw.com-20260709-113003/cindemirlaw.com/new-spk-decision-on-crypto-assets-a-comprehensive-overview-of-regulatory-amendments/index.html... 73.
72-1
Converting links in /workspace/backups/cindemirlaw.com-20260709-113003/cindemirlaw.com/legal-opinion-and-expert-opinion-in-turkey-why-the-distinction-matters/index.html... 75.
74-1
Converting links in /workspace/backups/cindemirlaw.com-20260709-113003/cindemirlaw.com/electric-distribution-and-transmission-in-turkey/index.html... 70.
69-1
Converting links in /workspace/backups/cindemirlaw.com-20260709-113003/cindemirlaw.com/who-is-hafiz-huseyin-husnu-efendi/index.html... 72.
71-1
Converting links in /workspace/backups/cindemirlaw.com-20260709-113003/cindemirlaw.com/nominee-directory-services-in-turkey/index.html... 78.
77-1
Converting links in /workspace/backups/cindemirlaw.com-20260709-113003/cindemirlaw.com/hakan-cindemir/index.html... 59.
58-1
Converting links in /workspace/backups/cindemirlaw.com-20260709-113003/cindemirlaw.com/legal-affidavit-preparation-in-turkey/index.html... 73.
72-1
Converting links in /workspace/backups/cindemirlaw.com-20260709-113003/cindemirlaw.com/consensual-divorce-in-turkey-uncontested-divorce/index.html... 86.
85-1
Converting links in /workspace/backups/cindemirlaw.com-20260709-113003/cindemirlaw.com/contacts/index.html... 60.
59-1
Converting links in /workspace/backups/cindemirlaw.com-20260709-113003/cindemirlaw.com/посещение-иностранных-заключённых-в/index.html?lang=ru.html... 53.
52-1
Converting links in /workspace/backups/cindemirlaw.com-20260709-113003/cindemirlaw.com/author/admin/index.html?lang=ru.html... 105.
104-1
Converting links in /workspace/backups/cindemirlaw.com-20260709-113003/cindemirlaw.com/преступления-с-криптовалютой-в-турци/index.html... 59.
58-1
Converting links in /workspace/backups/cindemirlaw.com-20260709-113003/cindemirlaw.com/international-death-certificate-form-c-and-procedures-for-obtaining-in-turkey/index.html... 75.
74-1
Converting links in /workspace/backups/cindemirlaw.com-20260709-113003/cindemirlaw.com/enforcement-of-promissory-notes-bills-of-exchange-and-cheques-in-turkey/index.html?lang=ru.html... 58.
57-1
Converting links in /workspace/backups/cindemirlaw.com-20260709-113003/cindemirlaw.com/cautio-judicatum-solvi-security-payment-under-turkish-international-private-law/index.html... 69.
68-1
Converting links in /workspace/backups/cindemirlaw.com-20260709-113003/cindemirlaw.com/turkish-inheritance-law/index.html... 73.
72-1
Converting links in /workspace/backups/cindemirlaw.com-20260709-113003/cindemirlaw.com/liquidation-in-turkey/index.html... 78.
77-1
Converting links in /workspace/backups/cindemirlaw.com-20260709-113003/cindemirlaw.com/author/admin/index.html... 91.
90-1
Converting links in /workspace/backups/cindemirlaw.com-20260709-113003/cindemirlaw.com/debt-recovery-in-turkey/index.html... 80.
79-1
Converting links in /workspace/backups/cindemirlaw.com-20260709-113003/cindemirlaw.com/irish-boxer-acquitted-in-epic-brawl-case/index.html... 73.
72-1
Converting links in /workspace/backups/cindemirlaw.com-20260709-113003/cindemirlaw.com/offences-of-bodily-harm-under-turkish-law/index.html... 70.
69-1
Converting links in /workspace/backups/cindemirlaw.com-20260709-113003/cindemirlaw.com/resolution-in-the-course-of-litigation-proceedings-regarding-turkish-law/index.html... 73.
72-1
Converting links in /workspace/backups/cindemirlaw.com-20260709-113003/cindemirlaw.com/legal-risks-in-token-launches-how-crypto-startups-can-stay-compliant-across-jurisdictions/index.html... 70.
69-1
Converting links in /workspace/backups/cindemirlaw.com-20260709-113003/cindemirlaw.com/how-to-establish-a-limited-partnership-in-turkey/index.html... 67.
66-1
Converting links in /workspace/backups/cindemirlaw.com-20260709-113003/cindemirlaw.com/legal-services-for-digital-asset-businesses/index.html... 68.
67-1
Converting links in /workspace/backups/cindemirlaw.com-20260709-113003/cindemirlaw.com/website-legal-services​/index.html... 74.
73-1
Converting links in /workspace/backups/cindemirlaw.com-20260709-113003/cindemirlaw.com/crypto-market-manipulation-and-its-legal-implications-under-turkish-law/index.html... 81.
80-1
Converting links in /workspace/backups/cindemirlaw.com-20260709-113003/cindemirlaw.com/turkey-crypto-crimes-legal-landscape-enforcement-and-investor-protection/index.html... 77.
76-1
Converting links in /workspace/backups/cindemirlaw.com-20260709-113003/cindemirlaw.com/fde1068e3bda46a37dd24126f9ec4b09df0c999365011ec71028e1a7d4c45bfdd0fde1068e3bda46a37dd24126f9ec4b09df0c999365011ec71028e1a7d4c45bfdb6fde1068e3bda46a37dd24126f9ec4b09df0c999365011ec71028e1a7d4c45bf/index.html?lang=ru.html... 53.
52-1
Converting links in /workspace/backups/cindemirlaw.com-20260709-113003/cindemirlaw.com/interim-injunctions-in-turkish-law/index.html... 83.
82-1
Converting links in /workspace/backups/cindemirlaw.com-20260709-113003/cindemirlaw.com/index.html?lang=ru.html... 105.
104-1
Converting links in /workspace/backups/cindemirlaw.com-20260709-113003/cindemirlaw.com/estates-trusts/index.html... 59.
58-1
Converting links in /workspace/backups/cindemirlaw.com-20260709-113003/cindemirlaw.com/legal-assistance-for-foreign-lawyers-visiting-prisoners-in-turkey/index.html... 76.
75-1
Converting links in /workspace/backups/cindemirlaw.com-20260709-113003/cindemirlaw.com/internet-blackmail-and-turkish-criminal-law/index.html... 69.
68-1
Converting links in /workspace/backups/cindemirlaw.com-20260709-113003/cindemirlaw.com/tourism-law-in-turkey/index.html... 76.
75-1
Converting links in /workspace/backups/cindemirlaw.com-20260709-113003/cindemirlaw.com/new-crypto-asset-regulation-of-turkey-and-understanding-provisions-related-to-crypto-asset-service-providers-casps/index.html... 80.
79-1
Converting links in /workspace/backups/cindemirlaw.com-20260709-113003/cindemirlaw.com/fde1068e3bda46a37dd24126f9ec4b09df0c999365011ec71028e1a7d4c45bfdd1fde1068e3bda46a37dd24126f9ec4b09df0c999365011ec71028e1a7d4c45bfd82fde1068e3bda46a37dd24126f9ec4b09df0c999365011ec71028e1a7d4c45bf-2/index.html?lang=ru.html... 52.
51-1
Converting links in /workspace/backups/cindemirlaw.com-20260709-113003/cindemirlaw.com/our-articles/index.html... 61.
60-1
Converting links in /workspace/backups/cindemirlaw.com-20260709-113003/cindemirlaw.com/enforcement-of-a-foreign-ukraine-judgment-in-turkey/index.html... 82.
81-1
Converting links in /workspace/backups/cindemirlaw.com-20260709-113003/cindemirlaw.com/our-articles-2/index.html... 59.
58-1
Converting links in /workspace/backups/cindemirlaw.com-20260709-113003/cindemirlaw.com/testamentary-disposition-and-testaments-in-turkish-inheritance-law/index.html... 72.
71-1
Converting links in /workspace/backups/cindemirlaw.com-20260709-113003/cindemirlaw.com/insurance-arbitration-and-compensation-claims-regarding-car-accidents-in-turkey/index.html... 80.
79-1
Converting links in /workspace/backups/cindemirlaw.com-20260709-113003/cindemirlaw.com/turk-hukukunda-kripto-varliklarin-duzenlenmesi/index.html... 68.
67-1
Converting links in /workspace/backups/cindemirlaw.com-20260709-113003/cindemirlaw.com/news-events/index.html... 56.
55-1
Converting links in /workspace/backups/cindemirlaw.com-20260709-113003/cindemirlaw.com/plastic-surgery-malpractice-in-turkish-law/index.html... 83.
82-1
Converting links in /workspace/backups/cindemirlaw.com-20260709-113003/cindemirlaw.com/fde1068e3bda46a37dd24126f9ec4b09df0c999365011ec71028e1a7d4c45bfdd0fde1068e3bda46a37dd24126f9ec4b09df0c999365011ec71028e1a7d4c45bfdb7fde1068e3bda46a37dd24126f9ec4b09df0c999365011ec71028e1a7d4c45bf/index.html?lang=ru.html... 61.
60-1
Converting links in /workspace/backups/cindemirlaw.com-20260709-113003/cindemirlaw.com/cindemir/index.html... 60.
59-1
Converting links in /workspace/backups/cindemirlaw.com-20260709-113003/cindemirlaw.com/наследственное-право-турции-2/index.html?lang=ru.html... 61.
60-1
Converting links in /workspace/backups/cindemirlaw.com-20260709-113003/cindemirlaw.com/feed/index.html?lang=ru.html... 105.
104-1
Converting links in /workspace/backups/cindemirlaw.com-20260709-113003/cindemirlaw.com/tag/injury/index.html... 68.
67-1
Converting links in /workspace/backups/cindemirlaw.com-20260709-113003/cindemirlaw.com/litigation-adr/index.html... 61.
60-1
Converting links in /workspace/backups/cindemirlaw.com-20260709-113003/cindemirlaw.com/about-us/index.html?lang=zh-hans.html... 54.
53-1
Converting links in /workspace/backups/cindemirlaw.com-20260709-113003/cindemirlaw.com/compensation-of-damages-for-foreign-victims-due-to-terror-under-turkish-law/index.html... 81.
80-1
Converting links in /workspace/backups/cindemirlaw.com-20260709-113003/cindemirlaw.com/fde1068e3bda46a37dd24126f9ec4b09df0c999365011ec71028e1a7d4c45bfdd0fde1068e3bda46a37dd24126f9ec4b09df0c999365011ec71028e1a7d4c45bfdb1fde1068e3bda46a37dd24126f9ec4b09df0c999365011ec71028e1a7d4c45bf/index.html?lang=ru.html... 54.
53-1
Converting links in /workspace/backups/cindemirlaw.com-20260709-113003/cindemirlaw.com/transferring-a-tiktok-account-with-escrow/index.html... 69.
68-1
Converting links in /workspace/backups/cindemirlaw.com-20260709-113003/cindemirlaw.com/turkey-asset-repatriation-2026-legal-framework-for-bringing-foreign-assets-to-turkey/index.html... 84.
83-1
Converting links in /workspace/backups/cindemirlaw.com-20260709-113003/cindemirlaw.com/to-file-a-case-in-turkey-petition/index.html... 72.
71-1
Converting links in /workspace/backups/cindemirlaw.com-20260709-113003/cindemirlaw.com/link4/index.html... 91.
90-1
Converting links in /workspace/backups/cindemirlaw.com-20260709-113003/cindemirlaw.com/international-marriage-certificate-form-b-turkey-marriage-records/index.html... 75.
74-1
Converting links in /workspace/backups/cindemirlaw.com-20260709-113003/cindemirlaw.com/cindemir-hukuk-burosu-cindemir-law-office-kusdili-caddesi-osmanaga-mahallesi-artunc-apartmani-no173-34714-kadikoy-istanbul/index.html... 60.
59-1
Converting links in /workspace/backups/cindemirlaw.com-20260709-113003/cindemirlaw.com/opening-a-company-in-turkey-for-foreigners/index.html... 78.
77-1
Converting links in /workspace/backups/cindemirlaw.com-20260709-113003/cindemirlaw.com/institutionalized-nominee-director/index.html... 77.
76-1
Converting links in /workspace/backups/cindemirlaw.com-20260709-113003/cindemirlaw.com/child-abduction-and-retention-under-turkish-law/index.html... 69.
68-1
Converting links in /workspace/backups/cindemirlaw.com-20260709-113003/cindemirlaw.com/nft-law-in-turkey/index.html... 77.
76-1
Converting links in /workspace/backups/cindemirlaw.com-20260709-113003/cindemirlaw.com/online-appointment-booking/index.html... 60.
58-2
Converting links in /workspace/backups/cindemirlaw.com-20260709-113003/cindemirlaw.com/escrow-account-turkey/index.html... 78.
77-1
Converting links in /workspace/backups/cindemirlaw.com-20260709-113003/cindemirlaw.com/notice-of-termination-for-employment-contracts-in-turkish-labor-law/index.html... 72.
71-1
Converting links in /workspace/backups/cindemirlaw.com-20260709-113003/cindemirlaw.com/turkish-citizenship-law-in-english/index.html... 72.
71-1
Converting links in /workspace/backups/cindemirlaw.com-20260709-113003/cindemirlaw.com/criminal-record-deletion-in-turkey-for-foreign-nationals/index.html... 75.
74-1
Converting links in /workspace/backups/cindemirlaw.com-20260709-113003/cindemirlaw.com/hakan-cindemir-3/index.html... 60.
59-1
Converting links in /workspace/backups/cindemirlaw.com-20260709-113003/cindemirlaw.com/termination-of-employment-under-turkish-law/index.html... 75.
74-1
Converting links in /workspace/backups/cindemirlaw.com-20260709-113003/cindemirlaw.com/fde1068e3bda46a37dd24126f9ec4b09df0c999365011ec71028e1a7d4c45bfdd1fde1068e3bda46a37dd24126f9ec4b09df0c999365011ec71028e1a7d4c45bfd82fde1068e3bda46a37dd24126f9ec4b09df0c999365011ec71028e1a7d4c45bf/index.html?lang=ru.html... 56.
55-1
Converting links in /workspace/backups/cindemirlaw.com-20260709-113003/cindemirlaw.com/trade-law-of-turkey/index.html... 69.
68-1
Converting links in /workspace/backups/cindemirlaw.com-20260709-113003/cindemirlaw.com/international-apostille-services-in-turkey/index.html... 73.
72-1
Converting links in /workspace/backups/cindemirlaw.com-20260709-113003/cindemirlaw.com/gokhan-cindemir-attorney-at-law/index.html... 83.
82-1
Converting links in /workspace/backups/cindemirlaw.com-20260709-113003/cindemirlaw.com/survivor-pension-for-spouses-of-deceased-turkish-citizens/index.html... 67.
66-1
Converting links in /workspace/backups/cindemirlaw.com-20260709-113003/cindemirlaw.com/enforcement-of-promissory-notes-bills-of-exchange-and-cheques-in-turkey/index.html... 74.
73-1
Converting links in /workspace/backups/cindemirlaw.com-20260709-113003/cindemirlaw.com/privacy-policy-in-turkish-law/index.html... 74.
73-1
Converting links in /workspace/backups/cindemirlaw.com-20260709-113003/cindemirlaw.com/komanda/index.html... 56.
55-1
Converting links in /workspace/backups/cindemirlaw.com-20260709-113003/cindemirlaw.com/foreigners-and-international-protection-in-turkey/index.html... 74.
73-1
Converting links in /workspace/backups/cindemirlaw.com-20260709-113003/cindemirlaw.com/proving-the-damage-of-a-victim-by-forensic-hospitals-under-malpractice-law-in-turkey/index.html... 80.
79-1
Converting links in /workspace/backups/cindemirlaw.com-20260709-113003/cindemirlaw.com/debt-collection-service/index.html... 60.
59-1
Converting links in /workspace/backups/cindemirlaw.com-20260709-113003/cindemirlaw.com/provisions-of-custody-under-turkish-civil-code/index.html... 76.
75-1
Converting links in /workspace/backups/cindemirlaw.com-20260709-113003/cindemirlaw.com/enforcement-of-a-foreign-poland-judgment-in-turkey/index.html... 73.
72-1
Converting links in /workspace/backups/cindemirlaw.com-20260709-113003/cindemirlaw.com/irish-kuwaiti-tourist-acquitted-in-street-brawl-case-in-turkey-hurriyet-daily-news/index.html... 73.
72-1
Converting links in /workspace/backups/cindemirlaw.com-20260709-113003/cindemirlaw.com/как-открыть-филиал-в-турции/index.html?lang=ru.html... 60.
59-1
Converting links in /workspace/backups/cindemirlaw.com-20260709-113003/cindemirlaw.com/services/index.html?lang=ru.html... 57.
56-1
Converting links in /workspace/backups/cindemirlaw.com-20260709-113003/cindemirlaw.com/about-us/index.html?lang=ru.html... 62.
61-1
Converting links in /workspace/backups/cindemirlaw.com-20260709-113003/cindemirlaw.com/eu-representative-services-for-non-eu-companies-under-the-gdpr/index.html... 69.
68-1
Converting links in /workspace/backups/cindemirlaw.com-20260709-113003/cindemirlaw.com/fde1068e3bda46a37dd24126f9ec4b09df0c999365011ec71028e1a7d4c45bfdd1fde1068e3bda46a37dd24126f9ec4b09df0c999365011ec71028e1a7d4c45bfd83fde1068e3bda46a37dd24126f9ec4b09df0c999365011ec71028e1a7d4c45bf/index.html?lang=ru.html... 53.
52-1
Converting links in /workspace/backups/cindemirlaw.com-20260709-113003/cindemirlaw.com/financial-rights-of-daughters-under-turkish-social-security-law/index.html... 75.
74-1
Converting links in /workspace/backups/cindemirlaw.com-20260709-113003/cindemirlaw.com/team/index.html?lang=ru.html... 104.
103-1
Converting links in /workspace/backups/cindemirlaw.com-20260709-113003/cindemirlaw.com/fde1068e3bda46a37dd24126f9ec4b09df0c999365011ec71028e1a7d4c45bfdd0fde1068e3bda46a37dd24126f9ec4b09df0c999365011ec71028e1a7d4c45bfdb3fde1068e3bda46a37dd24126f9ec4b09df0c999365011ec71028e1a7d4c45bf/index.html?lang=ru.html... 60.
59-1
Converting links in /workspace/backups/cindemirlaw.com-20260709-113003/cindemirlaw.com/the-structure-of-board-of-directors-according-to-turkish-commercial-code/index.html... 64.
63-1
Converting links in /workspace/backups/cindemirlaw.com-20260709-113003/cindemirlaw.com/открытие-банковского-счета-в-турции/index.html?lang=ru.html... 76.
75-1
Converting links in /workspace/backups/cindemirlaw.com-20260709-113003/cindemirlaw.com/assistance-for-foreign-families-supporting-inmates-in-turkish-prisons/index.html... 72.
71-1
Converting links in /workspace/backups/cindemirlaw.com-20260709-113003/cindemirlaw.com/how-to-divorce-in-turkey/index.html... 72.
71-1
Converting links in /workspace/backups/cindemirlaw.com-20260709-113003/cindemirlaw.com/legal-services-in-sapanca/index.html... 66.
65-1
Converting links in /workspace/backups/cindemirlaw.com-20260709-113003/cindemirlaw.com/intentional-injury-resulting-in-death-under-turkish-criminal-law/index.html... 67.
66-1
Converting links in /workspace/backups/cindemirlaw.com-20260709-113003/cindemirlaw.com/cindemir-law-3/index.html... 58.
57-1
Converting links in /workspace/backups/cindemirlaw.com-20260709-113003/cindemirlaw.com/yabanci-uyruklu-hukumlu-ve-tutuklularin-ziyareti-hakkinda-bilgilendirme/index.html... 60.
59-1
Converting links in /workspace/backups/cindemirlaw.com-20260709-113003/cindemirlaw.com/real-estate-conveyancing/index.html... 60.
59-1
Converting links in /workspace/backups/cindemirlaw.com-20260709-113003/cindemirlaw.com/press/index.html?lang=zh-hans.html... 54.
53-1
Converting links in /workspace/backups/cindemirlaw.com-20260709-113003/cindemirlaw.com/наследственное-право-турции/index.html?lang=ru.html... 61.
60-1
Converting links in /workspace/backups/cindemirlaw.com-20260709-113003/cindemirlaw.com/articles/index.html?lang=zh-hans.html... 54.
53-1
Converting links in /workspace/backups/cindemirlaw.com-20260709-113003/cindemirlaw.com/obtaining-an-e-devlet-password-in-turkey-through-a-power-of-attorney/index.html?lang=ru.html... 53.
52-1
Converting links in /workspace/backups/cindemirlaw.com-20260709-113003/cindemirlaw.com/can-russian-establish-a-company-in-turkey/index.html... 84.
83-1
Converting links in /workspace/backups/cindemirlaw.com-20260709-113003/cindemirlaw.com/title-deeds-in-turkey-a-legal-and-historical-overview/index.html... 76.
75-1
Converting links in /workspace/backups/cindemirlaw.com-20260709-113003/cindemirlaw.com/a-practical-overview-of-crypto-asset-service-providers-and-platforms-in-turkiye/index.html... 71.
70-1
Converting links in /workspace/backups/cindemirlaw.com-20260709-113003/cindemirlaw.com/pod/index.html... 56.
55-1
Converting links in /workspace/backups/cindemirlaw.com-20260709-113003/cindemirlaw.com/personal-injury-and-car-accidents-under-turkish-law/index.html... 73.
72-1
Converting links in /workspace/backups/cindemirlaw.com-20260709-113003/cindemirlaw.com/what-are-the-limitations-of-a-will-under-turkish-law/index.html... 75.
74-1
Converting links in /workspace/backups/cindemirlaw.com-20260709-113003/cindemirlaw.com/re-employment-lawsuit/index.html... 75.
74-1
Converting links in /workspace/backups/cindemirlaw.com-20260709-113003/cindemirlaw.com/direct-foreign-invesment-law-in-turkey/index.html... 79.
78-1
Converting links in /workspace/backups/cindemirlaw.com-20260709-113003/cindemirlaw.com/index.html... 91.
90-1
Converting links in /workspace/backups/cindemirlaw.com-20260709-113003/cindemirlaw.com/feed/index.html?lang=zh-hans.html... 112.
111-1
Converting links in /workspace/backups/cindemirlaw.com-20260709-113003/cindemirlaw.com/turkish-law-of-torts/index.html... 77.
76-1
Converting links in /workspace/backups/cindemirlaw.com-20260709-113003/cindemirlaw.com/русскоязычный-юрист-в-турции-юридич/index.html?lang=ru.html... 60.
59-1
Converting links in /workspace/backups/cindemirlaw.com-20260709-113003/cindemirlaw.com/escrow-agency-escrow-agreement/index.html... 61.
60-1
Converting links in /workspace/backups/cindemirlaw.com-20260709-113003/cindemirlaw.com/articles/index.html... 771.
770-1
Converting links in /workspace/backups/cindemirlaw.com-20260709-113003/cindemirlaw.com/legal-visits-in-prison-lawyer-services-for-detainees-and-convicts-in-turkey/index.html... 78.
77-1
Converting links in /workspace/backups/cindemirlaw.com-20260709-113003/cindemirlaw.com/eu-ai-act-compliance-for-non-eu-companies-legal-requirements-under-the-destination-principle/index.html?lang=ru.html... 53.
52-1
Converting links in /workspace/backups/cindemirlaw.com-20260709-113003/cindemirlaw.com/cindemir-law-2/index.html?lang=ru.html... 58.
57-1
Converting links in /workspace/backups/cindemirlaw.com-20260709-113003/cindemirlaw.com/открытие-банковского-счета-русскими/index.html?lang=ru.html... 53.
52-1
Converting links in /workspace/backups/cindemirlaw.com-20260709-113003/cindemirlaw.com/иск-об-установлении-отцовства-в-турци/index.html?lang=ru.html... 56.
55-1
Converting links in /workspace/backups/cindemirlaw.com-20260709-113003/cindemirlaw.com/press/index.html... 33.
32-1
Converting links in /workspace/backups/cindemirlaw.com-20260709-113003/cindemirlaw.com/malpractice-cases-in-turkey/index.html... 83.
82-1
Converting links in /workspace/backups/cindemirlaw.com-20260709-113003/cindemirlaw.com/fde1068e3bda46a37dd24126f9ec4b09df0c999365011ec71028e1a7d4c45bfdd1fde1068e3bda46a37dd24126f9ec4b09df0c999365011ec71028e1a7d4c45bfd83fde1068e3bda46a37dd24126f9ec4b09df0c999365011ec71028e1a7d4c45bf-2/index.html?lang=ru.html... 61.
60-1
Converting links in /workspace/backups/cindemirlaw.com-20260709-113003/cindemirlaw.com/exemptions-on-the-legislation-of-the-documents-in-turkey/index.html... 66.
65-1
Converting links in /workspace/backups/cindemirlaw.com-20260709-113003/cindemirlaw.com/free-trade-zone-company-in-turkey/index.html... 78.
77-1
Converting links in /workspace/backups/cindemirlaw.com-20260709-113003/cindemirlaw.com/criminal-law/index.html... 62.
61-1
Converting links in /workspace/backups/cindemirlaw.com-20260709-113003/cindemirlaw.com/international-private/index.html... 78.
77-1
Converting links in /workspace/backups/cindemirlaw.com-20260709-113003/cindemirlaw.com/fde1068e3bda46a37dd24126f9ec4b09df0c999365011ec71028e1a7d4c45bfdd0fde1068e3bda46a37dd24126f9ec4b09df0c999365011ec71028e1a7d4c45bfdbafde1068e3bda46a37dd24126f9ec4b09df0c999365011ec71028e1a7d4c45bf/index.html?lang=ru.html... 62.
61-1
Converting links in /workspace/backups/cindemirlaw.com-20260709-113003/cindemirlaw.com/cisg-in-turkey-international-sale-of-goods-disputes-and-legal-framework/index.html... 78.
77-1
Converting links in /workspace/backups/cindemirlaw.com-20260709-113003/cindemirlaw.com/link3/index.html... 61.
60-1
Converting links in /workspace/backups/cindemirlaw.com-20260709-113003/cindemirlaw.com/как-открыть-компанию-в-турции-пошагов/index.html?lang=ru.html... 54.
53-1
Converting links in /workspace/backups/cindemirlaw.com-20260709-113003/cindemirlaw.com/fde1068e3bda46a37dd24126f9ec4b09df0c999365011ec71028e1a7d4c45bfdd0fde1068e3bda46a37dd24126f9ec4b09df0c999365011ec71028e1a7d4c45bfdbefde1068e3bda46a37dd24126f9ec4b09df0c999365011ec71028e1a7d4c45bf/index.html... 59.
58-1
Converting links in /workspace/backups/cindemirlaw.com-20260709-113003/cindemirlaw.com/fde1068e3bda46a37dd24126f9ec4b09df0c999365011ec71028e1a7d4c45bfdd1fde1068e3bda46a37dd24126f9ec4b09df0c999365011ec71028e1a7d4c45bfd83fde1068e3bda46a37dd24126f9ec4b09df0c999365011ec71028e1a7d4c45bf-3/index.html?lang=ru.html... 62.
61-1
Converting links in /workspace/backups/cindemirlaw.com-20260709-113003/cindemirlaw.com/репатриация-активов-в-турцию-в-2026-году-п/index.html?lang=ru.html... 53.
52-1
Converting links in /workspace/backups/cindemirlaw.com-20260709-113003/cindemirlaw.com/statute-of-limitations-related-to-personal-injury-cases-in-turkey/index.html... 73.
72-1
Converting links in /workspace/backups/cindemirlaw.com-20260709-113003/cindemirlaw.com/about-us/index.html... 79.
78-1
Converting links in /workspace/backups/cindemirlaw.com-20260709-113003/cindemirlaw.com/enforcement-of-icsid-awards-in-turkey-the-light-of-last-developments/index.html... 84.
83-1
Converting links in /workspace/backups/cindemirlaw.com-20260709-113003/cindemirlaw.com/getting-criminal-record-in-turkey/index.html... 75.
74-1
Converting links in /workspace/backups/cindemirlaw.com-20260709-113003/cindemirlaw.com/enforcement-of-a-foreign-iran-judgment-in-turkey/index.html... 75.
74-1
Converting links in /workspace/backups/cindemirlaw.com-20260709-113003/cindemirlaw.com/fde1068e3bda46a37dd24126f9ec4b09df0c999365011ec71028e1a7d4c45bfdd0fde1068e3bda46a37dd24126f9ec4b09df0c999365011ec71028e1a7d4c45bfdb0fde1068e3bda46a37dd24126f9ec4b09df0c999365011ec71028e1a7d4c45bf-2/index.html... 61.
60-1
Converting links in /workspace/backups/cindemirlaw.com-20260709-113003/cindemirlaw.com/methods-of-debt-collection-in-the-light-of-turkish-law/index.html... 85.
84-1
Converting links in /workspace/backups/cindemirlaw.com-20260709-113003/cindemirlaw.com/family/index.html... 61.
60-1
Converting links in /workspace/backups/cindemirlaw.com-20260709-113003/cindemirlaw.com/inheritance-rights-for-divorced-spouses/index.html... 73.
72-1
Converting links in /workspace/backups/cindemirlaw.com-20260709-113003/cindemirlaw.com/hakan-cindemir-2/index.html... 59.
58-1
Converting links in /workspace/backups/cindemirlaw.com-20260709-113003/cindemirlaw.com/private-international-law-rules/index.html... 67.
66-1
Converting links in /workspace/backups/cindemirlaw.com-20260709-113003/cindemirlaw.com/eu-ai-act-prohibited-practices-and-compliance-obligations/index.html... 65.
64-1
Converting links in /workspace/backups/cindemirlaw.com-20260709-113003/cindemirlaw.com/employment/index.html... 65.
64-1
Converting links in /workspace/backups/cindemirlaw.com-20260709-113003/cindemirlaw.com/p91/index.html... 83.
82-1
Converting links in /workspace/backups/cindemirlaw.com-20260709-113003/cindemirlaw.com/fde1068e3bda46a37dd24126f9ec4b09df0c999365011ec71028e1a7d4c45bfdd1fde1068e3bda46a37dd24126f9ec4b09df0c999365011ec71028e1a7d4c45bfd81fde1068e3bda46a37dd24126f9ec4b09df0c999365011ec71028e1a7d4c45bf-3/index.html?lang=ru.html... 56.
55-1
Converting links in /workspace/backups/cindemirlaw.com-20260709-113003/cindemirlaw.com/anti-dumping-measures/index.html... 76.
75-1
Converting links in /workspace/backups/cindemirlaw.com-20260709-113003/cindemirlaw.com/fde1/index.html?lang=ru.html... 57.
56-1
Converting links in /workspace/backups/cindemirlaw.com-20260709-113003/cindemirlaw.com/legal-alert-new-regulation-on-timeshare-rights-in-turkey-7-day-minimum-period-introduced/index.html... 74.
73-1
Converting links in /workspace/backups/cindemirlaw.com-20260709-113003/cindemirlaw.com/gokhan-cindemir-3/index.html... 59.
58-1
Converting links in /workspace/backups/cindemirlaw.com-20260709-113003/cindemirlaw.com/labor-contract-termination-with-just-cause/index.html... 71.
70-1
Converting links in /workspace/backups/cindemirlaw.com-20260709-113003/cindemirlaw.com/banking-finance/index.html... 62.
61-1
Converting links in /workspace/backups/cindemirlaw.com-20260709-113003/cindemirlaw.com/training/index.html... 61.
60-1
Converting links in /workspace/backups/cindemirlaw.com-20260709-113003/www.cindemirlaw.com/index.html... 91.
90-1
Converted links in 308 files in 1.8 seconds.
