"PR"	"URL"	"HTTP status code"	"Content type"	"Is indexable page"	"Title"	"Title length"	"Meta description"	"Meta description length"	"H1"	"H1 length"	"Meta robots"	"Robots information in HTTP headers"	"Canonical URL"	"Canonical URL code"	"Size (bytes)"	"No. of content words"	"Depth"	"No. of href inlinks"	"No. of inlinks dofollow"	"No. of internal outlinks"	"No. of external outlinks"	"Loading time (ms)"	"Organic traffic"	"No. of backlinks"	"No. of dofollow backlinks"	"No. of nofollow backlinks"	"No. of referring domains"	"No. of referring pages"
"70"	"https://cindemirlaw.com/"	"200"	"text/html; charset=utf-8"	"true"	"Law Firms in Istanbul - Cindemir Law Office"	"43"	"Cindemir Law Office is an Istanbul-based law firm advising on litigation, inheritance, immigration and commercial matters in Turkey."	"132"	"About Our Law Office
Welcome
Our Articles
Our Services"	"20
7
12
12"	"follow
index
max-image-preview:large
max-snippet:-1
max-video-preview:-1"	""	"https://cindemirlaw.com/"	"200"	"167140"	"759"	"0"	"876"	"873"	"25"	"6"	"809"	"0"	"472"	"215"	"257"	"292"	"472"
"57"	"https://cindemirlaw.com/services/"	"200"	"text/html; charset=utf-8"	"true"	"Legal Services in Turkey - Cindemir Law Office"	"46"	"Explore our legal services designed to meet your needs with professionalism and expertise."	"90"	"Our Legal Services"	"18"	"follow
index
max-image-preview:large
max-snippet:-1
max-video-preview:-1"	""	"https://cindemirlaw.com/services/"	"200"	"179521"	"1714"	"0"	"304"	"303"	"38"	"4"	"861"	"0"	"0"	"0"	"0"	"0"	"0"
"57"	"https://cindemirlaw.com/about-us/"	"200"	"text/html; charset=utf-8"	"true"	"Quality and Professional Legal Services - Cindemir Law Office"	"61"	"Cindemir Law Office is a professional Turkish law firm that provides legal services in Turkish and English in the fields of corporate and commercial, civil, labor, and employment law, as well as family law and litigation. Trust us for all your legal needs!"	"256"	"About Our Law Office"	"20"	"follow
index
max-image-preview:large
max-snippet:-1
max-video-preview:-1"	""	"https://cindemirlaw.com/about-us/"	"200"	"155982"	"653"	"0"	"305"	"304"	"23"	"4"	"819"	"0"	"0"	"0"	"0"	"0"	"0"
"57"	"https://cindemirlaw.com/team/"	"200"	"text/html; charset=utf-8"	"true"	"Meet Our Team Of Attorneys In Istanbul - Cindemir Law Office"	"60"	"Cindemirlaw.com is a team of experts from various international law fields, such as commercial, corporate, civil, criminal, and procedural law, who are ready to solve cases."	"173"	"Our Legal Team"	"14"	"follow
index
max-image-preview:large
max-snippet:-1
max-video-preview:-1"	""	"https://cindemirlaw.com/team/"	"200"	"167199"	"1131"	"0"	"304"	"303"	"26"	"7"	"786"	"0"	"0"	"0"	"0"	"0"	"0"
"57"	"https://cindemirlaw.com/articles/"	"200"	"text/html; charset=utf-8"	"true"	"Legal Articles about Turkish Law - Cindemir Law Office"	"54"	"At CindemirLaw.com, we specialize in a wide range of legal matters. Our experienced and knowledgeable team provides the latest news and articles in the legal field about Turkish law and regulations."	"198"	"Our Articles"	"12"	"follow
index
max-image-preview:large
max-snippet:-1
max-video-preview:-1"	""	"https://cindemirlaw.com/articles/"	"200"	"418293"	"17094"	"0"	"304"	"303"	"219"	"4"	"5774"	"0"	"0"	"0"	"0"	"0"	"0"
"57"	"https://cindemirlaw.com/contacts/"	"200"	"text/html; charset=utf-8"	"true"	"Contact Legal Lawyers in Istanbul | Cindemir Law Office"	"55"	"Contact us today to get quick, professional assistance for your legal problems. We are ready to solve all kinds of problems: corporate law, real estate issues."	"159"	"Contact Us"	"10"	"follow
index
max-image-preview:large
max-snippet:-1
max-video-preview:-1"	""	"https://cindemirlaw.com/contacts/"	"200"	"154907"	"195"	"0"	"290"	"289"	"11"	"4"	"776"	"0"	"1"	"1"	"0"	"1"	"1"
"55"	"https://cindemirlaw.com/who-is-hafiz-huseyin-husnu-efendi/"	"200"	"text/html; charset=utf-8"	"true"	"Who is Hafız Hüseyin Hüsnü Efendi? - Cindemir Law Office"	"56"	"Dive into the illustrious life and legacy of Hafız Hüseyin Hüsnü Efendi, a revered figure from Batum, whose journey from early education to serving various administrative roles in the Ottoman state reflects dedication, honor, and commitment. Discover the man behind the poetic pseudonym 'Hüsnü'."	"295"	""	""	"follow
index
max-image-preview:large
max-snippet:-1
max-video-preview:-1"	""	"https://cindemirlaw.com/who-is-hafiz-huseyin-husnu-efendi/"	"200"	"154618"	"481"	"0"	"231"	"230"	"17"	"4"	"740"	"0"	"0"	"0"	"0"	"0"	"0"
"55"	"https://cindemirlaw.com/family-heritage/"	"200"	"text/html; charset=utf-8"	"true"	"Family Heritage - Cindemir Law Office"	"37"	"Cindemir Law Office, founded by Hakan Cindemir and joined by Gökhan Cindemir, combines a rich legal heritage dating back to Hafız Hüseyin Hüsnü Efendi with modern legal expertise. Based in istanbul, we offer comprehensive legal solutions tailored to both individuals and businesses."	"282"	""	""	"follow
index
max-image-preview:large
max-snippet:-1
max-video-preview:-1"	""	"https://cindemirlaw.com/family-heritage/"	"200"	"154939"	"626"	"0"	"231"	"230"	"15"	"5"	"718"	"0"	"0"	"0"	"0"	"0"	"0"
"53"	"https://cindemirlaw.com/turkish-lawyer-online-consultancy/"	"200"	"text/html; charset=utf-8"	"true"	"Turkish Lawyer Online Consultancy | Cindemir Law Office"	"55"	"Explains Turkish Lawyer Online Consultancy, including procedures, documents, risks and key legal points for foreign clients."	"124"	"Turkish Lawyer Online Consultancy"	"33"	"follow
index
max-image-preview:large
max-snippet:-1
max-video-preview:-1"	""	"https://cindemirlaw.com/turkish-lawyer-online-consultancy/"	"200"	"163066"	"523"	"0"	"142"	"142"	"29"	"4"	"798"	"0"	"0"	"0"	"0"	"0"	"0"
"53"	"https://cindemirlaw.com/basic-principles-of-turkish-labor-law/"	"200"	"text/html; charset=utf-8"	"true"	"Basic Principles of Turkish Labor Law | Cindemir Law Office"	"59"	"Explains Basic Principles of Turkish Labor Law, including procedures, documents, risks and key legal points for foreign clients."	"128"	"Basic Principles of Turkish Labor Law"	"37"	"follow
index
max-image-preview:large
max-snippet:-1
max-video-preview:-1"	""	"https://cindemirlaw.com/basic-principles-of-turkish-labor-law/"	"200"	"165560"	"892"	"0"	"126"	"125"	"30"	"4"	"805"	"0"	"1"	"1"	"0"	"1"	"1"
"53"	"https://cindemirlaw.com/understanding-the-role-and-responsibilities-of-a-commercial-agent/"	"200"	"text/html; charset=utf-8"	"true"	"Commercial Agent Responsibilities in Turkey | Cindemir Law Office"	"65"	"Explains Commercial Agent Responsibilities in Turkey, including company procedures, governance, compliance and key points for foreign investors."	"144"	"Understanding the Role and Responsibilities of a Commercial Agent"	"65"	"follow
index
max-image-preview:large
max-snippet:-1
max-video-preview:-1"	""	"https://cindemirlaw.com/understanding-the-role-and-responsibilities-of-a-commercial-agent/"	"200"	"170310"	"874"	"0"	"120"	"119"	"35"	"4"	"736"	"0"	"0"	"0"	"0"	"0"	"0"
"52"	"https://cindemirlaw.com/humanitarian-residence-permit-application-in-turkey/"	"200"	"text/html; charset=utf-8"	"true"	"Humanitarian Residence Permit Application In Turkey | Turkish Law"	"65"	"Explains Humanitarian Residence Permit Application In Turkey, including procedures, documents, risks and key legal points for foreign clients."	"142"	"Humanitarian Residence Permit Application In Turkey"	"51"	"follow
index
max-image-preview:large
max-snippet:-1
max-video-preview:-1"	""	"https://cindemirlaw.com/humanitarian-residence-permit-application-in-turkey/"	"200"	"159176"	"679"	"0"	"83"	"83"	"19"	"4"	"795"	"0"	"0"	"0"	"0"	"0"	"0"
"52"	"https://cindemirlaw.com/tort-law-in-turkey/"	"200"	"text/html; charset=utf-8"	"true"	"Enforcement of Foreign Judgments in Turkey | Cindemir Law Office"	"64"	"Explains Enforcement of Foreign Judgments in Turkey, including enforcement steps, documents and practical risks for creditors."	"126"	"Enforcement of Foreign Judgments in Turkey"	"42"	"follow
index
max-image-preview:large
max-snippet:-1
max-video-preview:-1"	""	"https://cindemirlaw.com/tort-law-in-turkey/"	"200"	"165443"	"956"	"0"	"104"	"103"	"35"	"4"	"843"	"0"	"0"	"0"	"0"	"0"	"0"
"52"	"https://cindemirlaw.com/inheritance-rights-for-divorced-spouses/"	"200"	"text/html; charset=utf-8"	"true"	"Inheritance Rights for Divorced Spouses in Turkey | Legal Overview"	"66"	"Explains Inheritance Rights for Divorced Spouses in Turkey, including heirs, probate, documents and practical risks for foreign families."	"137"	"Inheritance Rights for Divorced Spouses"	"39"	"follow
index
max-image-preview:large
max-snippet:-1
max-video-preview:-1"	""	"https://cindemirlaw.com/inheritance-rights-for-divorced-spouses/"	"200"	"163940"	"808"	"0"	"100"	"100"	"26"	"4"	"755"	"0"	"0"	"0"	"0"	"0"	"0"
"52"	"https://cindemirlaw.com/principle-of-family-unity-deportation-procedures-and-protection-of-family-unity-for-deportees/"	"200"	"text/html; charset=utf-8"	"true"	"Family Unity and Deportation in Turkey | Cindemir Law Office"	"60"	"Explains Family Unity and Deportation in Turkey, including documents, authority practice and procedural options for foreign nationals."	"134"	"Principle of Family Unity, Deportation Procedures, and Protection of Family Unity for Deportees"	"95"	"follow
index
max-image-preview:large
max-snippet:-1
max-video-preview:-1"	""	"https://cindemirlaw.com/principle-of-family-unity-deportation-procedures-and-protection-of-family-unity-for-deportees/"	"200"	"164455"	"669"	"0"	"75"	"75"	"31"	"4"	"813"	"0"	"0"	"0"	"0"	"0"	"0"
"52"	"https://cindemirlaw.com/interim-injunctions-in-turkish-law/"	"200"	"text/html; charset=utf-8"	"true"	"Interim Injunctions In Turkish Law | Cindemir Law Office"	"56"	"Explains Interim Injunctions In Turkish Law, including procedures, documents, risks and key legal points for foreign clients."	"125"	"Interim Injunctions In Turkish Law"	"34"	"follow
index
max-image-preview:large
max-snippet:-1
max-video-preview:-1"	""	"https://cindemirlaw.com/interim-injunctions-in-turkish-law/"	"200"	"164475"	"790"	"0"	"107"	"107"	"30"	"4"	"773"	"0"	"0"	"0"	"0"	"0"	"0"
"52"	"https://cindemirlaw.com/escrow-account-turkey/"	"200"	"text/html; charset=utf-8"	"true"	"Escrow Account Turkey | Cindemir Law Office"	"43"	"Explains Escrow Account Turkey, including payment security, contractual structure and practical risks in transactions."	"118"	"Escrow Account Turkey"	"21"	"follow
index
max-image-preview:large
max-snippet:-1
max-video-preview:-1"	""	"https://cindemirlaw.com/escrow-account-turkey/"	"200"	"164044"	"624"	"0"	"76"	"76"	"27"	"4"	"804"	"0"	"0"	"0"	"0"	"0"	"0"
"51"	"https://cindemirlaw.com/compulsory-earthquake-insurance-in-turkey-compensation-claim/"	"200"	"text/html; charset=utf-8"	"true"	"Compulsory Earthquake Insurance in Turkey - Compensation Claim"	"62"	"Explains Compulsory Earthquake Insurance in Turkey - Compensation Claim, including liability, evidence and compensation issues under Turkish law."	"145"	"Compulsory Earthquake Insurance in Turkey – Compensation Claim"	"62"	"follow
index
max-image-preview:large
max-snippet:-1
max-video-preview:-1"	""	"https://cindemirlaw.com/compulsory-earthquake-insurance-in-turkey-compensation-claim/"	"200"	"166377"	"1039"	"0"	"26"	"26"	"30"	"4"	"798"	"0"	"0"	"0"	"0"	"0"	"0"
"51"	"https://cindemirlaw.com/turkish-succession-law/"	"200"	"text/html; charset=utf-8"	"true"	"Succession in Turkey | Cindemir Law Office"	"42"	"Explains Succession in Turkey, including procedures, documents, risks and key legal points for foreign clients."	"111"	"Succession in Turkey"	"20"	"follow
index
max-image-preview:large
max-snippet:-1
max-video-preview:-1"	""	"https://cindemirlaw.com/turkish-succession-law/"	"200"	"165901"	"1104"	"0"	"33"	"33"	"30"	"4"	"798"	"0"	"0"	"0"	"0"	"0"	"0"
"51"	"https://cindemirlaw.com/software-account-services/"	"200"	"text/html; charset=utf-8"	"true"	"Software Account Services in Turkey | Legal Overview"	"52"	"Explains Software Account Services in Turkey, including payment security, contractual structure and practical risks in transactions."	"132"	"Software Account Services"	"25"	"follow
index
max-image-preview:large
max-snippet:-1
max-video-preview:-1"	""	"https://cindemirlaw.com/software-account-services/"	"200"	"160397"	"612"	"0"	"55"	"55"	"21"	"4"	"744"	"0"	"0"	"0"	"0"	"0"	"0"
"51"	"https://cindemirlaw.com/car-accident-in-turkey-and-legal-compensation-issues/"	"200"	"text/html; charset=utf-8"	"true"	"Car Accident in Turkey and Compensation Issues"	"46"	"Article aims to touch on Car Accident in Turkey and Legal Compensation Issues.you can find relevant responses for the questions concerning traffic accidents."	"157"	"Car Accident in Turkey and Compensation Issues"	"46"	"follow
index
max-image-preview:large
max-snippet:-1
max-video-preview:-1"	""	"https://cindemirlaw.com/car-accident-in-turkey-and-legal-compensation-issues/"	"200"	"163010"	"1256"	"0"	"36"	"35"	"21"	"4"	"777"	"0"	"0"	"0"	"0"	"0"	"0"
"51"	"https://cindemirlaw.com/free-trade-zone-company-in-turkey/"	"200"	"text/html; charset=utf-8"	"true"	"Free Trade Zone Company in Turkey | Cindemir Law Office"	"55"	"Explains Free Trade Zone Company in Turkey, including company procedures, governance, compliance and key points for foreign investors."	"134"	"Free Trade Zone Company in Turkey"	"33"	"follow
index
max-image-preview:large
max-snippet:-1
max-video-preview:-1"	""	"https://cindemirlaw.com/free-trade-zone-company-in-turkey/"	"200"	"167147"	"1036"	"0"	"29"	"29"	"32"	"4"	"773"	"0"	"0"	"0"	"0"	"0"	"0"
"51"	"https://cindemirlaw.com/finding-a-nominee-director-in-turkey/"	"200"	"text/html; charset=utf-8"	"true"	"Finding a nominee director in Turkey | Cindemir Law Office"	"58"	"Explains Finding a nominee director in Turkey, including company procedures, governance, compliance and key points for foreign investors."	"137"	"Finding a nominee director in Turkey"	"36"	"follow
index
max-image-preview:large
max-snippet:-1
max-video-preview:-1"	""	"https://cindemirlaw.com/finding-a-nominee-director-in-turkey/"	"200"	"163241"	"559"	"0"	"52"	"52"	"27"	"4"	"758"	"0"	"1"	"1"	"0"	"1"	"1"
"51"	"https://cindemirlaw.com/international-marriage-certificate-form-b-turkey-marriage-records/"	"200"	"text/html; charset=utf-8"	"true"	"International Marriage Certificate in Turkey | Cindemir Law Office"	"66"	"Explains International Marriage Certificate in Turkey, including court procedure, recognition issues and family-law risks for foreign clients."	"142"	"International Marriage Certificate – Form B | Turkey | Marriage Records"	"71"	"follow
index
max-image-preview:large
max-snippet:-1
max-video-preview:-1"	""	"https://cindemirlaw.com/international-marriage-certificate-form-b-turkey-marriage-records/"	"200"	"165586"	"736"	"0"	"29"	"29"	"30"	"4"	"758"	"0"	"0"	"0"	"0"	"0"	"0"
"51"	"https://cindemirlaw.com/liquidation-in-turkey/"	"200"	"text/html; charset=utf-8"	"true"	"Liquidation in Turkey | Cindemir Law Office"	"43"	"Explains Liquidation in Turkey, including company procedures, governance, compliance and key points for foreign investors."	"122"	"Liquidation in Turkey"	"21"	"follow
index
max-image-preview:large
max-snippet:-1
max-video-preview:-1"	""	"https://cindemirlaw.com/liquidation-in-turkey/"	"200"	"164658"	"793"	"0"	"62"	"62"	"31"	"4"	"774"	"0"	"0"	"0"	"0"	"0"	"0"
"51"	"https://cindemirlaw.com/intentional-killing-under-turkish-law/"	"200"	"text/html; charset=utf-8"	"true"	"Intentional Killing under Turkish Law | Cindemir Law Office"	"59"	"Learn about homicide and suicide-related offences under Turkish criminal law, including intentional homicide, aggravated homicide and Article 84 offences."	"154"	"Intentional Killing under Turkish Law"	"37"	"follow
index
max-image-preview:large
max-snippet:-1
max-video-preview:-1"	""	"https://cindemirlaw.com/intentional-killing-under-turkish-law/"	"200"	"175621"	"2089"	"0"	"25"	"25"	"32"	"4"	"820"	"0"	"0"	"0"	"0"	"0"	"0"
"51"	"https://cindemirlaw.com/unfair-competition-in-turkey-understanding-the-issues-and-finding-solutions/"	"200"	"text/html; charset=utf-8"	"true"	"Unfair Competition in Turkey | Cindemir Law Office"	"50"	"Explains Unfair Competition in Turkey, including procedures, documents, risks and key legal points for foreign clients."	"119"	"Unfair Competition in Turkey: Understanding the Issues and Finding Solutions"	"76"	"follow
index
max-image-preview:large
max-snippet:-1
max-video-preview:-1"	""	"https://cindemirlaw.com/unfair-competition-in-turkey-understanding-the-issues-and-finding-solutions/"	"200"	"164039"	"756"	"0"	"45"	"44"	"32"	"4"	"859"	"0"	"0"	"0"	"0"	"0"	"0"
"50"	"https://cindemirlaw.com/our-videos/"	"200"	"text/html; charset=utf-8"	"true"	"Our Videos - Cindemir Law Office"	"32"	"Our Legal Videos – Watch expert insights on Turkish law, business regulations, and legal procedures. Stay informed with professional guidance from Cindemir Law Office."	"167"	"Youtube-videos"	"14"	"follow
index
max-image-preview:large
max-snippet:-1
max-video-preview:-1"	""	"https://cindemirlaw.com/our-videos/"	"200"	"152659"	"125"	"0"	"0"	"0"	"12"	"4"	"744"	"0"	"0"	"0"	"0"	"0"	"0"
"50"	"https://cindemirlaw.com/bank-account-opening-in-turkey-for-russian-companies/"	"200"	"text/html; charset=utf-8"	"true"	"Bank Account Opening in Turkey for Russian Companies | Turkish Law"	"66"	"Explains Bank Account Opening in Turkey for Russian Companies, including payment security, contractual structure and practical risks in transactions."	"149"	"Bank Account Opening in Turkey for Russian Companies"	"52"	"follow
index
max-image-preview:large
max-snippet:-1
max-video-preview:-1"	""	"https://cindemirlaw.com/bank-account-opening-in-turkey-for-russian-companies/"	"200"	"158267"	"499"	"0"	"3"	"3"	"21"	"4"	"745"	"0"	"0"	"0"	"0"	"0"	"0"
"50"	"https://cindemirlaw.com/sexual-assault-in-turkey/"	"200"	"text/html; charset=utf-8"	"true"	"Sexual assault in Turkey | Cindemir Law Office"	"46"	"Explains Sexual assault in Turkey, including procedures, documents, risks and key legal points for foreign clients."	"115"	"Sexual assault in Turkey"	"24"	"follow
index
max-image-preview:large
max-snippet:-1
max-video-preview:-1"	""	"https://cindemirlaw.com/sexual-assault-in-turkey/"	"200"	"163501"	"1420"	"0"	"7"	"7"	"29"	"4"	"743"	"0"	"2"	"2"	"0"	"2"	"2"
"50"	"https://cindemirlaw.com/transferring-a-tiktok-account-with-escrow/"	"200"	"text/html; charset=utf-8"	"true"	"Transferring a TikTok account with Escrow in Turkey | Legal Overview"	"68"	"Explains Transferring a TikTok account with Escrow in Turkey, including payment security, contractual structure and practical risks in transactions."	"148"	"Transferring a TikTok account with Escrow"	"41"	"follow
index
max-image-preview:large
max-snippet:-1
max-video-preview:-1"	""	"https://cindemirlaw.com/transferring-a-tiktok-account-with-escrow/"	"200"	"162206"	"510"	"0"	"15"	"15"	"24"	"4"	"850"	"0"	"0"	"0"	"0"	"0"	"0"
"50"	"https://cindemirlaw.com/enforcement-and-recognition-of-foreign-arbitral-awards-in-turkey/"	"200"	"text/html; charset=utf-8"	"true"	"Enforcement and Recognition of Foreign Arbitral Awards in Turkey"	"64"	"This article is aimed at explaining current provision and practice of enforcement and Recognition of Foreign Arbitral Awards in Turkey."	"135"	"Enforcement and Recognition of Foreign Arbitral Awards in Turkey"	"64"	"follow
index
max-image-preview:large
max-snippet:-1
max-video-preview:-1"	""	"https://cindemirlaw.com/enforcement-and-recognition-of-foreign-arbitral-awards-in-turkey/"	"200"	"180412"	"3408"	"0"	"12"	"12"	"36"	"4"	"772"	"0"	"0"	"0"	"0"	"0"	"0"
"50"	"https://cindemirlaw.com/consensual-divorce-in-turkey-uncontested-divorce/"	"200"	"text/html; charset=utf-8"	"true"	"Consensual Divorce in Turkey"	"28"	"This article aims to explain about the consensual divorce in Turkey (uncontested divorce in turkey) . Explaining Divorce with settlement agreement."	"147"	"Consensual Divorce in Turkey (Uncontested Divorce in Turkey)"	"60"	"follow
index
max-image-preview:large
max-snippet:-1
max-video-preview:-1"	""	"https://cindemirlaw.com/consensual-divorce-in-turkey-uncontested-divorce/"	"200"	"166337"	"890"	"0"	"21"	"21"	"36"	"4"	"777"	"0"	"0"	"0"	"0"	"0"	"0"
"50"	"https://cindemirlaw.com/prosecutor/"	"200"	"text/html; charset=utf-8"	"true"	"Irish Tourist Acquittal Request in Turkey | Cindemir Law Office"	"63"	"Legal news and media note on Irish Tourist Acquittal Request in Turkey, with context from Cindemir Law Office in Turkey."	"120"	"Prosecutor demanded acquittal of our client ” Irish Tourist” based on the defence of Cindemir Law Office"	"104"	"follow
index
max-image-preview:large
max-snippet:-1
max-video-preview:-1"	""	"https://cindemirlaw.com/prosecutor/"	"200"	"163712"	"620"	"0"	"10"	"10"	"27"	"4"	"782"	"0"	"0"	"0"	"0"	"0"	"0"
"50"	"https://cindemirlaw.com/international-private/"	"200"	"text/html; charset=utf-8"	"true"	"International Private Law of Turkey, Provisions related to Enforcement of Foreign Arbitral Awards"	"97"	"International Private Law of Turkey, Provisions related to Enforcement of Foreign Arbitral Awards"	"97"	"International Private Law of Turkey, Provisions related to Enforcement of Foreign Arbitral Awards"	"97"	"follow
index
max-image-preview:large
max-snippet:-1
max-video-preview:-1"	""	"https://cindemirlaw.com/international-private/"	"200"	"164442"	"853"	"0"	"13"	"13"	"28"	"4"	"788"	"0"	"0"	"0"	"0"	"0"	"0"
"50"	"https://cindemirlaw.com/statute-of-limitations-related-to-personal-injury-cases-in-turkey/"	"200"	"text/html; charset=utf-8"	"true"	"Statute of Limitations Related to Personal Injury Cases in Turkey"	"65"	"Legal news and media note on Statute of Limitations Related to Personal Injury Cases in Turkey, with context from Cindemir Law Office in Turkey."	"144"	"Statute of Limitations Related to Personal Injury Cases in Turkey"	"65"	"follow
index
max-image-preview:large
max-snippet:-1
max-video-preview:-1"	""	"https://cindemirlaw.com/statute-of-limitations-related-to-personal-injury-cases-in-turkey/"	"200"	"165437"	"768"	"0"	"13"	"13"	"27"	"4"	"758"	"0"	"0"	"0"	"0"	"0"	"0"
"50"	"https://cindemirlaw.com/?lang=ru"	"200"	"text/html; charset=utf-8"	"true"	"домашняя страница"	"17"	"Если вы ищете русскоязычного адвоката в Стамбуле, мы предоставляем юридические услуги в сфере иммиграции, недвижимости, бизнеса и семейного права."	"146"	"O HAC
Наши юридические услуги"	"5
23"	"follow
index
max-image-preview:large
max-snippet:-1
max-video-preview:-1"	""	"https://cindemirlaw.com/?lang=ru"	"200"	"165997"	"340"	"1"	"0"	"0"	"9"	"2"	"804"	"0"	"0"	"0"	"0"	"0"	"0"
"50"	"https://cindemirlaw.com/debt-recovery-in-turkey/"	"200"	"text/html; charset=utf-8"	"true"	"Debt Collection Turkey and Stages of Debt Collection Procedures"	"63"	"This article explains the procedures regarding debt collection Turkey. Turkey Debt process is explained with details by Turkish Lawyers."	"136"	"Debt Collection in Turkey"	"25"	"follow
index
max-image-preview:large
max-snippet:-1
max-video-preview:-1"	""	"https://cindemirlaw.com/debt-recovery-in-turkey/"	"200"	"168586"	"963"	"0"	"21"	"21"	"34"	"4"	"762"	"0"	"3"	"2"	"1"	"3"	"3"
"50"	"https://cindemirlaw.com/offences-of-bodily-harm-under-turkish-law/"	"200"	"text/html; charset=utf-8"	"true"	"Offences of Bodily Harm under Turkish Law | Cindemir Law Office"	"63"	"Explains Offences of Bodily Harm under Turkish Law, including procedures, documents, risks and key legal points for foreign clients."	"132"	"Offences of Bodily Harm under Turkish Law"	"41"	"follow
index
max-image-preview:large
max-snippet:-1
max-video-preview:-1"	""	"https://cindemirlaw.com/offences-of-bodily-harm-under-turkish-law/"	"200"	"163770"	"747"	"0"	"5"	"5"	"24"	"7"	"809"	"0"	"0"	"0"	"0"	"0"	"0"
"50"	"https://cindemirlaw.com/introduction-to-jurisdiction-of-divorce-in-turkey/"	"200"	"text/html; charset=utf-8"	"true"	"Jurisdiction in Turkish Divorce"	"31"	"This article is explaining the divorce principles in Turkish Divorce Law. Enforcement of a Foreign Divorce Decree in Turkey requires some standards."	"148"	"Introduction to Jurisdiction of Divorce in Turkey"	"49"	"follow
index
max-image-preview:large
max-snippet:-1
max-video-preview:-1"	""	"https://cindemirlaw.com/introduction-to-jurisdiction-of-divorce-in-turkey/"	"200"	"169003"	"1441"	"0"	"19"	"19"	"38"	"5"	"750"	"0"	"0"	"0"	"0"	"0"	"0"
"50"	"https://cindemirlaw.com/proving-the-damage-of-a-victim-by-forensic-hospitals-under-malpractice-law-in-turkey/"	"200"	"text/html; charset=utf-8"	"true"	"Proving the Damage of a Victim by Forensic Hospitals"	"52"	"This article is explaining the issues concerning proving the damage of a victim by forensic hospitals under Turkish Law. I"	"122"	"Proving the Damage of a Victim by Forensic Hospitals under Malpractice Law in Turkey"	"84"	"follow
index
max-image-preview:large
max-snippet:-1
max-video-preview:-1"	""	"https://cindemirlaw.com/proving-the-damage-of-a-victim-by-forensic-hospitals-under-malpractice-law-in-turkey/"	"200"	"164549"	"773"	"0"	"19"	"19"	"30"	"4"	"758"	"0"	"0"	"0"	"0"	"0"	"0"
"50"	"https://cindemirlaw.com/overcoming-the-5-year-entry-ban-in-turkey-a-path-to-redemption/"	"200"	"text/html; charset=utf-8"	"true"	"Overcoming the 5-Year Entry Ban in Turkey: A Path to Redemption"	"63"	"Explains Overcoming the 5-Year Entry Ban in Turkey: A Path to Redemption, including documents, authority practice and procedural options for foreign nationals."	"159"	"Overcoming the 5-Year Entry Ban in Turkey: A Path to Redemption"	"63"	"follow
index
max-image-preview:large
max-snippet:-1
max-video-preview:-1"	""	"https://cindemirlaw.com/overcoming-the-5-year-entry-ban-in-turkey-a-path-to-redemption/"	"200"	"165063"	"722"	"0"	"15"	"15"	"33"	"4"	"756"	"0"	"0"	"0"	"0"	"0"	"0"
"50"	"https://cindemirlaw.com/enforcement-of-icsid-awards-in-turkey-the-light-of-last-developments/"	"200"	"text/html; charset=utf-8"	"true"	"ENFORCEMENT OF ICSID AWARDS IN TURKEY"	"37"	"This article is written for the purpose of enlightening the law society concerning the last developments in Turkey regarding the enforcement of ICSID awards."	"157"	"Enforcement of ICSID Awards in Turkey in The Light Of Last Developments"	"71"	"follow
index
max-image-preview:large
max-snippet:-1
max-video-preview:-1"	""	"https://cindemirlaw.com/enforcement-of-icsid-awards-in-turkey-the-light-of-last-developments/"	"200"	"168035"	"1240"	"0"	"14"	"14"	"33"	"4"	"1296"	"0"	"0"	"0"	"0"	"0"	"0"
"50"	"https://cindemirlaw.com/can-russian-establish-a-company-in-turkey/"	"200"	"text/html; charset=utf-8"	"true"	"Can Russian Establish a Company in Turkey? | Cindemir Law Office"	"64"	"Explains Can Russian Establish a Company in Turkey?, including company procedures, governance, compliance and key points for foreign investors."	"143"	"Can Russian Establish a Company in Turkey?"	"42"	"follow
index
max-image-preview:large
max-snippet:-1
max-video-preview:-1"	""	"https://cindemirlaw.com/can-russian-establish-a-company-in-turkey/"	"200"	"165516"	"904"	"0"	"13"	"13"	"31"	"4"	"757"	"0"	"0"	"0"	"0"	"0"	"0"
"50"	"https://cindemirlaw.com/provisions-of-custody-under-turkish-civil-code/"	"200"	"text/html; charset=utf-8"	"true"	"Provisions of Custody under Turkish Civil Code"	"46"	"This page is about Turkish Civil Code related to provisions of custody. Under section of Turkish Family Law, it is stipulated."	"126"	"Provisions of Custody under Turkish Civil Code"	"46"	"follow
index
max-image-preview:large
max-snippet:-1
max-video-preview:-1"	""	"https://cindemirlaw.com/provisions-of-custody-under-turkish-civil-code/"	"200"	"166604"	"1354"	"0"	"17"	"17"	"31"	"4"	"779"	"0"	"0"	"0"	"0"	"0"	"0"
"50"	"https://cindemirlaw.com/internet-blackmail-and-turkish-criminal-law/"	"200"	"text/html; charset=utf-8"	"true"	"Internet Blackmail and Turkish Criminal Law | Cindemir Law Office"	"65"	"Explains Internet Blackmail and Turkish Criminal Law, including procedure, risk assessment and rights of foreign nationals under Turkish law."	"141"	"Internet Blackmail and Turkish Criminal Law"	"43"	"follow
index
max-image-preview:large
max-snippet:-1
max-video-preview:-1"	""	"https://cindemirlaw.com/internet-blackmail-and-turkish-criminal-law/"	"200"	"161352"	"694"	"0"	"10"	"10"	"23"	"4"	"762"	"0"	"0"	"0"	"0"	"0"	"0"
"50"	"https://cindemirlaw.com/compensation-of-damages-for-foreign-victims-due-to-terror-under-turkish-law/"	"200"	"text/html; charset=utf-8"	"true"	"Compensation of Damages for Victims due to Terror under Turkish Law"	"67"	"This article explain the subject of Compensation of Damages for Foreign Victims due to Terror under Turkish Law. It is written by an Turkish Lawyer"	"147"	"Compensation of Damages for Foreign Victims due to Terror under Turkish Law"	"75"	"follow
index
max-image-preview:large
max-snippet:-1
max-video-preview:-1"	""	"https://cindemirlaw.com/compensation-of-damages-for-foreign-victims-due-to-terror-under-turkish-law/"	"200"	"164936"	"781"	"0"	"18"	"18"	"29"	"4"	"794"	"0"	"0"	"0"	"0"	"0"	"0"
"50"	"https://cindemirlaw.com/insurance-arbitration-and-compensation-claims-regarding-car-accidents-in-turkey/"	"200"	"text/html; charset=utf-8"	"true"	"Insurance Arbitration and Car Accidents in Turkey"	"49"	"This article aims to explain insurance arbitration and compensation claims regarding car accidents in Turkey. It is an article written by a Turkish Lawyer."	"155"	"Insurance Arbitration and Compensation Claims regarding Car Accidents in Turkey"	"79"	"follow
index
max-image-preview:large
max-snippet:-1
max-video-preview:-1"	""	"https://cindemirlaw.com/insurance-arbitration-and-compensation-claims-regarding-car-accidents-in-turkey/"	"200"	"164685"	"757"	"0"	"15"	"15"	"30"	"4"	"857"	"0"	"1"	"0"	"1"	"1"	"1"
"50"	"https://cindemirlaw.com/wrongful-death-claim-in-turkey-under-turkish-law/"	"200"	"text/html; charset=utf-8"	"true"	"Wrongful Death Claim in Turkey"	"30"	"Wrongful Death Claim in Turkey, as in common law countries, Turkish Law also covers damages stemming from death involved incidents by third parties."	"148"	"Wrongful Death Claim in Turkey under Turkish Law"	"48"	"follow
index
max-image-preview:large
max-snippet:-1
max-video-preview:-1"	""	"https://cindemirlaw.com/wrongful-death-claim-in-turkey-under-turkish-law/"	"200"	"166741"	"1130"	"0"	"15"	"15"	"32"	"4"	"800"	"0"	"0"	"0"	"0"	"0"	"0"
"30"	"https://cindemirlaw.com/?lang=zh-hans"	"200"	"text/html; charset=utf-8"	"false"	"Lawyer in Istanbul and Istanbul Lawyers - Cindemir Law Office"	"61"	"This website is about our law office in Istanbul , Turkey. we are istanbul Lawyers. Lawyer in Istanbul with Turkish lawyers"	"123"	"歡迎光臨
歡迎光臨
我們的法律團隊
关于我们
我們的法律服務"	"4
4
7
4
7"	"follow
index
max-image-preview:large
max-snippet:-1
max-video-preview:-1"	""	"https://cindemirlaw.com/"	"200"	"169754"	"166"	"1"	"0"	"0"	"11"	"2"	"805"	"0"	"0"	"0"	"0"	"0"	"0"
"22"	"https://cindemirlaw.com/foreigners-and-international-protection-in-turkey/"	"200"	"text/html; charset=utf-8"	"true"	"Foreigners and International Protection in Turkey | Turkish Law"	"63"	"Explains Foreigners and International Protection in Turkey, including procedures, documents, risks and key legal points for foreign clients."	"140"	"Foreigners and International Protection in Turkey"	"49"	"follow
index
max-image-preview:large
max-snippet:-1
max-video-preview:-1"	""	"https://cindemirlaw.com/foreigners-and-international-protection-in-turkey/"	"200"	"164492"	"1628"	"0"	"73"	"73"	"26"	"4"	"784"	"0"	"0"	"0"	"0"	"0"	"0"
"22"	"https://cindemirlaw.com/international-apostille-services-in-turkey/"	"200"	"text/html; charset=utf-8"	"true"	"International Apostille Services in Turkey | Cindemir Law Office"	"64"	"Explains International Apostille Services in Turkey, including procedures, documents, risks and key legal points for foreign clients."	"133"	"International Apostille Services in Turkey

International Apostille Services in Turkey
Apostille Services in Turkey (International)"	"42
0
42
44"	"follow
index
max-image-preview:large
max-snippet:-1
max-video-preview:-1"	""	"https://cindemirlaw.com/international-apostille-services-in-turkey/"	"200"	"163699"	"1371"	"0"	"67"	"67"	"22"	"4"	"777"	"0"	"5"	"0"	"5"	"2"	"5"
"21"	"https://cindemirlaw.com/eu-ai-act-prohibited-practices-and-compliance-obligations/"	"200"	"text/html; charset=utf-8"	"true"	"EU AI Act: Prohibited Practices and Compliance Obligations in Turkey"	"68"	"Explains EU AI Act: Prohibited Practices and Compliance Obligations in Turkey, including procedures, documents, risks and key legal points for foreign clients."	"159"	"EU AI Act: Prohibited Practices and Compliance Obligations"	"58"	"follow
index
max-image-preview:large
max-snippet:-1
max-video-preview:-1"	""	"https://cindemirlaw.com/eu-ai-act-prohibited-practices-and-compliance-obligations/"	"200"	"159768"	"598"	"0"	"42"	"42"	"20"	"4"	"751"	"0"	"0"	"0"	"0"	"0"	"0"
"21"	"https://cindemirlaw.com/opening-a-company-in-turkey-for-foreigners/"	"200"	"text/html; charset=utf-8"	"true"	"Opening a Company in Turkey for Foreigners | Cindemir Law Office"	"64"	"Explains Opening a Company in Turkey for Foreigners, including company procedures, governance, compliance and key points for foreign investors."	"143"	"Opening a Company in Turkey for Foreigners"	"42"	"follow
index
max-image-preview:large
max-snippet:-1
max-video-preview:-1"	""	"https://cindemirlaw.com/opening-a-company-in-turkey-for-foreigners/"	"200"	"160875"	"761"	"0"	"29"	"29"	"27"	"4"	"797"	"0"	"0"	"0"	"0"	"0"	"0"
"21"	"https://cindemirlaw.com/p91/"	"200"	"text/html; charset=utf-8"	"true"	"Recognition of Russian Court Decisions in Turkey | Cindemir Law Office"	"70"	"Explains Recognition of Russian Court Decisions in Turkey, including procedures, documents, risks and key legal points for foreign clients."	"139"	"Recognition of Russian Court Decisions in Turkey
"	"48
0"	"follow
index
max-image-preview:large
max-snippet:-1
max-video-preview:-1"	""	"https://cindemirlaw.com/p91/"	"200"	"168611"	"1566"	"0"	"55"	"55"	"33"	"4"	"861"	"0"	"1"	"1"	"0"	"1"	"1"
"21"	"https://cindemirlaw.com/malpractice-cases-in-turkey/"	"200"	"text/html; charset=utf-8"	"true"	"Medical Malpractice and Medical Negligence Claims in Turkey"	"59"	"This article is based on Medical Malpractice and Medical Negligence Claims in Turkey. It explains regarding doctor mistakes and negligence under Turkish Law."	"157"	"Medical Malpractice and Medical Negligence Claims in Turkey"	"59"	"follow
index
max-image-preview:large
max-snippet:-1
max-video-preview:-1"	""	"https://cindemirlaw.com/malpractice-cases-in-turkey/"	"200"	"170725"	"1776"	"0"	"40"	"40"	"32"	"4"	"808"	"0"	"0"	"0"	"0"	"0"	"0"
"21"	"https://cindemirlaw.com/enforcement-of-a-foreign-iran-judgment-in-turkey/"	"200"	"text/html; charset=utf-8"	"true"	"Enforcement of a Foreign (Iran) Judgment in Turkey | Turkish Law"	"64"	"Explains Enforcement of a Foreign (Iran) Judgment in Turkey, including enforcement steps, documents and practical risks for creditors."	"134"	"Enforcement of a Foreign (Iran) Judgment in Turkey"	"50"	"follow
index
max-image-preview:large
max-snippet:-1
max-video-preview:-1"	""	"https://cindemirlaw.com/enforcement-of-a-foreign-iran-judgment-in-turkey/"	"200"	"161515"	"790"	"0"	"26"	"26"	"24"	"4"	"808"	"0"	"0"	"0"	"0"	"0"	"0"
"21"	"https://cindemirlaw.com/crypto-assets-status-a-perspective-following-turkeys-stance-on-crypto-use/"	"200"	"text/html; charset=utf-8"	"true"	"Crypto Assets Status in Turkey | Legal Overview"	"47"	"Explains Crypto Assets Status in Turkey, focusing on crypto regulation, compliance risks and practical points for foreign clients."	"130"	"Crypto Assets Status: A Perspective Following Turkey’s Stance on Crypto Use"	"75"	"follow
index
max-image-preview:large
max-snippet:-1
max-video-preview:-1"	""	"https://cindemirlaw.com/crypto-assets-status-a-perspective-following-turkeys-stance-on-crypto-use/"	"200"	"162962"	"749"	"0"	"50"	"50"	"25"	"4"	"779"	"0"	"0"	"0"	"0"	"0"	"0"
"21"	"https://cindemirlaw.com/appointment-of-a-turkish-lawyer-with-power-of-attorney/"	"200"	"text/html; charset=utf-8"	"true"	"Power of Attorney for a Turkish Lawyer | Cindemir Law Office"	"60"	"Explains Power of Attorney for a Turkish Lawyer, including procedures, documents, risks and key legal points for foreign clients."	"129"	"Appointment of a Turkish Lawyer With Power Of Attorney"	"54"	"follow
index
max-image-preview:large
max-snippet:-1
max-video-preview:-1"	""	"https://cindemirlaw.com/appointment-of-a-turkish-lawyer-with-power-of-attorney/"	"200"	"164963"	"889"	"0"	"24"	"24"	"28"	"4"	"808"	"0"	"0"	"0"	"0"	"0"	"0"
"21"	"https://cindemirlaw.com/legal-services-for-digital-asset-businesses/"	"200"	"text/html; charset=utf-8"	"true"	"Legal Services for Digital Asset Businesses in Turkey | Turkish Law"	"67"	"Explains Legal Services for Digital Asset Businesses in Turkey, including procedures, documents, risks and key legal points for foreign clients."	"144"	"Legal Services for Digital Asset Businesses"	"43"	"follow
index
max-image-preview:large
max-snippet:-1
max-video-preview:-1"	""	"https://cindemirlaw.com/legal-services-for-digital-asset-businesses/"	"200"	"159320"	"522"	"0"	"31"	"31"	"22"	"4"	"764"	"0"	"0"	"0"	"0"	"0"	"0"
"21"	"https://cindemirlaw.com/website-legal-services%E2%80%8B/"	"200"	"text/html; charset=utf-8"	"true"	"Website Legal Services​ in Turkey | Cindemir Law Office"	"55"	"Explains Website Legal Services​ in Turkey, including procedures, documents, risks and key legal points for foreign clients."	"124"	"Website Legal Services​"	"23"	"follow
index
max-image-preview:large
max-snippet:-1
max-video-preview:-1"	""	"https://cindemirlaw.com/website-legal-services%E2%80%8B/"	"200"	"166149"	"577"	"0"	"43"	"43"	"28"	"4"	"781"	"0"	"0"	"0"	"0"	"0"	"0"
"21"	"https://cindemirlaw.com/inheritance-contracts-under-turkish-civil-code/"	"200"	"text/html; charset=utf-8"	"true"	"Inheritance Contracts under Turkish Civil Code | Cindemir Law Office"	"68"	"Explains Inheritance Contracts under Turkish Civil Code, including heirs, probate, documents and practical risks for foreign families."	"134"	"Inheritance Contracts under Turkish Civil Code"	"46"	"follow
index
max-image-preview:large
max-snippet:-1
max-video-preview:-1"	""	"https://cindemirlaw.com/inheritance-contracts-under-turkish-civil-code/"	"200"	"164510"	"800"	"0"	"27"	"27"	"25"	"4"	"748"	"0"	"0"	"0"	"0"	"0"	"0"
"20"	"https://cindemirlaw.com/legal-rights-of-foreign-nationals-in-police-custody-in-istanbul/"	"200"	"text/html; charset=utf-8"	"true"	"Police Custody Rights in Istanbul in Turkey | Legal Overview"	"60"	"Explains Police Custody Rights in Istanbul in Turkey, including procedure, risk assessment and rights of foreign nationals under Turkish law."	"141"	"Legal Rights of Foreign Nationals in Police Custody in Istanbul"	"63"	"follow
index
max-image-preview:large
max-snippet:-1
max-video-preview:-1"	""	"https://cindemirlaw.com/legal-rights-of-foreign-nationals-in-police-custody-in-istanbul/"	"200"	"158711"	"541"	"0"	"3"	"3"	"24"	"4"	"784"	"0"	"0"	"0"	"0"	"0"	"0"
"20"	"https://cindemirlaw.com/turkey-crypto-crimes-legal-landscape-enforcement-and-investor-protection/"	"200"	"text/html; charset=utf-8"	"true"	"Turkey Crypto Crimes | Cindemir Law Office"	"42"	"Explains Turkey Crypto Crimes, focusing on crypto regulation, compliance risks and practical points for foreign clients."	"120"	"Turkey Crypto Crimes: Legal Landscape, Enforcement, and Investor Protection"	"75"	"follow
index
max-image-preview:large
max-snippet:-1
max-video-preview:-1"	""	"https://cindemirlaw.com/turkey-crypto-crimes-legal-landscape-enforcement-and-investor-protection/"	"200"	"163103"	"627"	"0"	"6"	"6"	"31"	"4"	"776"	"0"	"0"	"0"	"0"	"0"	"0"
"20"	"https://cindemirlaw.com/international-death-certificate-form-c-and-procedures-for-obtaining-in-turkey/"	"200"	"text/html; charset=utf-8"	"true"	"International Death Certificate in Turkey | Cindemir Law Office"	"63"	"Learn how to obtain and legalize a Form C Death Certificate in Turkey for inheritance, insurance, repatriation and international death registration."	"148"	"International Death Certificate: Form C and Procedures for Obtaining in Turkey
Form C Death Certificate in Turkey: How to Obtain and Legalize an International Death Record"	"78
92"	"follow
index
max-image-preview:large
max-snippet:-1
max-video-preview:-1"	""	"https://cindemirlaw.com/international-death-certificate-form-c-and-procedures-for-obtaining-in-turkey/"	"200"	"170750"	"2076"	"0"	"3"	"3"	"29"	"4"	"787"	"0"	"0"	"0"	"0"	"0"	"0"
"20"	"https://cindemirlaw.com/estates-trusts/"	"200"	"text/html; charset=utf-8"	"true"	"Estates, Trusts in Turkey | Cindemir Law Office"	"47"	"Explains Estates, Trusts in Turkey, including heirs, probate, documents and practical risks for foreign families."	"113"	"Estates, Trusts"	"15"	"follow
index
max-image-preview:large
max-snippet:-1
max-video-preview:-1"	""	"https://cindemirlaw.com/estates-trusts/"	"200"	"155798"	"233"	"0"	"3"	"3"	"14"	"4"	"788"	"0"	"0"	"0"	"0"	"0"	"0"
"20"	"https://cindemirlaw.com/fde1068e3bda46a37dd24126f9ec4b09df0c999365011ec71028e1a7d4c45bfdd1fde1068e3bda46a37dd24126f9ec4b09df0c999365011ec71028e1a7d4c45bfd81fde1068e3bda46a37dd24126f9ec4b09df0c999365011ec71028e1a7d4c45bf-3/?lang=ru"	"200"	"text/html; charset=utf-8"	"true"	"Судебное разбирательство и Альтернативное решение споров"	"56"	"Мы верим в преимущества альтернативных методов разрешения споров, таких как Арбитраж и посредничество."	"102"	"Судебное разбирательство и Альтернативное решение споров"	"56"	"follow
index
max-image-preview:large
max-snippet:-1
max-video-preview:-1"	""	"https://cindemirlaw.com/fde1068e3bda46a37dd24126f9ec4b09df0c999365011ec71028e1a7d4c45bfdd1fde1068e3bda46a37dd24126f9ec4b09df0c999365011ec71028e1a7d4c45bfd81fde1068e3bda46a37dd24126f9ec4b09df0c999365011ec71028e1a7d4c45bf-3/?lang=ru"	"200"	"161335"	"347"	"1"	"0"	"0"	"14"	"2"	"795"	"0"	"0"	"0"	"0"	"0"	"0"
"20"	"https://cindemirlaw.com/methods-of-debt-collection-in-the-light-of-turkish-law/"	"200"	"text/html; charset=utf-8"	"true"	"Methods of Debt Collection In The Light of Turkish Law"	"54"	"Methods of Debt Collection In The Light of Turkish Law Status of Foreign Legal or Personal Entities Regarding Debt Collection"	"125"	"Methods of Debt Collection In The Light of Turkish Law"	"54"	"follow
index
max-image-preview:large
max-snippet:-1
max-video-preview:-1"	""	"https://cindemirlaw.com/methods-of-debt-collection-in-the-light-of-turkish-law/"	"200"	"166706"	"1082"	"0"	"11"	"11"	"34"	"4"	"764"	"0"	"0"	"0"	"0"	"0"	"0"
"20"	"https://cindemirlaw.com/form-a-document-legal-proof-of-birth-in-turkey-and-application-procedures/"	"200"	"text/html; charset=utf-8"	"true"	"Form A Birth Certificate in Turkey | Cindemir Law Office"	"56"	"Explains Form A Birth Certificate in Turkey, including procedures, documents, risks and key legal points for foreign clients."	"125"	"Form A Document: Legal Proof of Birth in Turkey and Application Procedures"	"74"	"follow
index
max-image-preview:large
max-snippet:-1
max-video-preview:-1"	""	"https://cindemirlaw.com/form-a-document-legal-proof-of-birth-in-turkey-and-application-procedures/"	"200"	"158499"	"503"	"0"	"5"	"5"	"20"	"4"	"791"	"0"	"0"	"0"	"0"	"0"	"0"
"20"	"https://cindemirlaw.com/title-deeds-in-turkey-a-legal-and-historical-overview/"	"200"	"text/html; charset=utf-8"	"true"	"Title Deeds in Turkey: A Legal and Historical Overview | Turkish Law"	"68"	"Explains Title Deeds in Turkey: A Legal and Historical Overview, including title deed checks, contracts and transaction risks for foreign buyers."	"145"	"Title Deeds in Turkey: A Legal and Historical Overview"	"54"	"follow
index
max-image-preview:large
max-snippet:-1
max-video-preview:-1"	""	"https://cindemirlaw.com/title-deeds-in-turkey-a-legal-and-historical-overview/"	"200"	"162260"	"797"	"0"	"5"	"5"	"29"	"4"	"748"	"0"	"0"	"0"	"0"	"0"	"0"
"20"	"https://cindemirlaw.com/obtaining-an-e-devlet-password-in-turkey-through-a-power-of-attorney/?lang=ru"	"200"	"text/html; charset=utf-8"	"true"	"пароль e-Devlet по доверенности, получить пароль e-Devlet Турция, процедура e-Devlet PTT, электронное правительство Турции, доверенность Турция"	"143"	"Пароль e-Devlet в Турции может быть получен по нотариально удостоверенной доверенности. Узнайте, как проходит процедура и почему важна правильная доверенность."	"159"	"Получение пароля e-Devlet в Турции по доверенности"	"50"	"follow
index
max-image-preview:large
max-snippet:-1
max-video-preview:-1"	""	"https://cindemirlaw.com/obtaining-an-e-devlet-password-in-turkey-through-a-power-of-attorney/?lang=ru"	"200"	"164029"	"645"	"1"	"0"	"0"	"13"	"2"	"770"	"0"	"0"	"0"	"0"	"0"	"0"
"20"	"https://cindemirlaw.com/cindemir-hukuk/?lang=zh-hans"	"200"	"text/html; charset=utf-8"	"true"	"Cindemir律师事务所 Al Mazaya İstanbul Ritim Residences - Cindemir Law Office"	"71"	"在我的土耳其律师联系页面，了解如何联系专业土耳其律师，解决您在土耳其的法律问题。我们提供土耳其法律咨询服务和多种语言支持。"	"61"	"Cindemir律师事务所 Al Mazaya İstanbul Ritim Residences"	"49"	"follow
index
max-image-preview:large
max-snippet:-1
max-video-preview:-1"	""	"https://cindemirlaw.com/cindemir-hukuk/?lang=zh-hans"	"200"	"156725"	"182"	"1"	"0"	"0"	"14"	"2"	"796"	"0"	"0"	"0"	"0"	"0"	"0"
"20"	"https://cindemirlaw.com/due-dilligence/"	"200"	"text/html; charset=utf-8"	"true"	"Due Diligence in Turkey | Cindemir Law Office"	"45"	"Explains Due Diligence in Turkey, including procedures, documents, risks and key legal points for foreign clients."	"114"	"Due Dilligence"	"14"	"follow
index
max-image-preview:large
max-snippet:-1
max-video-preview:-1"	""	"https://cindemirlaw.com/due-dilligence/"	"200"	"155300"	"177"	"0"	"3"	"3"	"14"	"4"	"729"	"0"	"0"	"0"	"0"	"0"	"0"
"20"	"https://cindemirlaw.com/narcotic-crimes-drugs-and-cordials-in-turkish-penal-code/"	"200"	"text/html; charset=utf-8"	"true"	"istanbul Crime Lawyer | istanbul Defense Lawyer | istanbul Penal Lawyer"	"71"	"This article is explaining drug and narcotic crimes in Turkey. Article is written by istanbul Crime Lawyer, istanbul defense lawyer, istanbul penal lawyer"	"154"	"Narcotic Crimes, Drugs and Cordials in Turkish Penal Code"	"57"	"follow
index
max-image-preview:large
max-snippet:-1
max-video-preview:-1"	""	"https://cindemirlaw.com/narcotic-crimes-drugs-and-cordials-in-turkish-penal-code/"	"200"	"161805"	"1202"	"0"	"3"	"3"	"26"	"4"	"766"	"0"	"0"	"0"	"0"	"0"	"0"
"20"	"https://cindemirlaw.com/%D1%80%D1%83%D1%81%D1%81%D0%BA%D0%BE%D1%8F%D0%B7%D1%8B%D1%87%D0%BD%D1%8B%D0%B9-%D1%8E%D1%80%D0%B8%D1%81%D1%82-%D0%B2-%D1%82%D1%83%D1%80%D1%86%D0%B8%D0%B8-%D1%8E%D1%80%D0%B8%D0%B4%D0%B8%D1%87/?lang=ru"	"200"	"text/html; charset=utf-8"	"true"	"Русскоязычный юрист в Турции — Юридические услуги для российских компаний - Cindemir Law Office"	"95"	"Русскоязычный юрист в Турции для российских компаний. Регистрация, контракты, судебные споры, миграционные и корпоративные вопросы."	"131"	"Русскоязычный юрист в Турции — Юридические услуги для российских компаний"	"73"	"follow
index
max-image-preview:large
max-snippet:-1
max-video-preview:-1"	""	"https://cindemirlaw.com/%D1%80%D1%83%D1%81%D1%81%D0%BA%D0%BE%D1%8F%D0%B7%D1%8B%D1%87%D0%BD%D1%8B%D0%B9-%D1%8E%D1%80%D0%B8%D1%81%D1%82-%D0%B2-%D1%82%D1%83%D1%80%D1%86%D0%B8%D0%B8-%D1%8E%D1%80%D0%B8%D0%B4%D0%B8%D1%87/?lang=ru"	"200"	"162840"	"422"	"1"	"0"	"0"	"18"	"2"	"772"	"0"	"0"	"0"	"0"	"0"	"0"
"20"	"https://cindemirlaw.com/online-appointment-booking/"	"200"	"text/html; charset=utf-8"	"true"	"Appointment Booking Service - Cindemir Law Office"	"49"	"Online Appointment Booking – Schedule a consultation with Cindemir Law Office for expert legal advice"	"101"	"CINDEMIR LAW OFFICE"	"19"	"follow
index
max-image-preview:large
max-snippet:-1
max-video-preview:-1"	""	"https://cindemirlaw.com/online-appointment-booking/"	"200"	"152934"	"137"	"0"	"16"	"16"	"14"	"4"	"394"	"0"	"1"	"1"	"0"	"1"	"1"
"20"	"https://cindemirlaw.com/ottoman-archival-documents-and-their-role-in-legal-and-historical-investigations/"	"200"	"text/html; charset=utf-8"	"true"	"Ottoman Archival Documents in Legal Research in Turkey | Turkish Law"	"68"	"Explains Ottoman Archival Documents in Legal Research in Turkey, including procedures, documents, risks and key legal points for foreign clients."	"145"	"Ottoman Archival Documents and Their Role in Legal and Historical Investigations"	"80"	"follow
index
max-image-preview:large
max-snippet:-1
max-video-preview:-1"	""	"https://cindemirlaw.com/ottoman-archival-documents-and-their-role-in-legal-and-historical-investigations/"	"200"	"160127"	"591"	"0"	"3"	"3"	"24"	"4"	"755"	"0"	"0"	"0"	"0"	"0"	"0"
"20"	"https://cindemirlaw.com/the-scope-of-turkish-labor-law/"	"200"	"text/html; charset=utf-8"	"true"	"Turkish Employment Law"	"22"	"Turkish Labor is defined in this article. Worker's right and other issues are mentioned"	"87"	"Turkish Employment Law"	"22"	"follow
index
max-image-preview:large
max-snippet:-1
max-video-preview:-1"	""	"https://cindemirlaw.com/the-scope-of-turkish-labor-law/"	"200"	"162439"	"1074"	"0"	"4"	"4"	"24"	"4"	"742"	"0"	"0"	"0"	"0"	"0"	"0"
"20"	"https://cindemirlaw.com/liaison-offices-in-turkey/"	"200"	"text/html; charset=utf-8"	"true"	"Liaison Offices in Turkey | Cindemir Law Office"	"47"	"Explains Liaison Offices in Turkey, including procedures, documents, risks and key legal points for foreign clients."	"116"	"Liaison Offices in Turkey"	"25"	"follow
index
max-image-preview:large
max-snippet:-1
max-video-preview:-1"	""	"https://cindemirlaw.com/liaison-offices-in-turkey/"	"200"	"159570"	"793"	"0"	"3"	"3"	"24"	"4"	"777"	"0"	"0"	"0"	"0"	"0"	"0"
"20"	"https://cindemirlaw.com/nominee-director-in-turkey/"	"200"	"text/html; charset=utf-8"	"true"	"Услуги номинального директора в Турции | Cindemir"	"49"	"Обзор темы «Услуги номинального директора в Турции» в Турции: процедуры, документы, риски и практические вопросы для иностранных клиентов."	"138"	"Nominee Director in Turkey"	"26"	"follow
index
max-image-preview:large
max-snippet:-1
max-video-preview:-1"	""	"https://cindemirlaw.com/nominee-director-in-turkey/"	"200"	"161160"	"564"	"0"	"15"	"15"	"24"	"4"	"789"	"0"	"4"	"1"	"3"	"3"	"4"
"20"	"https://cindemirlaw.com/irish-kuwaiti-tourist-acquitted-in-street-brawl-case-in-turkey-hurriyet-daily-news/"	"200"	"text/html; charset=utf-8"	"true"	"Irish-Kuwaiti tourist acquitted in street brawl case in Turkey"	"62"	"Legal news and media note on Irish-Kuwaiti tourist acquitted in street brawl case in Turkey, with context from Cindemir Law Office in Turkey."	"141"	"Irish-Kuwaiti tourist acquitted in street brawl case in Turkey – Hurriyet Daily News"	"84"	"follow
index
max-image-preview:large
max-snippet:-1
max-video-preview:-1"	""	"https://cindemirlaw.com/irish-kuwaiti-tourist-acquitted-in-street-brawl-case-in-turkey-hurriyet-daily-news/"	"200"	"162967"	"503"	"0"	"19"	"19"	"26"	"4"	"762"	"0"	"0"	"0"	"0"	"0"	"0"
"20"	"https://cindemirlaw.com/enforcement-of-promissory-notes-bills-of-exchange-and-cheques-in-turkey/?lang=ru"	"200"	"text/html; charset=utf-8"	"true"	"Взыскание по векселям и чекам в Турции: простые векселя, переводные векселя и чеки - Cindemir Law Office"	"104"	"Узнайте, как в Турции осуществляется взыскание по простым векселям, переводным векселям и чекам в рамках специальной исполнительной процедуры."	"142"	"Взыскание по векселям и чекам в Турции: простые векселя, переводные векселя и чеки"	"82"	"follow
index
max-image-preview:large
max-snippet:-1
max-video-preview:-1"	""	"https://cindemirlaw.com/enforcement-of-promissory-notes-bills-of-exchange-and-cheques-in-turkey/?lang=ru"	"200"	"179065"	"1691"	"1"	"0"	"0"	"15"	"2"	"843"	"0"	"0"	"0"	"0"	"0"	"0"
"20"	"https://cindemirlaw.com/airport-detention-in-turkey-legal-risks-for-foreign-travellers-and-how-to-respond/"	"200"	"text/html; charset=utf-8"	"true"	"Airport Detention in Turkey | Cindemir Law Office"	"49"	"Explains Airport Detention in Turkey, including documents, authority practice and procedural options for foreign nationals."	"123"	"Airport Detention in Turkey: Legal Risks for Foreign Travellers and How to Respond"	"82"	"follow
index
max-image-preview:large
max-snippet:-1
max-video-preview:-1"	""	"https://cindemirlaw.com/airport-detention-in-turkey-legal-risks-for-foreign-travellers-and-how-to-respond/"	"200"	"172267"	"2022"	"0"	"4"	"4"	"34"	"4"	"796"	"0"	"0"	"0"	"0"	"0"	"0"
"20"	"https://cindemirlaw.com/termination-of-employment-under-turkish-law/"	"200"	"text/html; charset=utf-8"	"true"	"Termination of Employment under Turkish Law | Cindemir Law Office"	"65"	"Explains Termination of Employment under Turkish Law, including procedures, documents, risks and key legal points for foreign clients."	"134"	"Termination of Employment under Turkish Law"	"43"	"follow
index
max-image-preview:large
max-snippet:-1
max-video-preview:-1"	""	"https://cindemirlaw.com/termination-of-employment-under-turkish-law/"	"200"	"163085"	"1301"	"0"	"7"	"7"	"24"	"4"	"767"	"0"	"0"	"0"	"0"	"0"	"0"
"20"	"https://cindemirlaw.com/enforcement-of-foreign-judgments-austria-in-turkey/"	"200"	"text/html; charset=utf-8"	"true"	"Enforcement of Foreign Judgments (Austria) in Turkey"	"52"	"This article aims at explaining enforcement of foreign judgments obtained from Courts of Austria in Turkey."	"107"	"Enforcement of Foreign Judgments (Austria) in Turkey"	"52"	"follow
index
max-image-preview:large
max-snippet:-1
max-video-preview:-1"	""	"https://cindemirlaw.com/enforcement-of-foreign-judgments-austria-in-turkey/"	"200"	"159392"	"663"	"0"	"3"	"3"	"24"	"4"	"741"	"0"	"0"	"0"	"0"	"0"	"0"
"20"	"https://cindemirlaw.com/cindemir-hukuk-burosu-cindemir-law-office-kusdili-caddesi-osmanaga-mahallesi-artunc-apartmani-no173-34714-kadikoy-istanbul-2/"	"200"	"text/html; charset=utf-8"	"true"	"Cindemir Law Office in Istanbul | Cindemir"	"42"	"Обзор темы «Cindemir Law Office in Istanbul» в Турции: процедуры, документы, риски и практические вопросы для иностранных клиентов."	"131"	"Cindemir Hukuk Bürosu / Cindemir Law Office Al Mazaya İstanbul Ritim Residences Cevizli Mahallesi, Zuhal Caddesi no: 44 , b blok daire 18, 34846 Maltepe, Istanbul, Turkey"	"170"	"follow
index
max-image-preview:large
max-snippet:-1
max-video-preview:-1"	""	"https://cindemirlaw.com/cindemir-hukuk-burosu-cindemir-law-office-kusdili-caddesi-osmanaga-mahallesi-artunc-apartmani-no173-34714-kadikoy-istanbul-2/"	"200"	"156814"	"267"	"0"	"3"	"3"	"16"	"4"	"787"	"0"	"0"	"0"	"0"	"0"	"0"
"20"	"https://cindemirlaw.com/re-employment-lawsuit/"	"200"	"text/html; charset=utf-8"	"true"	"Re-employment Lawsuit in Turkey | Legal Overview"	"48"	"Explains Re-employment Lawsuit in Turkey, including procedures, documents, risks and key legal points for foreign clients."	"122"	"Re-employment Lawsuit"	"21"	"follow
index
max-image-preview:large
max-snippet:-1
max-video-preview:-1"	""	"https://cindemirlaw.com/re-employment-lawsuit/"	"200"	"163639"	"759"	"0"	"7"	"7"	"30"	"4"	"765"	"0"	"0"	"0"	"0"	"0"	"0"
"20"	"https://cindemirlaw.com/turkey-asset-repatriation-2026-legal-framework-for-bringing-foreign-assets-to-turkey/"	"200"	"text/html; charset=utf-8"	"true"	"Turkey Asset Repatriation 2026: Legal Framework for Bringing Foreign Assets to Turkey - Cindemir Law Office"	"107"	"Turkey asset repatriation 2026 allows foreign assets to be declared and brought to Turkey under Law No. 7582 with tax advantages."	"129"	"Turkey Asset Repatriation 2026: Legal Framework for Bringing Foreign Assets to Turkey"	"85"	"follow
index
max-image-preview:large
max-snippet:-1
max-video-preview:-1"	""	"https://cindemirlaw.com/turkey-asset-repatriation-2026-legal-framework-for-bringing-foreign-assets-to-turkey/"	"200"	"167275"	"1432"	"0"	"5"	"5"	"38"	"4"	"828"	"0"	"0"	"0"	"0"	"0"	"0"
"20"	"https://cindemirlaw.com/%D0%BF%D1%80%D0%B0%D0%B2%D0%B0-%D0%B8-%D0%BE%D0%B1%D1%8F%D0%B7%D0%B0%D0%BD%D0%BD%D0%BE%D1%81%D1%82%D0%B8/?lang=ru"	"200"	"text/html; charset=utf-8"	"true"	"Права и обязанности - Турецкая юридическая фирма"	"48"	"К сожалению, я не нашёл конкретной информации о правах и обязанностях на указанной странице. Однако, Cindemir Law Office предоставляет широкий спектр юридических услуг в Турции, включая корпоративное и коммерческое право, энергетическое законодательство, недвижимость и передачу прав на имущество, а также услуги по взысканию долгов и дью-дилидженс."	"349"	"Права и обязанности"	"19"	"follow
index
max-image-preview:large
max-snippet:-1
max-video-preview:-1"	""	"https://cindemirlaw.com/%D0%BF%D1%80%D0%B0%D0%B2%D0%B0-%D0%B8-%D0%BE%D0%B1%D1%8F%D0%B7%D0%B0%D0%BD%D0%BD%D0%BE%D1%81%D1%82%D0%B8/?lang=ru"	"200"	"163504"	"583"	"1"	"0"	"0"	"14"	"2"	"802"	"0"	"0"	"0"	"0"	"0"	"0"
"20"	"https://cindemirlaw.com/cisg-%D0%B2-%D1%82%D1%83%D1%80%D1%86%D0%B8%D0%B8-%D0%BC%D0%B5%D0%B6%D0%B4%D1%83%D0%BD%D0%B0%D1%80%D0%BE%D0%B4%D0%BD%D0%B0%D1%8F-%D0%BA%D1%83%D0%BF%D0%BB%D1%8F-%D0%BF%D1%80%D0%BE%D0%B4%D0%B0%D0%B6/"	"200"	"text/html; charset=utf-8"	"true"	"CISG в Турции | Международная купля-продажа товаров"	"51"	"CISG в Турции: узнайте, когда Конвенция применяется к международным договорам купли-продажи товаров и трансграничным коммерческим спорам."	"137"	"CISG в Турции: Международная купля-продажа товаров и разрешение коммерческих споров
Что такое CISG?
Применяется ли CISG в Турции?
Когда применяется CISG?
Когда CISG не применяется?
Наиболее распространённые споры по CISG
Почему важно определить применимое право на ранней стадии?
Можно ли исключить применение CISG?
CISG и турецкие суды
Международный арбитраж и CISG
Часто задаваемые вопросы
Заключение"	"83
15
29
23
26
39
58
35
20
29
24
10"	"follow
index
max-image-preview:large
max-snippet:-1
max-video-preview:-1"	""	"https://cindemirlaw.com/cisg-%D0%B2-%D1%82%D1%83%D1%80%D1%86%D0%B8%D0%B8-%D0%BC%D0%B5%D0%B6%D0%B4%D1%83%D0%BD%D0%B0%D1%80%D0%BE%D0%B4%D0%BD%D0%B0%D1%8F-%D0%BA%D1%83%D0%BF%D0%BB%D1%8F-%D0%BF%D1%80%D0%BE%D0%B4%D0%B0%D0%B6/"	"200"	"170312"	"1056"	"0"	"2"	"2"	"15"	"4"	"872"	"0"	"0"	"0"	"0"	"0"	"0"
"20"	"https://cindemirlaw.com/link20/"	"200"	"text/html; charset=utf-8"	"true"	"土耳其能源法律和投资 | Cindemir"	"21"	"本文概述土耳其能源法律和投资相关法律问题，包括程序、文件、风险和外国客户常见注意事项。"	"43"	"能源法律和投资"	"7"	"follow
index
max-image-preview:large
max-snippet:-1
max-video-preview:-1"	""	"https://cindemirlaw.com/link20/"	"200"	"156776"	"182"	"0"	"3"	"3"	"14"	"4"	"759"	"0"	"0"	"0"	"0"	"0"	"0"
"20"	"https://cindemirlaw.com/fde1068e3bda46a37dd24126f9ec4b09df0c999365011ec71028e1a7d4c45bfdd0fde1068e3bda46a37dd24126f9ec4b09df0c999365011ec71028e1a7d4c45bfdbdfde1068e3bda46a37dd24126f9ec4b09df0c999365011ec71028e1a7d4c45bf/?lang=ru"	"200"	"text/html; charset=utf-8"	"true"	"Недвижимость, Трасты - Cindemir Law Office"	"42"	"Мы имеем большой опыт в создании корпоративной структуры трастов и частных трастов, разрешении споров, связанных с трастами и завещаниями."	"138"	"Недвижимость, Трасты"	"20"	"follow
index
max-image-preview:large
max-snippet:-1
max-video-preview:-1"	""	"https://cindemirlaw.com/fde1068e3bda46a37dd24126f9ec4b09df0c999365011ec71028e1a7d4c45bfdd0fde1068e3bda46a37dd24126f9ec4b09df0c999365011ec71028e1a7d4c45bfdbdfde1068e3bda46a37dd24126f9ec4b09df0c999365011ec71028e1a7d4c45bf/?lang=ru"	"200"	"159119"	"268"	"1"	"0"	"0"	"13"	"2"	"858"	"0"	"0"	"0"	"0"	"0"	"0"
"20"	"https://cindemirlaw.com/independent-certified-public-accountant-financial-consultant-taner-cevik-2/"	"200"	"text/html; charset=utf-8"	"true"	"土耳其独立的注册会计师及财务顾问，Taner Cevik | Cindemir"	"39"	"本文概述土耳其独立的注册会计师及财务顾问，Taner Cevik相关法律问题，包括程序、文件、风险和外国客户常见注意事项。"	"61"	"独立的注册会计师及财务顾问，Taner Cevik"	"25"	"follow
index
max-image-preview:large
max-snippet:-1
max-video-preview:-1"	""	"https://cindemirlaw.com/independent-certified-public-accountant-financial-consultant-taner-cevik-2/"	"200"	"156890"	"180"	"0"	"3"	"3"	"14"	"4"	"780"	"0"	"0"	"0"	"0"	"0"	"0"
"20"	"https://cindemirlaw.com/litigation-adr/"	"200"	"text/html; charset=utf-8"	"true"	"Litigation & ADR in Turkey | Cindemir Law Office"	"48"	"Explains Litigation & ADR in Turkey, including procedures, documents, risks and key legal points for foreign clients."	"117"	"Litigation & ADR"	"16"	"follow
index
max-image-preview:large
max-snippet:-1
max-video-preview:-1"	""	"https://cindemirlaw.com/litigation-adr/"	"200"	"156120"	"262"	"0"	"3"	"3"	"16"	"4"	"774"	"0"	"0"	"0"	"0"	"0"	"0"
"20"	"https://cindemirlaw.com/accidents-on-the-road-in-turkey-car-crashes-traffic-accidents/"	"200"	"text/html; charset=utf-8"	"true"	"Road and Car Accidents in Turkey | Cindemir Law Office"	"54"	"Explains Road and Car Accidents in Turkey, including liability, evidence and compensation issues under Turkish law."	"115"	"Accidents on the Road in Turkey, Car Crashes, Traffic Accidents"	"63"	"follow
index
max-image-preview:large
max-snippet:-1
max-video-preview:-1"	""	"https://cindemirlaw.com/accidents-on-the-road-in-turkey-car-crashes-traffic-accidents/"	"200"	"168149"	"1374"	"0"	"8"	"8"	"38"	"4"	"794"	"0"	"0"	"0"	"0"	"0"	"0"
"20"	"https://cindemirlaw.com/link13/?lang=zh-hans"	"200"	"text/html; charset=utf-8"	"true"	"职务调查 - Cindemir Law Office"	"26"	"Cindemir律师事务所位于伊斯坦布尔，专注于土耳其业务、国内私法和欧洲法。自2004年以来，我们为国际组织、企业和个人提供高质量的法律服务，涵盖欧洲法、合同法、公司法、商法和房地产法等领域。我们在投资合同和税务方面拥有丰富的专业知识。我们的多语言团队能够以英语、土耳其语、阿拉伯语、法语、德语和荷兰语提供法律服务，确保满足客户的多样化需求。我们致力于为客户的法律问题提供创新且可行的解决方案。如需了解更多信息或获取法律支持，请访问我们的网站或直接联系我们。"	"230"	"职务调查"	"4"	"follow
index
max-image-preview:large
max-snippet:-1
max-video-preview:-1"	""	"https://cindemirlaw.com/link13/?lang=zh-hans"	"200"	"156936"	"105"	"1"	"0"	"0"	"12"	"2"	"772"	"0"	"0"	"0"	"0"	"0"	"0"
"20"	"https://cindemirlaw.com/%D0%BD%D0%B0%D1%81%D0%BB%D0%B5%D0%B4%D1%81%D1%82%D0%B2%D0%B5%D0%BD%D0%BD%D0%BE%D0%B5-%D0%BF%D1%80%D0%B0%D0%B2%D0%BE-%D1%82%D1%83%D1%80%D1%86%D0%B8%D0%B8/?lang=ru"	"200"	"text/html; charset=utf-8"	"true"	"Наследственное Право Турции - адвокатское бюро Синдемир"	"55"	"Цель этой статьи — разъяснить детали турецкого законодательства о наследовании и предоставить информацию о правовой системе наследования."	"137"	"Наследственное Право Турции"	"27"	"follow
index
max-image-preview:large
max-snippet:-1
max-video-preview:-1"	""	"https://cindemirlaw.com/%D0%BD%D0%B0%D1%81%D0%BB%D0%B5%D0%B4%D1%81%D1%82%D0%B2%D0%B5%D0%BD%D0%BD%D0%BE%D0%B5-%D0%BF%D1%80%D0%B0%D0%B2%D0%BE-%D1%82%D1%83%D1%80%D1%86%D0%B8%D0%B8/?lang=ru"	"200"	"162345"	"532"	"1"	"0"	"0"	"14"	"2"	"778"	"0"	"0"	"0"	"0"	"0"	"0"
"20"	"https://cindemirlaw.com/enforcement-of-a-foreign-decision-in-turkey/"	"200"	"text/html; charset=utf-8"	"true"	"Enforcement of a Foreign Decision in Turkey | Cindemir Law Office"	"65"	"Explains Enforcement of a Foreign Decision in Turkey, including enforcement steps, documents and practical risks for creditors."	"127"	"Enforcement of a Foreign Decision in Turkey"	"43"	"follow
index
max-image-preview:large
max-snippet:-1
max-video-preview:-1"	""	"https://cindemirlaw.com/enforcement-of-a-foreign-decision-in-turkey/"	"200"	"161755"	"1113"	"0"	"3"	"3"	"26"	"4"	"758"	"0"	"0"	"0"	"0"	"0"	"0"
"20"	"https://cindemirlaw.com/how-to-apply-to-the-european-court-of-human-rights-echr-legal-conditions-and-procedure/"	"200"	"text/html; charset=utf-8"	"true"	"How to Apply to the European Court of Human Rights (ECHR) in Turkey"	"67"	"Explains How to Apply to the European Court of Human Rights (ECHR) in Turkey, including procedures, documents, risks and key legal points for foreign clients."	"158"	"How to Apply to the European Court of Human Rights (ECHR) – Legal Conditions and Procedure"	"90"	"follow
index
max-image-preview:large
max-snippet:-1
max-video-preview:-1"	""	"https://cindemirlaw.com/how-to-apply-to-the-european-court-of-human-rights-echr-legal-conditions-and-procedure/"	"200"	"161270"	"935"	"0"	"11"	"11"	"26"	"4"	"818"	"0"	"0"	"0"	"0"	"0"	"0"
"20"	"https://cindemirlaw.com/turkish-citizenship-law-in-english/"	"200"	"text/html; charset=utf-8"	"true"	"Turkish Citizenship Law in English | Cindemir Law Office"	"56"	"Explains Turkish Citizenship Law in English, including documents, authority practice and procedural options for foreign nationals."	"130"	"Turkish Citizenship Law in English"	"34"	"follow
index
max-image-preview:large
max-snippet:-1
max-video-preview:-1"	""	"https://cindemirlaw.com/turkish-citizenship-law-in-english/"	"200"	"174846"	"3969"	"0"	"3"	"3"	"27"	"4"	"774"	"0"	"0"	"0"	"0"	"0"	"0"
"20"	"https://cindemirlaw.com/payment/"	"200"	"text/html; charset=utf-8"	"true"	"Payment / Ödeme / Адвокатский гонорар | Cindemir"	"48"	"Обзор темы «Payment / Ödeme / Адвокатский гонорар» в Турции: процедуры, документы, риски и практические вопросы для иностранных клиентов."	"137"	"Payment / Ödeme / Адвокатский гонорар"	"37"	"follow
index
max-image-preview:large
max-snippet:-1
max-video-preview:-1"	""	"https://cindemirlaw.com/payment/"	"200"	"156874"	"227"	"0"	"3"	"3"	"15"	"5"	"757"	"0"	"0"	"0"	"0"	"0"	"0"
"20"	"https://cindemirlaw.com/nominee-directory-services-in-turkey/"	"200"	"text/html; charset=utf-8"	"true"	"Nominee Director Services in Turkey | Cindemir Law Office"	"57"	"Explains Nominee Director Services in Turkey, including company procedures, governance, compliance and key points for foreign investors."	"136"	"Nominee Directory Services in Turkey"	"36"	"follow
index
max-image-preview:large
max-snippet:-1
max-video-preview:-1"	""	"https://cindemirlaw.com/nominee-directory-services-in-turkey/"	"200"	"160761"	"649"	"0"	"15"	"15"	"24"	"4"	"788"	"0"	"0"	"0"	"0"	"0"	"0"
"20"	"https://cindemirlaw.com/cindemir-law-2/?lang=ru"	"200"	"text/html; charset=utf-8"	"true"	"Cindemir Law Office - турецкая юридическая - Cindemir Law Office"	"64"	"Независимая турецкая юридическая фирма, основанная в Стамбуле в 2004 году, предоставляет высококачественные юридические услуги международным организациям, предприятиям и физическим лицам. Мы специализируемся на Европейском праве, договорном праве, корпоративном праве, коммерческом праве и праве о недвижимости, а также на инвестиционных контрактах и налогообложении."	"367"	"Cindemir Law Office – турецкая юридическая"	"42"	"follow
index
max-image-preview:large
max-snippet:-1
max-video-preview:-1"	""	"https://cindemirlaw.com/cindemir-law-2/?lang=ru"	"200"	"161723"	"428"	"1"	"0"	"0"	"17"	"2"	"773"	"0"	"0"	"0"	"0"	"0"	"0"
"20"	"https://cindemirlaw.com/deportation-law-in-turkey/"	"200"	"text/html; charset=utf-8"	"true"	"Deportation Law In Turkey | Cindemir Law Office"	"47"	"Explains Deportation Law In Turkey, including documents, authority practice and procedural options for foreign nationals."	"121"	"Deportation Law In Turkey"	"25"	"follow
index
max-image-preview:large
max-snippet:-1
max-video-preview:-1"	""	"https://cindemirlaw.com/deportation-law-in-turkey/"	"200"	"164709"	"1699"	"0"	"3"	"3"	"30"	"4"	"784"	"0"	"1"	"1"	"0"	"1"	"1"
"20"	"https://cindemirlaw.com/resolution-in-the-course-of-litigation-proceedings-regarding-turkish-law/"	"200"	"text/html; charset=utf-8"	"true"	"Resolution In the Course of Litigation Proceedings Regarding Turkish Law"	"72"	"This article aims to explain Turkish Law in the field of resolution and litigation in Turkish Law."	"98"	"Resolution In the Course of Litigation Proceedings Regarding Turkish Law"	"72"	"follow
index
max-image-preview:large
max-snippet:-1
max-video-preview:-1"	""	"https://cindemirlaw.com/resolution-in-the-course-of-litigation-proceedings-regarding-turkish-law/"	"200"	"159083"	"642"	"0"	"3"	"3"	"22"	"4"	"779"	"0"	"0"	"0"	"0"	"0"	"0"
"20"	"https://cindemirlaw.com/paternity-suit-in-turkey-under-turkish-family-law/"	"200"	"text/html; charset=utf-8"	"true"	"Paternity Suit In Turkey | Cindemir Law Office"	"46"	"Legal news and media note on Paternity Suit In Turkey, with context from Cindemir Law Office in Turkey."	"103"	"Paternity Suit In Turkey"	"24"	"follow
index
max-image-preview:large
max-snippet:-1
max-video-preview:-1"	""	"https://cindemirlaw.com/paternity-suit-in-turkey-under-turkish-family-law/"	"200"	"164765"	"832"	"0"	"15"	"15"	"30"	"4"	"816"	"0"	"0"	"0"	"0"	"0"	"0"
"20"	"https://cindemirlaw.com/personal-injury-liability-in-turkey/"	"200"	"text/html; charset=utf-8"	"true"	"Personal Injury Liability in Turkey"	"35"	"This article is written by a Turkish Lawyer who aims to reflect general Turkish Court Practice regarding personal injury liability in Turkey."	"141"	"Personal Injury Liability in Turkey"	"35"	"follow
index
max-image-preview:large
max-snippet:-1
max-video-preview:-1"	""	"https://cindemirlaw.com/personal-injury-liability-in-turkey/"	"200"	"166796"	"889"	"0"	"16"	"16"	"32"	"4"	"761"	"0"	"0"	"0"	"0"	"0"	"0"
"20"	"https://cindemirlaw.com/%D0%BF%D0%BE%D1%81%D0%B5%D1%89%D0%B5%D0%BD%D0%B8%D0%B5-%D0%B8%D0%BD%D0%BE%D1%81%D1%82%D1%80%D0%B0%D0%BD%D0%BD%D1%8B%D1%85-%D0%B7%D0%B0%D0%BA%D0%BB%D1%8E%D1%87%D1%91%D0%BD%D0%BD%D1%8B%D1%85-%D0%B2/?lang=ru"	"200"	"text/html; charset=utf-8"	"true"	"Посещение иностранных заключённых в тюрьмах Турции: Правила и юридическая поддержка - Cindemir Law Office"	"105"	"Помогаем организовать визит к иностранному заключённому в Турции: разрешения, документы, консультации, адвокатская поддержка."	"125"	"Посещение иностранных заключённых в тюрьмах Турции: Правила и юридическая поддержка"	"83"	"follow
index
max-image-preview:large
max-snippet:-1
max-video-preview:-1"	""	"https://cindemirlaw.com/%D0%BF%D0%BE%D1%81%D0%B5%D1%89%D0%B5%D0%BD%D0%B8%D0%B5-%D0%B8%D0%BD%D0%BE%D1%81%D1%82%D1%80%D0%B0%D0%BD%D0%BD%D1%8B%D1%85-%D0%B7%D0%B0%D0%BA%D0%BB%D1%8E%D1%87%D1%91%D0%BD%D0%BD%D1%8B%D1%85-%D0%B2/?lang=ru"	"200"	"164480"	"642"	"1"	"0"	"0"	"14"	"2"	"808"	"0"	"0"	"0"	"0"	"0"	"0"
"20"	"https://cindemirlaw.com/administrative-law/"	"200"	"text/html; charset=utf-8"	"true"	"Administrative Law in Turkey | Cindemir Law Office"	"50"	"Explains Administrative Law in Turkey, including procedures, documents, risks and key legal points for foreign clients."	"119"	"Administrative Law"	"18"	"follow
index
max-image-preview:large
max-snippet:-1
max-video-preview:-1"	""	"https://cindemirlaw.com/administrative-law/"	"200"	"155566"	"218"	"0"	"3"	"3"	"14"	"4"	"770"	"0"	"0"	"0"	"0"	"0"	"0"
"20"	"https://cindemirlaw.com/criminal-record-deletion-in-turkey-for-foreign-nationals/"	"200"	"text/html; charset=utf-8"	"true"	"Criminal Record Deletion in Turkey for Foreign Nationals | Turkish Law"	"70"	"Explains Criminal Record Deletion in Turkey for Foreign Nationals, including procedure, risk assessment and rights of foreign nationals under Turkish law."	"154"	"Criminal Record Deletion in Turkey for Foreign Nationals"	"56"	"follow
index
max-image-preview:large
max-snippet:-1
max-video-preview:-1"	""	"https://cindemirlaw.com/criminal-record-deletion-in-turkey-for-foreign-nationals/"	"200"	"161836"	"795"	"0"	"3"	"3"	"30"	"4"	"758"	"0"	"0"	"0"	"0"	"0"	"0"
"20"	"https://cindemirlaw.com/%D1%81%D0%BE%D0%B7%D0%B4%D0%B0%D0%BD%D0%B8%D0%B5-%D0%BA%D0%BE%D0%BC%D0%BF%D0%B0%D0%BD%D0%B8%D0%B8-%D1%81-%D0%BE%D0%B3%D1%80%D0%B0%D0%BD%D0%B8%D1%87%D0%B5%D0%BD%D0%BD%D0%BE%D0%B9-%D0%BE%D1%82%D0%B2/?lang=ru"	"200"	"text/html; charset=utf-8"	"true"	"создание компании с ограниченной ответственностью в Турции"	"58"	"Эта статья о создании компании с ограниченной ответственностью в Турции."	"72"	"создание компании с ограниченной ответственностью в Турции"	"58"	"follow
index
max-image-preview:large
max-snippet:-1
max-video-preview:-1"	""	"https://cindemirlaw.com/%D1%81%D0%BE%D0%B7%D0%B4%D0%B0%D0%BD%D0%B8%D0%B5-%D0%BA%D0%BE%D0%BC%D0%BF%D0%B0%D0%BD%D0%B8%D0%B8-%D1%81-%D0%BE%D0%B3%D1%80%D0%B0%D0%BD%D0%B8%D1%87%D0%B5%D0%BD%D0%BD%D0%BE%D0%B9-%D0%BE%D1%82%D0%B2/?lang=ru"	"200"	"161266"	"470"	"1"	"0"	"0"	"13"	"2"	"779"	"0"	"0"	"0"	"0"	"0"	"0"
"20"	"https://cindemirlaw.com/legal-services-in-sapanca/"	"200"	"text/html; charset=utf-8"	"true"	"Legal Services in Sapanca | Cindemir"	"36"	"Обзор темы «Legal Services in Sapanca» в Турции: процедуры, документы, риски и практические вопросы для иностранных клиентов."	"125"	"Legal Services in Sapanca"	"25"	"follow
index
max-image-preview:large
max-snippet:-1
max-video-preview:-1"	""	"https://cindemirlaw.com/legal-services-in-sapanca/"	"200"	"156685"	"265"	"0"	"1"	"1"	"21"	"4"	"792"	"0"	"0"	"0"	"0"	"0"	"0"
"20"	"https://cindemirlaw.com/%D0%B7%D0%B0%D0%B4%D0%B5%D1%80%D0%B6%D0%B0%D0%BD%D0%B8%D0%B5-%D0%B2-%D0%B0%D1%8D%D1%80%D0%BE%D0%BF%D0%BE%D1%80%D1%82%D1%83-%D1%82%D1%83%D1%80%D1%86%D0%B8%D0%B8-%D0%BF%D1%80%D0%B0%D0%B2%D0%BE%D0%B2/?lang=ru"	"200"	"text/html; charset=utf-8"	"true"	"Задержание в аэропорту Турции: правовые риски для иностранных граждан и порядок действий - Cindemir Law Office"	"110"	"Задержание в аэропорту Турции: отказ во въезде, запрет на въезд, таможенные вопросы, лекарства, наличные деньги и правовая помощь."	"130"	"Задержание в аэропорту Турции: правовые риски для иностранных граждан и порядок действий"	"88"	"follow
index
max-image-preview:large
max-snippet:-1
max-video-preview:-1"	""	"https://cindemirlaw.com/%D0%B7%D0%B0%D0%B4%D0%B5%D1%80%D0%B6%D0%B0%D0%BD%D0%B8%D0%B5-%D0%B2-%D0%B0%D1%8D%D1%80%D0%BE%D0%BF%D0%BE%D1%80%D1%82%D1%83-%D1%82%D1%83%D1%80%D1%86%D0%B8%D0%B8-%D0%BF%D1%80%D0%B0%D0%B2%D0%BE%D0%B2/?lang=ru"	"200"	"184731"	"1912"	"1"	"0"	"0"	"17"	"2"	"800"	"0"	"0"	"0"	"0"	"0"	"0"
"20"	"https://cindemirlaw.com/intentional-injury-resulting-in-death-under-turkish-criminal-law/"	"200"	"text/html; charset=utf-8"	"true"	"Intentional Injury Resulting in Death under Turkish Criminal Law"	"64"	"Explains Intentional Injury Resulting in Death under Turkish Criminal Law, including liability, evidence and compensation issues under Turkish law."	"147"	"Intentional Injury Resulting in Death under Turkish Criminal Law"	"64"	"follow
index
max-image-preview:large
max-snippet:-1
max-video-preview:-1"	""	"https://cindemirlaw.com/intentional-injury-resulting-in-death-under-turkish-criminal-law/"	"200"	"162189"	"1091"	"0"	"3"	"3"	"22"	"4"	"758"	"0"	"0"	"0"	"0"	"0"	"0"
"20"	"https://cindemirlaw.com/onas/"	"200"	"text/html; charset=utf-8"	"true"	"О нас - Cindemir Law Office"	"27"	"Cindemir Law Office – ведущая юридическая фирма в Турции, предоставляющая экспертные правовые услуги для бизнеса и частных лиц. Мы специализируемся на международном праве, корпоративных вопросах, коммерческих сделках, недвижимости и инвестициях. Наша команда предлагает решения на английском, турецком, французском и других языках, обеспечивая надежную юридическую поддержку в Турции. Обратитесь к нам за профессиональным сопровождением!"	"437"	""	""	"follow
index
max-image-preview:large
max-snippet:-1
max-video-preview:-1"	""	"https://cindemirlaw.com/onas/"	"200"	"154416"	"364"	"0"	"1"	"1"	"12"	"4"	"737"	"0"	"0"	"0"	"0"	"0"	"0"
"20"	"https://cindemirlaw.com/stati/"	"200"	"text/html; charset=utf-8"	"true"	"Статьи - Cindemir Law Office"	"28"	"Ознакомьтесь с нашими статьями, посвященными различным аспектам турецкого законодательства. Мы освещаем темы от корпоративного права до вопросов недвижимости, предоставляя актуальную информацию и профессиональные советы. Наши материалы помогут вам лучше понять правовую систему Турции и принять обоснованные решения."	"316"	""	""	"follow
index
max-image-preview:large
max-snippet:-1
max-video-preview:-1"	""	"https://cindemirlaw.com/stati/"	"200"	"152456"	"116"	"0"	"1"	"1"	"11"	"4"	"768"	"0"	"0"	"0"	"0"	"0"	"0"
"20"	"https://cindemirlaw.com/assistance-for-foreign-families-supporting-inmates-in-turkish-prisons/"	"200"	"text/html; charset=utf-8"	"true"	"Foreign Inmates in Turkish Prisons | Cindemir Law Office"	"56"	"Explains Foreign Inmates in Turkish Prisons, including procedure, risk assessment and rights of foreign nationals under Turkish law."	"132"	"Assistance for Foreign Families Supporting Inmates in Turkish Prisons"	"69"	"follow
index
max-image-preview:large
max-snippet:-1
max-video-preview:-1"	""	"https://cindemirlaw.com/assistance-for-foreign-families-supporting-inmates-in-turkish-prisons/"	"200"	"161361"	"677"	"0"	"3"	"3"	"27"	"5"	"797"	"0"	"0"	"0"	"0"	"0"	"0"
"20"	"https://cindemirlaw.com/enforcement-of-a-foreign-ukraine-judgment-in-turkey/"	"200"	"text/html; charset=utf-8"	"true"	"Enforcement of Ukrainian Judgments in Turkey"	"44"	"Explaining about enforcement of ukrainian judgments given by Ukrainian decrees in Turkey. It refers to the procedure of enforcement of Ukrainian court decrees."	"159"	"Enforcement of a foreign (Ukraine) Judgment in Turkey"	"53"	"follow
index
max-image-preview:large
max-snippet:-1
max-video-preview:-1"	""	"https://cindemirlaw.com/enforcement-of-a-foreign-ukraine-judgment-in-turkey/"	"200"	"164508"	"723"	"0"	"8"	"8"	"31"	"4"	"771"	"0"	"0"	"0"	"0"	"0"	"0"
"20"	"https://cindemirlaw.com/%D0%BA%D0%B0%D0%BA-%D0%BF%D0%BE%D0%BB%D1%83%D1%87%D0%B8%D1%82%D1%8C-%D1%81%D0%BF%D1%80%D0%B0%D0%B2%D0%BA%D1%83-%D0%BE-%D0%BD%D0%B0%D0%BB%D0%B8%D1%87%D0%B8%D0%B8-%D1%81%D1%83%D0%B4%D0%B8%D0%BC%D0%BE/?lang=ru"	"200"	"text/html; charset=utf-8"	"true"	"Как получить справку о наличии судимости в Турции - Cindemir Law Office"	"71"	"Узнайте, как иностранцу получить официальную справку о судимости в Турции с апостилем и переводом. Юридическая помощь на русском языке."	"135"	"Как получить справку о наличии судимости в Турции"	"49"	"follow
index
max-image-preview:large
max-snippet:-1
max-video-preview:-1"	""	"https://cindemirlaw.com/%D0%BA%D0%B0%D0%BA-%D0%BF%D0%BE%D0%BB%D1%83%D1%87%D0%B8%D1%82%D1%8C-%D1%81%D0%BF%D1%80%D0%B0%D0%B2%D0%BA%D1%83-%D0%BE-%D0%BD%D0%B0%D0%BB%D0%B8%D1%87%D0%B8%D0%B8-%D1%81%D1%83%D0%B4%D0%B8%D0%BC%D0%BE/?lang=ru"	"200"	"161683"	"482"	"1"	"0"	"0"	"14"	"4"	"782"	"0"	"0"	"0"	"0"	"0"	"0"
"20"	"https://cindemirlaw.com/tourism-law-in-turkey/"	"200"	"text/html; charset=utf-8"	"true"	"Tourism Law in Turkey - Cindemir Law Office"	"43"	"Tourism law in Turkey: legal guidance for hotels, travel agencies, package tours, short-term rentals and foreign tourism investors."	"131"	"Tourism Law in Turkey"	"21"	"follow
index
max-image-preview:large
max-snippet:-1
max-video-preview:-1"	""	"https://cindemirlaw.com/tourism-law-in-turkey/"	"200"	"166232"	"1419"	"0"	"3"	"3"	"30"	"4"	"804"	"0"	"0"	"0"	"0"	"0"	"0"
"20"	"https://cindemirlaw.com/eu-legal-representative-services-for-ai-companies-outside-the-european-union/"	"200"	"text/html; charset=utf-8"	"true"	"EU Legal Representative for AI Companies in Turkey | Turkish Law"	"64"	"Explains EU Legal Representative for AI Companies in Turkey, including procedures, documents, risks and key legal points for foreign clients."	"141"	"EU Legal Representative Services for AI Companies Outside the European Union"	"76"	"follow
index
max-image-preview:large
max-snippet:-1
max-video-preview:-1"	""	"https://cindemirlaw.com/eu-legal-representative-services-for-ai-companies-outside-the-european-union/"	"200"	"160667"	"494"	"0"	"8"	"8"	"29"	"4"	"773"	"0"	"0"	"0"	"0"	"0"	"0"
"20"	"https://cindemirlaw.com/team/?lang=zh-hans"	"200"	"text/html; charset=utf-8"	"true"	"Attorneys at Law , Turkey , Istanbul"	"36"	"Attorney at Law, Gökhan Cindemir, Hakan Cindemir and accountant Taner Cevik are members of our law office."	"106"	"我們的法律團隊"	"7"	"follow
index
max-image-preview:large
max-snippet:-1
max-video-preview:-1"	""	"https://cindemirlaw.com/team/?lang=zh-hans"	"200"	"159532"	"131"	"1"	"0"	"0"	"8"	"2"	"749"	"0"	"0"	"0"	"0"	"0"	"0"
"20"	"https://cindemirlaw.com/legal-visits-in-prison-lawyer-services-for-detainees-and-convicts-in-turkey/"	"200"	"text/html; charset=utf-8"	"true"	"Legal Visits in Prison in Turkey | Legal Overview"	"49"	"Explains Legal Visits in Prison in Turkey, including procedure, risk assessment and rights of foreign nationals under Turkish law."	"130"	"Legal Visits in Prison – Lawyer Services for Detainees and Convicts in Turkey"	"77"	"follow
index
max-image-preview:large
max-snippet:-1
max-video-preview:-1"	""	"https://cindemirlaw.com/legal-visits-in-prison-lawyer-services-for-detainees-and-convicts-in-turkey/"	"200"	"163378"	"845"	"0"	"4"	"4"	"33"	"4"	"808"	"0"	"0"	"0"	"0"	"0"	"0"
"20"	"https://cindemirlaw.com/banking-finance/"	"200"	"text/html; charset=utf-8"	"true"	"Banking & Finance in Turkey | Cindemir Law Office"	"49"	"Explains Banking & Finance in Turkey, including procedures, documents, risks and key legal points for foreign clients."	"118"	"Banking & Finance"	"17"	"follow
index
max-image-preview:large
max-snippet:-1
max-video-preview:-1"	""	"https://cindemirlaw.com/banking-finance/"	"200"	"155842"	"225"	"0"	"3"	"3"	"17"	"4"	"807"	"0"	"0"	"0"	"0"	"0"	"0"
"20"	"https://cindemirlaw.com/legal-affidavit-preparation-in-turkey/"	"200"	"text/html; charset=utf-8"	"true"	"Legal Affidavit Preparation in Turkey | Cindemir Law Office"	"59"	"Explains Legal Affidavit Preparation in Turkey, including procedures, documents, risks and key legal points for foreign clients."	"128"	"Legal Affidavit Preparation in Turkey"	"37"	"follow
index
max-image-preview:large
max-snippet:-1
max-video-preview:-1"	""	"https://cindemirlaw.com/legal-affidavit-preparation-in-turkey/"	"200"	"158980"	"494"	"0"	"3"	"3"	"22"	"4"	"749"	"0"	"0"	"0"	"0"	"0"	"0"
"20"	"https://cindemirlaw.com/establishing-a-branch-in-turkey-2/"	"200"	"text/html; charset=utf-8"	"true"	"Establishing a Branch in Turkey | Cindemir Law Office"	"53"	"Explains Establishing a Branch in Turkey, including procedures, documents, risks and key legal points for foreign clients."	"122"	"Establishing a Branch in Turkey"	"31"	"follow
index
max-image-preview:large
max-snippet:-1
max-video-preview:-1"	""	"https://cindemirlaw.com/establishing-a-branch-in-turkey-2/"	"200"	"158399"	"610"	"0"	"3"	"3"	"20"	"5"	"785"	"0"	"0"	"0"	"0"	"0"	"0"
"20"	"https://cindemirlaw.com/criminal-law/"	"200"	"text/html; charset=utf-8"	"true"	"Criminal Law in Turkey | Cindemir Law Office"	"44"	"Explains Criminal Law in Turkey, including procedure, risk assessment and rights of foreign nationals under Turkish law."	"120"	"Criminal Law"	"12"	"follow
index
max-image-preview:large
max-snippet:-1
max-video-preview:-1"	""	"https://cindemirlaw.com/criminal-law/"	"200"	"155748"	"207"	"0"	"3"	"3"	"17"	"4"	"758"	"0"	"0"	"0"	"0"	"0"	"0"
"20"	"https://cindemirlaw.com/fde1068e3bda46a37dd24126f9ec4b09df0c999365011ec71028e1a7d4c45bfdd0fde1068e3bda46a37dd24126f9ec4b09df0c999365011ec71028e1a7d4c45bfdbefde1068e3bda46a37dd24126f9ec4b09df0c999365011ec71028e1a7d4c45bf/"	"200"	"text/html; charset=utf-8"	"true"	"Обучение | Cindemir"	"19"	"Обзор темы «Обучение» в Турции: процедуры, документы, риски и практические вопросы для иностранных клиентов."	"108"	"Обучение"	"8"	"follow
index
max-image-preview:large
max-snippet:-1
max-video-preview:-1"	""	"https://cindemirlaw.com/fde1068e3bda46a37dd24126f9ec4b09df0c999365011ec71028e1a7d4c45bfdd0fde1068e3bda46a37dd24126f9ec4b09df0c999365011ec71028e1a7d4c45bfdbefde1068e3bda46a37dd24126f9ec4b09df0c999365011ec71028e1a7d4c45bf/"	"200"	"157507"	"295"	"0"	"3"	"3"	"14"	"4"	"786"	"0"	"0"	"0"	"0"	"0"	"0"
"20"	"https://cindemirlaw.com/fde1068e3bda46a37dd24126f9ec4b09df0c999365011ec71028e1a7d4c45bfdd1fde1068e3bda46a37dd24126f9ec4b09df0c999365011ec71028e1a7d4c45bfd83fde1068e3bda46a37dd24126f9ec4b09df0c999365011ec71028e1a7d4c45bf-2/?lang=ru"	"200"	"text/html; charset=utf-8"	"true"	"Услуги по депонированию / Соглашение Эскроу - Cindemir Law Office"	"65"	"Наша юридическая фирма предоставляет решение юридических вопросов в Турции, связанных с энергетикой и инвестициями."	"115"	"Услуги по депонированию / Соглашение Эскроу"	"43"	"follow
index
max-image-preview:large
max-snippet:-1
max-video-preview:-1"	""	"https://cindemirlaw.com/fde1068e3bda46a37dd24126f9ec4b09df0c999365011ec71028e1a7d4c45bfdd1fde1068e3bda46a37dd24126f9ec4b09df0c999365011ec71028e1a7d4c45bfd83fde1068e3bda46a37dd24126f9ec4b09df0c999365011ec71028e1a7d4c45bf-2/?lang=ru"	"200"	"164039"	"327"	"1"	"0"	"0"	"20"	"2"	"846"	"0"	"0"	"0"	"0"	"0"	"0"
"20"	"https://cindemirlaw.com/crypto-market-manipulation-and-its-legal-implications-under-turkish-law/"	"200"	"text/html; charset=utf-8"	"true"	"Crypto Market Manipulation in Turkey | Cindemir Law Office"	"58"	"Explains Crypto Market Manipulation in Turkey, focusing on crypto regulation, compliance risks and practical points for foreign clients."	"136"	"Crypto Market Manipulation and Its Legal Implications Under Turkish Law"	"71"	"follow
index
max-image-preview:large
max-snippet:-1
max-video-preview:-1"	""	"https://cindemirlaw.com/crypto-market-manipulation-and-its-legal-implications-under-turkish-law/"	"200"	"170098"	"1289"	"0"	"14"	"14"	"32"	"4"	"754"	"0"	"0"	"0"	"0"	"0"	"0"
"20"	"https://cindemirlaw.com/enforcement-of-us-judgments-in-turkey/"	"200"	"text/html; charset=utf-8"	"true"	"Enforcement of US Judgments in Turkey | Cindemir Law Office"	"59"	"Explains Enforcement of US Judgments in Turkey, including enforcement steps, documents and practical risks for creditors."	"121"	"Enforcement of US Judgments in Turkey"	"37"	"follow
index
max-image-preview:large
max-snippet:-1
max-video-preview:-1"	""	"https://cindemirlaw.com/enforcement-of-us-judgments-in-turkey/"	"200"	"167118"	"1207"	"0"	"22"	"22"	"33"	"4"	"791"	"0"	"0"	"0"	"0"	"0"	"0"
"20"	"https://cindemirlaw.com/fde1/?lang=ru"	"200"	"text/html; charset=utf-8"	"true"	"Методы взыскания задолженности в Турции - Cindemir Law Office"	"61"	"В статье описываются два отдельных способа взыскания задолженности в Турции, а также важные аспекты."	"100"	"Методы взыскания задолженности в Турции"	"39"	"follow
index
max-image-preview:large
max-snippet:-1
max-video-preview:-1"	""	"https://cindemirlaw.com/fde1/?lang=ru"	"200"	"167633"	"973"	"1"	"0"	"0"	"17"	"2"	"784"	"0"	"0"	"0"	"0"	"0"	"0"
"20"	"https://cindemirlaw.com/%D0%B3%D1%83%D0%BC%D0%B0%D0%BD%D0%B8%D1%82%D0%B0%D1%80%D0%BD%D1%8B%D0%B9-%D0%B2%D0%B8%D0%B4-%D0%BD%D0%B0-%D0%B6%D0%B8%D1%82%D0%B5%D0%BB%D1%8C%D1%81%D1%82%D0%B2%D0%BE-%D0%B2-%D1%82%D1%83%D1%80%D1%86/?lang=ru"	"200"	"text/html; charset=utf-8"	"true"	"Гуманитарный Вид на Жительство в Турции Синдемир юридическа"	"59"	"эта статья написана, чтобы объяснить, как получить гуманистическую визу в Турции"	"80"	"Гуманитарный Вид на Жительство в Турции"	"39"	"follow
index
max-image-preview:large
max-snippet:-1
max-video-preview:-1"	""	"https://cindemirlaw.com/%D0%B3%D1%83%D0%BC%D0%B0%D0%BD%D0%B8%D1%82%D0%B0%D1%80%D0%BD%D1%8B%D0%B9-%D0%B2%D0%B8%D0%B4-%D0%BD%D0%B0-%D0%B6%D0%B8%D1%82%D0%B5%D0%BB%D1%8C%D1%81%D1%82%D0%B2%D0%BE-%D0%B2-%D1%82%D1%83%D1%80%D1%86/?lang=ru"	"200"	"161994"	"604"	"1"	"0"	"0"	"12"	"2"	"791"	"0"	"0"	"0"	"0"	"0"	"0"
"20"	"https://cindemirlaw.com/fde1068e3bda46a37dd24126f9ec4b09df0c999365011ec71028e1a7d4c45bfdd0fde1068e3bda46a37dd24126f9ec4b09df0c999365011ec71028e1a7d4c45bfdb7fde1068e3bda46a37dd24126f9ec4b09df0c999365011ec71028e1a7d4c45bf/?lang=ru"	"200"	"text/html; charset=utf-8"	"true"	"Законодательство об энергетике и инвестициях - Cindemir Law Office"	"66"	"Наша юридическая фирма предоставляет решение юридических вопросов в Турции, связанных с энергетикой и инвестициями."	"115"	"Законодательство об энергетике и инвестициях"	"44"	"follow
index
max-image-preview:large
max-snippet:-1
max-video-preview:-1"	""	"https://cindemirlaw.com/fde1068e3bda46a37dd24126f9ec4b09df0c999365011ec71028e1a7d4c45bfdd0fde1068e3bda46a37dd24126f9ec4b09df0c999365011ec71028e1a7d4c45bfdb7fde1068e3bda46a37dd24126f9ec4b09df0c999365011ec71028e1a7d4c45bf/?lang=ru"	"200"	"164011"	"314"	"1"	"0"	"0"	"20"	"2"	"835"	"0"	"0"	"0"	"0"	"0"	"0"
"20"	"https://cindemirlaw.com/gokhan-cindemir-attorney-at-law-2/"	"200"	"text/html; charset=utf-8"	"true"	"土耳其Cenker Değirmenci, Legal Advisor,General Coordinator | Cindemir"	"66"	"Cenker Değirmenci, Legal Advisor,General Coordinator简介：了解其在 Cindemir Law Office 的专业背景和业务领域。"	"91"	"Cenker Değirmenci , Legal Advisor,General Coordinator"	"53"	"follow
index
max-image-preview:large
max-snippet:-1
max-video-preview:-1"	""	"https://cindemirlaw.com/gokhan-cindemir-attorney-at-law-2/"	"200"	"156998"	"203"	"0"	"3"	"3"	"14"	"4"	"749"	"0"	"0"	"0"	"0"	"0"	"0"
"20"	"https://cindemirlaw.com/%D1%80%D0%B5%D0%BF%D0%B0%D1%82%D1%80%D0%B8%D0%B0%D1%86%D0%B8%D1%8F-%D0%B0%D0%BA%D1%82%D0%B8%D0%B2%D0%BE%D0%B2-%D0%B2-%D1%82%D1%83%D1%80%D1%86%D0%B8%D1%8E-%D0%B2-2026-%D0%B3%D0%BE%D0%B4%D1%83-%D0%BF/?lang=ru"	"200"	"text/html; charset=utf-8"	"true"	"Репатриация активов в Турцию в 2026 году: правовой режим перевода зарубежных активов по Закону № 7582 - Cindemir Law Office"	"123"	"Репатриация активов в Турцию в 2026 году позволяет задекларировать зарубежные активы по Закону № 7582 с налоговыми преимуществами."	"130"	"Репатриация активов в Турцию в 2026 году: правовой режим перевода зарубежных активов по Закону № 7582"	"101"	"follow
index
max-image-preview:large
max-snippet:-1
max-video-preview:-1"	""	"https://cindemirlaw.com/%D1%80%D0%B5%D0%BF%D0%B0%D1%82%D1%80%D0%B8%D0%B0%D1%86%D0%B8%D1%8F-%D0%B0%D0%BA%D1%82%D0%B8%D0%B2%D0%BE%D0%B2-%D0%B2-%D1%82%D1%83%D1%80%D1%86%D0%B8%D1%8E-%D0%B2-2026-%D0%B3%D0%BE%D0%B4%D1%83-%D0%BF/?lang=ru"	"200"	"173765"	"1314"	"1"	"0"	"0"	"14"	"2"	"831"	"0"	"0"	"0"	"0"	"0"	"0"
"20"	"https://cindemirlaw.com/labor-contract-termination-with-just-cause/"	"200"	"text/html; charset=utf-8"	"true"	"labor contract termination with just cause in Turkey | Legal Overview"	"69"	"Explains labor contract termination with just cause in Turkey, including procedures, documents, risks and key legal points for foreign clients."	"143"	"labor contract termination with just cause"	"42"	"follow
index
max-image-preview:large
max-snippet:-1
max-video-preview:-1"	""	"https://cindemirlaw.com/labor-contract-termination-with-just-cause/"	"200"	"164691"	"1783"	"0"	"3"	"3"	"25"	"4"	"795"	"0"	"0"	"0"	"0"	"0"	"0"
"20"	"https://cindemirlaw.com/cindemir-law/"	"200"	"text/html; charset=utf-8"	"true"	"Cindemir Law Office - lawyer istanbul - turkish lawyers -"	"57"	"Cindemir law office is a Turkish law office in lawyer istanbul. Turkish lawyers are English speaking Turkish lawyers who provides Turkish Legal Services."	"153"	""	""	"follow
index
max-image-preview:large
max-snippet:-1
max-video-preview:-1"	""	"https://cindemirlaw.com/cindemir-law/"	"200"	"161469"	"302"	"0"	"4"	"4"	"26"	"4"	"761"	"0"	"0"	"0"	"0"	"0"	"0"
"20"	"https://cindemirlaw.com/%D0%BA%D0%B0%D0%BA-%D0%BF%D0%BE%D0%BB%D1%83%D1%87%D0%B8%D1%82%D1%8C-%D1%81%D1%83%D0%B4%D0%B8%D0%BC%D0%BE%D1%81%D1%82%D1%8C-%D0%B2-%D1%82%D1%83%D1%80%D1%86%D0%B8%D0%B8/?lang=ru"	"200"	"text/html; charset=utf-8"	"true"	"как получить судимость в турции - адвокатское бюро Синдемир"	"59"	"Получение официального удостоверенного документа о преступлениях в Турции: шаг за шагом руководство. Узнайте о законах и процессах предоставления данных о преступлениях в Турции,"	"178"	"как получить судимость в турции"	"31"	"follow
index
max-image-preview:large
max-snippet:-1
max-video-preview:-1"	""	"https://cindemirlaw.com/%D0%BA%D0%B0%D0%BA-%D0%BF%D0%BE%D0%BB%D1%83%D1%87%D0%B8%D1%82%D1%8C-%D1%81%D1%83%D0%B4%D0%B8%D0%BC%D0%BE%D1%81%D1%82%D1%8C-%D0%B2-%D1%82%D1%83%D1%80%D1%86%D0%B8%D0%B8/?lang=ru"	"200"	"161758"	"471"	"1"	"0"	"0"	"14"	"4"	"783"	"0"	"2"	"1"	"1"	"2"	"2"
"20"	"https://cindemirlaw.com/escrow-in-turkey/"	"200"	"text/html; charset=utf-8"	"true"	"Escrow in Turkey | Cindemir Law Office"	"38"	"Explains Escrow in Turkey, including payment security, contractual structure and practical risks in transactions."	"113"	"Escrow in Turkey"	"16"	"follow
index
max-image-preview:large
max-snippet:-1
max-video-preview:-1"	""	"https://cindemirlaw.com/escrow-in-turkey/"	"200"	"159207"	"572"	"0"	"7"	"7"	"23"	"4"	"1135"	"0"	"0"	"0"	"0"	"0"	"0"
"20"	"https://cindemirlaw.com/komanda/"	"200"	"text/html; charset=utf-8"	"true"	"Наша команда - Cindemir Law Office"	"34"	"Опытные юристы Cindemir Law Office – команда экспертов в международном, корпоративном, коммерческом и семейном праве. Предоставляем юридические услуги в Турции на русском языке."	"177"	""	""	"follow
index
max-image-preview:large
max-snippet:-1
max-video-preview:-1"	""	"https://cindemirlaw.com/komanda/"	"200"	"152335"	"118"	"0"	"1"	"1"	"11"	"4"	"773"	"0"	"0"	"0"	"0"	"0"	"0"
"20"	"https://cindemirlaw.com/enforcement-of-promissory-notes-bills-of-exchange-and-cheques-in-turkey/"	"200"	"text/html; charset=utf-8"	"true"	"Взыскание по векселям и чекам в Турции | Cindemir"	"49"	"Обзор темы «Взыскание по векселям и чекам в Турции» в Турции: процедуры, документы, риски и практические вопросы для иностранных клиентов."	"138"	"Enforcement of Promissory Notes, Bills of Exchange and Cheques in Turkey"	"72"	"follow
index
max-image-preview:large
max-snippet:-1
max-video-preview:-1"	""	"https://cindemirlaw.com/enforcement-of-promissory-notes-bills-of-exchange-and-cheques-in-turkey/"	"200"	"168716"	"1723"	"0"	"8"	"8"	"27"	"4"	"774"	"0"	"0"	"0"	"0"	"0"	"0"
"20"	"https://cindemirlaw.com/%D1%87%D1%82%D0%BE-%D1%82%D0%B0%D0%BA%D0%BE%D0%B5-%D0%B7%D0%B0%D1%8F%D0%B2%D0%BB%D0%B5%D0%BD%D0%B8%D0%B5-%D0%B2-%D0%B5%D1%81%D0%BF%D1%87-%D0%BA%D1%82%D0%BE-%D0%BC%D0%BE%D0%B6%D0%B5%D1%82-%D0%BF%D0%BE/?lang=ru"	"200"	"text/html; charset=utf-8"	"true"	"Что такое заявление в ЕСПЧ, кто может подать, срок 4 месяца и условия приемлемости. Юридический обзор процедуры обращения в Европейский суд по правам человека. - Cindemir Law Office"	"181"	"Что такое заявление в ЕСПЧ, кто может подать, срок 4 месяца и условия приемлемости. Юридический обзор процедуры обращения в Европейский суд по правам человека."	"159"	"Что такое заявление в ЕСПЧ, кто может подать, срок 4 месяца и условия приемлемости. Юридический обзор процедуры обращения в Европейский суд по правам человека."	"159"	"follow
index
max-image-preview:large
max-snippet:-1
max-video-preview:-1"	""	"https://cindemirlaw.com/%D1%87%D1%82%D0%BE-%D1%82%D0%B0%D0%BA%D0%BE%D0%B5-%D0%B7%D0%B0%D1%8F%D0%B2%D0%BB%D0%B5%D0%BD%D0%B8%D0%B5-%D0%B2-%D0%B5%D1%81%D0%BF%D1%87-%D0%BA%D1%82%D0%BE-%D0%BC%D0%BE%D0%B6%D0%B5%D1%82-%D0%BF%D0%BE/?lang=ru"	"200"	"166879"	"873"	"1"	"0"	"0"	"16"	"2"	"812"	"0"	"0"	"0"	"0"	"0"	"0"
"20"	"https://cindemirlaw.com/turk-hukukunda-kripto-varliklarin-duzenlenmesi/"	"200"	"text/html; charset=utf-8"	"true"	"Regulation of Crypto Assets Under Turkish Law | Cindemir Law Office"	"67"	"Explains Regulation of Crypto Assets Under Turkish Law, focusing on crypto regulation, compliance risks and practical points for foreign clients."	"145"	"Regulation of Crypto Assets Under Turkish Law"	"45"	"follow
index
max-image-preview:large
max-snippet:-1
max-video-preview:-1"	""	"https://cindemirlaw.com/turk-hukukunda-kripto-varliklarin-duzenlenmesi/"	"200"	"159410"	"581"	"0"	"6"	"6"	"23"	"4"	"763"	"0"	"0"	"0"	"0"	"0"	"0"
"20"	"https://cindemirlaw.com/real-estate-conveyancing/"	"200"	"text/html; charset=utf-8"	"true"	"Real Estate & Conveyancing in Turkey | Cindemir Law Office"	"58"	"Explains Real Estate & Conveyancing in Turkey, including heirs, probate, documents and practical risks for foreign families."	"124"	"Real Estate & Conveyancing"	"26"	"follow
index
max-image-preview:large
max-snippet:-1
max-video-preview:-1"	""	"https://cindemirlaw.com/real-estate-conveyancing/"	"200"	"155929"	"245"	"0"	"3"	"3"	"15"	"4"	"757"	"0"	"0"	"0"	"0"	"0"	"0"
"20"	"https://cindemirlaw.com/%D1%83%D0%B4%D0%B0%D0%BB%D0%B5%D0%BD%D0%B8%D0%B5-%D1%81%D1%83%D0%B4%D0%B8%D0%BC%D0%BE%D1%81%D1%82%D0%B8-%D0%B2-%D1%82%D1%83%D1%80%D1%86%D0%B8%D0%B8-%D0%B4%D0%BB%D1%8F-%D0%B8%D0%BD%D0%BE%D1%81%D1%82/?lang=ru"	"200"	"text/html; charset=utf-8"	"true"	"Удаление судимости в Турции для иностранных граждан - Cindemir Law Office"	"73"	"Юридическая помощь иностранцам в удалении судимости в Турции. Подготовка заявления, проверка исполнения наказания, подача в прокуратуру."	"136"	"Удаление судимости в Турции для иностранных граждан"	"51"	"follow
index
max-image-preview:large
max-snippet:-1
max-video-preview:-1"	""	"https://cindemirlaw.com/%D1%83%D0%B4%D0%B0%D0%BB%D0%B5%D0%BD%D0%B8%D0%B5-%D1%81%D1%83%D0%B4%D0%B8%D0%BC%D0%BE%D1%81%D1%82%D0%B8-%D0%B2-%D1%82%D1%83%D1%80%D1%86%D0%B8%D0%B8-%D0%B4%D0%BB%D1%8F-%D0%B8%D0%BD%D0%BE%D1%81%D1%82/?lang=ru"	"200"	"164739"	"653"	"1"	"0"	"0"	"14"	"2"	"793"	"0"	"0"	"0"	"0"	"0"	"0"
"20"	"https://cindemirlaw.com/the-structure-of-board-of-directors-according-to-turkish-commercial-code/"	"200"	"text/html; charset=utf-8"	"true"	"Board of Directors under Turkish Commercial Code | Cindemir Law Office"	"70"	"Explains Board of Directors under Turkish Commercial Code, including company procedures, governance, compliance and key points for foreign investors."	"149"	"The Structure of Board of Directors According to Turkish Commercial Code"	"72"	"index
max-image-preview:large
max-snippet:-1
max-video-preview:-1
nofollow"	""	"https://cindemirlaw.com/the-structure-of-board-of-directors-according-to-turkish-commercial-code/"	"200"	"158386"	"643"	"0"	"3"	"3"	"19"	"4"	"814"	"0"	"0"	"0"	"0"	"0"	"0"
"20"	"https://cindemirlaw.com/enforcement-of-a-foreign-romania-judgment-in-turkey/"	"200"	"text/html; charset=utf-8"	"true"	"Enforcement of Romanian Judgments in Turkey"	"43"	"This article aims at explaining enforcement of foreign judgments obtained from Courts of Romania in Turkey."	"107"	"Enforcement of a Foreign (Romania) Judgment in Turkey"	"53"	"follow
index
max-image-preview:large
max-snippet:-1
max-video-preview:-1"	""	"https://cindemirlaw.com/enforcement-of-a-foreign-romania-judgment-in-turkey/"	"200"	"159874"	"772"	"0"	"3"	"3"	"23"	"4"	"814"	"0"	"0"	"0"	"0"	"0"	"0"
"20"	"https://cindemirlaw.com/enforcement-of-a-foreign-poland-judgment-in-turkey/"	"200"	"text/html; charset=utf-8"	"true"	"Enforcement of polish Judgments in Turkey"	"41"	"This article aims at explaining enforcement of foreign judgments obtained from Courts of poland in Turkey."	"106"	"Enforcement of a Foreign (Poland) Judgment in Turkey"	"52"	"follow
index
max-image-preview:large
max-snippet:-1
max-video-preview:-1"	""	"https://cindemirlaw.com/enforcement-of-a-foreign-poland-judgment-in-turkey/"	"200"	"159852"	"772"	"0"	"3"	"3"	"23"	"4"	"776"	"0"	"0"	"0"	"0"	"0"	"0"
"20"	"https://cindemirlaw.com/turkish-inheritance-law/"	"200"	"text/html; charset=utf-8"	"true"	"Inheritance Law of Turkey"	"25"	"This article aims to explain concerning inheritance law of turkey by Turkish lawyer in istanbul."	"96"	"Inheritance Law of Turkey"	"25"	"follow
index
max-image-preview:large
max-snippet:-1
max-video-preview:-1"	""	"https://cindemirlaw.com/turkish-inheritance-law/"	"200"	"159136"	"794"	"0"	"3"	"3"	"27"	"4"	"781"	"0"	"0"	"0"	"0"	"0"	"0"
"20"	"https://cindemirlaw.com/%D0%B8%D1%81%D0%BA-%D0%BE%D0%B1-%D1%83%D1%81%D1%82%D0%B0%D0%BD%D0%BE%D0%B2%D0%BB%D0%B5%D0%BD%D0%B8%D0%B8-%D0%BE%D1%82%D1%86%D0%BE%D0%B2%D1%81%D1%82%D0%B2%D0%B0-%D0%B2-%D1%82%D1%83%D1%80%D1%86%D0%B8/?lang=ru"	"200"	"text/html; charset=utf-8"	"true"	"Иск об Установлении Отцовства в Турции - Cindemir Law Office"	"60"	"В этой статье рассказывается о делах, связанных с иском об установлении отцовства в Турции. Результат иска об установлении."	"123"	"Иск об Установлении Отцовства в Турции"	"38"	"follow
index
max-image-preview:large
max-snippet:-1
max-video-preview:-1"	""	"https://cindemirlaw.com/%D0%B8%D1%81%D0%BA-%D0%BE%D0%B1-%D1%83%D1%81%D1%82%D0%B0%D0%BD%D0%BE%D0%B2%D0%BB%D0%B5%D0%BD%D0%B8%D0%B8-%D0%BE%D1%82%D1%86%D0%BE%D0%B2%D1%81%D1%82%D0%B2%D0%B0-%D0%B2-%D1%82%D1%83%D1%80%D1%86%D0%B8/?lang=ru"	"200"	"163447"	"686"	"1"	"0"	"0"	"12"	"2"	"807"	"0"	"0"	"0"	"0"	"0"	"0"
"20"	"https://cindemirlaw.com/%D0%BE%D1%82%D0%BA%D1%80%D1%8B%D1%82%D0%B8%D0%B5-%D0%B1%D0%B0%D0%BD%D0%BA%D0%BE%D0%B2%D1%81%D0%BA%D0%BE%D0%B3%D0%BE-%D1%81%D1%87%D0%B5%D1%82%D0%B0-%D0%B2-%D1%82%D1%83%D1%80%D1%86%D0%B8%D0%B8/?lang=ru"	"200"	"text/html; charset=utf-8"	"true"	"открытие банковского счета в турции - Cindemir Law Office"	"57"	"We open bank accounts in Turkey for our foreign clients. Bank account opening services"	"86"	"открытие банковского счета в турции"	"35"	"follow
index
max-image-preview:large
max-snippet:-1
max-video-preview:-1"	""	"https://cindemirlaw.com/%D0%BE%D1%82%D0%BA%D1%80%D1%8B%D1%82%D0%B8%D0%B5-%D0%B1%D0%B0%D0%BD%D0%BA%D0%BE%D0%B2%D1%81%D0%BA%D0%BE%D0%B3%D0%BE-%D1%81%D1%87%D0%B5%D1%82%D0%B0-%D0%B2-%D1%82%D1%83%D1%80%D1%86%D0%B8%D0%B8/?lang=ru"	"200"	"174970"	"311"	"1"	"0"	"0"	"12"	"2"	"870"	"0"	"0"	"0"	"0"	"0"	"0"
"20"	"https://cindemirlaw.com/gokhan-cindemir-3/"	"200"	"text/html; charset=utf-8"	"true"	"Hakan Cindemir | Cindemir Law Office"	"36"	"Profile of Hakan Cindemir, including professional background, practice areas and contact context at Cindemir Law Office."	"120"	"Hakan Cindemir"	"14"	"follow
index
max-image-preview:large
max-snippet:-1
max-video-preview:-1"	""	"https://cindemirlaw.com/gokhan-cindemir-3/"	"200"	"155259"	"169"	"0"	"3"	"3"	"14"	"4"	"778"	"0"	"0"	"0"	"0"	"0"	"0"
"20"	"https://cindemirlaw.com/%D0%BA%D0%B0%D0%BA-%D0%BE%D1%82%D0%BA%D1%80%D1%8B%D1%82%D1%8C-%D0%BA%D0%BE%D0%BC%D0%BF%D0%B0%D0%BD%D0%B8%D1%8E-%D0%B2-%D1%82%D1%83%D1%80%D1%86%D0%B8%D0%B8-%D0%BF%D0%BE%D1%88%D0%B0%D0%B3%D0%BE%D0%B2/?lang=ru"	"200"	"text/html; charset=utf-8"	"true"	"Как открыть компанию в Турции: Пошаговое руководство - Cindemir Law Office"	"74"	"Узнайте, как пройти регистрацию компании в Турции быстро и без лишней бюрократии. Подходит для иностранных инвесторов."	"118"	"Как открыть компанию в Турции: Пошаговое руководство"	"52"	"follow
index
max-image-preview:large
max-snippet:-1
max-video-preview:-1"	""	"https://cindemirlaw.com/%D0%BA%D0%B0%D0%BA-%D0%BE%D1%82%D0%BA%D1%80%D1%8B%D1%82%D1%8C-%D0%BA%D0%BE%D0%BC%D0%BF%D0%B0%D0%BD%D0%B8%D1%8E-%D0%B2-%D1%82%D1%83%D1%80%D1%86%D0%B8%D0%B8-%D0%BF%D0%BE%D1%88%D0%B0%D0%B3%D0%BE%D0%B2/?lang=ru"	"200"	"164512"	"577"	"1"	"0"	"0"	"14"	"3"	"799"	"0"	"0"	"0"	"0"	"0"	"0"
"20"	"https://cindemirlaw.com/link25/?lang=zh-hans"	"200"	"text/html; charset=utf-8"	"true"	"公司及商业 - Cindemir Law Office"	"27"	"我们提供广泛的企业和商业法律服务，包括银行金融、公司合并、私有化、会计、合资企业、保险、投资和房地产，并可协助企业在土耳其与当地合作伙伴协作和运营。我们提供托管协议、土地纠纷、证券、就业、建筑、保险和医疗过失等各种领域的解决方案。"	"115"	"公司及商业"	"5"	"follow
index
max-image-preview:large
max-snippet:-1
max-video-preview:-1"	""	"https://cindemirlaw.com/link25/?lang=zh-hans"	"200"	"160114"	"143"	"1"	"0"	"0"	"12"	"2"	"769"	"0"	"0"	"0"	"0"	"0"	"0"
"20"	"https://cindemirlaw.com/pig-butchering-cryptocurrency-scam-key-risks-and-legal-considerations-for-investors-in-turkey/?lang=ru"	"200"	"text/html; charset=utf-8"	"true"	"pig-butchering crypto scam Turkey"	"33"	"Learn how pig-butchering crypto scams target investors, particularly in Turkey, and understand key legal considerations and compliance requirements for secure digital-asset investment."	"184"	"Криптовалютное мошенничество «Pig-Butchering» в Турции: риски для инвесторов и правовая среда"	"93"	"follow
index
max-image-preview:large
max-snippet:-1
max-video-preview:-1"	""	"https://cindemirlaw.com/pig-butchering-cryptocurrency-scam-key-risks-and-legal-considerations-for-investors-in-turkey/?lang=ru"	"200"	"164080"	"614"	"1"	"0"	"0"	"14"	"2"	"781"	"0"	"0"	"0"	"0"	"0"	"0"
"20"	"https://cindemirlaw.com/how-to-divorce-in-turkey/"	"200"	"text/html; charset=utf-8"	"true"	"How To Divorce in Turkey"	"24"	"This article aims to give details regarding divorce procedure in Turkey. Divorcing a Turkish and divorce if married in turkey situations are explained."	"151"	"Divorce in Turkey"	"17"	"follow
index
max-image-preview:large
max-snippet:-1
max-video-preview:-1"	""	"https://cindemirlaw.com/how-to-divorce-in-turkey/"	"200"	"160026"	"785"	"0"	"3"	"3"	"22"	"4"	"785"	"0"	"0"	"0"	"0"	"0"	"0"
"20"	"https://cindemirlaw.com/obtaining-a-criminal-record-certificate-in-turkey-a-step-by-step-guide/"	"200"	"text/html; charset=utf-8"	"true"	"Obtaining a Criminal Record Certificate in Turkey | Turkish Law"	"63"	"Explains Obtaining a Criminal Record Certificate in Turkey, including procedure, risk assessment and rights of foreign nationals under Turkish law."	"147"	"Obtaining a Criminal Record Certificate in Turkey: A Step-by-Step Guide"	"71"	"follow
index
max-image-preview:large
max-snippet:-1
max-video-preview:-1"	""	"https://cindemirlaw.com/obtaining-a-criminal-record-certificate-in-turkey-a-step-by-step-guide/"	"200"	"166692"	"768"	"0"	"12"	"12"	"32"	"6"	"752"	"0"	"4"	"0"	"4"	"2"	"4"
"20"	"https://cindemirlaw.com/some-notes-about-opening-a-bank-account-for-a-foreign-company-in-turkey/"	"200"	"text/html; charset=utf-8"	"true"	"Bank Account for Foreign Companies in Turkey | Cindemir Law Office"	"66"	"Explains Bank Account for Foreign Companies in Turkey, including payment security, contractual structure and practical risks in transactions."	"141"	"Some Notes about Opening a Bank Account for a Foreign Company in Turkey"	"71"	"follow
index
max-image-preview:large
max-snippet:-1
max-video-preview:-1"	""	"https://cindemirlaw.com/some-notes-about-opening-a-bank-account-for-a-foreign-company-in-turkey/"	"200"	"162940"	"480"	"0"	"15"	"15"	"28"	"4"	"780"	"0"	"0"	"0"	"0"	"0"	"0"
"20"	"https://cindemirlaw.com/fde1068e3bda46a37dd24126f9ec4b09df0c999365011ec71028e1a7d4c45bfdd1fde1068e3bda46a37dd24126f9ec4b09df0c999365011ec71028e1a7d4c45bfd82fde1068e3bda46a37dd24126f9ec4b09df0c999365011ec71028e1a7d4c45bf-2/?lang=ru"	"200"	"text/html; charset=utf-8"	"true"	"Cертифицированный бухгалтер и финансовый консультант"	"52"	"Опытный бухгалтер с более чем 20-летним стажем работы, окончивший Экономический факультет Университета Мармара в Стамбуле."	"122"	"Танер Чевик, Независимый сертифицированный бухгалтер и финансовый консультант"	"77"	"follow
index
max-image-preview:large
max-snippet:-1
max-video-preview:-1"	""	"https://cindemirlaw.com/fde1068e3bda46a37dd24126f9ec4b09df0c999365011ec71028e1a7d4c45bfdd1fde1068e3bda46a37dd24126f9ec4b09df0c999365011ec71028e1a7d4c45bfd82fde1068e3bda46a37dd24126f9ec4b09df0c999365011ec71028e1a7d4c45bf-2/?lang=ru"	"200"	"158214"	"259"	"1"	"0"	"0"	"12"	"2"	"790"	"0"	"0"	"0"	"0"	"0"	"0"
"20"	"https://cindemirlaw.com/hakan-cindemir-3/"	"200"	"text/html; charset=utf-8"	"true"	"Cenker Değirmenci | Cindemir Law Office"	"39"	"Profile of Cenker Değirmenci, including professional background, practice areas and contact context at Cindemir Law Office."	"123"	"Cenker Değirmenci"	"17"	"follow
index
max-image-preview:large
max-snippet:-1
max-video-preview:-1"	""	"https://cindemirlaw.com/hakan-cindemir-3/"	"200"	"155395"	"168"	"0"	"3"	"3"	"15"	"4"	"751"	"0"	"0"	"0"	"0"	"0"	"0"
"20"	"https://cindemirlaw.com/link15/?lang=zh-hans"	"200"	"text/html; charset=utf-8"	"true"	"银行及金融 - Cindemir Law Office"	"27"	"我们为国内金融机构提供多种服务，包括贷款结构和安全性的起草、安全文件实施和刑事案件处理等。此外，我们还提供家庭、遗嘱和信托方面的咨询服务，以及培训和法律代表服务。"	"81"	"银行及金融"	"5"	"follow
index
max-image-preview:large
max-snippet:-1
max-video-preview:-1"	""	"https://cindemirlaw.com/link15/?lang=zh-hans"	"200"	"159677"	"147"	"1"	"0"	"0"	"11"	"2"	"814"	"0"	"0"	"0"	"0"	"0"	"0"
"20"	"https://cindemirlaw.com/irish-tourist-s-attorney-gokhan-cindemir-s-press-statement/"	"200"	"text/html; charset=utf-8"	"true"	"Irish Tourist 's attorney Gokhan Cindemir 's press statement in Turkey"	"70"	"Legal news and media note on Irish Tourist 's attorney Gokhan Cindemir 's press statement, with context from Cindemir Law Office in Turkey."	"139"	"Irish Tourist ‘s attorney Gokhan Cindemir ‘s press statement."	"61"	"follow
index
max-image-preview:large
max-snippet:-1
max-video-preview:-1"	""	"https://cindemirlaw.com/irish-tourist-s-attorney-gokhan-cindemir-s-press-statement/"	"200"	"155742"	"198"	"0"	"3"	"3"	"15"	"4"	"746"	"0"	"0"	"0"	"0"	"0"	"0"
"20"	"https://cindemirlaw.com/alternative-dispute-resolutions-in-turkey/"	"200"	"text/html; charset=utf-8"	"true"	"Alternative Dispute Resolutions In Turkey | Cindemir Law Office"	"63"	"Explains Alternative Dispute Resolutions In Turkey, including procedures, documents, risks and key legal points for foreign clients."	"132"	"Alternative Dispute Resolutions In Turkey"	"41"	"follow
index
max-image-preview:large
max-snippet:-1
max-video-preview:-1"	""	"https://cindemirlaw.com/alternative-dispute-resolutions-in-turkey/"	"200"	"164206"	"1542"	"0"	"3"	"3"	"26"	"4"	"751"	"0"	"0"	"0"	"0"	"0"	"0"
"20"	"https://cindemirlaw.com/financial-rights-of-daughters-under-turkish-social-security-law/"	"200"	"text/html; charset=utf-8"	"true"	"Financial Rights of Daughters under Turkish Social Security Law"	"63"	"Explains Financial Rights of Daughters under Turkish Social Security Law, including procedures, documents for foreign clients."	"126"	"Financial Rights of Daughters under Turkish Social Security Law"	"63"	"follow
index
max-image-preview:large
max-snippet:-1
max-video-preview:-1"	""	"https://cindemirlaw.com/financial-rights-of-daughters-under-turkish-social-security-law/"	"200"	"162254"	"799"	"0"	"3"	"3"	"30"	"4"	"751"	"0"	"0"	"0"	"0"	"0"	"0"
"20"	"https://cindemirlaw.com/appointment/"	"200"	"text/html; charset=utf-8"	"true"	"Appointment Page - Cindemir Law Office"	"38"	"Appointment page of Cindemir Law office is set up here. You can get appointment from here by registration of an application called booly"	"136"	"Appointment"	"11"	"follow
index
max-image-preview:large
max-snippet:-1
max-video-preview:-1"	""	"https://cindemirlaw.com/appointment/"	"200"	"152945"	"116"	"0"	"0"	"0"	"11"	"4"	"743"	"0"	"0"	"0"	"0"	"0"	"0"
"20"	"https://cindemirlaw.com/our-articles/"	"200"	"text/html; charset=utf-8"	"true"	"OUR ARTICLES in Turkey | Legal Overview"	"39"	"Explains OUR ARTICLES in Turkey, including procedures, documents, risks and key legal points for foreign clients."	"113"	"OUR ARTICLES"	"12"	"follow
index
max-image-preview:large
max-snippet:-1
max-video-preview:-1"	""	"https://cindemirlaw.com/our-articles/"	"200"	"155646"	"152"	"0"	"3"	"3"	"14"	"4"	"744"	"0"	"0"	"0"	"0"	"0"	"0"
"20"	"https://cindemirlaw.com/our-articles-3/"	"200"	"text/html; charset=utf-8"	"true"	"土耳其我们的服务 | Cindemir"	"19"	"本文概述土耳其我们的服务相关法律问题，包括程序、文件、风险和外国客户常见注意事项。"	"41"	"我们的服务"	"5"	"follow
index
max-image-preview:large
max-snippet:-1
max-video-preview:-1"	""	"https://cindemirlaw.com/our-articles-3/"	"200"	"156256"	"175"	"0"	"3"	"2"	"14"	"4"	"741"	"0"	"0"	"0"	"0"	"0"	"0"
"20"	"https://cindemirlaw.com/%D1%80%D1%83%D0%BA%D0%BE%D0%B2%D0%BE%D0%B4%D1%81%D1%82%D0%B2%D0%BE-%D0%BF%D0%BE-%D0%BF%D1%80%D0%B8%D0%BE%D0%B1%D1%80%D0%B5%D1%82%D0%B5%D0%BD%D0%B8%D1%8E-%D0%B8%D0%BD%D0%BE%D1%81%D1%82%D1%80%D0%B0/?lang=ru"	"200"	"text/html; charset=utf-8"	"true"	"РУКОВОДСТВО ПО ПРИОБРЕТЕНИЮ ИНОСТРАННЫМИ"	"40"	"Руководство по приобретению иностранной недвижимости: узнайте, как безопасно и выгодно инвестировать за рубежом. Получите советы по выбору страны, правовым аспектам и финансовому планированию. Обеспечьте успешную покупку с нашей помощью."	"237"	"РУКОВОДСТВО ПО ПРИОБРЕТЕНИЮ ИНОСТРАННЫМИ ГРАЖДАНАМИ ТУРЕЦКОГО ГРАЖДАНСТВА"	"73"	"follow
index
max-image-preview:large
max-snippet:-1
max-video-preview:-1"	""	"https://cindemirlaw.com/%D1%80%D1%83%D0%BA%D0%BE%D0%B2%D0%BE%D0%B4%D1%81%D1%82%D0%B2%D0%BE-%D0%BF%D0%BE-%D0%BF%D1%80%D0%B8%D0%BE%D0%B1%D1%80%D0%B5%D1%82%D0%B5%D0%BD%D0%B8%D1%8E-%D0%B8%D0%BD%D0%BE%D1%81%D1%82%D1%80%D0%B0/?lang=ru"	"200"	"176898"	"372"	"1"	"0"	"0"	"14"	"2"	"814"	"0"	"0"	"0"	"0"	"0"	"0"
"20"	"https://cindemirlaw.com/support/"	"200"	"text/html; charset=utf-8"	"true"	"Russian Speaking Law Firm in Istanbul, Turkey"	"45"	"We are a dynamic, independent Turkish law office operating in Istanbul since 2004, providing the highest quality of legal service to international organisations and businesses as well as individuals."	"199"	"Support"	"7"	"follow
index
max-image-preview:large
max-snippet:-1
max-video-preview:-1"	""	"https://cindemirlaw.com/support/"	"200"	"154486"	"446"	"0"	"1"	"1"	"16"	"4"	"810"	"0"	"0"	"0"	"0"	"0"	"0"
"20"	"https://cindemirlaw.com/services/?lang=zh-hans"	"200"	"text/html; charset=utf-8"	"true"	"Legal Services in Turkey - Cindemir Law Office"	"46"	"Cindemir Law Office is providing legal services in Turkey, Istanbul. Cindemir Law Office -"	"90"	"我們的法律服務"	"7"	"follow
index
max-image-preview:large
max-snippet:-1
max-video-preview:-1"	""	"https://cindemirlaw.com/services/?lang=zh-hans"	"200"	"160806"	"180"	"1"	"0"	"0"	"8"	"2"	"796"	"0"	"0"	"0"	"0"	"0"	"0"
"20"	"https://cindemirlaw.com/irish-boxer-acquitted-in-epic-brawl-case/"	"200"	"text/html; charset=utf-8"	"true"	"Irish 'boxer' acquitted in epic brawl case in Turkey | Legal Overview"	"69"	"Legal news and media note on Irish 'boxer' acquitted in epic brawl case, with context from Cindemir Law Office in Turkey."	"121"	"Irish ‘boxer’ acquitted in epic brawl case – Sabah Daily News
Irish ‘boxer’ acquitted in epic brawl case"	"61
42"	"follow
index
max-image-preview:large
max-snippet:-1
max-video-preview:-1"	""	"https://cindemirlaw.com/irish-boxer-acquitted-in-epic-brawl-case/"	"200"	"164967"	"837"	"0"	"9"	"9"	"27"	"7"	"860"	"0"	"0"	"0"	"0"	"0"	"0"
"20"	"https://cindemirlaw.com/eu-representative-services-for-non-eu-companies-under-the-gdpr/"	"200"	"text/html; charset=utf-8"	"true"	"EU Representative Services under GDPR in Turkey | Cindemir Law Office"	"69"	"Explains EU Representative Services under GDPR in Turkey, including procedures, documents, risks and key legal points for foreign clients."	"138"	"EU Representative Services for Non-EU Companies under the GDPR"	"62"	"follow
index
max-image-preview:large
max-snippet:-1
max-video-preview:-1"	""	"https://cindemirlaw.com/eu-representative-services-for-non-eu-companies-under-the-gdpr/"	"200"	"158735"	"467"	"0"	"3"	"3"	"24"	"4"	"768"	"0"	"0"	"0"	"0"	"0"	"0"
"20"	"https://cindemirlaw.com/news-events/"	"200"	"text/html; charset=utf-8"	"true"	"News & Events - Cindemir Law Office"	"35"	"Stay updated with Cindemir Law Office – Explore the latest legal news, events, and insights on Turkish and international law. Follow our updates for expert analysis and industry trends."	"185"	""	""	"follow
index
max-image-preview:large
max-snippet:-1
max-video-preview:-1"	""	"https://cindemirlaw.com/news-events/"	"200"	"151913"	"116"	"0"	"1"	"1"	"11"	"4"	"736"	"0"	"0"	"0"	"0"	"0"	"0"
"20"	"https://cindemirlaw.com/fde1068e3bda46a37dd24126f9ec4b09df0c999365011ec71028e1a7d4c45bfdd0fde1068e3bda46a37dd24126f9ec4b09df0c999365011ec71028e1a7d4c45bfdb3fde1068e3bda46a37dd24126f9ec4b09df0c999365011ec71028e1a7d4c45bf/?lang=ru"	"200"	"text/html; charset=utf-8"	"true"	"Гокхан Синдемир, Адокат в суде - Cindemir Law Office"	"52"	"Он специализируется на международном частном праве, европейском праве, семейном праве, трудовом праве, праве недвижимости."	"122"	"Гокхан Синдемир, Адокат в суде"	"30"	"follow
index
max-image-preview:large
max-snippet:-1
max-video-preview:-1"	""	"https://cindemirlaw.com/fde1068e3bda46a37dd24126f9ec4b09df0c999365011ec71028e1a7d4c45bfdd0fde1068e3bda46a37dd24126f9ec4b09df0c999365011ec71028e1a7d4c45bfdb3fde1068e3bda46a37dd24126f9ec4b09df0c999365011ec71028e1a7d4c45bf/?lang=ru"	"200"	"164550"	"367"	"1"	"0"	"0"	"18"	"2"	"772"	"0"	"0"	"0"	"0"	"0"	"0"
"20"	"https://cindemirlaw.com/turkish-procedural-law/"	"200"	"text/html; charset=utf-8"	"true"	"Turkish Procedural Law"	"22"	"Subsequent to establishment of modern Turkish Republic, the law regarding procedureal law had been changed in the light of Swiss law in 1927."	"141"	"Turkish Procedural Law"	"22"	"follow
index
max-image-preview:large
max-snippet:-1
max-video-preview:-1"	""	"https://cindemirlaw.com/turkish-procedural-law/"	"200"	"159466"	"820"	"0"	"3"	"3"	"22"	"4"	"773"	"0"	"0"	"0"	"0"	"0"	"0"
"20"	"https://cindemirlaw.com/starting-a-company-in-turkey-a-comprehensive-guide-for-entrepreneurs/"	"200"	"text/html; charset=utf-8"	"true"	"Starting a Company in Turkey | Cindemir Law Office"	"50"	"Explains Starting a Company in Turkey, including company procedures, governance, compliance and key points for foreign investors."	"129"	"Starting a Company in Turkey: A Comprehensive Guide for Entrepreneurs"	"69"	"follow
index
max-image-preview:large
max-snippet:-1
max-video-preview:-1"	""	"https://cindemirlaw.com/starting-a-company-in-turkey-a-comprehensive-guide-for-entrepreneurs/"	"200"	"159225"	"682"	"0"	"4"	"4"	"23"	"4"	"739"	"0"	"0"	"0"	"0"	"0"	"0"
"20"	"https://cindemirlaw.com/new-crypto-asset-regulation-of-turkey-and-understanding-provisions-related-to-crypto-asset-service-providers-casps/"	"200"	"text/html; charset=utf-8"	"true"	"New Crypto Asset Regulation in Turkey | Cindemir Law Office"	"59"	"Explains New Crypto Asset Regulation in Turkey, focusing on crypto regulation, compliance risks and practical points for foreign clients."	"137"	"New Crypto Asset Regulation of Turkey and Understanding Provisions related to Crypto Asset Service Providers (CASPs)"	"116"	"follow
index
max-image-preview:large
max-snippet:-1
max-video-preview:-1"	""	"https://cindemirlaw.com/new-crypto-asset-regulation-of-turkey-and-understanding-provisions-related-to-crypto-asset-service-providers-casps/"	"200"	"162158"	"763"	"0"	"4"	"4"	"29"	"4"	"792"	"0"	"0"	"0"	"0"	"0"	"0"
"20"	"https://cindemirlaw.com/privacy-policy-in-turkish-law/"	"200"	"text/html; charset=utf-8"	"true"	"Privacy Policy in Turkish Law | Cindemir Law Office"	"51"	"Explains Privacy Policy in Turkish Law, including procedures, documents, risks and key legal points for foreign clients."	"120"	"Privacy Policy in Turkish Law"	"29"	"follow
index
max-image-preview:large
max-snippet:-1
max-video-preview:-1"	""	"https://cindemirlaw.com/privacy-policy-in-turkish-law/"	"200"	"162777"	"561"	"0"	"9"	"9"	"29"	"4"	"770"	"0"	"0"	"0"	"0"	"0"	"0"
"20"	"https://cindemirlaw.com/inheritance-investigation-in-turkey-guiding-international-heirs-through-a-complex-process/"	"200"	"text/html; charset=utf-8"	"true"	"Inheritance Investigation in Turkey | Cindemir Law Office"	"57"	"Explains Inheritance Investigation in Turkey, including heirs, probate, documents and practical risks for foreign families."	"123"	"Inheritance Investigation in Turkey: Guiding International Heirs Through a Complex Process"	"90"	"follow
index
max-image-preview:large
max-snippet:-1
max-video-preview:-1"	""	"https://cindemirlaw.com/inheritance-investigation-in-turkey-guiding-international-heirs-through-a-complex-process/"	"200"	"163973"	"677"	"0"	"5"	"5"	"29"	"4"	"795"	"0"	"0"	"0"	"0"	"0"	"0"
"20"	"https://cindemirlaw.com/fde1068e3bda46a37dd24126f9ec4b09df0c999365011ec71028e1a7d4c45bfdd1fde1068e3bda46a37dd24126f9ec4b09df0c999365011ec71028e1a7d4c45bfd81fde1068e3bda46a37dd24126f9ec4b09df0c999365011ec71028e1a7d4c45bf-2/?lang=ru"	"200"	"text/html; charset=utf-8"	"true"	"Семейное право - Cindemir Law Office"	"36"	"Наша фирма специализируется на вопросах, связанных с семьей и супружескими спорами. Мы стремимся помочь сторонам достичь урегулирования споров без обращения в суд."	"163"	"Семейное право"	"14"	"follow
index
max-image-preview:large
max-snippet:-1
max-video-preview:-1"	""	"https://cindemirlaw.com/fde1068e3bda46a37dd24126f9ec4b09df0c999365011ec71028e1a7d4c45bfdd1fde1068e3bda46a37dd24126f9ec4b09df0c999365011ec71028e1a7d4c45bfd81fde1068e3bda46a37dd24126f9ec4b09df0c999365011ec71028e1a7d4c45bf-2/?lang=ru"	"200"	"159446"	"244"	"1"	"0"	"0"	"14"	"2"	"818"	"0"	"0"	"0"	"0"	"0"	"0"
"20"	"https://cindemirlaw.com/%D1%82%D1%83%D1%80%D0%B8%D1%81%D1%82%D0%B8%D1%87%D0%B5%D1%81%D0%BA%D0%BE%D0%B5-%D0%BF%D1%80%D0%B0%D0%B2%D0%BE-%D0%B2-%D1%82%D1%83%D1%80%D1%86%D0%B8%D0%B8/"	"200"	"text/html; charset=utf-8"	"true"	"Туристическое право в Турции - Cindemir Law Office"	"50"	"Туристическое право в Турции: помощь для гостиниц, турагентств, пакетных туров, краткосрочной аренды и иностранных инвесторов."	"126"	"Туристическое право в Турции"	"28"	"follow
index
max-image-preview:large
max-snippet:-1
max-video-preview:-1"	""	"https://cindemirlaw.com/%D1%82%D1%83%D1%80%D0%B8%D1%81%D1%82%D0%B8%D1%87%D0%B5%D1%81%D0%BA%D0%BE%D0%B5-%D0%BF%D1%80%D0%B0%D0%B2%D0%BE-%D0%B2-%D1%82%D1%83%D1%80%D1%86%D0%B8%D0%B8/"	"200"	"173327"	"1208"	"0"	"3"	"3"	"15"	"4"	"767"	"0"	"0"	"0"	"0"	"0"	"0"
"20"	"https://cindemirlaw.com/definition-regarding-conflict-of-laws-in-turkey/"	"200"	"text/html; charset=utf-8"	"true"	"Definition Regarding Conflict of Laws in Turkey | Cindemir Law Office"	"69"	"Explains Definition Regarding Conflict of Laws in Turkey, including procedures, documents, risks and key legal points for foreign clients."	"138"	"Definition Regarding Conflict of Laws in Turkey"	"47"	"follow
index
max-image-preview:large
max-snippet:-1
max-video-preview:-1"	""	"https://cindemirlaw.com/definition-regarding-conflict-of-laws-in-turkey/"	"200"	"168016"	"910"	"0"	"10"	"10"	"32"	"4"	"992"	"0"	"0"	"0"	"0"	"0"	"0"
"20"	"https://cindemirlaw.com/hakan-cindemir-2/"	"200"	"text/html; charset=utf-8"	"true"	"Hakan Cindemir Profile in Turkey | Legal Overview"	"49"	"Explains Hakan Cindemir Profile in Turkey, including procedures, documents, risks and key legal points for foreign clients."	"123"	"Hakan Cindemir Profile"	"22"	"follow
index
max-image-preview:large
max-snippet:-1
max-video-preview:-1"	""	"https://cindemirlaw.com/hakan-cindemir-2/"	"200"	"155417"	"188"	"0"	"3"	"3"	"14"	"4"	"727"	"0"	"0"	"0"	"0"	"0"	"0"
"20"	"https://cindemirlaw.com/fde1068e3bda46a37dd24126f9ec4b09df0c999365011ec71028e1a7d4c45bfdd0fde1068e3bda46a37dd24126f9ec4b09df0c999365011ec71028e1a7d4c45bfdbdfde1068e3bda46a37dd24126f9ec4b09df0c999365011ec71028e1a7d4c45bf-2/?lang=ru"	"200"	"text/html; charset=utf-8"	"true"	"Недвижимость и Передача прав на имущество - Cindemir Law Office"	"63"	"Мы предоставляем широкий спектр юридических услуг, включая преобразование, слияние, разделение и раздел земельных участков."	"123"	"Недвижимость и Передача прав на имущество"	"41"	"follow
index
max-image-preview:large
max-snippet:-1
max-video-preview:-1"	""	"https://cindemirlaw.com/fde1068e3bda46a37dd24126f9ec4b09df0c999365011ec71028e1a7d4c45bfdd0fde1068e3bda46a37dd24126f9ec4b09df0c999365011ec71028e1a7d4c45bfdbdfde1068e3bda46a37dd24126f9ec4b09df0c999365011ec71028e1a7d4c45bf-2/?lang=ru"	"200"	"158407"	"305"	"1"	"0"	"0"	"13"	"2"	"793"	"0"	"0"	"0"	"0"	"0"	"0"
"20"	"https://cindemirlaw.com/understanding-spks-introduction-guide-for-information-systems-independent-audit/"	"200"	"text/html; charset=utf-8"	"true"	"SPK Information Systems Audit Guide in Turkey | Legal Overview"	"62"	"Explains SPK Information Systems Audit Guide in Turkey, including procedures, documents, risks and key legal points for foreign clients."	"136"	"Understanding SPK’s Introduction Guide for Information Systems Independent Audit"	"80"	"follow
index
max-image-preview:large
max-snippet:-1
max-video-preview:-1"	""	"https://cindemirlaw.com/understanding-spks-introduction-guide-for-information-systems-independent-audit/"	"200"	"168675"	"1176"	"0"	"3"	"3"	"31"	"8"	"784"	"0"	"0"	"0"	"0"	"0"	"0"
"20"	"https://cindemirlaw.com/enforcement-of-uk-judgments-in-turkey/"	"200"	"text/html; charset=utf-8"	"true"	"Enforcement of UK judgments in Turkey"	"37"	"This article is aim to explain how to enforce UK judgments in Turkey. Uk Decrees are generally enforceable in Turkey based on high court decision."	"146"	"Enforcement of UK judgments in Turkey"	"37"	"follow
index
max-image-preview:large
max-snippet:-1
max-video-preview:-1"	""	"https://cindemirlaw.com/enforcement-of-uk-judgments-in-turkey/"	"200"	"165309"	"829"	"0"	"15"	"15"	"33"	"4"	"817"	"0"	"0"	"0"	"0"	"0"	"0"
"20"	"https://cindemirlaw.com/paternity-in-turkish-law-under-new-turkish-constitution-court-decision/"	"200"	"text/html; charset=utf-8"	"true"	"Paternity in Turkish Law"	"24"	"In this article I tried to explained the new development in Turkish Law upon Turkish Constitution Court Decision."	"113"	"Paternity in Turkish Law"	"24"	"follow
index
max-image-preview:large
max-snippet:-1
max-video-preview:-1"	""	"https://cindemirlaw.com/paternity-in-turkish-law-under-new-turkish-constitution-court-decision/"	"200"	"164551"	"752"	"0"	"11"	"11"	"31"	"4"	"814"	"0"	"2"	"0"	"2"	"2"	"2"
"20"	"https://cindemirlaw.com/%D1%82%D0%B8%D0%BF%D1%8B-%D0%BA%D0%BE%D0%BC%D0%BF%D0%B0%D0%BD%D0%B8%D0%B9-%D0%B2-%D1%82%D1%83%D1%80%D1%86%D0%B8%D0%B8/?lang=ru"	"200"	"text/html; charset=utf-8"	"true"	"типы компаний в Турции - Cindemir Law Office"	"44"	"Тип компаний в Турции упоминается в этой статье. Турецкий коммерческий код разъясняется относительно типов компаний"	"115"	"типы компаний в Турции"	"22"	"follow
index
max-image-preview:large
max-snippet:-1
max-video-preview:-1"	""	"https://cindemirlaw.com/%D1%82%D0%B8%D0%BF%D1%8B-%D0%BA%D0%BE%D0%BC%D0%BF%D0%B0%D0%BD%D0%B8%D0%B9-%D0%B2-%D1%82%D1%83%D1%80%D1%86%D0%B8%D0%B8/?lang=ru"	"200"	"164336"	"704"	"1"	"0"	"0"	"13"	"2"	"760"	"0"	"0"	"0"	"0"	"0"	"0"
"20"	"https://cindemirlaw.com/ottoman-title-deeds-in-turkiye-inheritance-registration-and-land-search/"	"200"	"text/html; charset=utf-8"	"true"	"Land Search Ottoman Title Deeds Explained"	"41"	"Explore the complexities of land search Ottoman title deeds and their legal significance in current Turkish ownership laws."	"123"	"Ottoman Title Deeds in Türkiye: Inheritance, Registration and Land Search"	"73"	"follow
index
max-image-preview:large
max-snippet:-1
max-video-preview:-1"	""	"https://cindemirlaw.com/ottoman-title-deeds-in-turkiye-inheritance-registration-and-land-search/"	"200"	"162257"	"878"	"0"	"7"	"7"	"27"	"4"	"780"	"0"	"0"	"0"	"0"	"0"	"0"
"20"	"https://cindemirlaw.com/fde1068e3bda46a37dd24126f9ec4b09df0c999365011ec71028e1a7d4c45bfdd0fde1068e3bda46a37dd24126f9ec4b09df0c999365011ec71028e1a7d4c45bfdb1fde1068e3bda46a37dd24126f9ec4b09df0c999365011ec71028e1a7d4c45bf/?lang=ru"	"200"	"text/html; charset=utf-8"	"true"	"Банковское дело и финансы - Cindemir Law Office"	"47"	"Мы предоставляем услуги по работе с отечественными финансовыми институтами. Наша компания занимается консультированием."	"119"	"Банковское дело и финансы"	"25"	"follow
index
max-image-preview:large
max-snippet:-1
max-video-preview:-1"	""	"https://cindemirlaw.com/fde1068e3bda46a37dd24126f9ec4b09df0c999365011ec71028e1a7d4c45bfdd0fde1068e3bda46a37dd24126f9ec4b09df0c999365011ec71028e1a7d4c45bfdb1fde1068e3bda46a37dd24126f9ec4b09df0c999365011ec71028e1a7d4c45bf/?lang=ru"	"200"	"159212"	"277"	"1"	"0"	"0"	"14"	"2"	"810"	"0"	"0"	"0"	"0"	"0"	"0"
"20"	"https://cindemirlaw.com/%D1%81%D1%82%D0%B0%D1%82%D1%83%D1%81-%D1%83%D1%81%D0%BB%D0%BE%D0%B2%D0%BD%D0%BE%D0%B3%D0%BE-%D0%B1%D0%B5%D0%B6%D0%B5%D0%BD%D1%86%D0%B0/?lang=ru"	"200"	"text/html; charset=utf-8"	"true"	"Статус Условного Беженца - Cindemir Law Office"	"46"	"Узнайте о процедуре получения статуса условного беженца в Турции: кто имеет право, какие документы необходимы и как проходит процесс подачи заявления. Получите профессиональную юридическую помощь для успешного оформления статуса и защиты ваших прав в Турции."	"258"	"Статус Условного Беженца"	"24"	"follow
index
max-image-preview:large
max-snippet:-1
max-video-preview:-1"	""	"https://cindemirlaw.com/%D1%81%D1%82%D0%B0%D1%82%D1%83%D1%81-%D1%83%D1%81%D0%BB%D0%BE%D0%B2%D0%BD%D0%BE%D0%B3%D0%BE-%D0%B1%D0%B5%D0%B6%D0%B5%D0%BD%D1%86%D0%B0/?lang=ru"	"200"	"159306"	"372"	"1"	"0"	"0"	"13"	"2"	"843"	"0"	"0"	"0"	"0"	"0"	"0"
"20"	"https://cindemirlaw.com/crypto-asset-issuers-under-turkish-law/"	"200"	"text/html; charset=utf-8"	"true"	"Crypto Asset Issuers under Turkish Law | Cindemir Law Office"	"60"	"Explains Crypto Asset Issuers under Turkish Law, focusing on crypto regulation, compliance risks and practical points for foreign clients."	"138"	"Crypto Asset Issuers under Turkish Law"	"38"	"follow
index
max-image-preview:large
max-snippet:-1
max-video-preview:-1"	""	"https://cindemirlaw.com/crypto-asset-issuers-under-turkish-law/"	"200"	"161656"	"773"	"0"	"3"	"3"	"23"	"4"	"768"	"0"	"0"	"0"	"0"	"0"	"0"
"20"	"https://cindemirlaw.com/team/?lang=ru"	"200"	"text/html; charset=utf-8"	"true"	"Наша команда"	"12"	"Элена Зара – квалифицированный адвокат в Стамбуле, предоставляющий юридические услуги в области международного права. Специализируется на вопросах, связанных с Турцией, Россией и странами СНГ, предлагая консультации с учетом различных правовых систем"	"250"	"Наша команда"	"12"	"follow
index
max-image-preview:large
max-snippet:-1
max-video-preview:-1"	""	"https://cindemirlaw.com/team/?lang=ru"	"200"	"165614"	"1006"	"1"	"0"	"0"	"16"	"2"	"759"	"0"	"0"	"0"	"0"	"0"	"0"
"20"	"https://cindemirlaw.com/yabanci-uyruklu-hukumlu-ve-tutuklularin-ziyareti-hakkinda-bilgilendirme/"	"200"	"text/html; charset=utf-8"	"true"	"Yabancı Uyruklu Hükümlü ve Tutukluların Ziyareti Hakkında in Turkey"	"67"	"Explains Yabancı Uyruklu Hükümlü ve Tutukluların Ziyareti Hakkında in Turkey, including procedures, documents, risks and key legal points for foreign clients."	"158"	"Yabancı Uyruklu Hükümlü ve Tutukluların Ziyareti Hakkında Bilgilendirme"	"71"	"follow
index
max-image-preview:large
max-snippet:-1
max-video-preview:-1"	""	"https://cindemirlaw.com/yabanci-uyruklu-hukumlu-ve-tutuklularin-ziyareti-hakkinda-bilgilendirme/"	"200"	"160871"	"573"	"0"	"3"	"3"	"15"	"4"	"813"	"0"	"0"	"0"	"0"	"0"	"0"
"20"	"https://cindemirlaw.com/child-abduction-and-retention-under-turkish-law/"	"200"	"text/html; charset=utf-8"	"true"	"Child Abduction and Retention Under Turkish Law | Cindemir Law Office"	"69"	"Explains Child Abduction and Retention Under Turkish Law, including court procedure, recognition issues and family-law risks for foreign clients."	"145"	"Child Abduction and Retention Under Turkish Law"	"47"	"follow
index
max-image-preview:large
max-snippet:-1
max-video-preview:-1"	""	"https://cindemirlaw.com/child-abduction-and-retention-under-turkish-law/"	"200"	"165391"	"1474"	"0"	"3"	"3"	"24"	"4"	"766"	"0"	"0"	"0"	"0"	"0"	"0"
"20"	"https://cindemirlaw.com/crypto-asset-fraud-in-turkey-legal-perspective/"	"200"	"text/html; charset=utf-8"	"true"	"Crypto Asset Fraud in Turkey: Legal Perspective | Cindemir Law Office"	"69"	"Explains Crypto Asset Fraud in Turkey: Legal Perspective, focusing on crypto regulation, compliance risks and practical points for foreign clients."	"147"	"Crypto Asset Fraud in Turkey: Legal Perspective"	"47"	"follow
index
max-image-preview:large
max-snippet:-1
max-video-preview:-1"	""	"https://cindemirlaw.com/crypto-asset-fraud-in-turkey-legal-perspective/"	"200"	"160102"	"598"	"0"	"4"	"4"	"24"	"4"	"743"	"0"	"0"	"0"	"0"	"0"	"0"
"20"	"https://cindemirlaw.com/independent-certified-public-accountant-financial-consultant-taner-cevik/"	"200"	"text/html; charset=utf-8"	"true"	"Taner Çevik, Independent Certified Public Accountant & Financial"	"64"	"Profile of Taner Çevik, Independent Certified Public Accountant & Financial, including professional background, practice areas and contact context at Cindemir Law"	"162"	"Taner Çevik, Independent Certified Public Accountant & Financial Counsel"	"72"	"follow
index
max-image-preview:large
max-snippet:-1
max-video-preview:-1"	""	"https://cindemirlaw.com/independent-certified-public-accountant-financial-consultant-taner-cevik/"	"200"	"156458"	"245"	"0"	"3"	"3"	"17"	"4"	"728"	"0"	"0"	"0"	"0"	"0"	"0"
"20"	"https://cindemirlaw.com/fde1068e3bda46a37dd24126f9ec4b09df0c999365011ec71028e1a7d4c45bfdd1fde1068e3bda46a37dd24126f9ec4b09df0c999365011ec71028e1a7d4c45bfd81fde1068e3bda46a37dd24126f9ec4b09df0c999365011ec71028e1a7d4c45bf/?lang=ru"	"200"	"text/html; charset=utf-8"	"true"	"Страхование - Cindemir Law Office"	"33"	"Наша компания предоставляет услуги по работе со страховыми компаниями, включая жалобы о ДТП, взыскание страховых выплат и гарантии исполнения контракта."	"152"	"Страхование"	"11"	"follow
index
max-image-preview:large
max-snippet:-1
max-video-preview:-1"	""	"https://cindemirlaw.com/fde1068e3bda46a37dd24126f9ec4b09df0c999365011ec71028e1a7d4c45bfdd1fde1068e3bda46a37dd24126f9ec4b09df0c999365011ec71028e1a7d4c45bfd81fde1068e3bda46a37dd24126f9ec4b09df0c999365011ec71028e1a7d4c45bf/?lang=ru"	"200"	"160062"	"267"	"1"	"0"	"0"	"14"	"2"	"781"	"0"	"0"	"0"	"0"	"0"	"0"
"20"	"https://cindemirlaw.com/getting-criminal-record-in-turkey/"	"200"	"text/html; charset=utf-8"	"true"	"Getting Criminal Record in Turkey"	"33"	"Explore everything about a criminal record check in Turkey. Find out how to apply for your certificate and its uses."	"116"	"Getting Police Certificate (Criminal Clearance Report) in Turkey"	"64"	"follow
index
max-image-preview:large
max-snippet:-1
max-video-preview:-1"	""	"https://cindemirlaw.com/getting-criminal-record-in-turkey/"	"200"	"163367"	"1204"	"0"	"6"	"6"	"29"	"4"	"763"	"0"	"1"	"1"	"0"	"1"	"1"
"20"	"https://cindemirlaw.com/family/"	"200"	"text/html; charset=utf-8"	"true"	"Family in Turkey | Cindemir Law Office"	"38"	"Explains Family in Turkey, including court procedure, recognition issues and family-law risks for foreign clients."	"114"	"Family"	"6"	"follow
index
max-image-preview:large
max-snippet:-1
max-video-preview:-1"	""	"https://cindemirlaw.com/family/"	"200"	"155599"	"200"	"0"	"3"	"3"	"16"	"4"	"746"	"0"	"0"	"0"	"0"	"0"	"0"
"20"	"https://cindemirlaw.com/gokhan-cindemir/"	"200"	"text/html; charset=utf-8"	"true"	"Gökhan Cindemir, LLM | Cindemir Law Office"	"42"	"Profile of Gökhan Cindemir, LLM, including professional background, practice areas and contact context at Cindemir Law Office."	"126"	"Gökhan Cindemir,LLM"	"19"	"follow
index
max-image-preview:large
max-snippet:-1
max-video-preview:-1"	""	"https://cindemirlaw.com/gokhan-cindemir/"	"200"	"155406"	"164"	"0"	"2"	"2"	"15"	"4"	"755"	"0"	"0"	"0"	"0"	"0"	"0"
"20"	"https://cindemirlaw.com/%D0%BA%D0%B0%D0%BA-%D0%BE%D1%82%D0%BA%D1%80%D1%8B%D1%82%D1%8C-%D1%84%D0%B8%D0%BB%D0%B8%D0%B0%D0%BB-%D0%B2-%D1%82%D1%83%D1%80%D1%86%D0%B8%D0%B8/?lang=ru"	"200"	"text/html; charset=utf-8"	"true"	"адвокатское бюро Синдемир % как открыть филиал в турции"	"55"	"как открыть филиал в турции В этой статье мы объяснили, как открыть филиал в Турции."	"84"	"как открыть филиал в турции"	"27"	"follow
index
max-image-preview:large
max-snippet:-1
max-video-preview:-1"	""	"https://cindemirlaw.com/%D0%BA%D0%B0%D0%BA-%D0%BE%D1%82%D0%BA%D1%80%D1%8B%D1%82%D1%8C-%D1%84%D0%B8%D0%BB%D0%B8%D0%B0%D0%BB-%D0%B2-%D1%82%D1%83%D1%80%D1%86%D0%B8%D0%B8/?lang=ru"	"200"	"161896"	"493"	"1"	"0"	"0"	"13"	"2"	"812"	"0"	"0"	"0"	"0"	"0"	"0"
"20"	"https://cindemirlaw.com/energy-law-and-investment/"	"200"	"text/html; charset=utf-8"	"true"	"Energy Law and Investment in Turkey | Cindemir Law Office"	"57"	"Explains Energy Law and Investment in Turkey, including procedures, documents, risks and key legal points for foreign clients."	"126"	"Energy Law and Investment"	"25"	"follow
index
max-image-preview:large
max-snippet:-1
max-video-preview:-1"	""	"https://cindemirlaw.com/energy-law-and-investment/"	"200"	"155748"	"226"	"0"	"3"	"3"	"16"	"4"	"772"	"0"	"0"	"0"	"0"	"0"	"0"
"20"	"https://cindemirlaw.com/gokhan-cindemir-attorney-at-law-2-2/?lang=zh-hans"	"200"	"text/html; charset=utf-8"	"true"	"Gökhan Cindemir , Attorney At Law - Cindemir Law Office"	"55"	"我们的土耳其律师Gökhan Cindemir可以为您提供各种法律服务。联系我们以获取法律咨询和代表服务。"	"53"	"Gökhan Cindemir , Attorney At Law"	"33"	"follow
index
max-image-preview:large
max-snippet:-1
max-video-preview:-1"	""	"https://cindemirlaw.com/gokhan-cindemir-attorney-at-law-2-2/?lang=zh-hans"	"200"	"157559"	"128"	"1"	"0"	"0"	"13"	"2"	"755"	"0"	"0"	"0"	"0"	"0"	"0"
"20"	"https://cindemirlaw.com/%D1%80%D0%B0%D1%81%D1%81%D0%BB%D0%B5%D0%B4%D0%BE%D0%B2%D0%B0%D0%BD%D0%B8%D0%B5-%D0%BD%D0%B0%D1%81%D0%BB%D0%B5%D0%B4%D1%81%D1%82%D0%B2%D0%B0-%D0%B2-%D1%82%D1%83%D1%80%D1%86%D0%B8%D0%B8-%D1%8E%D1%80/"	"200"	"text/html; charset=utf-8"	"true"	"Расследование наследства в Турции | Cindemir"	"44"	"Обзор темы «Расследование наследства в Турции» в Турции: процедуры, документы, риски и практические вопросы для иностранных клиентов."	"133"	"Расследование наследства в Турции: юридическое сопровождение иностранных наследников"	"84"	"follow
index
max-image-preview:large
max-snippet:-1
max-video-preview:-1"	""	"https://cindemirlaw.com/%D1%80%D0%B0%D1%81%D1%81%D0%BB%D0%B5%D0%B4%D0%BE%D0%B2%D0%B0%D0%BD%D0%B8%D0%B5-%D0%BD%D0%B0%D1%81%D0%BB%D0%B5%D0%B4%D1%81%D1%82%D0%B2%D0%B0-%D0%B2-%D1%82%D1%83%D1%80%D1%86%D0%B8%D0%B8-%D1%8E%D1%80/"	"200"	"163697"	"550"	"0"	"3"	"3"	"15"	"4"	"815"	"0"	"0"	"0"	"0"	"0"	"0"
"20"	"https://cindemirlaw.com/kontak/"	"200"	"text/html; charset=utf-8"	"true"	"Контакты - Cindemir Law Office"	"30"	"Свяжитесь с Cindemir Law Office – получите профессиональную юридическую консультацию в Турции. Наши контакты и адрес для записи на встречу."	"139"	""	""	"follow
index
max-image-preview:large
max-snippet:-1
max-video-preview:-1"	""	"https://cindemirlaw.com/kontak/"	"200"	"152312"	"120"	"0"	"1"	"1"	"11"	"4"	"812"	"0"	"0"	"0"	"0"	"0"	"0"
"20"	"https://cindemirlaw.com/fde1068e3bda46a37dd24126f9ec4b09df0c999365011ec71028e1a7d4c45bfdd1fde1068e3bda46a37dd24126f9ec4b09df0c999365011ec71028e1a7d4c45bfd82fde1068e3bda46a37dd24126f9ec4b09df0c999365011ec71028e1a7d4c45bf/?lang=ru"	"200"	"text/html; charset=utf-8"	"true"	"Трудовое право - Cindemir Law Office"	"36"	"Мы предлагаем практические решения в трудовом праве, которые удовлетворяют работодателя и работника."	"100"	"Трудовое право"	"14"	"follow
index
max-image-preview:large
max-snippet:-1
max-video-preview:-1"	""	"https://cindemirlaw.com/fde1068e3bda46a37dd24126f9ec4b09df0c999365011ec71028e1a7d4c45bfdd1fde1068e3bda46a37dd24126f9ec4b09df0c999365011ec71028e1a7d4c45bfd82fde1068e3bda46a37dd24126f9ec4b09df0c999365011ec71028e1a7d4c45bf/?lang=ru"	"200"	"159593"	"297"	"1"	"0"	"0"	"15"	"2"	"833"	"0"	"0"	"0"	"0"	"0"	"0"
"20"	"https://cindemirlaw.com/what-are-the-limitations-of-a-will-under-turkish-law/"	"200"	"text/html; charset=utf-8"	"true"	"What Are the Limitations of a Will under Turkish Law? | Turkish Law"	"67"	"Explains What Are the Limitations of a Will under Turkish Law?, including heirs, probate, documents and practical risks for foreign families."	"141"	"What Are the Limitations of a Will under Turkish Law?"	"53"	"follow
index
max-image-preview:large
max-snippet:-1
max-video-preview:-1"	""	"https://cindemirlaw.com/what-are-the-limitations-of-a-will-under-turkish-law/"	"200"	"163544"	"686"	"0"	"8"	"8"	"29"	"4"	"772"	"0"	"0"	"0"	"0"	"0"	"0"
"20"	"https://cindemirlaw.com/%D0%BA%D0%BE%D0%BC%D0%BF%D0%B5%D0%BD%D1%81%D0%B0%D1%86%D0%B8%D0%B8-%D0%BF%D0%BE%D0%BB%D0%BE%D0%B6%D0%B5%D0%BD%D0%BD%D1%8B%D0%B5-%D0%B2-%D1%80%D0%B5%D0%B7%D1%83%D0%BB%D1%8C%D1%82%D0%B0%D1%82%D0%B5/?lang=ru"	"200"	"text/html; charset=utf-8"	"true"	"Компенсации дорожно-транспортных происшествий( ДТП )"	"52"	"Мы предоставляем корпоративные и коммерческие правовые услуги в Турции, включая регистрацию компаний, создание совместных предприятий."	"134"	"Компенсации, положенные в результате дорожно-транспортных происшествий( ДТП ), приведших к смерти или травмам согласно Турецкому закону"	"135"	"follow
index
max-image-preview:large
max-snippet:-1
max-video-preview:-1"	""	"https://cindemirlaw.com/%D0%BA%D0%BE%D0%BC%D0%BF%D0%B5%D0%BD%D1%81%D0%B0%D1%86%D0%B8%D0%B8-%D0%BF%D0%BE%D0%BB%D0%BE%D0%B6%D0%B5%D0%BD%D0%BD%D1%8B%D0%B5-%D0%B2-%D1%80%D0%B5%D0%B7%D1%83%D0%BB%D1%8C%D1%82%D0%B0%D1%82%D0%B5/?lang=ru"	"200"	"170688"	"1156"	"1"	"0"	"0"	"14"	"2"	"809"	"0"	"0"	"0"	"0"	"0"	"0"
"20"	"https://cindemirlaw.com/fde1068e3bda46a37dd24126f9ec4b09df0c999365011ec71028e1a7d4c45bfdd0fde1068e3bda46a37dd24126f9ec4b09df0c999365011ec71028e1a7d4c45bfdb4fde1068e3bda46a37dd24126f9ec4b09df0c999365011ec71028e1a7d4c45bf/?lang=ru"	"200"	"text/html; charset=utf-8"	"true"	"Дью-дилидженс - Cindemir Law Office"	"35"	"Мы предлагаем услуги дью-дилидженс, которые проводят эксперты адвокаты и финансовые эксперты нашей фирмы."	"105"	"Дью-дилидженс"	"13"	"follow
index
max-image-preview:large
max-snippet:-1
max-video-preview:-1"	""	"https://cindemirlaw.com/fde1068e3bda46a37dd24126f9ec4b09df0c999365011ec71028e1a7d4c45bfdd0fde1068e3bda46a37dd24126f9ec4b09df0c999365011ec71028e1a7d4c45bfdb4fde1068e3bda46a37dd24126f9ec4b09df0c999365011ec71028e1a7d4c45bf/?lang=ru"	"200"	"158032"	"222"	"1"	"0"	"0"	"13"	"2"	"758"	"0"	"0"	"0"	"0"	"0"	"0"
"20"	"https://cindemirlaw.com/personal-injury-and-car-accidents-under-turkish-law/"	"200"	"text/html; charset=utf-8"	"true"	"Personal Injury and Car Accidents in Turkey | Cindemir Law Office"	"65"	"Explains Personal Injury and Car Accidents in Turkey, including liability, evidence and compensation issues under Turkish law."	"126"	"Personal Injury and Car Accidents under Turkish Law"	"51"	"follow
index
max-image-preview:large
max-snippet:-1
max-video-preview:-1"	""	"https://cindemirlaw.com/personal-injury-and-car-accidents-under-turkish-law/"	"200"	"167114"	"1240"	"0"	"11"	"11"	"25"	"4"	"816"	"0"	"1"	"1"	"0"	"1"	"1"
"20"	"https://cindemirlaw.com/cisg-in-turkey-international-sale-of-goods-disputes-and-legal-framework/"	"200"	"text/html; charset=utf-8"	"true"	"CISG in Turkey | International Sale of Goods Disputes"	"53"	"CISG applies in Turkey when it governs international sale of goods contracts and the legal issues affecting cross-border commercial disputes."	"141"	"CISG in Turkey: International Sale of Goods Disputes and Legal Framework
What Is the CISG?
Does the CISG Apply in Turkey?
When Does the CISG Apply?
Contracts Outside the Scope of the CISG
Common International Sale of Goods Disputes
Why Early Legal Assessment Matters
Can Parties Exclude the CISG?
CISG Before Turkish Courts
International Arbitration and the CISG
Frequently Asked Questions
Conclusion"	"72
17
30
25
39
43
34
29
26
38
26
10"	"follow
index
max-image-preview:large
max-snippet:-1
max-video-preview:-1"	""	"https://cindemirlaw.com/cisg-in-turkey-international-sale-of-goods-disputes-and-legal-framework/"	"200"	"164244"	"1236"	"0"	"3"	"3"	"33"	"4"	"822"	"0"	"0"	"0"	"0"	"0"	"0"
"20"	"https://cindemirlaw.com/contacts/?lang=ru"	"200"	"text/html; charset=utf-8"	"true"	"Cindemir law Office, maltepe ,istanbul"	"38"	"Юридическая фирма Cindemir Ул. Кушдили Кад. №17/3 Османага Мах. Кадикой Istanbul, Turkey дорожно-траспортное происшествие"	"121"	"свяжитесь с нами"	"16"	"follow
index
max-image-preview:large
max-snippet:-1
max-video-preview:-1"	""	"https://cindemirlaw.com/contacts/?lang=ru"	"200"	"155280"	"163"	"1"	"0"	"0"	"8"	"2"	"831"	"0"	"0"	"0"	"0"	"0"	"0"
"20"	"https://cindemirlaw.com/articles/?lang=ru"	"200"	"text/html; charset=utf-8"	"true"	"статьи"	"6"	"Ознакомьтесь с нашими статьями, посвященными различным аспектам турецкого законодательства. Мы освещаем темы от корпоративного права до вопросов недвижимости, предоставляя актуальную информацию и профессиональные советы. Наши материалы помогут вам лучше понять правовую систему Турции и принять обоснованные решения."	"316"	"Наши статьи"	"11"	"follow
index
max-image-preview:large
max-snippet:-1
max-video-preview:-1"	""	"https://cindemirlaw.com/articles/?lang=ru"	"200"	"270143"	"4547"	"1"	"0"	"0"	"64"	"2"	"1368"	"0"	"0"	"0"	"0"	"0"	"0"
"20"	"https://cindemirlaw.com/fde1068e3bda46a37dd24126f9ec4b09df0c999365011ec71028e1a7d4c45bfdd1fde1068e3bda46a37dd24126f9ec4b09df0c999365011ec71028e1a7d4c45bfd83fde1068e3bda46a37dd24126f9ec4b09df0c999365011ec71028e1a7d4c45bf-3/?lang=ru"	"200"	"text/html; charset=utf-8"	"true"	"Услуги по взысканию долгов - Cindemir Law Office"	"48"	"Наша команда включает русскоязычных юристов, готовых оказать поддержку в вопросах корпоративного и коммерческого права, энергетического законодательства, недвижимости, блокчейн-права и международного частного права."	"215"	"Услуги по взысканию долгов"	"26"	"follow
index
max-image-preview:large
max-snippet:-1
max-video-preview:-1"	""	"https://cindemirlaw.com/fde1068e3bda46a37dd24126f9ec4b09df0c999365011ec71028e1a7d4c45bfdd1fde1068e3bda46a37dd24126f9ec4b09df0c999365011ec71028e1a7d4c45bfd83fde1068e3bda46a37dd24126f9ec4b09df0c999365011ec71028e1a7d4c45bf-3/?lang=ru"	"200"	"163667"	"283"	"1"	"0"	"0"	"20"	"2"	"762"	"0"	"0"	"0"	"0"	"0"	"0"
"20"	"https://cindemirlaw.com/gokhan-cindemir-2/"	"200"	"text/html; charset=utf-8"	"true"	"Gökhan Cindemir in Turkey | Legal Overview"	"42"	"Explains Gökhan Cindemir in Turkey, including procedures, documents, risks and key legal points for foreign clients."	"116"	"Gökhan Cindemir"	"15"	"follow
index
max-image-preview:large
max-snippet:-1
max-video-preview:-1"	""	"https://cindemirlaw.com/gokhan-cindemir-2/"	"200"	"155496"	"231"	"0"	"3"	"3"	"14"	"4"	"804"	"0"	"0"	"0"	"0"	"0"	"0"
"20"	"https://cindemirlaw.com/gokhan-cindemir-attorney-at-law/"	"200"	"text/html; charset=utf-8"	"true"	"Mr. Gökhan Cindemir, PhD, Senior Partner | Cindemir Law Office"	"62"	"Profile of Mr. Gökhan Cindemir, PhD, Senior Partner, including professional background, practice areas and contact context at Cindemir Law Office."	"146"	"Mr. Gökhan Cindemir , Phd Candidate , Senior Partner
Ms. Melike Erarslan, Lawyer"	"52
27"	"follow
index
max-image-preview:large
max-snippet:-1
max-video-preview:-1"	""	"https://cindemirlaw.com/gokhan-cindemir-attorney-at-law/"	"200"	"159648"	"494"	"0"	"3"	"3"	"22"	"4"	"835"	"0"	"0"	"0"	"0"	"0"	"0"
"20"	"https://cindemirlaw.com/%D1%81%D1%82%D0%B0%D1%82%D1%83%D1%81-%D0%B1%D0%B5%D0%B6%D0%B5%D0%BD%D1%86%D0%B0-%D0%B2-%D1%82%D1%83%D1%80%D1%86%D0%B8%D0%B8/?lang=ru"	"200"	"text/html; charset=utf-8"	"true"	"Статус Беженца в Турции - Адвокатское бюро Джиндемир"	"52"	"Получение статуса беженца в Турции: узнайте о процессе подачи заявления, необходимых документах и правах, предоставляемых беженцам. Получите профессиональную юридическую поддержку для успешного оформления статуса и защиты ваших прав в Турции."	"242"	"Статус Беженца в Турции"	"23"	"follow
index
max-image-preview:large
max-snippet:-1
max-video-preview:-1"	""	"https://cindemirlaw.com/%D1%81%D1%82%D0%B0%D1%82%D1%83%D1%81-%D0%B1%D0%B5%D0%B6%D0%B5%D0%BD%D1%86%D0%B0-%D0%B2-%D1%82%D1%83%D1%80%D1%86%D0%B8%D0%B8/?lang=ru"	"200"	"158144"	"300"	"1"	"0"	"0"	"12"	"2"	"811"	"0"	"0"	"0"	"0"	"0"	"0"
"20"	"https://cindemirlaw.com/exit-bans-in-turkey-a-critical-exploration-of-judicial-control/"	"200"	"text/html; charset=utf-8"	"true"	"Exit Bans in Turkey: A Critical Exploration of Judicial Control"	"63"	"Explains Exit Bans in Turkey: A Critical Exploration of Judicial Control, including procedures, documents, risks and key legal points for foreign clients."	"154"	"Exit Bans in Turkey: A Critical Exploration of Judicial Control"	"63"	"follow
index
max-image-preview:large
max-snippet:-1
max-video-preview:-1"	""	"https://cindemirlaw.com/exit-bans-in-turkey-a-critical-exploration-of-judicial-control/"	"200"	"160171"	"651"	"0"	"11"	"11"	"22"	"4"	"770"	"0"	"0"	"0"	"0"	"0"	"0"
"20"	"https://cindemirlaw.com/legal-support-for-visiting-foreign-nationals-in-turkish-prisons/"	"200"	"text/html; charset=utf-8"	"true"	"Legal Support for Visiting Foreign Nationals in Turkish Prisons"	"63"	"Explains Legal Support for Visiting Foreign Nationals in Turkish Prisons, including procedure, risk assessment and rights of foreign nationals under Turkish law."	"161"	"Legal Support for Visiting Foreign Nationals in Turkish Prisons"	"63"	"follow
index
max-image-preview:large
max-snippet:-1
max-video-preview:-1"	""	"https://cindemirlaw.com/legal-support-for-visiting-foreign-nationals-in-turkish-prisons/"	"200"	"161278"	"687"	"0"	"3"	"3"	"28"	"4"	"801"	"0"	"0"	"0"	"0"	"0"	"0"
"20"	"https://cindemirlaw.com/our-articles-2/"	"200"	"text/html; charset=utf-8"	"true"	"Наши статьи | Cindemir"	"22"	"Обзор темы «Наши статьи» в Турции: процедуры, документы, риски и практические вопросы для иностранных клиентов."	"111"	"Наши статьи"	"11"	"follow
index
max-image-preview:large
max-snippet:-1
max-video-preview:-1"	""	"https://cindemirlaw.com/our-articles-2/"	"200"	"156360"	"190"	"0"	"3"	"3"	"14"	"4"	"787"	"0"	"0"	"0"	"0"	"0"	"0"
"20"	"https://cindemirlaw.com/%D0%BF%D1%80%D0%B5%D1%81%D1%82%D1%83%D0%BF%D0%BB%D0%B5%D0%BD%D0%B8%D1%8F-%D1%81-%D0%BA%D1%80%D0%B8%D0%BF%D1%82%D0%BE%D0%B2%D0%B0%D0%BB%D1%8E%D1%82%D0%BE%D0%B9-%D0%B2-%D1%82%D1%83%D1%80%D1%86%D0%B8/"	"200"	"text/html; charset=utf-8"	"true"	"Преступления с криптовалютой в Турции | Cindemir"	"48"	"Обзор темы «Преступления с криптовалютой в Турции» в Турции: процедуры, документы, риски и практические вопросы для иностранных клиентов."	"137"	"Преступления с криптовалютой в Турции: правовое регулирование и механизмы защиты инвесторов"	"91"	"follow
index
max-image-preview:large
max-snippet:-1
max-video-preview:-1"	""	"https://cindemirlaw.com/%D0%BF%D1%80%D0%B5%D1%81%D1%82%D1%83%D0%BF%D0%BB%D0%B5%D0%BD%D0%B8%D1%8F-%D1%81-%D0%BA%D1%80%D0%B8%D0%BF%D1%82%D0%BE%D0%B2%D0%B0%D0%BB%D1%8E%D1%82%D0%BE%D0%B9-%D0%B2-%D1%82%D1%83%D1%80%D1%86%D0%B8/"	"200"	"163016"	"510"	"0"	"3"	"3"	"15"	"4"	"852"	"0"	"0"	"0"	"0"	"0"	"0"
"20"	"https://cindemirlaw.com/anti-dumping-measures/"	"200"	"text/html; charset=utf-8"	"true"	"Anti-dumping measures in Turkey | Legal Overview"	"48"	"Explains Anti-dumping measures in Turkey, including procedures, documents, risks and key legal points for foreign clients."	"122"	"Anti-dumping measures"	"21"	"follow
index
max-image-preview:large
max-snippet:-1
max-video-preview:-1"	""	"https://cindemirlaw.com/anti-dumping-measures/"	"200"	"168094"	"2451"	"0"	"3"	"3"	"26"	"4"	"752"	"0"	"0"	"0"	"0"	"0"	"0"
"20"	"https://cindemirlaw.com/%D0%BD%D0%B0%D1%81%D0%BB%D0%B5%D0%B4%D1%81%D1%82%D0%B2%D0%B5%D0%BD%D0%BD%D0%BE%D0%B5-%D0%BF%D1%80%D0%B0%D0%B2%D0%BE-%D1%82%D1%83%D1%80%D1%86%D0%B8%D0%B8-2/?lang=ru"	"200"	"text/html; charset=utf-8"	"true"	"Наследственное Право Турции - Cindemir Law - адвокатское бюро Синдемир"	"70"	"Наследственное право в Турции регулирует порядок наследования для граждан и иностранцев. Узнайте, кто имеет право на наследство, как оформить завещание и какие налоги предусмотрены. Получите профессиональную юридическую помощь в вопросах наследства в Турции."	"258"	"Наследственное Право Турции – Cindemir Law"	"42"	"follow
index
max-image-preview:large
max-snippet:-1
max-video-preview:-1"	""	"https://cindemirlaw.com/%D0%BD%D0%B0%D1%81%D0%BB%D0%B5%D0%B4%D1%81%D1%82%D0%B2%D0%B5%D0%BD%D0%BD%D0%BE%D0%B5-%D0%BF%D1%80%D0%B0%D0%B2%D0%BE-%D1%82%D1%83%D1%80%D1%86%D0%B8%D0%B8-2/?lang=ru"	"200"	"162668"	"544"	"1"	"0"	"0"	"14"	"2"	"770"	"0"	"0"	"0"	"0"	"0"	"0"
"20"	"https://cindemirlaw.com/cindemir-law-3/"	"200"	"text/html; charset=utf-8"	"true"	"土耳其Cindemir Law | Cindemir"	"26"	"本文概述土耳其Cindemir Law相关法律问题，包括程序、文件、风险和外国客户常见注意事项。"	"48"	""	""	"follow
index
max-image-preview:large
max-snippet:-1
max-video-preview:-1"	""	"https://cindemirlaw.com/cindemir-law-3/"	"200"	"155322"	"145"	"0"	"3"	"3"	"13"	"4"	"746"	"0"	"0"	"0"	"0"	"0"	"0"
"20"	"https://cindemirlaw.com/enforcement-of-a-chinese-foreign-judgment-in-turkey/"	"200"	"text/html; charset=utf-8"	"true"	"Enforcement of Chinese Judgments in Turkey"	"42"	"This article aims at explaining enforcement of foreign judgments obtained from Courts of China in Turkey."	"105"	"Enforcement of a Chinese Foreign Judgments in Turkey"	"52"	"follow
index
max-image-preview:large
max-snippet:-1
max-video-preview:-1"	""	"https://cindemirlaw.com/enforcement-of-a-chinese-foreign-judgment-in-turkey/"	"200"	"159772"	"762"	"0"	"3"	"3"	"23"	"4"	"751"	"0"	"0"	"0"	"0"	"0"	"0"
"20"	"https://cindemirlaw.com/private-international-law-rules/"	"200"	"text/html; charset=utf-8"	"true"	"Private International Law Rules in Turkey | Legal Overview"	"58"	"Explains Private International Law Rules in Turkey, including procedures, documents, risks and key legal points for foreign clients."	"132"	"Private International Law Rules"	"31"	"follow
index
max-image-preview:large
max-snippet:-1
max-video-preview:-1"	""	"https://cindemirlaw.com/private-international-law-rules/"	"200"	"160979"	"1058"	"0"	"4"	"4"	"22"	"4"	"737"	"0"	"0"	"0"	"0"	"0"	"0"
"20"	"https://cindemirlaw.com/new-spk-decision-on-crypto-assets-a-comprehensive-overview-of-regulatory-amendments/"	"200"	"text/html; charset=utf-8"	"true"	"New SPK Decision on Crypto Assets | Cindemir"	"44"	"Обзор темы «New SPK Decision on Crypto Assets» в Турции: процедуры, документы, риски и практические вопросы для иностранных клиентов."	"133"	"New SPK Decision on Crypto Assets: A Comprehensive Overview of Regulatory Amendments"	"84"	"follow
index
max-image-preview:large
max-snippet:-1
max-video-preview:-1"	""	"https://cindemirlaw.com/new-spk-decision-on-crypto-assets-a-comprehensive-overview-of-regulatory-amendments/"	"200"	"161698"	"684"	"0"	"6"	"6"	"27"	"4"	"799"	"0"	"0"	"0"	"0"	"0"	"0"
"20"	"https://cindemirlaw.com/%D1%8E%D1%80%D0%B8%D0%B4%D0%B8%D1%87%D0%B5%D1%81%D0%BA%D0%B0%D1%8F-%D0%BF%D0%BE%D0%BC%D0%BE%D1%89%D1%8C-%D0%BF%D1%80%D0%B8-%D0%BE%D1%82%D0%BF%D1%80%D0%B0%D0%B2%D0%BA%D0%B5-%D0%B2%D0%B5%D1%89%D0%B5/?lang=ru"	"200"	"text/html; charset=utf-8"	"true"	"Юридическая помощь при отправке вещей и денег иностранным заключённым в Турции - Cindemir Law Office"	"100"	"Юридическая помощь для отправки одежды, книг и денег иностранным заключённым в Турции. Законные процедуры, списки, консультации, перевод."	"137"	"Юридическая помощь при отправке вещей и денег иностранным заключённым в Турции"	"78"	"follow
index
max-image-preview:large
max-snippet:-1
max-video-preview:-1"	""	"https://cindemirlaw.com/%D1%8E%D1%80%D0%B8%D0%B4%D0%B8%D1%87%D0%B5%D1%81%D0%BA%D0%B0%D1%8F-%D0%BF%D0%BE%D0%BC%D0%BE%D1%89%D1%8C-%D0%BF%D1%80%D0%B8-%D0%BE%D1%82%D0%BF%D1%80%D0%B0%D0%B2%D0%BA%D0%B5-%D0%B2%D0%B5%D1%89%D0%B5/?lang=ru"	"200"	"164558"	"605"	"1"	"0"	"0"	"14"	"2"	"792"	"0"	"0"	"0"	"0"	"0"	"0"
"20"	"https://cindemirlaw.com/fde1068e3bda46a37dd24126f9ec4b09df0c999365011ec71028e1a7d4c45bfdd0fde1068e3bda46a37dd24126f9ec4b09df0c999365011ec71028e1a7d4c45bfdb6fde1068e3bda46a37dd24126f9ec4b09df0c999365011ec71028e1a7d4c45bf/?lang=ru"	"200"	"text/html; charset=utf-8"	"true"	"Женкер Дегирманчи, юрисконсультант, Общий координатор - Cindemir Law Office"	"75"	"Он имеет степень магистра права в области корпоративного права, является экспертом по вопросам корпоративного и коммерческого права, международных коммерческих операций."	"169"	"Женкер Дегирманчи, юрисконсультант, Общий координатор"	"53"	"follow
index
max-image-preview:large
max-snippet:-1
max-video-preview:-1"	""	"https://cindemirlaw.com/fde1068e3bda46a37dd24126f9ec4b09df0c999365011ec71028e1a7d4c45bfdd0fde1068e3bda46a37dd24126f9ec4b09df0c999365011ec71028e1a7d4c45bfdb6fde1068e3bda46a37dd24126f9ec4b09df0c999365011ec71028e1a7d4c45bf/?lang=ru"	"200"	"159938"	"338"	"1"	"0"	"0"	"12"	"2"	"791"	"0"	"0"	"0"	"0"	"0"	"0"
"20"	"https://cindemirlaw.com/%D0%BF%D1%80%D0%BE%D1%84%D0%B5%D1%81%D1%81%D0%B8%D0%BE%D0%BD%D0%B0%D0%BB%D1%8C%D0%BD%D1%8B%D0%B5-%D1%8E%D1%80%D0%B8%D0%B4%D0%B8%D1%87%D0%B5%D1%81%D0%BA%D0%B8%D0%B5-%D0%BA%D0%BE%D0%BD%D1%81%D1%83%D0%BB/?lang=ru"	"200"	"text/html; charset=utf-8"	"true"	"Профессиональные юридические консультации для заключённых в тюрьмах Турции - Cindemir Law Office"	"96"	"Профессиональный адвокат для заключённых в тюрьмах Турции. Организация визитов, юридическая защита, помощь по делам в ЕСПЧ и уголовным процессам."	"145"	"Профессиональные юридические консультации для заключённых в тюрьмах Турции"	"74"	"follow
index
max-image-preview:large
max-snippet:-1
max-video-preview:-1"	""	"https://cindemirlaw.com/%D0%BF%D1%80%D0%BE%D1%84%D0%B5%D1%81%D1%81%D0%B8%D0%BE%D0%BD%D0%B0%D0%BB%D1%8C%D0%BD%D1%8B%D0%B5-%D1%8E%D1%80%D0%B8%D0%B4%D0%B8%D1%87%D0%B5%D1%81%D0%BA%D0%B8%D0%B5-%D0%BA%D0%BE%D0%BD%D1%81%D1%83%D0%BB/?lang=ru"	"200"	"167606"	"758"	"1"	"0"	"0"	"19"	"2"	"770"	"0"	"0"	"0"	"0"	"0"	"0"
"20"	"https://cindemirlaw.com/cindemir/"	"200"	"text/html; charset=utf-8"	"true"	"Cindemir Hukuk Bürosu / Cindemir Law Office | Cindemir Law Office"	"65"	"Profile of Cindemir Hukuk Bürosu / Cindemir Law Office, including professional background, practice areas and contact context at Cindemir Law Office."	"149"	"Cindemir Hukuk Bürosu / Cindemir Law Office"	"43"	"follow
index
max-image-preview:large
max-snippet:-1
max-video-preview:-1"	""	"https://cindemirlaw.com/cindemir/"	"200"	"156207"	"237"	"0"	"2"	"2"	"15"	"4"	"788"	"0"	"0"	"0"	"0"	"0"	"0"
"20"	"https://cindemirlaw.com/pod/"	"200"	"text/html; charset=utf-8"	"true"	"Поддержка - Cindemir Law Office"	"31"	"Cindemir Law Office предлагает профессиональную юридическую поддержку для бизнеса и частных лиц в Турции. Свяжитесь с нами, чтобы получить консультацию и защиту ваших прав."	"172"	""	""	"follow
index
max-image-preview:large
max-snippet:-1
max-video-preview:-1"	""	"https://cindemirlaw.com/pod/"	"200"	"153975"	"374"	"0"	"1"	"1"	"11"	"4"	"758"	"0"	"0"	"0"	"0"	"0"	"0"
"20"	"https://cindemirlaw.com/fde1068e3bda46a37dd24126f9ec4b09df0c999365011ec71028e1a7d4c45bfdd0fde1068e3bda46a37dd24126f9ec4b09df0c999365011ec71028e1a7d4c45bfdb0fde1068e3bda46a37dd24126f9ec4b09df0c999365011ec71028e1a7d4c45bf-2/"	"200"	"text/html; charset=utf-8"	"true"	"Адвокат Хакан Синдемир, Адвокат в суде - Cindemir Law Office"	"60"	"Адвокат Хакан Синдемир является кандидатом юридических наук в Стамбульском Университете и основал юридическую фирму Cindemir в 2004 году."	"137"	"Адвокат Хакан Синдемир, Адвокат в суде, Старший адвокат фирмы"	"61"	"follow
index
max-image-preview:large
max-snippet:-1
max-video-preview:-1"	""	"https://cindemirlaw.com/fde1068e3bda46a37dd24126f9ec4b09df0c999365011ec71028e1a7d4c45bfdd0fde1068e3bda46a37dd24126f9ec4b09df0c999365011ec71028e1a7d4c45bfdb0fde1068e3bda46a37dd24126f9ec4b09df0c999365011ec71028e1a7d4c45bf-2/"	"200"	"160462"	"357"	"0"	"11"	"11"	"14"	"4"	"832"	"0"	"0"	"0"	"0"	"0"	"0"
"20"	"https://cindemirlaw.com/survivor-pension-for-spouses-of-deceased-turkish-citizens/"	"200"	"text/html; charset=utf-8"	"true"	"Survivor Pension for Spouses of Deceased Turkish Citizens"	"57"	"Explains Survivor Pension for Spouses of Deceased Turkish Citizens, including procedures, documents, risks and key legal points for foreign clients."	"148"	"Survivor Pension for Spouses of Deceased Turkish Citizens"	"57"	"follow
index
max-image-preview:large
max-snippet:-1
max-video-preview:-1"	""	"https://cindemirlaw.com/survivor-pension-for-spouses-of-deceased-turkish-citizens/"	"200"	"160392"	"634"	"0"	"3"	"3"	"22"	"4"	"735"	"0"	"0"	"0"	"0"	"0"	"0"
"20"	"https://cindemirlaw.com/hakan/?lang=zh-hans"	"200"	"text/html; charset=utf-8"	"true"	"在LinkedInHakan查看Hakan Cindemir的资料。Cindemir，律师，律师事务所资深律师 - Cindemir Law Office"	"77"	"Hakan Cindemir是一名资深土耳其律师，为客户提供全面的土耳其法律咨询服务。他在土耳其各地的法律领域拥有广泛的经验，并能用英语和土耳其语流利交流。"	"78"	"在LinkedInHakan查看Hakan Cindemir的资料。Cindemir，律师，律师事务所资深律师"	"55"	"follow
index
max-image-preview:large
max-snippet:-1
max-video-preview:-1"	""	"https://cindemirlaw.com/hakan/?lang=zh-hans"	"200"	"158043"	"144"	"1"	"0"	"0"	"13"	"2"	"793"	"0"	"0"	"0"	"0"	"0"	"0"
"20"	"https://cindemirlaw.com/%D0%BE%D1%82%D0%BA%D1%80%D1%8B%D1%82%D0%B8%D0%B5-%D0%B1%D0%B0%D0%BD%D0%BA%D0%BE%D0%B2%D1%81%D0%BA%D0%BE%D0%B3%D0%BE-%D1%81%D1%87%D0%B5%D1%82%D0%B0-%D0%B4%D0%BB%D1%8F-%D1%80%D0%BE%D1%81%D1%81%D0%B8/?lang=ru"	"200"	"text/html; charset=utf-8"	"true"	"открытие банковского счета для российской компании в Турции"	"59"	"Эта статья призвана объяснить, как открыть банковский счет для российских компаний в Турции."	"92"	"открытие банковского счета для российской компании в Турции"	"59"	"follow
index
max-image-preview:large
max-snippet:-1
max-video-preview:-1"	""	"https://cindemirlaw.com/%D0%BE%D1%82%D0%BA%D1%80%D1%8B%D1%82%D0%B8%D0%B5-%D0%B1%D0%B0%D0%BD%D0%BA%D0%BE%D0%B2%D1%81%D0%BA%D0%BE%D0%B3%D0%BE-%D1%81%D1%87%D0%B5%D1%82%D0%B0-%D0%B4%D0%BB%D1%8F-%D1%80%D0%BE%D1%81%D1%81%D0%B8/?lang=ru"	"200"	"163710"	"391"	"1"	"0"	"0"	"13"	"2"	"750"	"0"	"0"	"0"	"0"	"0"	"0"
"20"	"https://cindemirlaw.com/cenker-degirmenci-legal-advisorgeneral-coordinator/"	"200"	"text/html; charset=utf-8"	"true"	"Cenker Değirmenci, Of Counsel | Cindemir Law Office"	"51"	"Profile of Cenker Değirmenci, Of Counsel, including professional background, practice areas and contact context at Cindemir Law Office."	"135"	"Cenker Değirmenci , Of Counsel"	"30"	"follow
index
max-image-preview:large
max-snippet:-1
max-video-preview:-1"	""	"https://cindemirlaw.com/cenker-degirmenci-legal-advisorgeneral-coordinator/"	"200"	"156662"	"315"	"0"	"3"	"3"	"17"	"4"	"779"	"0"	"0"	"0"	"0"	"0"	"0"
"20"	"https://cindemirlaw.com/humanitarian-residence-permit-in-turkey-legal-insights-by-cindemir-law-office/"	"200"	"text/html; charset=utf-8"	"true"	"Humanitarian Residence Permit in Turkey | Cindemir Law Office"	"61"	"Explains Humanitarian Residence Permit in Turkey, including procedures, documents, risks and key legal points for foreign clients."	"130"	"Humanitarian Residence Permit in Turkey – Legal Insights by Cindemir Law Office"	"79"	"follow
index
max-image-preview:large
max-snippet:-1
max-video-preview:-1"	""	"https://cindemirlaw.com/humanitarian-residence-permit-in-turkey-legal-insights-by-cindemir-law-office/"	"200"	"160356"	"699"	"0"	"3"	"3"	"31"	"4"	"753"	"0"	"0"	"0"	"0"	"0"	"0"
"20"	"https://cindemirlaw.com/legal-opinion-and-expert-opinion-in-turkey-why-the-distinction-matters/"	"200"	"text/html; charset=utf-8"	"true"	"Legal Opinion and Expert Opinion in Turkey | Cindemir Law Office"	"64"	"Explains Legal Opinion and Expert Opinion in Turkey, including procedures, documents, risks and key legal points for foreign clients."	"133"	"Legal Opinion and Expert Opinion in Turkey: Why the Distinction Matters"	"71"	"follow
index
max-image-preview:large
max-snippet:-1
max-video-preview:-1"	""	"https://cindemirlaw.com/legal-opinion-and-expert-opinion-in-turkey-why-the-distinction-matters/"	"200"	"169295"	"1836"	"0"	"3"	"3"	"30"	"4"	"799"	"0"	"0"	"0"	"0"	"0"	"0"
"20"	"https://cindemirlaw.com/corporate-commercial/"	"200"	"text/html; charset=utf-8"	"true"	"Corporate & Commercial in Turkey | Cindemir Law Office"	"54"	"Explains Corporate & Commercial in Turkey, including company procedures, governance, compliance and key points for foreign investors."	"133"	"Corporate & Commercial"	"22"	"follow
index
max-image-preview:large
max-snippet:-1
max-video-preview:-1"	""	"https://cindemirlaw.com/corporate-commercial/"	"200"	"156190"	"261"	"0"	"3"	"3"	"18"	"4"	"743"	"0"	"0"	"0"	"0"	"0"	"0"
"20"	"https://cindemirlaw.com/our-press-statement-regarding-keshia-handa/"	"200"	"text/html; charset=utf-8"	"true"	"Our press statement regarding Keshia Handa in Turkey | Legal Overview"	"69"	"Legal news and media note on Our press statement regarding Keshia Handa, with context from Cindemir Law Office in Turkey."	"121"	"Our press statement regarding Keshia Handa"	"42"	"follow
index
max-image-preview:large
max-snippet:-1
max-video-preview:-1"	""	"https://cindemirlaw.com/our-press-statement-regarding-keshia-handa/"	"200"	"156983"	"389"	"0"	"3"	"3"	"20"	"4"	"778"	"0"	"0"	"0"	"0"	"0"	"0"
"20"	"https://cindemirlaw.com/%D0%BE%D1%82%D0%BA%D1%80%D1%8B%D1%82%D0%B8%D0%B5-%D0%B1%D0%B0%D0%BD%D0%BA%D0%BE%D0%B2%D1%81%D0%BA%D0%BE%D0%B3%D0%BE-%D1%81%D1%87%D0%B5%D1%82%D0%B0-%D1%80%D1%83%D1%81%D1%81%D0%BA%D0%B8%D0%BC%D0%B8/?lang=ru"	"200"	"text/html; charset=utf-8"	"true"	"ОТКРЫТИЕ БАНКОВСКОГО СЧЕТА РУССКИМИ ГРАЖДАНАМИ"	"46"	"Открытие банковского счёта в Турции для россиян: узнайте, как гражданам РФ без вида на жительство открыть счёт в турецких банках, какие документы необходимы и какие банки наиболее лояльны к иностранным клиентам. Получите профессиональную юридическую поддержку для успешного оформления счёта и защиты ваших финансовых интересов в Турции."	"336"	"ОТКРЫТИЕ БАНКОВСКОГО СЧЕТА РУССКИМИ ГРАЖДАНАМИ В ТУРЦИИ"	"55"	"follow
index
max-image-preview:large
max-snippet:-1
max-video-preview:-1"	""	"https://cindemirlaw.com/%D0%BE%D1%82%D0%BA%D1%80%D1%8B%D1%82%D0%B8%D0%B5-%D0%B1%D0%B0%D0%BD%D0%BA%D0%BE%D0%B2%D1%81%D0%BA%D0%BE%D0%B3%D0%BE-%D1%81%D1%87%D0%B5%D1%82%D0%B0-%D1%80%D1%83%D1%81%D1%81%D0%BA%D0%B8%D0%BC%D0%B8/?lang=ru"	"200"	"164942"	"755"	"1"	"0"	"0"	"14"	"2"	"787"	"0"	"0"	"0"	"0"	"0"	"0"
"20"	"https://cindemirlaw.com/eu-ai-act-compliance-for-non-eu-companies-legal-requirements-under-the-destination-principle/?lang=ru"	"200"	"text/html; charset=utf-8"	"true"	"Регламент ЕС об ИИ и компании из третьих стран: что необходимо знать - Cindemir Law Office"	"90"	"Регламент ЕС об ИИ распространяется на компании из третьих стран, если их ИИ-системы или продукты влияют на рынок ЕС. Узнайте, что требуется."	"141"	"Регламент ЕС об ИИ и компании из третьих стран: что необходимо знать"	"68"	"follow
index
max-image-preview:large
max-snippet:-1
max-video-preview:-1"	""	"https://cindemirlaw.com/eu-ai-act-compliance-for-non-eu-companies-legal-requirements-under-the-destination-principle/?lang=ru"	"200"	"161932"	"520"	"1"	"0"	"0"	"13"	"2"	"774"	"0"	"0"	"0"	"0"	"0"	"0"
"20"	"https://cindemirlaw.com/privacy-policy/"	"200"	"text/html; charset=utf-8"	"true"	"Privacy Policy - Cindemir Law Office"	"36"	"Privacy Policy – Learn how Cindemir Law Office collects, uses, and protects your personal data in compliance with legal regulations. Your privacy and security are our priority."	"176"	"Privacy Policy"	"14"	"follow
index
max-image-preview:large
max-snippet:-1
max-video-preview:-1"	""	"https://cindemirlaw.com/privacy-policy/"	"200"	"155584"	"748"	"0"	"1"	"1"	"14"	"4"	"742"	"0"	"0"	"0"	"0"	"0"	"0"
"20"	"https://cindemirlaw.com/antimanual-assistant/"	"200"	"text/html; charset=utf-8"	"true"	"antimanual-assistant - Cindemir Law Office"	"42"	"antimanual-assistant Cindemir Law Office"	"40"	""	""	"follow
index
max-image-preview:large
max-snippet:-1
max-video-preview:-1"	""	"https://cindemirlaw.com/antimanual-assistant/"	"200"	"151826"	"114"	"0"	"0"	"0"	"11"	"4"	"758"	"0"	"0"	"0"	"0"	"0"	"0"
"20"	"https://cindemirlaw.com/fde1068e3bda46a37dd24126f9ec4b09df0c999365011ec71028e1a7d4c45bfdd0fde1068e3bda46a37dd24126f9ec4b09df0c999365011ec71028e1a7d4c45bfdb0fde1068e3bda46a37dd24126f9ec4b09df0c999365011ec71028e1a7d4c45bf/?lang=ru"	"200"	"text/html; charset=utf-8"	"true"	"Административное Право - Cindemir Law Office"	"44"	"Наша юридическая фирма придает особое внимание вопросам, представляющим интересы общества."	"90"	"Административное Право"	"22"	"follow
index
max-image-preview:large
max-snippet:-1
max-video-preview:-1"	""	"https://cindemirlaw.com/fde1068e3bda46a37dd24126f9ec4b09df0c999365011ec71028e1a7d4c45bfdd0fde1068e3bda46a37dd24126f9ec4b09df0c999365011ec71028e1a7d4c45bfdb0fde1068e3bda46a37dd24126f9ec4b09df0c999365011ec71028e1a7d4c45bf/?lang=ru"	"200"	"158373"	"243"	"1"	"0"	"0"	"13"	"2"	"803"	"0"	"0"	"0"	"0"	"0"	"0"
"20"	"https://cindemirlaw.com/about-us/?lang=zh-hans"	"200"	"text/html; charset=utf-8"	"true"	"International Trade Lawyer in istanbul - Cindemir Law Office"	"60"	"Cindemir Law Office is a full service Turkish law firm consisting with international trade lawyer in Turkey , istanbul. Lawyer in Istanbul"	"138"	"关于我们"	"4"	"follow
index
max-image-preview:large
max-snippet:-1
max-video-preview:-1"	""	"https://cindemirlaw.com/about-us/?lang=zh-hans"	"200"	"154295"	"87"	"1"	"0"	"0"	"8"	"2"	"783"	"0"	"0"	"0"	"0"	"0"	"0"
"20"	"https://cindemirlaw.com/turkish-companies-before-the-court-of-justice-of-the-european-union/"	"200"	"text/html; charset=utf-8"	"true"	"Turkish companies before the Court of Justice of the European Union"	"67"	"Explains Turkish companies before the Court of Justice of the European Union, including procedures, documents, risks and key legal points for foreign clients."	"158"	"Turkish companies before the Court of Justice of the European Union"	"67"	"follow
index
max-image-preview:large
max-snippet:-1
max-video-preview:-1"	""	"https://cindemirlaw.com/turkish-companies-before-the-court-of-justice-of-the-european-union/"	"200"	"160956"	"847"	"0"	"3"	"3"	"24"	"4"	"808"	"0"	"0"	"0"	"0"	"0"	"0"
"20"	"https://cindemirlaw.com/cautio-judicatum-solvi-security-payment-under-turkish-international-private-law/"	"200"	"text/html; charset=utf-8"	"true"	"Cautio Judicatum Solvi- Security Payment under Turkish International"	"68"	"Legal news and media note on Cautio Judicatum Solvi- Security Payment under Turkish International, with context from Cindemir Law Office in Turkey."	"147"	"Cautio Judicatum Solvi- Security Payment under Turkish International Private Law"	"80"	"follow
index
max-image-preview:large
max-snippet:-1
max-video-preview:-1"	""	"https://cindemirlaw.com/cautio-judicatum-solvi-security-payment-under-turkish-international-private-law/"	"200"	"159425"	"334"	"0"	"3"	"3"	"23"	"4"	"782"	"0"	"0"	"0"	"0"	"0"	"0"
"20"	"https://cindemirlaw.com/sales-of-real-estate-to-foreigners-in-turkey/"	"200"	"text/html; charset=utf-8"	"true"	"Sales of Real Estate to Foreigners In Turkey? | Cindemir Law Office"	"67"	"Explains Sales of Real Estate to Foreigners In Turkey?, including heirs, probate, documents and practical risks for foreign families."	"133"	"Sales of Real Estate to Foreigners In Turkey?"	"45"	"follow
index
max-image-preview:large
max-snippet:-1
max-video-preview:-1"	""	"https://cindemirlaw.com/sales-of-real-estate-to-foreigners-in-turkey/"	"200"	"178161"	"3849"	"0"	"3"	"3"	"30"	"4"	"753"	"0"	"0"	"0"	"0"	"0"	"0"
"20"	"https://cindemirlaw.com/turkish-law-of-torts/"	"200"	"text/html; charset=utf-8"	"true"	"Turkish Law of Torts | Cindemir Law Office"	"42"	"Explains Turkish Law of Torts, including liability, evidence and compensation issues under Turkish law."	"103"	"Turkish Law of Torts
Tort Law in Turkey: Conditions, Compensation & International Aspects"	"20
68"	"follow
index
max-image-preview:large
max-snippet:-1
max-video-preview:-1"	""	"https://cindemirlaw.com/turkish-law-of-torts/"	"200"	"166847"	"868"	"0"	"4"	"4"	"30"	"4"	"806"	"0"	"0"	"0"	"0"	"0"	"0"
"20"	"https://cindemirlaw.com/migrant-smuggling-and-human-trafficking-under-turkish-law/"	"200"	"text/html; charset=utf-8"	"true"	"Migrant Smuggling and Human Trafficking under Turkish Law"	"57"	"Explains Migrant Smuggling and Human Trafficking under Turkish Law, including liability, evidence and compensation issues under Turkish law."	"140"	"Migrant Smuggling and Human Trafficking under Turkish Law"	"57"	"follow
index
max-image-preview:large
max-snippet:-1
max-video-preview:-1"	""	"https://cindemirlaw.com/migrant-smuggling-and-human-trafficking-under-turkish-law/"	"200"	"158333"	"539"	"0"	"3"	"3"	"19"	"4"	"822"	"0"	"0"	"0"	"0"	"0"	"0"
"20"	"https://cindemirlaw.com/legal-risks-in-token-launches-how-crypto-startups-can-stay-compliant-across-jurisdictions/"	"200"	"text/html; charset=utf-8"	"true"	"Legal Risks in Token Launches in Turkey | Legal Overview"	"56"	"Legal news and media note on Legal Risks in Token Launches, with context from Cindemir Law Office in Turkey."	"108"	"Legal Risks in Token Launches: How Crypto Startups Can Stay Compliant Across Jurisdictions"	"90"	"follow
index
max-image-preview:large
max-snippet:-1
max-video-preview:-1"	""	"https://cindemirlaw.com/legal-risks-in-token-launches-how-crypto-startups-can-stay-compliant-across-jurisdictions/"	"200"	"161539"	"670"	"0"	"4"	"4"	"24"	"4"	"799"	"0"	"1"	"1"	"0"	"1"	"1"
"20"	"https://cindemirlaw.com/fde1068e3bda46a37dd24126f9ec4b09df0c999365011ec71028e1a7d4c45bfdd1fde1068e3bda46a37dd24126f9ec4b09df0c999365011ec71028e1a7d4c45bfd83fde1068e3bda46a37dd24126f9ec4b09df0c999365011ec71028e1a7d4c45bf/?lang=ru"	"200"	"text/html; charset=utf-8"	"true"	"Уголовное право - Cindemir Law Office"	"37"	"Наша юридическая фирма предоставляет услуги по различным криминальным делам, связанным с уголовным кодексом, дорожно-транспортным правом, коррупцией, огнестрельным оружием, пенсионным и социальным страхованием, безопасностью, а также местными и региональными законодательствами"	"277"	"Уголовное право"	"15"	"follow
index
max-image-preview:large
max-snippet:-1
max-video-preview:-1"	""	"https://cindemirlaw.com/fde1068e3bda46a37dd24126f9ec4b09df0c999365011ec71028e1a7d4c45bfdd1fde1068e3bda46a37dd24126f9ec4b09df0c999365011ec71028e1a7d4c45bfd83fde1068e3bda46a37dd24126f9ec4b09df0c999365011ec71028e1a7d4c45bf/?lang=ru"	"200"	"159040"	"248"	"1"	"0"	"0"	"13"	"2"	"796"	"0"	"0"	"0"	"0"	"0"	"0"
"20"	"https://cindemirlaw.com/%D0%B2%D1%82%D0%BE%D1%80%D0%B8%D1%87%D0%BD%D0%B0%D1%8F-%D0%B7%D0%B0%D1%89%D0%B8%D1%82%D0%B0/?lang=ru"	"200"	"text/html; charset=utf-8"	"true"	"Вторичная Защита - Турецкая юридическая фирма"	"45"	"Вторичная защита в Турции предоставляется иностранцам, не подпадающим под статус беженца, но нуждающимся в защите от смертной казни, пыток или угроз в условиях вооруженного конфликта. Узнайте о процессе подачи заявления, правах обладателей статуса и получите профессиональную юридическую поддержку для успешного оформления вторичной защиты в Турции."	"349"	"Вторичная Защита"	"16"	"follow
index
max-image-preview:large
max-snippet:-1
max-video-preview:-1"	""	"https://cindemirlaw.com/%D0%B2%D1%82%D0%BE%D1%80%D0%B8%D1%87%D0%BD%D0%B0%D1%8F-%D0%B7%D0%B0%D1%89%D0%B8%D1%82%D0%B0/?lang=ru"	"200"	"158436"	"302"	"1"	"0"	"0"	"12"	"2"	"806"	"0"	"0"	"0"	"0"	"0"	"0"
"20"	"https://cindemirlaw.com/articles/?lang=zh-hans"	"200"	"text/html; charset=utf-8"	"true"	"Legal Articles about Turkish Law"	"32"	"This page is listing law articles regarding Turkish Law written by competent Turkish Lawyers which are attorneys at law."	"120"	"我們的文章"	"5"	"follow
index
max-image-preview:large
max-snippet:-1
max-video-preview:-1"	""	"https://cindemirlaw.com/articles/?lang=zh-hans"	"200"	"153143"	"79"	"1"	"0"	"0"	"8"	"2"	"746"	"0"	"0"	"0"	"0"	"0"	"0"
"20"	"https://cindemirlaw.com/legal-status-of-late-registered-turkish-citizens-concerning-military-service-obligations-under-law-no-7179/"	"200"	"text/html; charset=utf-8"	"true"	"Legal Status of Late-Registered Turkish Citizens Concerning Military"	"68"	"Explains Legal Status of Late-Registered Turkish Citizens Concerning Military, including procedures, documents, risks and key legal points for foreign clients."	"159"	"Legal Status of Late-Registered Turkish Citizens Concerning Military Service Obligations under Law No. 7179"	"107"	"follow
index
max-image-preview:large
max-snippet:-1
max-video-preview:-1"	""	"https://cindemirlaw.com/legal-status-of-late-registered-turkish-citizens-concerning-military-service-obligations-under-law-no-7179/"	"200"	"162811"	"1059"	"0"	"3"	"3"	"26"	"4"	"762"	"0"	"0"	"0"	"0"	"0"	"0"
"20"	"https://cindemirlaw.com/institutionalized-nominee-director/"	"200"	"text/html; charset=utf-8"	"true"	"Institutionalized Nominee Director Services in Turkey | Turkish Law"	"67"	"Explains Institutionalized Nominee Director Services in Turkey, including company procedures, governance, compliance and key points for foreign investors."	"154"	"Institutionalized Nominee Directory Services in Turkey"	"54"	"follow
index
max-image-preview:large
max-snippet:-1
max-video-preview:-1"	""	"https://cindemirlaw.com/institutionalized-nominee-director/"	"200"	"162016"	"781"	"0"	"4"	"4"	"24"	"4"	"755"	"0"	"0"	"0"	"0"	"0"	"0"
"20"	"https://cindemirlaw.com/legal-assistance-for-foreign-lawyers-visiting-prisoners-in-turkey/"	"200"	"text/html; charset=utf-8"	"true"	"Legal Assistance for Foreign Lawyers Visiting Prisoners in Turkey"	"65"	"Explains Legal Assistance for Foreign Lawyers Visiting Prisoners in Turkey, including procedure, risk assessment and rights of foreign nationals under Turkish law."	"163"	"Legal Assistance for Foreign Lawyers Visiting Prisoners in Turkey"	"65"	"follow
index
max-image-preview:large
max-snippet:-1
max-video-preview:-1"	""	"https://cindemirlaw.com/legal-assistance-for-foreign-lawyers-visiting-prisoners-in-turkey/"	"200"	"160126"	"597"	"0"	"3"	"3"	"30"	"4"	"752"	"0"	"0"	"0"	"0"	"0"	"0"
"20"	"https://cindemirlaw.com/icsid/"	"200"	"text/html; charset=utf-8"	"true"	"ICSID Decisions given in favor of Turkmenistan is enforced in Turkey."	"69"	"ICSID Decisions given in favor of Turkmenistan is enforced by Cindemir Law Office in Turkey."	"92"	"ICSID Decisions given in favor of Turkmenistan is enforced by Cindemir Law Office in Turkey."	"92"	"follow
index
max-image-preview:large
max-snippet:-1
max-video-preview:-1"	""	"https://cindemirlaw.com/icsid/"	"200"	"164927"	"766"	"0"	"16"	"16"	"31"	"4"	"905"	"0"	"0"	"0"	"0"	"0"	"0"
"20"	"https://cindemirlaw.com/international-private-law-and-conventions-that-turkey-is-party/"	"200"	"text/html; charset=utf-8"	"true"	"Turkish Private International Law Conventions | Cindemir Law Office"	"67"	"Explains Turkish Private International Law Conventions, including procedures, documents, risks and key legal points for foreign clients."	"136"	"Conventions of Turkey regarding Private International Law"	"57"	"follow
index
max-image-preview:large
max-snippet:-1
max-video-preview:-1"	""	"https://cindemirlaw.com/international-private-law-and-conventions-that-turkey-is-party/"	"200"	"160379"	"777"	"0"	"3"	"3"	"23"	"4"	"765"	"0"	"0"	"0"	"0"	"0"	"0"
"20"	"https://cindemirlaw.com/market-abuse-in-the-crypto-asset-market-in-turkey/"	"200"	"text/html; charset=utf-8"	"true"	"Market Abuse in the Crypto Asset Market in Turkey | Turkish Law"	"63"	"Explains Market Abuse in the Crypto Asset Market in Turkey, focusing on crypto regulation, compliance risks and practical points for foreign clients."	"149"	"Market Abuse in the Crypto Asset Market in Turkey"	"49"	"follow
index
max-image-preview:large
max-snippet:-1
max-video-preview:-1"	""	"https://cindemirlaw.com/market-abuse-in-the-crypto-asset-market-in-turkey/"	"200"	"159808"	"600"	"0"	"5"	"5"	"26"	"4"	"728"	"0"	"0"	"0"	"0"	"0"	"0"
"20"	"https://cindemirlaw.com/how-to-establish-a-limited-partnership-in-turkey/"	"200"	"text/html; charset=utf-8"	"true"	"How to Establish a Limited Partnership in Turkey | Cindemir Law Office"	"70"	"Explains How to Establish a Limited Partnership in Turkey, including procedures, documents, risks and key legal points for foreign clients."	"139"	"How to Establish a Limited Partnership in Turkey"	"48"	"follow
index
max-image-preview:large
max-snippet:-1
max-video-preview:-1"	""	"https://cindemirlaw.com/how-to-establish-a-limited-partnership-in-turkey/"	"200"	"159559"	"581"	"0"	"19"	"18"	"20"	"4"	"795"	"0"	"0"	"0"	"0"	"0"	"0"
"20"	"https://cindemirlaw.com/verdict-rendered-for-the-unbelievable-accident-killing-a-tour-guide-hurriyet-newspaper/"	"200"	"text/html; charset=utf-8"	"true"	"Tour Guide Accident Verdict in Turkey | Cindemir Law Office"	"59"	"Legal news and media note on Tour Guide Accident Verdict in Turkey, with context from Cindemir Law Office in Turkey."	"116"	"“Verdict Rendered for the Unbelievable Accident Killing a Tour Guide” (Hurriyet Newspaper)"	"90"	"follow
index
max-image-preview:large
max-snippet:-1
max-video-preview:-1"	""	"https://cindemirlaw.com/verdict-rendered-for-the-unbelievable-accident-killing-a-tour-guide-hurriyet-newspaper/"	"200"	"158863"	"635"	"0"	"3"	"3"	"19"	"4"	"752"	"0"	"0"	"0"	"0"	"0"	"0"
"20"	"https://cindemirlaw.com/a-practical-overview-of-crypto-asset-service-providers-and-platforms-in-turkiye/"	"200"	"text/html; charset=utf-8"	"true"	"Crypto Asset Service Providers in Türkiye | Cindemir Law Office"	"63"	"Explains Crypto Asset Service Providers in Türkiye, focusing on crypto regulation, compliance risks and practical points for foreign clients."	"141"	"A Practical Overview of Crypto Asset Service Providers and Platforms in Türkiye"	"79"	"follow
index
max-image-preview:large
max-snippet:-1
max-video-preview:-1"	""	"https://cindemirlaw.com/a-practical-overview-of-crypto-asset-service-providers-and-platforms-in-turkiye/"	"200"	"160277"	"607"	"0"	"11"	"11"	"23"	"4"	"747"	"0"	"0"	"0"	"0"	"0"	"0"
"20"	"https://cindemirlaw.com/about-us/?lang=ru"	"200"	"text/html; charset=utf-8"	"true"	"О НАС"	"5"	"Нашим клиентам мы предлагаем к выбору несколько вариантов языкового сопровождения: Русский с ассистентом, Английский, Французский, Немецкий и Турецкий."	"151"	"O HAC"	"5"	"follow
index
max-image-preview:large
max-snippet:-1
max-video-preview:-1"	""	"https://cindemirlaw.com/about-us/?lang=ru"	"200"	"155911"	"393"	"1"	"0"	"0"	"13"	"2"	"807"	"0"	"0"	"0"	"0"	"0"	"0"
"20"	"https://cindemirlaw.com/to-file-a-case-in-turkey-petition/"	"200"	"text/html; charset=utf-8"	"true"	"To file a case in Turkey (Petition) | Cindemir Law Office"	"57"	"Explains To file a case in Turkey (Petition), including procedures, documents, risks and key legal points for foreign clients."	"126"	"To file a case in Turkey (Petition)"	"35"	"follow
index
max-image-preview:large
max-snippet:-1
max-video-preview:-1"	""	"https://cindemirlaw.com/to-file-a-case-in-turkey-petition/"	"200"	"158736"	"584"	"0"	"3"	"3"	"22"	"4"	"764"	"0"	"0"	"0"	"0"	"0"	"0"
"20"	"https://cindemirlaw.com/employment/"	"200"	"text/html; charset=utf-8"	"true"	"Employment in Turkey | Cindemir Law Office"	"42"	"Explains Employment in Turkey, including procedures, documents, risks and key legal points for foreign clients."	"111"	"Employment"	"10"	"follow
index
max-image-preview:large
max-snippet:-1
max-video-preview:-1"	""	"https://cindemirlaw.com/employment/"	"200"	"156493"	"302"	"0"	"3"	"3"	"20"	"4"	"782"	"0"	"0"	"0"	"0"	"0"	"0"
"20"	"https://cindemirlaw.com/establishing-a-commercial-enterprise-in-turkey/"	"200"	"text/html; charset=utf-8"	"true"	"Setting up a company in Turkey | Cindemir Law Office"	"52"	"Explains Setting up a company in Turkey, including company procedures, governance, compliance and key points for foreign investors."	"131"	"Setting up a company in Turkey"	"30"	"follow
index
max-image-preview:large
max-snippet:-1
max-video-preview:-1"	""	"https://cindemirlaw.com/establishing-a-commercial-enterprise-in-turkey/"	"200"	"165050"	"796"	"0"	"12"	"12"	"31"	"4"	"822"	"0"	"0"	"0"	"0"	"0"	"0"
"20"	"https://cindemirlaw.com/debt-collection-service/"	"200"	"text/html; charset=utf-8"	"true"	"Debt Collection Service in Turkey | Cindemir Law Office"	"55"	"Explains Debt Collection Service in Turkey, including enforcement steps, documents and practical risks for creditors."	"117"	"Debt Collection Service"	"23"	"follow
index
max-image-preview:large
max-snippet:-1
max-video-preview:-1"	""	"https://cindemirlaw.com/debt-collection-service/"	"200"	"155541"	"208"	"0"	"3"	"3"	"15"	"4"	"732"	"0"	"0"	"0"	"0"	"0"	"0"
"20"	"https://cindemirlaw.com/european-law-rights-concerning-ankara-agreement/"	"200"	"text/html; charset=utf-8"	"true"	"European Law & Rights Concerning Ankara Agreement in Turkey"	"59"	"Explains European Law & Rights Concerning Ankara Agreement in Turkey, including procedures, documents, risks and key legal points for foreign clients."	"150"	"European Law & Rights Concerning Ankara Agreement"	"49"	"follow
index
max-image-preview:large
max-snippet:-1
max-video-preview:-1"	""	"https://cindemirlaw.com/european-law-rights-concerning-ankara-agreement/"	"200"	"155930"	"237"	"0"	"3"	"3"	"16"	"4"	"770"	"0"	"0"	"0"	"0"	"0"	"0"
"20"	"https://cindemirlaw.com/fde1068e/?lang=ru"	"200"	"text/html; charset=utf-8"	"true"	"Как развестись в Турции -"	"25"	"Как развестись в Турции Эта статья рассказывает о процедуре развода и деления имущества в соответствии с семейным правом Турции."	"128"	"Как развестись в Турции"	"23"	"follow
index
max-image-preview:large
max-snippet:-1
max-video-preview:-1"	""	"https://cindemirlaw.com/fde1068e/?lang=ru"	"200"	"172353"	"963"	"1"	"0"	"0"	"25"	"2"	"802"	"0"	"0"	"0"	"0"	"0"	"0"
"20"	"https://cindemirlaw.com/administration-of-crypto-assets-under-turkish-law/"	"200"	"text/html; charset=utf-8"	"true"	"Administration of Crypto Assets under Turkish Law | Turkish Law"	"63"	"Explains Administration of Crypto Assets under Turkish Law, focusing on crypto regulation, compliance risks and practical points for foreign clients."	"149"	"Administration of Crypto Assets under Turkish Law"	"49"	"follow
index
max-image-preview:large
max-snippet:-1
max-video-preview:-1"	""	"https://cindemirlaw.com/administration-of-crypto-assets-under-turkish-law/"	"200"	"162665"	"977"	"0"	"3"	"3"	"24"	"4"	"758"	"0"	"0"	"0"	"0"	"0"	"0"
"20"	"https://cindemirlaw.com/notice-of-termination-for-employment-contracts-in-turkish-labor-law/"	"200"	"text/html; charset=utf-8"	"true"	"Termination Notice , Turkish Labor Law"	"38"	"This article aims to explain about notice of termination for employment contracts in Turkish Labor Law. Labor Law Turkey is described"	"133"	"Notice of Termination for Employment Contracts in Turkish Labor Law"	"67"	"follow
index
max-image-preview:large
max-snippet:-1
max-video-preview:-1"	""	"https://cindemirlaw.com/notice-of-termination-for-employment-contracts-in-turkish-labor-law/"	"200"	"158499"	"554"	"0"	"3"	"3"	"22"	"4"	"804"	"0"	"0"	"0"	"0"	"0"	"0"
"20"	"https://cindemirlaw.com/airport-customs-seizures-and-smuggling-offences-under-turkish-law/"	"200"	"text/html; charset=utf-8"	"true"	"Airport Customs Seizures and Smuggling Offences under Turkish Law"	"65"	"Explains Airport Customs Seizures and Smuggling Offences under Turkish Law, including documents, authority practice and procedural options for foreign nationals."	"161"	"Airport Customs Seizures and Smuggling Offences under Turkish Law"	"65"	"follow
index
max-image-preview:large
max-snippet:-1
max-video-preview:-1"	""	"https://cindemirlaw.com/airport-customs-seizures-and-smuggling-offences-under-turkish-law/"	"200"	"162091"	"824"	"0"	"5"	"5"	"29"	"4"	"769"	"0"	"0"	"0"	"0"	"0"	"0"
"20"	"https://cindemirlaw.com/services/?lang=ru"	"200"	"text/html; charset=utf-8"	"true"	"Наши Услуги"	"11"	"Cindemir Law Office предлагает профессиональную юридическую поддержку для бизнеса и частных лиц в Турции. Свяжитесь с нами, чтобы получить консультацию и защиту ваших прав."	"172"	"Наши юридические услуги"	"23"	"follow
index
max-image-preview:large
max-snippet:-1
max-video-preview:-1"	""	"https://cindemirlaw.com/services/?lang=ru"	"200"	"165425"	"809"	"1"	"0"	"0"	"13"	"2"	"785"	"0"	"0"	"0"	"0"	"0"	"0"
"20"	"https://cindemirlaw.com/%D0%B2%D0%B8%D0%B4%D1%8B-%D0%BA%D0%BE%D0%BC%D0%BF%D0%B0%D0%BD%D0%B8%D0%B8-%D0%B2-%D1%82%D1%83%D1%80%D1%86%D0%B8%D0%B8/?lang=ru"	"200"	"text/html; charset=utf-8"	"true"	"открытие фирмы в турции - Адвокатское бюро Джиндемир"	"52"	"Эта статья написана, чтобы объяснить типы компаний и создание компании в Турции."	"80"	"открытие фирмы в турции"	"23"	"follow
index
max-image-preview:large
max-snippet:-1
max-video-preview:-1"	""	"https://cindemirlaw.com/%D0%B2%D0%B8%D0%B4%D1%8B-%D0%BA%D0%BE%D0%BC%D0%BF%D0%B0%D0%BD%D0%B8%D0%B8-%D0%B2-%D1%82%D1%83%D1%80%D1%86%D0%B8%D0%B8/?lang=ru"	"200"	"186629"	"775"	"1"	"0"	"0"	"22"	"2"	"801"	"0"	"0"	"0"	"0"	"0"	"0"
"20"	"https://cindemirlaw.com/embed-list/"	"200"	"text/html; charset=utf-8"	"true"	"Embed List - Cindemir Law Office"	"32"	"Legal Resources & Insights – Explore expert legal articles, case studies, and industry updates. Cindemir Law Office provides in-depth analysis on Turkish and international law."	"176"	""	""	"follow
index
max-image-preview:large
max-snippet:-1
max-video-preview:-1"	""	"https://cindemirlaw.com/embed-list/"	"200"	"151915"	"115"	"0"	"1"	"1"	"11"	"4"	"724"	"0"	"0"	"0"	"0"	"0"	"0"
"20"	"https://cindemirlaw.com/testamentary-disposition-and-testaments-in-turkish-inheritance-law/"	"200"	"text/html; charset=utf-8"	"true"	"Testamentary Disposition and Testaments in Turkish Inheritance Law"	"66"	"Explains Testamentary Disposition and Testaments in Turkish Inheritance Law, including heirs, probate, documents and practical risks for foreign families."	"154"	"Testamentary Disposition and Testaments in Turkish Inheritance Law"	"66"	"follow
index
max-image-preview:large
max-snippet:-1
max-video-preview:-1"	""	"https://cindemirlaw.com/testamentary-disposition-and-testaments-in-turkish-inheritance-law/"	"200"	"159833"	"819"	"0"	"3"	"3"	"22"	"4"	"809"	"0"	"0"	"0"	"0"	"0"	"0"
"20"	"https://cindemirlaw.com/hakan-cindemir-attorney-at-law-senior-attorney-of-the-law-office/"	"200"	"text/html; charset=utf-8"	"true"	"Mr. Hakan Cindemir, PhD, Senior Partner | Cindemir Law Office"	"61"	"Profile of Mr. Hakan Cindemir, PhD, Senior Partner, including professional background, practice areas and contact context at Cindemir Law Office."	"145"	"Mr. Hakan Cindemir, PhD, Senior Partner"	"39"	"follow
index
max-image-preview:large
max-snippet:-1
max-video-preview:-1"	""	"https://cindemirlaw.com/hakan-cindemir-attorney-at-law-senior-attorney-of-the-law-office/"	"200"	"156800"	"315"	"0"	"3"	"3"	"30"	"4"	"772"	"0"	"0"	"0"	"0"	"0"	"0"
"20"	"https://cindemirlaw.com/legal-alert-new-regulation-on-timeshare-rights-in-turkey-7-day-minimum-period-introduced/"	"200"	"text/html; charset=utf-8"	"true"	"Legal Alert: New Regulation on Timeshare Rights in Turkey"	"57"	"Explains Legal Alert: New Regulation on Timeshare Rights in Turkey, including procedures, documents, risks and key legal points for foreign clients."	"148"	"Legal Alert: New Regulation on Timeshare Rights in Turkey – 7-Day Minimum Period Introduced"	"91"	"follow
index
max-image-preview:large
max-snippet:-1
max-video-preview:-1"	""	"https://cindemirlaw.com/legal-alert-new-regulation-on-timeshare-rights-in-turkey-7-day-minimum-period-introduced/"	"200"	"163949"	"687"	"0"	"7"	"7"	"28"	"4"	"817"	"0"	"0"	"0"	"0"	"0"	"0"
"20"	"https://cindemirlaw.com/%D0%BA%D0%B0%D0%BA-%D1%80%D0%B0%D0%B7%D0%B2%D0%B5%D1%81%D1%82%D0%B8%D1%81%D1%8C-%D0%B2-%D1%82%D1%83%D1%80%D1%86%D0%B8%D0%B8/?lang=ru"	"200"	"text/html; charset=utf-8"	"true"	"Развод и раздел имущества по семейному праву Турции - Cindemir Law Office"	"73"	"Развод в Турции для иностранцев. Юридические консультации, раздел имущества, опека над детьми, брачный договор и алименты с русскоговорящим адвокатом."	"150"	"Развод и раздел имущества по семейному праву Турции"	"51"	"follow
index
max-image-preview:large
max-snippet:-1
max-video-preview:-1"	""	"https://cindemirlaw.com/%D0%BA%D0%B0%D0%BA-%D1%80%D0%B0%D0%B7%D0%B2%D0%B5%D1%81%D1%82%D0%B8%D1%81%D1%8C-%D0%B2-%D1%82%D1%83%D1%80%D1%86%D0%B8%D0%B8/?lang=ru"	"200"	"168012"	"544"	"1"	"0"	"0"	"24"	"2"	"785"	"0"	"0"	"0"	"0"	"0"	"0"
"20"	"https://cindemirlaw.com/direct-foreign-invesment-law-in-turkey/"	"200"	"text/html; charset=utf-8"	"true"	"Direct Foreign Invesment Law in Turkey | Cindemir Law Office"	"60"	"Explains Direct Foreign Invesment Law in Turkey, including procedures, documents, risks and key legal points for foreign clients."	"129"	"Direct Foreign Invesment Law in Turkey"	"38"	"follow
index
max-image-preview:large
max-snippet:-1
max-video-preview:-1"	""	"https://cindemirlaw.com/direct-foreign-invesment-law-in-turkey/"	"200"	"160758"	"912"	"0"	"3"	"3"	"29"	"4"	"793"	"0"	"0"	"0"	"0"	"0"	"0"
"20"	"https://cindemirlaw.com/trade-law-of-turkey/"	"200"	"text/html; charset=utf-8"	"true"	"Turkish Commercial Law | Cindemir Law Office"	"44"	"Explains Turkish Commercial Law, including company procedures, governance, compliance and key points for foreign investors."	"123"	"Turkish Commercial Law"	"22"	"follow
index
max-image-preview:large
max-snippet:-1
max-video-preview:-1"	""	"https://cindemirlaw.com/trade-law-of-turkey/"	"200"	"160654"	"829"	"0"	"9"	"9"	"24"	"4"	"784"	"0"	"0"	"0"	"0"	"0"	"0"
"20"	"https://cindemirlaw.com/link11/?lang=zh-hans"	"200"	"text/html; charset=utf-8"	"true"	"债务催收服务 - Cindemir Law Office"	"28"	"我们的律师事务所与全世界特别是欧洲的同事合作，通过我们的全球网络，我们不仅跟进土耳其的债务。"	"46"	"债务催收服务"	"6"	"follow
index
max-image-preview:large
max-snippet:-1
max-video-preview:-1"	""	"https://cindemirlaw.com/link11/?lang=zh-hans"	"200"	"156177"	"120"	"1"	"0"	"0"	"12"	"2"	"770"	"0"	"0"	"0"	"0"	"0"	"0"
"20"	"https://cindemirlaw.com/training/"	"200"	"text/html; charset=utf-8"	"true"	"Training in Turkey | Cindemir Law Office"	"40"	"Explains Training in Turkey, including procedures, documents, risks and key legal points for foreign clients."	"109"	"Training"	"8"	"follow
index
max-image-preview:large
max-snippet:-1
max-video-preview:-1"	""	"https://cindemirlaw.com/training/"	"200"	"155843"	"238"	"0"	"3"	"3"	"16"	"4"	"741"	"0"	"0"	"0"	"0"	"0"	"0"
"20"	"https://cindemirlaw.com/nft-law-in-turkey/"	"200"	"text/html; charset=utf-8"	"true"	"Nft Law in Turkey | Cindemir Law Office"	"39"	"Explains Nft Law in Turkey, focusing on crypto regulation, compliance risks and practical points for foreign clients."	"117"	"Nft Law in Turkey"	"17"	"follow
index
max-image-preview:large
max-snippet:-1
max-video-preview:-1"	""	"https://cindemirlaw.com/nft-law-in-turkey/"	"200"	"163634"	"642"	"0"	"11"	"11"	"26"	"4"	"797"	"0"	"0"	"0"	"0"	"0"	"0"
"20"	"https://cindemirlaw.com/escrow-agency-escrow-agreement/"	"200"	"text/html; charset=utf-8"	"true"	"Escrow Agency / Escrow Agreement in Turkey | Cindemir Law Office"	"64"	"Explains Escrow Agency / Escrow Agreement in Turkey, including payment security, contractual structure and practical risks in transactions."	"139"	"Escrow Agency / Escrow Agreement"	"32"	"follow
index
max-image-preview:large
max-snippet:-1
max-video-preview:-1"	""	"https://cindemirlaw.com/escrow-agency-escrow-agreement/"	"200"	"155762"	"237"	"0"	"3"	"3"	"16"	"4"	"764"	"0"	"0"	"0"	"0"	"0"	"0"
"20"	"https://cindemirlaw.com/fde1068e3bda46a37dd24126f9ec4b09df0c999365011ec71028e1a7d4c45bfdd0fde1068e3bda46a37dd24126f9ec4b09df0c999365011ec71028e1a7d4c45bfdb5fde1068e3bda46a37dd24126f9ec4b09df0c999365011ec71028e1a7d4c45bf/?lang=ru"	"200"	"text/html; charset=utf-8"	"true"	"юридическая помощь онлайн в турции Европейское"	"46"	"Наша фирма оказывает помощь турецким гражданам в учреждении бизнеса и предоставлении услуг в странах ЕС, координируя юридические вопросы через свои партнерские фирмы. Визовые и капиталовложения могут быть препятствиями, но новые соглашения о союзе с Турцией создают привилегии для граждан Турции в области свободы учреждения и предоставления услуг в ЕС."	"353"	"юридическая помощь онлайн в турции Европейское право и Права касательно Европейского соглашения об ассоциации между ЕС и Турцией"	"128"	"follow
index
max-image-preview:large
max-snippet:-1
max-video-preview:-1"	""	"https://cindemirlaw.com/fde1068e3bda46a37dd24126f9ec4b09df0c999365011ec71028e1a7d4c45bfdd0fde1068e3bda46a37dd24126f9ec4b09df0c999365011ec71028e1a7d4c45bfdb5fde1068e3bda46a37dd24126f9ec4b09df0c999365011ec71028e1a7d4c45bf/?lang=ru"	"200"	"164856"	"338"	"1"	"0"	"0"	"19"	"2"	"794"	"0"	"0"	"0"	"0"	"0"	"0"
"20"	"https://cindemirlaw.com/crypto-asset-fraud-common-schemes-legal-analysis-what-victims-should-do/"	"200"	"text/html; charset=utf-8"	"true"	"Crypto Asset Fraud in Turkey | Legal Overview"	"45"	"Explains Crypto Asset Fraud in Turkey, focusing on crypto regulation, compliance risks and practical points for foreign clients."	"128"	"Crypto Asset Fraud: Common Schemes, Legal Analysis & What Victims Should Do"	"75"	"follow
index
max-image-preview:large
max-snippet:-1
max-video-preview:-1"	""	"https://cindemirlaw.com/crypto-asset-fraud-common-schemes-legal-analysis-what-victims-should-do/"	"200"	"164743"	"1044"	"0"	"11"	"11"	"29"	"4"	"757"	"0"	"0"	"0"	"0"	"0"	"0"
"20"	"https://cindemirlaw.com/nashiyurist/"	"200"	"text/html; charset=utf-8"	"true"	"Услуги - Cindemir Law Office"	"28"	"Cindemir Law Office – Ведущая юридическая фирма в Турции с 1892 года Адвокатская контора Cindemir Law Office предлагает профессиональные юридические услуги в Стамбуле и на международном уровне."	"193"	""	""	"follow
index
max-image-preview:large
max-snippet:-1
max-video-preview:-1"	""	"https://cindemirlaw.com/nashiyurist/"	"200"	"152336"	"118"	"0"	"1"	"1"	"11"	"4"	"721"	"0"	"0"	"0"	"0"	"0"	"0"
"20"	"https://cindemirlaw.com/consequences-of-a-divorce-decision-in-turkey/"	"200"	"text/html; charset=utf-8"	"true"	"Divorce Decision in Turkey and the Results | Cindemir Law Office"	"64"	"Explains Divorce Decision in Turkey and the Results, including court procedure, recognition issues and family-law risks for foreign clients."	"140"	"Divorce Decision in Turkey and the Results"	"42"	"follow
index
max-image-preview:large
max-snippet:-1
max-video-preview:-1"	""	"https://cindemirlaw.com/consequences-of-a-divorce-decision-in-turkey/"	"200"	"166014"	"772"	"0"	"9"	"9"	"32"	"4"	"787"	"0"	"3"	"2"	"1"	"3"	"3"
"20"	"https://cindemirlaw.com/regulatory-landscape-for-crypto-asset-trading-platforms-in-turkey/"	"200"	"text/html; charset=utf-8"	"true"	"Crypto Asset Trading Platforms in Turkey | Cindemir Law Office"	"62"	"Explains Crypto Asset Trading Platforms in Turkey, focusing on crypto regulation, compliance risks and practical points for foreign clients."	"140"	"Regulatory Landscape for Crypto Asset Trading Platforms in Turkey"	"65"	"follow
index
max-image-preview:large
max-snippet:-1
max-video-preview:-1"	""	"https://cindemirlaw.com/regulatory-landscape-for-crypto-asset-trading-platforms-in-turkey/"	"200"	"162075"	"776"	"0"	"4"	"4"	"23"	"4"	"781"	"0"	"0"	"0"	"0"	"0"	"0"
"20"	"https://cindemirlaw.com/plastic-surgery-malpractice-in-turkish-law/"	"200"	"text/html; charset=utf-8"	"true"	"Plastic Surgery Malpractice in Turkish Law"	"42"	"This article touches on Plastic Surgery Malpractice in Turkish Law and explaining the court procedure which will be followed by a Turkish Lawyer."	"145"	"Plastic Surgery Malpractice in Turkish Law"	"42"	"follow
index
max-image-preview:large
max-snippet:-1
max-video-preview:-1"	""	"https://cindemirlaw.com/plastic-surgery-malpractice-in-turkish-law/"	"200"	"165646"	"931"	"0"	"7"	"7"	"33"	"4"	"781"	"0"	"0"	"0"	"0"	"0"	"0"
"20"	"https://cindemirlaw.com/insurance/"	"200"	"text/html; charset=utf-8"	"true"	"Insurance in Turkey | Cindemir Law Office"	"41"	"Explains Insurance in Turkey, including liability, evidence and compensation issues under Turkish law."	"102"	"Insurance"	"9"	"follow
index
max-image-preview:large
max-snippet:-1
max-video-preview:-1"	""	"https://cindemirlaw.com/insurance/"	"200"	"155575"	"198"	"0"	"3"	"3"	"15"	"4"	"749"	"0"	"0"	"0"	"0"	"0"	"0"
"20"	"https://cindemirlaw.com/hakan-cindemir/"	"200"	"text/html; charset=utf-8"	"true"	"Hakan Cindemir, PhD | Cindemir Law Office"	"41"	"Profile of Hakan Cindemir, PhD, including professional background, practice areas and contact context at Cindemir Law Office."	"125"	"Hakan Cindemir, PhD"	"19"	"follow
index
max-image-preview:large
max-snippet:-1
max-video-preview:-1"	""	"https://cindemirlaw.com/hakan-cindemir/"	"200"	"155236"	"165"	"0"	"3"	"3"	"14"	"4"	"773"	"0"	"0"	"0"	"0"	"0"	"0"
"20"	"https://cindemirlaw.com/electric-distribution-and-transmission-in-turkey/"	"200"	"text/html; charset=utf-8"	"true"	"ELECTRIC DISTRIBUTION AND TRANSMISSION IN TURKEY (renewable energy law turkey)"	"78"	"This article aims to explain ELECTRIC DISTRIBUTION AND TRANSMISSION IN TURKEY, renewable energy law turkey"	"106"	"Electric Distribution and Transmission In Turkey"	"48"	"follow
index
max-image-preview:large
max-snippet:-1
max-video-preview:-1"	""	"https://cindemirlaw.com/electric-distribution-and-transmission-in-turkey/"	"200"	"160658"	"869"	"0"	"3"	"3"	"20"	"4"	"775"	"0"	"0"	"0"	"0"	"0"	"0"
"0"	"https://cindemirlaw.com/tag/injury/"	"200"	"text/html; charset=utf-8"	"false"	"injury Archives - Cindemir Law Office"	"37"	"% injury Cindemir Law Office"	"28"	""	""	"follow
index
max-image-preview:large
max-snippet:-1
max-video-preview:-1
noindex"	""	"https://cindemirlaw.com/tag/injury/"	"200"	"158110"	"477"	"1"	"1"	"1"	"16"	"4"	"803"	"0"	"0"	"0"	"0"	"0"	"0"
"0"	"https://cindemirlaw.com/tag/damage/"	"200"	"text/html; charset=utf-8"	"false"	"damage Archives - Cindemir Law Office"	"37"	"% damage Cindemir Law Office"	"28"	""	""	"follow
index
max-image-preview:large
max-snippet:-1
max-video-preview:-1
noindex"	""	"https://cindemirlaw.com/tag/damage/"	"200"	"154272"	"217"	"1"	"1"	"1"	"13"	"4"	"779"	"0"	"0"	"0"	"0"	"0"	"0"
"0"	"https://cindemirlaw.com/tag/turkish/"	"200"	"text/html; charset=utf-8"	"false"	"turkish Archives - Cindemir Law Office"	"38"	"% turkish Cindemir Law Office"	"29"	""	""	"follow
index
max-image-preview:large
max-snippet:-1
max-video-preview:-1
noindex"	""	"https://cindemirlaw.com/tag/turkish/"	"200"	"161920"	"713"	"1"	"1"	"1"	"19"	"4"	"843"	"0"	"0"	"0"	"0"	"0"	"0"
"0"	"https://cindemirlaw.com/tag/prescription/"	"200"	"text/html; charset=utf-8"	"false"	"prescription Archives - Cindemir Law Office"	"43"	"% prescription Cindemir Law Office"	"34"	""	""	"follow
index
max-image-preview:large
max-snippet:-1
max-video-preview:-1
noindex"	""	"https://cindemirlaw.com/tag/prescription/"	"200"	"155562"	"287"	"1"	"1"	"1"	"14"	"4"	"794"	"0"	"0"	"0"	"0"	"0"	"0"
