"Link type"	"Is nofollow"	"Source URL"	"Source HTTP status code"	"Target URL"	"Target HTTP status code"	"Anchor"	"Alt attribute"	"Hreflang attribute"	"Is source canonical"	"Is source noindex"	"Is link self-referencing"
"Href link"	"false"	"https://cindemirlaw.com/articles/?lang=ru"	"200"	"https://cindemirlaw.com/fde1/"	"301"	"Методы взыскания задолженности в Турции"	""	""	"true"	"false"	"false"
"Href link"	"false"	"https://cindemirlaw.com/%D0%B3%D1%83%D0%BC%D0%B0%D0%BD%D0%B8%D1%82%D0%B0%D1%80%D0%BD%D1%8B%D0%B9-%D0%B2%D0%B8%D0%B4-%D0%BD%D0%B0-%D0%B6%D0%B8%D1%82%D0%B5%D0%BB%D1%8C%D1%81%D1%82%D0%B2%D0%BE-%D0%B2-%D1%82%D1%83%D1%80%D1%86/?lang=ru"	"200"	"https://cindemirlaw.com/%D0%BA%D0%BE%D0%BC%D0%BF%D0%B5%D0%BD%D1%81%D0%B0%D1%86%D0%B8%D0%B8-%D0%BF%D0%BE%D0%BB%D0%BE%D0%B6%D0%B5%D0%BD%D0%BD%D1%8B%D0%B5-%D0%B2-%D1%80%D0%B5%D0%B7%D1%83%D0%BB%D1%8C%D1%82%D0%B0%D1%82%D0%B5/"	"301"	"Link to: Компенсации, положенные в результате дорожно-транспортных происшествий( ДТП ), приведших к смерти или травмам согласно Турецкому закону"	""	""	"true"	"false"	"false"
"Href link"	"false"	"https://cindemirlaw.com/fde1068e/?lang=ru"	"200"	"https://cindemirlaw.com/fde1068e3bda46a37dd24126f9ec4b09df0c999365011ec71028e1a7d4c45bfdd0fde1068e3bda46a37dd24126f9ec4b09df0c999365011ec71028e1a7d4c45bfdbafde1068e3bda46a37dd24126f9ec4b09df0c999365011ec71028e1a7d4c45bf/"	"301"	"Турция"	""	""	"true"	"false"	"false"
"Href link"	"false"	"https://cindemirlaw.com/gokhan-cindemir-3/"	"200"	"https://cindemirlaw.com/author/admin/"	"301"	"admin"	""	""	"true"	"false"	"false"
"Href link"	"false"	"https://cindemirlaw.com/how-to-establish-a-limited-partnership-in-turkey/"	"200"	"https://cindemirlaw.com/press/"	"301"	"Press"	""	""	"true"	"false"	"false"
"Href link"	"false"	"https://cindemirlaw.com/sales-of-real-estate-to-foreigners-in-turkey/"	"200"	"https://cindemirlaw.com/press/"	"301"	"Press"	""	""	"true"	"false"	"false"
"Href link"	"false"	"https://cindemirlaw.com/gokhan-cindemir-attorney-at-law-2-2/?lang=zh-hans"	"200"	"https://cindemirlaw.com/link11/"	"301"	"Link to: 债务催收服务"	""	""	"true"	"false"	"false"
"Href link"	"false"	"https://cindemirlaw.com/fde1068e3bda46a37dd24126f9ec4b09df0c999365011ec71028e1a7d4c45bfdd1fde1068e3bda46a37dd24126f9ec4b09df0c999365011ec71028e1a7d4c45bfd81fde1068e3bda46a37dd24126f9ec4b09df0c999365011ec71028e1a7d4c45bf/?lang=ru"	"200"	"https://cindemirlaw.com/fde1068e3bda46a37dd24126f9ec4b09df0c999365011ec71028e1a7d4c45bfdd1fde1068e3bda46a37dd24126f9ec4b09df0c999365011ec71028e1a7d4c45bfd81fde1068e3bda46a37dd24126f9ec4b09df0c999365011ec71028e1a7d4c45bf-2/"	"301"	"Link to: Семейное право"	""	""	"true"	"false"	"false"
"Href link"	"false"	"https://cindemirlaw.com/%D0%BA%D0%BE%D0%BC%D0%BF%D0%B5%D0%BD%D1%81%D0%B0%D1%86%D0%B8%D0%B8-%D0%BF%D0%BE%D0%BB%D0%BE%D0%B6%D0%B5%D0%BD%D0%BD%D1%8B%D0%B5-%D0%B2-%D1%80%D0%B5%D0%B7%D1%83%D0%BB%D1%8C%D1%82%D0%B0%D1%82%D0%B5/?lang=ru"	"200"	"https://cindemirlaw.com/%D0%BA%D0%B0%D0%BA-%D1%80%D0%B0%D0%B7%D0%B2%D0%B5%D1%81%D1%82%D0%B8%D1%81%D1%8C-%D0%B2-%D1%82%D1%83%D1%80%D1%86%D0%B8%D0%B8/"	"301"	"Link to: Развод и раздел имущества по семейному праву Турции"	""	""	"true"	"false"	"false"
"Href link"	"false"	"https://cindemirlaw.com/fde1068e3bda46a37dd24126f9ec4b09df0c999365011ec71028e1a7d4c45bfdd0fde1068e3bda46a37dd24126f9ec4b09df0c999365011ec71028e1a7d4c45bfdb1fde1068e3bda46a37dd24126f9ec4b09df0c999365011ec71028e1a7d4c45bf/?lang=ru"	"200"	"https://cindemirlaw.com/press/"	"301"	"О нас в прессе"	""	""	"true"	"false"	"false"
"Href link"	"false"	"https://cindemirlaw.com/gokhan-cindemir-attorney-at-law-2/"	"200"	"https://cindemirlaw.com/author/admin/"	"301"	"admin"	""	""	"true"	"false"	"false"
"Href link"	"false"	"https://cindemirlaw.com/understanding-the-role-and-responsibilities-of-a-commercial-agent/"	"200"	"https://cindemirlaw.com/press/"	"301"	"Press"	""	""	"true"	"false"	"false"
"Href link"	"false"	"https://cindemirlaw.com/%D0%BD%D0%B0%D1%81%D0%BB%D0%B5%D0%B4%D1%81%D1%82%D0%B2%D0%B5%D0%BD%D0%BD%D0%BE%D0%B5-%D0%BF%D1%80%D0%B0%D0%B2%D0%BE-%D1%82%D1%83%D1%80%D1%86%D0%B8%D0%B8-2/?lang=ru"	"200"	"https://cindemirlaw.com/%D0%BE%D1%82%D0%BA%D1%80%D1%8B%D1%82%D0%B8%D0%B5-%D0%B1%D0%B0%D0%BD%D0%BA%D0%BE%D0%B2%D1%81%D0%BA%D0%BE%D0%B3%D0%BE-%D1%81%D1%87%D0%B5%D1%82%D0%B0-%D0%B4%D0%BB%D1%8F-%D1%80%D0%BE%D1%81%D1%81%D0%B8/"	"301"	"Link to: открытие банковского счета для российской компании в Турции"	""	""	"true"	"false"	"false"
"Href link"	"false"	"https://cindemirlaw.com/legal-alert-new-regulation-on-timeshare-rights-in-turkey-7-day-minimum-period-introduced/"	"200"	"https://cindemirlaw.com/press/"	"301"	"Press"	""	""	"true"	"false"	"false"
"Href link"	"false"	"https://cindemirlaw.com/fde1068e3bda46a37dd24126f9ec4b09df0c999365011ec71028e1a7d4c45bfdd1fde1068e3bda46a37dd24126f9ec4b09df0c999365011ec71028e1a7d4c45bfd83fde1068e3bda46a37dd24126f9ec4b09df0c999365011ec71028e1a7d4c45bf-3/?lang=ru"	"200"	"https://cindemirlaw.com/fde1068e3bda46a37dd24126f9ec4b09df0c999365011ec71028e1a7d4c45bfdd0fde1068e3bda46a37dd24126f9ec4b09df0c999365011ec71028e1a7d4c45bfdb3fde1068e3bda46a37dd24126f9ec4b09df0c999365011ec71028e1a7d4c45bf/"	"301"	"Link to: Гокхан Синдемир, Адокат в суде"	""	""	"true"	"false"	"false"
"Href link"	"false"	"https://cindemirlaw.com/legal-services-in-sapanca/"	"200"	"https://cindemirlaw.com/author/admin/"	"301"	"admin"	""	""	"true"	"false"	"false"
"Href link"	"false"	"https://cindemirlaw.com/%D0%B7%D0%B0%D0%B4%D0%B5%D1%80%D0%B6%D0%B0%D0%BD%D0%B8%D0%B5-%D0%B2-%D0%B0%D1%8D%D1%80%D0%BE%D0%BF%D0%BE%D1%80%D1%82%D1%83-%D1%82%D1%83%D1%80%D1%86%D0%B8%D0%B8-%D0%BF%D1%80%D0%B0%D0%B2%D0%BE%D0%B2/?lang=ru"	"200"	"https://cindemirlaw.com/fde1068e3bda46a37dd24126f9ec4b09df0c999365011ec71028e1a7d4c45bfdd1fde1068e3bda46a37dd24126f9ec4b09df0c999365011ec71028e1a7d4c45bfd83fde1068e3bda46a37dd24126f9ec4b09df0c999365011ec71028e1a7d4c45bf/"	"301"	"огнестрельное оружие"	""	""	"true"	"false"	"false"
"Href link"	"false"	"https://cindemirlaw.com/fde1068e3bda46a37dd24126f9ec4b09df0c999365011ec71028e1a7d4c45bfdd1fde1068e3bda46a37dd24126f9ec4b09df0c999365011ec71028e1a7d4c45bfd83fde1068e3bda46a37dd24126f9ec4b09df0c999365011ec71028e1a7d4c45bf-3/?lang=ru"	"200"	"https://cindemirlaw.com/fde1068e3bda46a37dd24126f9ec4b09df0c999365011ec71028e1a7d4c45bfdd1fde1068e3bda46a37dd24126f9ec4b09df0c999365011ec71028e1a7d4c45bfd81fde1068e3bda46a37dd24126f9ec4b09df0c999365011ec71028e1a7d4c45bf-3/"	"301"	""	""	""	"true"	"false"	"false"
"Href link"	"false"	"https://cindemirlaw.com/unfair-competition-in-turkey-understanding-the-issues-and-finding-solutions/"	"200"	"https://cindemirlaw.com/author/admin/"	"301"	"admin"	""	""	"true"	"false"	"false"
"Href link"	"false"	"https://cindemirlaw.com/gokhan-cindemir/"	"200"	"https://cindemirlaw.com/cindemir-hukuk-burosu-cindemir-law-office-kusdili-caddesi-osmanaga-mahallesi-artunc-apartmani-no173-34714-kadikoy-istanbul/"	"301"	"Link to: G鰇han Cindemir"	""	""	"true"	"false"	"false"
"Href link"	"false"	"https://cindemirlaw.com/%D1%8E%D1%80%D0%B8%D0%B4%D0%B8%D1%87%D0%B5%D1%81%D0%BA%D0%B0%D1%8F-%D0%BF%D0%BE%D0%BC%D0%BE%D1%89%D1%8C-%D0%BF%D1%80%D0%B8-%D0%BE%D1%82%D0%BF%D1%80%D0%B0%D0%B2%D0%BA%D0%B5-%D0%B2%D0%B5%D1%89%D0%B5/?lang=ru"	"200"	"https://cindemirlaw.com/fde1068e3bda46a37dd24126f9ec4b09df0c999365011ec71028e1a7d4c45bfdd0fde1068e3bda46a37dd24126f9ec4b09df0c999365011ec71028e1a7d4c45bfdb3fde1068e3bda46a37dd24126f9ec4b09df0c999365011ec71028e1a7d4c45bf/"	"301"	"Адвокат"	""	""	"true"	"false"	"false"
"Href link"	"false"	"https://cindemirlaw.com/notice-of-termination-for-employment-contracts-in-turkish-labor-law/"	"200"	"https://cindemirlaw.com/press/"	"301"	"Press"	""	""	"true"	"false"	"false"
"Href link"	"false"	"https://cindemirlaw.com/legal-status-of-late-registered-turkish-citizens-concerning-military-service-obligations-under-law-no-7179/"	"200"	"https://cindemirlaw.com/press/"	"301"	"Press"	""	""	"true"	"false"	"false"
"Href link"	"false"	"https://cindemirlaw.com/basic-principles-of-turkish-labor-law/"	"200"	"https://cindemirlaw.com/press/"	"301"	"Press"	""	""	"true"	"false"	"false"
"Href link"	"false"	"https://cindemirlaw.com/fde1068e3bda46a37dd24126f9ec4b09df0c999365011ec71028e1a7d4c45bfdd1fde1068e3bda46a37dd24126f9ec4b09df0c999365011ec71028e1a7d4c45bfd82fde1068e3bda46a37dd24126f9ec4b09df0c999365011ec71028e1a7d4c45bf-2/?lang=ru"	"200"	"https://cindemirlaw.com/press/"	"301"	"О нас в прессе"	""	""	"true"	"false"	"false"
"Href link"	"false"	"https://cindemirlaw.com/private-international-law-rules/"	"200"	"https://cindemirlaw.com/author/admin/"	"301"	"admin"	""	""	"true"	"false"	"false"
"Href link"	"false"	"https://cindemirlaw.com/hakan-cindemir-attorney-at-law-senior-attorney-of-the-law-office/"	"200"	"https://cindemirlaw.com/eu-ai-act-compliance-for-non-eu-companies-legal-requirements-under-the-destination-principle/"	"301"	"EU law"	""	""	"true"	"false"	"false"
"Href link"	"false"	"https://cindemirlaw.com/articles/?lang=ru"	"200"	"https://cindemirlaw.com/%D1%80%D1%83%D1%81%D1%81%D0%BA%D0%BE%D1%8F%D0%B7%D1%8B%D1%87%D0%BD%D1%8B%D0%B9-%D1%8E%D1%80%D0%B8%D1%81%D1%82-%D0%B2-%D1%82%D1%83%D1%80%D1%86%D0%B8%D0%B8-%D1%8E%D1%80%D0%B8%D0%B4%D0%B8%D1%87/"	"301"	"Русскоязычный юрист в Турции — Юридические услуги для российских компаний"	""	""	"true"	"false"	"false"
"Href link"	"false"	"https://cindemirlaw.com/fde1068e3bda46a37dd24126f9ec4b09df0c999365011ec71028e1a7d4c45bfdd1fde1068e3bda46a37dd24126f9ec4b09df0c999365011ec71028e1a7d4c45bfd83fde1068e3bda46a37dd24126f9ec4b09df0c999365011ec71028e1a7d4c45bf-3/?lang=ru"	"200"	"https://cindemirlaw.com/%D0%BA%D0%B0%D0%BA-%D1%80%D0%B0%D0%B7%D0%B2%D0%B5%D1%81%D1%82%D0%B8%D1%81%D1%8C-%D0%B2-%D1%82%D1%83%D1%80%D1%86%D0%B8%D0%B8/"	"301"	""	""	""	"true"	"false"	"false"
"Href link"	"false"	"https://cindemirlaw.com/%D0%BA%D0%B0%D0%BA-%D0%BF%D0%BE%D0%BB%D1%83%D1%87%D0%B8%D1%82%D1%8C-%D1%81%D0%BF%D1%80%D0%B0%D0%B2%D0%BA%D1%83-%D0%BE-%D0%BD%D0%B0%D0%BB%D0%B8%D1%87%D0%B8%D0%B8-%D1%81%D1%83%D0%B4%D0%B8%D0%BC%D0%BE/?lang=ru"	"200"	"https://cindemirlaw.com/fde1068e3bda46a37dd24126f9ec4b09df0c999365011ec71028e1a7d4c45bfdd0fde1068e3bda46a37dd24126f9ec4b09df0c999365011ec71028e1a7d4c45bfdb4fde1068e3bda46a37dd24126f9ec4b09df0c999365011ec71028e1a7d4c45bf/"	"301"	"адвокаты"	""	""	"true"	"false"	"false"
"Href link"	"false"	"https://cindemirlaw.com/%D0%BA%D0%B0%D0%BA-%D1%80%D0%B0%D0%B7%D0%B2%D0%B5%D1%81%D1%82%D0%B8%D1%81%D1%8C-%D0%B2-%D1%82%D1%83%D1%80%D1%86%D0%B8%D0%B8/?lang=ru"	"200"	"https://cindemirlaw.com/fde1068e3bda46a37dd24126f9ec4b09df0c999365011ec71028e1a7d4c45bfdd0fde1068e3bda46a37dd24126f9ec4b09df0c999365011ec71028e1a7d4c45bfdb3fde1068e3bda46a37dd24126f9ec4b09df0c999365011ec71028e1a7d4c45bf/"	"301"	"семейное право"	""	""	"true"	"false"	"false"
"Sitemap URL"	"false"	"https://cindemirlaw.com/post-sitemap.xml"	"200"	"https://cindemirlaw.com/fde1068e3bda46a37dd24126f9ec4b09df0c999365011ec71028e1a7d4c45bfdd0fde1068e3bda46a37dd24126f9ec4b09df0c999365011ec71028e1a7d4c45bfdb1fde1068e3bda46a37dd24126f9ec4b09df0c999365011ec71028e1a7d4c45bf/"	"301"	""	""	""	"true"	"true"	"false"
"Href link"	"false"	"https://cindemirlaw.com/enforcement-and-recognition-of-foreign-arbitral-awards-in-turkey/"	"200"	"https://cindemirlaw.com/author/admin/"	"301"	"admin"	""	""	"true"	"false"	"false"
"Href link"	"false"	"https://cindemirlaw.com/%D0%BA%D0%B0%D0%BA-%D0%BF%D0%BE%D0%BB%D1%83%D1%87%D0%B8%D1%82%D1%8C-%D1%81%D0%BF%D1%80%D0%B0%D0%B2%D0%BA%D1%83-%D0%BE-%D0%BD%D0%B0%D0%BB%D0%B8%D1%87%D0%B8%D0%B8-%D1%81%D1%83%D0%B4%D0%B8%D0%BC%D0%BE/?lang=ru"	"200"	"https://cindemirlaw.com/fde1068e3bda46a37dd24126f9ec4b09df0c999365011ec71028e1a7d4c45bfdd0fde1068e3bda46a37dd24126f9ec4b09df0c999365011ec71028e1a7d4c45bfdb3fde1068e3bda46a37dd24126f9ec4b09df0c999365011ec71028e1a7d4c45bf/"	"301"	"адвокат"	""	""	"true"	"false"	"false"
"Href link"	"false"	"https://cindemirlaw.com/enforcement-of-promissory-notes-bills-of-exchange-and-cheques-in-turkey/"	"200"	"https://cindemirlaw.com/author/admin/"	"301"	"admin"	""	""	"true"	"false"	"false"
"Href link"	"false"	"https://cindemirlaw.com/some-notes-about-opening-a-bank-account-for-a-foreign-company-in-turkey/"	"200"	"https://cindemirlaw.com/press/"	"301"	"Press"	""	""	"true"	"false"	"false"
"Href link"	"false"	"https://cindemirlaw.com/%D0%B2%D0%B8%D0%B4%D1%8B-%D0%BA%D0%BE%D0%BC%D0%BF%D0%B0%D0%BD%D0%B8%D0%B8-%D0%B2-%D1%82%D1%83%D1%80%D1%86%D0%B8%D0%B8/?lang=ru"	"200"	"https://cindemirlaw.com/%D0%BA%D0%B0%D0%BA-%D1%80%D0%B0%D0%B7%D0%B2%D0%B5%D1%81%D1%82%D0%B8%D1%81%D1%8C-%D0%B2-%D1%82%D1%83%D1%80%D1%86%D0%B8%D0%B8/"	"301"	""	""	""	"true"	"false"	"false"
"Sitemap URL"	"false"	"https://cindemirlaw.com/post-sitemap.xml"	"200"	"https://cindemirlaw.com/%D0%BA%D0%B0%D0%BA-%D0%BF%D0%BE%D0%BB%D1%83%D1%87%D0%B8%D1%82%D1%8C-%D1%81%D1%83%D0%B4%D0%B8%D0%BC%D0%BE%D1%81%D1%82%D1%8C-%D0%B2-%D1%82%D1%83%D1%80%D1%86%D0%B8%D0%B8/"	"301"	""	""	""	"true"	"true"	"false"
"Href link"	"false"	"https://cindemirlaw.com/fde1068e3bda46a37dd24126f9ec4b09df0c999365011ec71028e1a7d4c45bfdd0fde1068e3bda46a37dd24126f9ec4b09df0c999365011ec71028e1a7d4c45bfdb7fde1068e3bda46a37dd24126f9ec4b09df0c999365011ec71028e1a7d4c45bf/?lang=ru"	"200"	"https://cindemirlaw.com/fde1068e3bda46a37dd24126f9ec4b09df0c999365011ec71028e1a7d4c45bfdd0fde1068e3bda46a37dd24126f9ec4b09df0c999365011ec71028e1a7d4c45bfdb4fde1068e3bda46a37dd24126f9ec4b09df0c999365011ec71028e1a7d4c45bf/"	"301"	"Link to: Дью-дилидженс"	""	""	"true"	"false"	"false"
"Href link"	"false"	"https://cindemirlaw.com/international-marriage-certificate-form-b-turkey-marriage-records/"	"200"	"https://cindemirlaw.com/press/"	"301"	"Press"	""	""	"true"	"false"	"false"
"Href link"	"false"	"https://cindemirlaw.com/introduction-to-jurisdiction-of-divorce-in-turkey/"	"200"	"https://cindemirlaw.com/press/"	"301"	"Press"	""	""	"true"	"false"	"false"
"Href link"	"false"	"https://cindemirlaw.com/website-legal-services%E2%80%8B/"	"200"	"https://cindemirlaw.com/author/admin/"	"301"	"admin"	""	""	"true"	"false"	"false"
"Href link"	"false"	"https://cindemirlaw.com/%D0%BA%D0%B0%D0%BA-%D1%80%D0%B0%D0%B7%D0%B2%D0%B5%D1%81%D1%82%D0%B8%D1%81%D1%8C-%D0%B2-%D1%82%D1%83%D1%80%D1%86%D0%B8%D0%B8/?lang=ru"	"200"	"https://cindemirlaw.com/author/admin/"	"301"	"admin"	""	""	"true"	"false"	"false"
"Sitemap URL"	"false"	"https://cindemirlaw.com/post-sitemap.xml"	"200"	"https://cindemirlaw.com/%D0%B8%D1%81%D0%BA-%D0%BE%D0%B1-%D1%83%D1%81%D1%82%D0%B0%D0%BD%D0%BE%D0%B2%D0%BB%D0%B5%D0%BD%D0%B8%D0%B8-%D0%BE%D1%82%D1%86%D0%BE%D0%B2%D1%81%D1%82%D0%B2%D0%B0-%D0%B2-%D1%82%D1%83%D1%80%D1%86%D0%B8/"	"301"	""	""	""	"true"	"true"	"false"
"Href link"	"false"	"https://cindemirlaw.com/debt-collection-service/"	"200"	"https://cindemirlaw.com/author/admin/"	"301"	"admin"	""	""	"true"	"false"	"false"
"Href link"	"false"	"https://cindemirlaw.com/articles/?lang=ru"	"200"	"https://cindemirlaw.com/fde1068e3bda46a37dd24126f9ec4b09df0c999365011ec71028e1a7d4c45bfdd1fde1068e3bda46a37dd24126f9ec4b09df0c999365011ec71028e1a7d4c45bfd82fde1068e3bda46a37dd24126f9ec4b09df0c999365011ec71028e1a7d4c45bf-2/"	"301"	"Танер Чевик, Независимый сертифицированный бухгалтер и финансовый консультант"	""	""	"true"	"false"	"false"
"Href link"	"false"	"https://cindemirlaw.com/the-scope-of-turkish-labor-law/"	"200"	"https://cindemirlaw.com/press/"	"301"	"Press"	""	""	"true"	"false"	"false"
"Href link"	"false"	"https://cindemirlaw.com/independent-certified-public-accountant-financial-consultant-taner-cevik-2/"	"200"	"https://cindemirlaw.com/press/"	"301"	"Press"	""	""	"true"	"false"	"false"
"Sitemap URL"	"false"	"https://cindemirlaw.com/post-sitemap.xml"	"200"	"https://cindemirlaw.com/%D0%B2%D1%82%D0%BE%D1%80%D0%B8%D1%87%D0%BD%D0%B0%D1%8F-%D0%B7%D0%B0%D1%89%D0%B8%D1%82%D0%B0/"	"301"	""	""	""	"true"	"true"	"false"
"Href link"	"false"	"https://cindemirlaw.com/fde1068e3bda46a37dd24126f9ec4b09df0c999365011ec71028e1a7d4c45bfdd0fde1068e3bda46a37dd24126f9ec4b09df0c999365011ec71028e1a7d4c45bfdb5fde1068e3bda46a37dd24126f9ec4b09df0c999365011ec71028e1a7d4c45bf/?lang=ru"	"200"	"https://cindemirlaw.com/fde1068e3bda46a37dd24126f9ec4b09df0c999365011ec71028e1a7d4c45bfdd0fde1068e3bda46a37dd24126f9ec4b09df0c999365011ec71028e1a7d4c45bfdbafde1068e3bda46a37dd24126f9ec4b09df0c999365011ec71028e1a7d4c45bf/"	"301"	""	""	""	"true"	"false"	"false"
"Href link"	"false"	"https://cindemirlaw.com/fde1068e3bda46a37dd24126f9ec4b09df0c999365011ec71028e1a7d4c45bfdd0fde1068e3bda46a37dd24126f9ec4b09df0c999365011ec71028e1a7d4c45bfdbdfde1068e3bda46a37dd24126f9ec4b09df0c999365011ec71028e1a7d4c45bf-2/?lang=ru"	"200"	"https://cindemirlaw.com/author/admin/"	"301"	"admin"	""	""	"true"	"false"	"false"
"Href link"	"false"	"https://cindemirlaw.com/hakan-cindemir/"	"200"	"https://cindemirlaw.com/press/"	"301"	"Press"	""	""	"true"	"false"	"false"
"Href link"	"false"	"https://cindemirlaw.com/articles/?lang=ru"	"200"	"https://cindemirlaw.com/%D1%81%D0%BE%D0%B7%D0%B4%D0%B0%D0%BD%D0%B8%D0%B5-%D0%BA%D0%BE%D0%BC%D0%BF%D0%B0%D0%BD%D0%B8%D0%B8-%D1%81-%D0%BE%D0%B3%D1%80%D0%B0%D0%BD%D0%B8%D1%87%D0%B5%D0%BD%D0%BD%D0%BE%D0%B9-%D0%BE%D1%82%D0%B2/"	"301"	"создание компании с ограниченной ответственностью в Турции"	""	""	"true"	"false"	"false"
"Href link"	"false"	"https://cindemirlaw.com/%D1%82%D0%B8%D0%BF%D1%8B-%D0%BA%D0%BE%D0%BC%D0%BF%D0%B0%D0%BD%D0%B8%D0%B9-%D0%B2-%D1%82%D1%83%D1%80%D1%86%D0%B8%D0%B8/?lang=ru"	"200"	"https://cindemirlaw.com/author/admin/"	"301"	"admin"	""	""	"true"	"false"	"false"
"Href link"	"false"	"https://cindemirlaw.com/cisg-%D0%B2-%D1%82%D1%83%D1%80%D1%86%D0%B8%D0%B8-%D0%BC%D0%B5%D0%B6%D0%B4%D1%83%D0%BD%D0%B0%D1%80%D0%BE%D0%B4%D0%BD%D0%B0%D1%8F-%D0%BA%D1%83%D0%BF%D0%BB%D1%8F-%D0%BF%D1%80%D0%BE%D0%B4%D0%B0%D0%B6/"	"200"	"https://cindemirlaw.com/press/"	"301"	"Press"	""	""	"true"	"false"	"false"
"Href link"	"false"	"https://cindemirlaw.com/family/"	"200"	"https://cindemirlaw.com/press/"	"301"	"Press"	""	""	"true"	"false"	"false"
"Href link"	"false"	"https://cindemirlaw.com/enforcement-of-promissory-notes-bills-of-exchange-and-cheques-in-turkey/?lang=ru"	"200"	"https://cindemirlaw.com/press/"	"301"	"О нас в прессе"	""	""	"true"	"false"	"false"
"Href link"	"false"	"https://cindemirlaw.com/%D0%BA%D0%B0%D0%BA-%D0%BF%D0%BE%D0%BB%D1%83%D1%87%D0%B8%D1%82%D1%8C-%D1%81%D0%BF%D1%80%D0%B0%D0%B2%D0%BA%D1%83-%D0%BE-%D0%BD%D0%B0%D0%BB%D0%B8%D1%87%D0%B8%D0%B8-%D1%81%D1%83%D0%B4%D0%B8%D0%BC%D0%BE/?lang=ru"	"200"	"https://cindemirlaw.com/author/admin/"	"301"	"admin"	""	""	"true"	"false"	"false"
"Href link"	"false"	"https://cindemirlaw.com/gokhan-cindemir-2/"	"200"	"https://cindemirlaw.com/press/"	"301"	"Press"	""	""	"true"	"false"	"false"
"Href link"	"false"	"https://cindemirlaw.com/ottoman-archival-documents-and-their-role-in-legal-and-historical-investigations/"	"200"	"https://cindemirlaw.com/press/"	"301"	"Press"	""	""	"true"	"false"	"false"
"Href link"	"false"	"https://cindemirlaw.com/nashiyurist/"	"200"	"https://cindemirlaw.com/press/"	"301"	"Press"	""	""	"true"	"false"	"false"
"Href link"	"false"	"https://cindemirlaw.com/%D0%BF%D1%80%D0%BE%D1%84%D0%B5%D1%81%D1%81%D0%B8%D0%BE%D0%BD%D0%B0%D0%BB%D1%8C%D0%BD%D1%8B%D0%B5-%D1%8E%D1%80%D0%B8%D0%B4%D0%B8%D1%87%D0%B5%D1%81%D0%BA%D0%B8%D0%B5-%D0%BA%D0%BE%D0%BD%D1%81%D1%83%D0%BB/?lang=ru"	"200"	"https://cindemirlaw.com/fde1068e3bda46a37dd24126f9ec4b09df0c999365011ec71028e1a7d4c45bfdd1fde1068e3bda46a37dd24126f9ec4b09df0c999365011ec71028e1a7d4c45bfd83fde1068e3bda46a37dd24126f9ec4b09df0c999365011ec71028e1a7d4c45bf/"	"301"	"юридическая фирма"	""	""	"true"	"false"	"false"
"Href link"	"false"	"https://cindemirlaw.com/%D0%BF%D1%80%D0%BE%D1%84%D0%B5%D1%81%D1%81%D0%B8%D0%BE%D0%BD%D0%B0%D0%BB%D1%8C%D0%BD%D1%8B%D0%B5-%D1%8E%D1%80%D0%B8%D0%B4%D0%B8%D1%87%D0%B5%D1%81%D0%BA%D0%B8%D0%B5-%D0%BA%D0%BE%D0%BD%D1%81%D1%83%D0%BB/?lang=ru"	"200"	"https://cindemirlaw.com/press/"	"301"	"О нас в прессе"	""	""	"true"	"false"	"false"
"Href link"	"false"	"https://cindemirlaw.com/fde1068e3bda46a37dd24126f9ec4b09df0c999365011ec71028e1a7d4c45bfdd0fde1068e3bda46a37dd24126f9ec4b09df0c999365011ec71028e1a7d4c45bfdbdfde1068e3bda46a37dd24126f9ec4b09df0c999365011ec71028e1a7d4c45bf-2/?lang=ru"	"200"	"https://cindemirlaw.com/fde1068e3bda46a37dd24126f9ec4b09df0c999365011ec71028e1a7d4c45bfdd0fde1068e3bda46a37dd24126f9ec4b09df0c999365011ec71028e1a7d4c45bfdb1fde1068e3bda46a37dd24126f9ec4b09df0c999365011ec71028e1a7d4c45bf/"	"301"	"восстановление"	""	""	"true"	"false"	"false"
"Href link"	"false"	"https://cindemirlaw.com/understanding-spks-introduction-guide-for-information-systems-independent-audit/"	"200"	"https://cindemirlaw.com/press/"	"301"	"Press"	""	""	"true"	"false"	"false"
"Href link"	"false"	"https://cindemirlaw.com/irish-kuwaiti-tourist-acquitted-in-street-brawl-case-in-turkey-hurriyet-daily-news/"	"200"	"https://cindemirlaw.com/author/admin/"	"301"	"admin"	""	""	"true"	"false"	"false"
"Href link"	"false"	"https://cindemirlaw.com/fde1068e3bda46a37dd24126f9ec4b09df0c999365011ec71028e1a7d4c45bfdd1fde1068e3bda46a37dd24126f9ec4b09df0c999365011ec71028e1a7d4c45bfd83fde1068e3bda46a37dd24126f9ec4b09df0c999365011ec71028e1a7d4c45bf-3/?lang=ru"	"200"	"https://cindemirlaw.com/fde1068e3bda46a37dd24126f9ec4b09df0c999365011ec71028e1a7d4c45bfdd0fde1068e3bda46a37dd24126f9ec4b09df0c999365011ec71028e1a7d4c45bfdbafde1068e3bda46a37dd24126f9ec4b09df0c999365011ec71028e1a7d4c45bf/"	"301"	""	""	""	"true"	"false"	"false"
"Href link"	"false"	"https://cindemirlaw.com/%D0%BF%D0%BE%D1%81%D0%B5%D1%89%D0%B5%D0%BD%D0%B8%D0%B5-%D0%B8%D0%BD%D0%BE%D1%81%D1%82%D1%80%D0%B0%D0%BD%D0%BD%D1%8B%D1%85-%D0%B7%D0%B0%D0%BA%D0%BB%D1%8E%D1%87%D1%91%D0%BD%D0%BD%D1%8B%D1%85-%D0%B2/?lang=ru"	"200"	"https://cindemirlaw.com/author/admin/"	"301"	"admin"	""	""	"true"	"false"	"false"
"Href link"	"false"	"https://cindemirlaw.com/turkish-companies-before-the-court-of-justice-of-the-european-union/"	"200"	"https://cindemirlaw.com/author/admin/"	"301"	"admin"	""	""	"true"	"false"	"false"
"Href link"	"false"	"https://cindemirlaw.com/fde1068e3bda46a37dd24126f9ec4b09df0c999365011ec71028e1a7d4c45bfdd0fde1068e3bda46a37dd24126f9ec4b09df0c999365011ec71028e1a7d4c45bfdb4fde1068e3bda46a37dd24126f9ec4b09df0c999365011ec71028e1a7d4c45bf/?lang=ru"	"200"	"https://cindemirlaw.com/author/admin/"	"301"	"admin"	""	""	"true"	"false"	"false"
"Href link"	"false"	"https://cindemirlaw.com/%D0%BF%D1%80%D0%B5%D1%81%D1%82%D1%83%D0%BF%D0%BB%D0%B5%D0%BD%D0%B8%D1%8F-%D1%81-%D0%BA%D1%80%D0%B8%D0%BF%D1%82%D0%BE%D0%B2%D0%B0%D0%BB%D1%8E%D1%82%D0%BE%D0%B9-%D0%B2-%D1%82%D1%83%D1%80%D1%86%D0%B8/"	"200"	"https://cindemirlaw.com/author/admin/"	"301"	"admin"	""	""	"true"	"false"	"false"
"Href link"	"false"	"https://cindemirlaw.com/fde1068e3bda46a37dd24126f9ec4b09df0c999365011ec71028e1a7d4c45bfdd0fde1068e3bda46a37dd24126f9ec4b09df0c999365011ec71028e1a7d4c45bfdb4fde1068e3bda46a37dd24126f9ec4b09df0c999365011ec71028e1a7d4c45bf/?lang=ru"	"200"	"https://cindemirlaw.com/fde1068e3bda46a37dd24126f9ec4b09df0c999365011ec71028e1a7d4c45bfdd1fde1068e3bda46a37dd24126f9ec4b09df0c999365011ec71028e1a7d4c45bfd83fde1068e3bda46a37dd24126f9ec4b09df0c999365011ec71028e1a7d4c45bf-3/"	"301"	"Link to: Услуги по взысканию долгов"	""	""	"true"	"false"	"false"
"Href link"	"false"	"https://cindemirlaw.com/%D0%BA%D0%B0%D0%BA-%D0%BF%D0%BE%D0%BB%D1%83%D1%87%D0%B8%D1%82%D1%8C-%D1%81%D1%83%D0%B4%D0%B8%D0%BC%D0%BE%D1%81%D1%82%D1%8C-%D0%B2-%D1%82%D1%83%D1%80%D1%86%D0%B8%D0%B8/?lang=ru"	"200"	"https://cindemirlaw.com/press/"	"301"	"О нас в прессе"	""	""	"true"	"false"	"false"
"Href link"	"false"	"https://cindemirlaw.com/enforcement-of-icsid-awards-in-turkey-the-light-of-last-developments/"	"200"	"https://cindemirlaw.com/press/"	"301"	"Press"	""	""	"true"	"false"	"false"
"Href link"	"false"	"https://cindemirlaw.com/gokhan-cindemir-attorney-at-law-2-2/?lang=zh-hans"	"200"	"https://cindemirlaw.com/hakan/"	"301"	"Link to: 在LinkedInHakan查看Hakan Cindemir的资料。Cindemir，律师，律师事务所资深律师"	""	""	"true"	"false"	"false"
"Href link"	"false"	"https://cindemirlaw.com/eu-ai-act-prohibited-practices-and-compliance-obligations/"	"200"	"https://cindemirlaw.com/author/admin/"	"301"	"admin"	""	""	"true"	"false"	"false"
"Href link"	"false"	"https://cindemirlaw.com/enforcement-of-a-foreign-poland-judgment-in-turkey/"	"200"	"https://cindemirlaw.com/author/admin/"	"301"	"admin"	""	""	"true"	"false"	"false"
"Href link"	"false"	"https://cindemirlaw.com/legal-opinion-and-expert-opinion-in-turkey-why-the-distinction-matters/"	"200"	"https://cindemirlaw.com/press/"	"301"	"Press"	""	""	"true"	"false"	"false"
"Href link"	"false"	"https://cindemirlaw.com/%D0%BA%D0%B0%D0%BA-%D1%80%D0%B0%D0%B7%D0%B2%D0%B5%D1%81%D1%82%D0%B8%D1%81%D1%8C-%D0%B2-%D1%82%D1%83%D1%80%D1%86%D0%B8%D0%B8/?lang=ru"	"200"	"https://cindemirlaw.com/%D0%BA%D0%BE%D0%BC%D0%BF%D0%B5%D0%BD%D1%81%D0%B0%D1%86%D0%B8%D0%B8-%D0%BF%D0%BE%D0%BB%D0%BE%D0%B6%D0%B5%D0%BD%D0%BD%D1%8B%D0%B5-%D0%B2-%D1%80%D0%B5%D0%B7%D1%83%D0%BB%D1%8C%D1%82%D0%B0%D1%82%D0%B5/"	"301"	"Link to: Компенсации, положенные в результате дорожно-транспортных происшествий( ДТП ), приведших к смерти или травмам согласно Турецкому закону"	""	""	"true"	"false"	"false"
"Href link"	"false"	"https://cindemirlaw.com/%D0%BA%D0%B0%D0%BA-%D1%80%D0%B0%D0%B7%D0%B2%D0%B5%D1%81%D1%82%D0%B8%D1%81%D1%8C-%D0%B2-%D1%82%D1%83%D1%80%D1%86%D0%B8%D0%B8/?lang=ru"	"200"	"https://cindemirlaw.com/fde1068e3bda46a37dd24126f9ec4b09df0c999365011ec71028e1a7d4c45bfdd1fde1068e3bda46a37dd24126f9ec4b09df0c999365011ec71028e1a7d4c45bfd81fde1068e3bda46a37dd24126f9ec4b09df0c999365011ec71028e1a7d4c45bf-2/"	"301"	"Суд"	""	""	"true"	"false"	"false"
"Href link"	"false"	"https://cindemirlaw.com/enforcement-of-a-foreign-iran-judgment-in-turkey/"	"200"	"https://cindemirlaw.com/press/"	"301"	"Press"	""	""	"true"	"false"	"false"
"Href link"	"false"	"https://cindemirlaw.com/fde1068e3bda46a37dd24126f9ec4b09df0c999365011ec71028e1a7d4c45bfdd0fde1068e3bda46a37dd24126f9ec4b09df0c999365011ec71028e1a7d4c45bfdb4fde1068e3bda46a37dd24126f9ec4b09df0c999365011ec71028e1a7d4c45bf/?lang=ru"	"200"	"https://cindemirlaw.com/fde1068e3bda46a37dd24126f9ec4b09df0c999365011ec71028e1a7d4c45bfdd0fde1068e3bda46a37dd24126f9ec4b09df0c999365011ec71028e1a7d4c45bfdb7fde1068e3bda46a37dd24126f9ec4b09df0c999365011ec71028e1a7d4c45bf/"	"301"	"Link to: Законодательство об энергетике и инвестициях"	""	""	"true"	"false"	"false"
"Href link"	"false"	"https://cindemirlaw.com/fde1068e3bda46a37dd24126f9ec4b09df0c999365011ec71028e1a7d4c45bfdd0fde1068e3bda46a37dd24126f9ec4b09df0c999365011ec71028e1a7d4c45bfdb3fde1068e3bda46a37dd24126f9ec4b09df0c999365011ec71028e1a7d4c45bf/?lang=ru"	"200"	"https://cindemirlaw.com/%D0%BA%D0%B0%D0%BA-%D1%80%D0%B0%D0%B7%D0%B2%D0%B5%D1%81%D1%82%D0%B8%D1%81%D1%8C-%D0%B2-%D1%82%D1%83%D1%80%D1%86%D0%B8%D0%B8/"	"301"	""	""	""	"true"	"false"	"false"
"Href link"	"false"	"https://cindemirlaw.com/how-to-establish-a-limited-partnership-in-turkey/"	"200"	"https://cindemirlaw.com/author/admin/"	"301"	"admin"	""	""	"true"	"false"	"false"
"Href link"	"false"	"https://cindemirlaw.com/enforcement-of-a-foreign-iran-judgment-in-turkey/"	"200"	"https://cindemirlaw.com/author/admin/"	"301"	"admin"	""	""	"true"	"false"	"false"
"Href link"	"false"	"https://cindemirlaw.com/international-death-certificate-form-c-and-procedures-for-obtaining-in-turkey/"	"200"	"https://cindemirlaw.com/press/"	"301"	"Press"	""	""	"true"	"false"	"false"
"Href link"	"false"	"https://cindemirlaw.com/%D1%87%D1%82%D0%BE-%D1%82%D0%B0%D0%BA%D0%BE%D0%B5-%D0%B7%D0%B0%D1%8F%D0%B2%D0%BB%D0%B5%D0%BD%D0%B8%D0%B5-%D0%B2-%D0%B5%D1%81%D0%BF%D1%87-%D0%BA%D1%82%D0%BE-%D0%BC%D0%BE%D0%B6%D0%B5%D1%82-%D0%BF%D0%BE/?lang=ru"	"200"	"https://cindemirlaw.com/author/admin/"	"301"	"admin"	""	""	"true"	"false"	"false"
"Href link"	"false"	"https://cindemirlaw.com/fde1068e3bda46a37dd24126f9ec4b09df0c999365011ec71028e1a7d4c45bfdd0fde1068e3bda46a37dd24126f9ec4b09df0c999365011ec71028e1a7d4c45bfdb1fde1068e3bda46a37dd24126f9ec4b09df0c999365011ec71028e1a7d4c45bf/?lang=ru"	"200"	"https://cindemirlaw.com/fde1068e3bda46a37dd24126f9ec4b09df0c999365011ec71028e1a7d4c45bfdd0fde1068e3bda46a37dd24126f9ec4b09df0c999365011ec71028e1a7d4c45bfdb0fde1068e3bda46a37dd24126f9ec4b09df0c999365011ec71028e1a7d4c45bf/"	"301"	"Link to: Административное Право"	""	""	"true"	"false"	"false"
"Href link"	"false"	"https://cindemirlaw.com/%D0%BA%D0%B0%D0%BA-%D0%BE%D1%82%D0%BA%D1%80%D1%8B%D1%82%D1%8C-%D1%84%D0%B8%D0%BB%D0%B8%D0%B0%D0%BB-%D0%B2-%D1%82%D1%83%D1%80%D1%86%D0%B8%D0%B8/?lang=ru"	"200"	"https://cindemirlaw.com/%D0%BD%D0%B0%D1%81%D0%BB%D0%B5%D0%B4%D1%81%D1%82%D0%B2%D0%B5%D0%BD%D0%BD%D0%BE%D0%B5-%D0%BF%D1%80%D0%B0%D0%B2%D0%BE-%D1%82%D1%83%D1%80%D1%86%D0%B8%D0%B8/"	"301"	"Link to: Наследственное Право Турции"	""	""	"true"	"false"	"false"
"Href link"	"false"	"https://cindemirlaw.com/articles/?lang=ru"	"200"	"https://cindemirlaw.com/fde1068e3bda46a37dd24126f9ec4b09df0c999365011ec71028e1a7d4c45bfdd0fde1068e3bda46a37dd24126f9ec4b09df0c999365011ec71028e1a7d4c45bfdbdfde1068e3bda46a37dd24126f9ec4b09df0c999365011ec71028e1a7d4c45bf-2/"	"301"	"Недвижимость и Передача прав на имущество"	""	""	"true"	"false"	"false"
"Href link"	"false"	"https://cindemirlaw.com/criminal-law/"	"200"	"https://cindemirlaw.com/author/admin/"	"301"	"admin"	""	""	"true"	"false"	"false"
"Href link"	"false"	"https://cindemirlaw.com/cenker-degirmenci-legal-advisorgeneral-coordinator/"	"200"	"https://cindemirlaw.com/author/admin/"	"301"	"admin"	""	""	"true"	"false"	"false"
"Href link"	"false"	"https://cindemirlaw.com/articles/"	"200"	"https://cindemirlaw.com/exemptions-on-the-legislation-of-the-documents-in-turkey/"	"301"	"Exemptions on the legislation of the documents in Turkey"	""	""	"true"	"false"	"false"
"Href link"	"false"	"https://cindemirlaw.com/%D1%87%D1%82%D0%BE-%D1%82%D0%B0%D0%BA%D0%BE%D0%B5-%D0%B7%D0%B0%D1%8F%D0%B2%D0%BB%D0%B5%D0%BD%D0%B8%D0%B5-%D0%B2-%D0%B5%D1%81%D0%BF%D1%87-%D0%BA%D1%82%D0%BE-%D0%BC%D0%BE%D0%B6%D0%B5%D1%82-%D0%BF%D0%BE/?lang=ru"	"200"	"https://cindemirlaw.com/obtaining-an-e-devlet-password-in-turkey-through-a-power-of-attorney/"	"301"	"Link to: Получение пароля e-Devlet в Турции по доверенности"	""	""	"true"	"false"	"false"
"Href link"	"false"	"https://cindemirlaw.com/fde1068e/?lang=ru"	"200"	"https://cindemirlaw.com/cindemir-law-2/"	"301"	"турецкий"	""	""	"true"	"false"	"false"
"Href link"	"false"	"https://cindemirlaw.com/%D0%BA%D0%B0%D0%BA-%D0%BE%D1%82%D0%BA%D1%80%D1%8B%D1%82%D1%8C-%D0%BA%D0%BE%D0%BC%D0%BF%D0%B0%D0%BD%D0%B8%D1%8E-%D0%B2-%D1%82%D1%83%D1%80%D1%86%D0%B8%D0%B8-%D0%BF%D0%BE%D1%88%D0%B0%D0%B3%D0%BE%D0%B2/?lang=ru"	"200"	"https://cindemirlaw.com/%D1%81%D0%BE%D0%B7%D0%B4%D0%B0%D0%BD%D0%B8%D0%B5-%D0%BA%D0%BE%D0%BC%D0%BF%D0%B0%D0%BD%D0%B8%D0%B8-%D1%81-%D0%BE%D0%B3%D1%80%D0%B0%D0%BD%D0%B8%D1%87%D0%B5%D0%BD%D0%BD%D0%BE%D0%B9-%D0%BE%D1%82%D0%B2/"	"301"	"Общество с ограниченной ответственностью"	""	""	"true"	"false"	"false"
"Href link"	"false"	"https://cindemirlaw.com/due-dilligence/"	"200"	"https://cindemirlaw.com/press/"	"301"	"Press"	""	""	"true"	"false"	"false"
"Href link"	"false"	"https://cindemirlaw.com/articles/"	"200"	"https://cindemirlaw.com/cindemir-hukuk-burosu-cindemir-law-office-kusdili-caddesi-osmanaga-mahallesi-artunc-apartmani-no173-34714-kadikoy-istanbul/"	"301"	"G鰇han Cindemir"	""	""	"true"	"false"	"false"
"Href link"	"false"	"https://cindemirlaw.com/banking-finance/"	"200"	"https://cindemirlaw.com/press/"	"301"	"Press"	""	""	"true"	"false"	"false"
"Href link"	"false"	"https://cindemirlaw.com/articles/?lang=ru"	"200"	"https://cindemirlaw.com/%D0%B7%D0%B0%D0%B4%D0%B5%D1%80%D0%B6%D0%B0%D0%BD%D0%B8%D0%B5-%D0%B2-%D0%B0%D1%8D%D1%80%D0%BE%D0%BF%D0%BE%D1%80%D1%82%D1%83-%D1%82%D1%83%D1%80%D1%86%D0%B8%D0%B8-%D0%BF%D1%80%D0%B0%D0%B2%D0%BE%D0%B2/"	"301"	"Задержание в аэропорту Турции: правовые риски для иностранных граждан и порядок действий"	""	""	"true"	"false"	"false"
"Href link"	"false"	"https://cindemirlaw.com/fde1068e3bda46a37dd24126f9ec4b09df0c999365011ec71028e1a7d4c45bfdd0fde1068e3bda46a37dd24126f9ec4b09df0c999365011ec71028e1a7d4c45bfdb5fde1068e3bda46a37dd24126f9ec4b09df0c999365011ec71028e1a7d4c45bf/?lang=ru"	"200"	"https://cindemirlaw.com/press/"	"301"	"О нас в прессе"	""	""	"true"	"false"	"false"
"Href link"	"false"	"https://cindemirlaw.com/%D0%BA%D0%B0%D0%BA-%D0%BE%D1%82%D0%BA%D1%80%D1%8B%D1%82%D1%8C-%D0%BA%D0%BE%D0%BC%D0%BF%D0%B0%D0%BD%D0%B8%D1%8E-%D0%B2-%D1%82%D1%83%D1%80%D1%86%D0%B8%D0%B8-%D0%BF%D0%BE%D1%88%D0%B0%D0%B3%D0%BE%D0%B2/?lang=ru"	"200"	"https://cindemirlaw.com/%D0%B2%D0%B8%D0%B4%D1%8B-%D0%BA%D0%BE%D0%BC%D0%BF%D0%B0%D0%BD%D0%B8%D0%B8-%D0%B2-%D1%82%D1%83%D1%80%D1%86%D0%B8%D0%B8/"	"301"	""	""	""	"true"	"false"	"false"
"Sitemap URL"	"false"	"https://cindemirlaw.com/post-sitemap.xml"	"200"	"https://cindemirlaw.com/gokhan-cindemir-attorney-at-law-2-2/"	"301"	""	""	""	"true"	"true"	"false"
"Href link"	"false"	"https://cindemirlaw.com/free-trade-zone-company-in-turkey/"	"200"	"https://cindemirlaw.com/press/"	"301"	"Press"	""	""	"true"	"false"	"false"
"Href link"	"false"	"https://cindemirlaw.com/estates-trusts/"	"200"	"https://cindemirlaw.com/press/"	"301"	"Press"	""	""	"true"	"false"	"false"
"Href link"	"false"	"https://cindemirlaw.com/plastic-surgery-malpractice-in-turkish-law/"	"200"	"https://cindemirlaw.com/press/"	"301"	"Press"	""	""	"true"	"false"	"false"
"Href link"	"false"	"https://cindemirlaw.com/%D1%81%D0%BE%D0%B7%D0%B4%D0%B0%D0%BD%D0%B8%D0%B5-%D0%BA%D0%BE%D0%BC%D0%BF%D0%B0%D0%BD%D0%B8%D0%B8-%D1%81-%D0%BE%D0%B3%D1%80%D0%B0%D0%BD%D0%B8%D1%87%D0%B5%D0%BD%D0%BD%D0%BE%D0%B9-%D0%BE%D1%82%D0%B2/?lang=ru"	"200"	"https://cindemirlaw.com/%D0%BF%D1%80%D0%B0%D0%B2%D0%B0-%D0%B8-%D0%BE%D0%B1%D1%8F%D0%B7%D0%B0%D0%BD%D0%BD%D0%BE%D1%81%D1%82%D0%B8/"	"301"	"Link to: Права и обязанности"	""	""	"true"	"false"	"false"
"Href link"	"false"	"https://cindemirlaw.com/articles/?lang=ru"	"200"	"https://cindemirlaw.com/fde1068e3bda46a37dd24126f9ec4b09df0c999365011ec71028e1a7d4c45bfdd0fde1068e3bda46a37dd24126f9ec4b09df0c999365011ec71028e1a7d4c45bfdbafde1068e3bda46a37dd24126f9ec4b09df0c999365011ec71028e1a7d4c45bf/"	"301"	"Корпоративное и коммерческое право"	""	""	"true"	"false"	"false"
"Href link"	"false"	"https://cindemirlaw.com/legal-affidavit-preparation-in-turkey/"	"200"	"https://cindemirlaw.com/author/admin/"	"301"	"admin"	""	""	"true"	"false"	"false"
"Href link"	"false"	"https://cindemirlaw.com/international-apostille-services-in-turkey/"	"200"	"https://cindemirlaw.com/press/"	"301"	"Press"	""	""	"true"	"false"	"false"
"Href link"	"false"	"https://cindemirlaw.com/fde1068e3bda46a37dd24126f9ec4b09df0c999365011ec71028e1a7d4c45bfdd1fde1068e3bda46a37dd24126f9ec4b09df0c999365011ec71028e1a7d4c45bfd81fde1068e3bda46a37dd24126f9ec4b09df0c999365011ec71028e1a7d4c45bf-3/?lang=ru"	"200"	"https://cindemirlaw.com/fde1068e3bda46a37dd24126f9ec4b09df0c999365011ec71028e1a7d4c45bfdd0fde1068e3bda46a37dd24126f9ec4b09df0c999365011ec71028e1a7d4c45bfdb5fde1068e3bda46a37dd24126f9ec4b09df0c999365011ec71028e1a7d4c45bf/"	"301"	"услуги"	""	""	"true"	"false"	"false"
"Href link"	"false"	"https://cindemirlaw.com/turkish-law-of-torts/"	"200"	"https://cindemirlaw.com/press/"	"301"	"Press"	""	""	"true"	"false"	"false"
"Href link"	"false"	"https://cindemirlaw.com/fde1068e3bda46a37dd24126f9ec4b09df0c999365011ec71028e1a7d4c45bfdd1fde1068e3bda46a37dd24126f9ec4b09df0c999365011ec71028e1a7d4c45bfd81fde1068e3bda46a37dd24126f9ec4b09df0c999365011ec71028e1a7d4c45bf-3/?lang=ru"	"200"	"https://cindemirlaw.com/press/"	"301"	"О нас в прессе"	""	""	"true"	"false"	"false"
"Href link"	"false"	"https://cindemirlaw.com/cindemir-hukuk/?lang=zh-hans"	"200"	"https://cindemirlaw.com/hakan/"	"301"	"Link to: 在LinkedInHakan查看Hakan Cindemir的资料。Cindemir，律师，律师事务所资深律师"	""	""	"true"	"false"	"false"
"Href link"	"false"	"https://cindemirlaw.com/our-videos/"	"200"	"https://cindemirlaw.com/press/"	"301"	"Press"	""	""	"true"	"false"	"false"
"Href link"	"false"	"https://cindemirlaw.com/new-crypto-asset-regulation-of-turkey-and-understanding-provisions-related-to-crypto-asset-service-providers-casps/"	"200"	"https://cindemirlaw.com/link3/"	"301"	","	""	""	"true"	"false"	"false"
"Href link"	"false"	"https://cindemirlaw.com/cindemir/"	"200"	"https://cindemirlaw.com/author/admin/"	"301"	"admin"	""	""	"true"	"false"	"false"
"Href link"	"false"	"https://cindemirlaw.com/enforcement-of-foreign-judgments-austria-in-turkey/"	"200"	"https://cindemirlaw.com/author/admin/"	"301"	"admin"	""	""	"true"	"false"	"false"
"Href link"	"false"	"https://cindemirlaw.com/%D1%80%D0%B5%D0%BF%D0%B0%D1%82%D1%80%D0%B8%D0%B0%D1%86%D0%B8%D1%8F-%D0%B0%D0%BA%D1%82%D0%B8%D0%B2%D0%BE%D0%B2-%D0%B2-%D1%82%D1%83%D1%80%D1%86%D0%B8%D1%8E-%D0%B2-2026-%D0%B3%D0%BE%D0%B4%D1%83-%D0%BF/?lang=ru"	"200"	"https://cindemirlaw.com/press/"	"301"	"О нас в прессе"	""	""	"true"	"false"	"false"
"Href link"	"false"	"https://cindemirlaw.com/hakan-cindemir-attorney-at-law-senior-attorney-of-the-law-office/"	"200"	"https://cindemirlaw.com/link2/"	"301"	"."	""	""	"true"	"false"	"false"
"Href link"	"false"	"https://cindemirlaw.com/articles/?lang=ru"	"200"	"https://cindemirlaw.com/fde1068e3bda46a37dd24126f9ec4b09df0c999365011ec71028e1a7d4c45bfdd1fde1068e3bda46a37dd24126f9ec4b09df0c999365011ec71028e1a7d4c45bfd83fde1068e3bda46a37dd24126f9ec4b09df0c999365011ec71028e1a7d4c45bf-3/"	"301"	"Услуги по взысканию долгов"	""	""	"true"	"false"	"false"
"Href link"	"false"	"https://cindemirlaw.com/how-to-apply-to-the-european-court-of-human-rights-echr-legal-conditions-and-procedure/"	"200"	"https://cindemirlaw.com/author/admin/"	"301"	"admin"	""	""	"true"	"false"	"false"
"Href link"	"false"	"https://cindemirlaw.com/plastic-surgery-malpractice-in-turkish-law/"	"200"	"https://cindemirlaw.com/how-to-lift-entry-ban-to-turkey/"	"301"	""	""	""	"true"	"false"	"false"
"Href link"	"false"	"https://cindemirlaw.com/%D0%BF%D1%80%D0%BE%D1%84%D0%B5%D1%81%D1%81%D0%B8%D0%BE%D0%BD%D0%B0%D0%BB%D1%8C%D0%BD%D1%8B%D0%B5-%D1%8E%D1%80%D0%B8%D0%B4%D0%B8%D1%87%D0%B5%D1%81%D0%BA%D0%B8%D0%B5-%D0%BA%D0%BE%D0%BD%D1%81%D1%83%D0%BB/?lang=ru"	"200"	"https://cindemirlaw.com/fde1068e3bda46a37dd24126f9ec4b09df0c999365011ec71028e1a7d4c45bfdd0fde1068e3bda46a37dd24126f9ec4b09df0c999365011ec71028e1a7d4c45bfdb4fde1068e3bda46a37dd24126f9ec4b09df0c999365011ec71028e1a7d4c45bf/"	"301"	"Адвокаты"	""	""	"true"	"false"	"false"
"Href link"	"false"	"https://cindemirlaw.com/eu-ai-act-compliance-for-non-eu-companies-legal-requirements-under-the-destination-principle/?lang=ru"	"200"	"https://cindemirlaw.com/%D0%BA%D0%B0%D0%BA-%D0%BE%D1%82%D0%BA%D1%80%D1%8B%D1%82%D1%8C-%D0%BA%D0%BE%D0%BC%D0%BF%D0%B0%D0%BD%D0%B8%D1%8E-%D0%B2-%D1%82%D1%83%D1%80%D1%86%D0%B8%D0%B8-%D0%BF%D0%BE%D1%88%D0%B0%D0%B3%D0%BE%D0%B2/"	"301"	"Link to: Как открыть компанию в Турции: Пошаговое руководство"	""	""	"true"	"false"	"false"
"Href link"	"false"	"https://cindemirlaw.com/about-us/?lang=ru"	"200"	"https://cindemirlaw.com/fde1068e3bda46a37dd24126f9ec4b09df0c999365011ec71028e1a7d4c45bfdd0fde1068e3bda46a37dd24126f9ec4b09df0c999365011ec71028e1a7d4c45bfdb5fde1068e3bda46a37dd24126f9ec4b09df0c999365011ec71028e1a7d4c45bf/"	"301"	"услуги"	""	""	"true"	"false"	"false"
"Href link"	"false"	"https://cindemirlaw.com/%D0%BA%D0%B0%D0%BA-%D0%BE%D1%82%D0%BA%D1%80%D1%8B%D1%82%D1%8C-%D1%84%D0%B8%D0%BB%D0%B8%D0%B0%D0%BB-%D0%B2-%D1%82%D1%83%D1%80%D1%86%D0%B8%D0%B8/?lang=ru"	"200"	"https://cindemirlaw.com/%D1%82%D0%B8%D0%BF%D1%8B-%D0%BA%D0%BE%D0%BC%D0%BF%D0%B0%D0%BD%D0%B8%D0%B9-%D0%B2-%D1%82%D1%83%D1%80%D1%86%D0%B8%D0%B8/"	"301"	"Link to: типы компаний в Турции"	""	""	"true"	"false"	"false"
"Href link"	"false"	"https://cindemirlaw.com/testamentary-disposition-and-testaments-in-turkish-inheritance-law/"	"200"	"https://cindemirlaw.com/author/admin/"	"301"	"admin"	""	""	"true"	"false"	"false"
"Href link"	"false"	"https://cindemirlaw.com/fde1068e3bda46a37dd24126f9ec4b09df0c999365011ec71028e1a7d4c45bfdd0fde1068e3bda46a37dd24126f9ec4b09df0c999365011ec71028e1a7d4c45bfdb6fde1068e3bda46a37dd24126f9ec4b09df0c999365011ec71028e1a7d4c45bf/?lang=ru"	"200"	"https://cindemirlaw.com/press/"	"301"	"О нас в прессе"	""	""	"true"	"false"	"false"
"Sitemap URL"	"false"	"https://cindemirlaw.com/post-sitemap.xml"	"200"	"https://cindemirlaw.com/fde1068e3bda46a37dd24126f9ec4b09df0c999365011ec71028e1a7d4c45bfdd1fde1068e3bda46a37dd24126f9ec4b09df0c999365011ec71028e1a7d4c45bfd83fde1068e3bda46a37dd24126f9ec4b09df0c999365011ec71028e1a7d4c45bf-2/"	"301"	""	""	""	"true"	"true"	"false"
"Sitemap URL"	"false"	"https://cindemirlaw.com/post-sitemap.xml"	"200"	"https://cindemirlaw.com/%D1%82%D0%B8%D0%BF%D1%8B-%D0%BA%D0%BE%D0%BC%D0%BF%D0%B0%D0%BD%D0%B8%D0%B9-%D0%B2-%D1%82%D1%83%D1%80%D1%86%D0%B8%D0%B8/"	"301"	""	""	""	"true"	"true"	"false"
"Href link"	"false"	"https://cindemirlaw.com/re-employment-lawsuit/"	"200"	"https://cindemirlaw.com/author/admin/"	"301"	"admin"	""	""	"true"	"false"	"false"
"Href link"	"false"	"https://cindemirlaw.com/establishing-a-commercial-enterprise-in-turkey/"	"200"	"https://cindemirlaw.com/author/admin/"	"301"	"admin"	""	""	"true"	"false"	"false"
"Href link"	"false"	"https://cindemirlaw.com/fde1068e3bda46a37dd24126f9ec4b09df0c999365011ec71028e1a7d4c45bfdd1fde1068e3bda46a37dd24126f9ec4b09df0c999365011ec71028e1a7d4c45bfd83fde1068e3bda46a37dd24126f9ec4b09df0c999365011ec71028e1a7d4c45bf-3/?lang=ru"	"200"	"https://cindemirlaw.com/%D0%B2%D0%B8%D0%B4%D1%8B-%D0%BA%D0%BE%D0%BC%D0%BF%D0%B0%D0%BD%D0%B8%D0%B8-%D0%B2-%D1%82%D1%83%D1%80%D1%86%D0%B8%D0%B8/"	"301"	""	""	""	"true"	"false"	"false"
"Href link"	"false"	"https://cindemirlaw.com/understanding-the-role-and-responsibilities-of-a-commercial-agent/"	"200"	"https://cindemirlaw.com/author/admin/"	"301"	"admin"	""	""	"true"	"false"	"false"
"Href link"	"false"	"https://cindemirlaw.com/team/?lang=ru"	"200"	"https://cindemirlaw.com/fde1068e3bda46a37dd24126f9ec4b09df0c999365011ec71028e1a7d4c45bfdd0fde1068e3bda46a37dd24126f9ec4b09df0c999365011ec71028e1a7d4c45bfdb3fde1068e3bda46a37dd24126f9ec4b09df0c999365011ec71028e1a7d4c45bf/"	"301"	"международное частное право"	""	""	"true"	"false"	"false"
"Href link"	"false"	"https://cindemirlaw.com/fde1068e3bda46a37dd24126f9ec4b09df0c999365011ec71028e1a7d4c45bfdd1fde1068e3bda46a37dd24126f9ec4b09df0c999365011ec71028e1a7d4c45bfd82fde1068e3bda46a37dd24126f9ec4b09df0c999365011ec71028e1a7d4c45bf/?lang=ru"	"200"	"https://cindemirlaw.com/press/"	"301"	"О нас в прессе"	""	""	"true"	"false"	"false"
"Href link"	"false"	"https://cindemirlaw.com/%D1%80%D1%83%D1%81%D1%81%D0%BA%D0%BE%D1%8F%D0%B7%D1%8B%D1%87%D0%BD%D1%8B%D0%B9-%D1%8E%D1%80%D0%B8%D1%81%D1%82-%D0%B2-%D1%82%D1%83%D1%80%D1%86%D0%B8%D0%B8-%D1%8E%D1%80%D0%B8%D0%B4%D0%B8%D1%87/?lang=ru"	"200"	"https://cindemirlaw.com/press/"	"301"	"О нас в прессе"	""	""	"true"	"false"	"false"
"Href link"	"false"	"https://cindemirlaw.com/to-file-a-case-in-turkey-petition/"	"200"	"https://cindemirlaw.com/author/admin/"	"301"	"admin"	""	""	"true"	"false"	"false"
"Href link"	"false"	"https://cindemirlaw.com/about-us/?lang=zh-hans"	"200"	"https://cindemirlaw.com/press/"	"301"	"支持"	""	""	"true"	"false"	"false"
"Href link"	"false"	"https://cindemirlaw.com/articles/?lang=ru"	"200"	"https://cindemirlaw.com/%D0%BD%D0%B0%D1%81%D0%BB%D0%B5%D0%B4%D1%81%D1%82%D0%B2%D0%B5%D0%BD%D0%BD%D0%BE%D0%B5-%D0%BF%D1%80%D0%B0%D0%B2%D0%BE-%D1%82%D1%83%D1%80%D1%86%D0%B8%D0%B8-2/"	"301"	"Наследственное Право Турции – Cindemir Law"	""	""	"true"	"false"	"false"
"Href link"	"false"	"https://cindemirlaw.com/resolution-in-the-course-of-litigation-proceedings-regarding-turkish-law/"	"200"	"https://cindemirlaw.com/press/"	"301"	"Press"	""	""	"true"	"false"	"false"
"Href link"	"false"	"https://cindemirlaw.com/obtaining-an-e-devlet-password-in-turkey-through-a-power-of-attorney/?lang=ru"	"200"	"https://cindemirlaw.com/pig-butchering-cryptocurrency-scam-key-risks-and-legal-considerations-for-investors-in-turkey/"	"301"	"Link to: Криптовалютное мошенничество «Pig-Butchering» в Турции: риски для инвесторов и правовая среда"	""	""	"true"	"false"	"false"
"Href link"	"false"	"https://cindemirlaw.com/obtaining-a-criminal-record-certificate-in-turkey-a-step-by-step-guide/"	"200"	"https://cindemirlaw.com/press/"	"301"	"Press"	""	""	"true"	"false"	"false"
"Href link"	"false"	"https://cindemirlaw.com/fde1/?lang=ru"	"200"	"https://cindemirlaw.com/fde1068e3bda46a37dd24126f9ec4b09df0c999365011ec71028e1a7d4c45bfdd0fde1068e3bda46a37dd24126f9ec4b09df0c999365011ec71028e1a7d4c45bfdb5fde1068e3bda46a37dd24126f9ec4b09df0c999365011ec71028e1a7d4c45bf/"	"301"	"услуги"	""	""	"true"	"false"	"false"
"Href link"	"false"	"https://cindemirlaw.com/new-spk-decision-on-crypto-assets-a-comprehensive-overview-of-regulatory-amendments/"	"200"	"https://cindemirlaw.com/author/admin/"	"301"	"admin"	""	""	"true"	"false"	"false"
"Href link"	"false"	"https://cindemirlaw.com/%D0%BE%D1%82%D0%BA%D1%80%D1%8B%D1%82%D0%B8%D0%B5-%D0%B1%D0%B0%D0%BD%D0%BA%D0%BE%D0%B2%D1%81%D0%BA%D0%BE%D0%B3%D0%BE-%D1%81%D1%87%D0%B5%D1%82%D0%B0-%D0%B2-%D1%82%D1%83%D1%80%D1%86%D0%B8%D0%B8/?lang=ru"	"200"	"https://cindemirlaw.com/author/admin/"	"301"	"admin"	""	""	"true"	"false"	"false"
"Href link"	"false"	"https://cindemirlaw.com/how-to-divorce-in-turkey/"	"200"	"https://cindemirlaw.com/press/"	"301"	"Press"	""	""	"true"	"false"	"false"
"Href link"	"false"	"https://cindemirlaw.com/articles/?lang=ru"	"200"	"https://cindemirlaw.com/%D0%BE%D1%82%D0%BA%D1%80%D1%8B%D1%82%D0%B8%D0%B5-%D0%B1%D0%B0%D0%BD%D0%BA%D0%BE%D0%B2%D1%81%D0%BA%D0%BE%D0%B3%D0%BE-%D1%81%D1%87%D0%B5%D1%82%D0%B0-%D1%80%D1%83%D1%81%D1%81%D0%BA%D0%B8%D0%BC%D0%B8/"	"301"	"ОТКРЫТИЕ БАНКОВСКОГО СЧЕТА РУССКИМИ ГРАЖДАНАМИ В ТУРЦИИ"	""	""	"true"	"false"	"false"
"Href link"	"false"	"https://cindemirlaw.com/link25/?lang=zh-hans"	"200"	"https://cindemirlaw.com/link15/"	"301"	"Link to: 银行及金融"	""	""	"true"	"false"	"false"
"Href link"	"false"	"https://cindemirlaw.com/%D0%BF%D1%80%D0%B0%D0%B2%D0%B0-%D0%B8-%D0%BE%D0%B1%D1%8F%D0%B7%D0%B0%D0%BD%D0%BD%D0%BE%D1%81%D1%82%D0%B8/?lang=ru"	"200"	"https://cindemirlaw.com/%D1%81%D1%82%D0%B0%D1%82%D1%83%D1%81-%D0%B1%D0%B5%D0%B6%D0%B5%D0%BD%D1%86%D0%B0-%D0%B2-%D1%82%D1%83%D1%80%D1%86%D0%B8%D0%B8/"	"301"	"Link to: Статус Беженца в Турции"	""	""	"true"	"false"	"false"
"Href link"	"false"	"https://cindemirlaw.com/link11/?lang=zh-hans"	"200"	"https://cindemirlaw.com/link13/"	"301"	"Link to: 职务调查"	""	""	"true"	"false"	"false"
"Href link"	"false"	"https://cindemirlaw.com/cisg-%D0%B2-%D1%82%D1%83%D1%80%D1%86%D0%B8%D0%B8-%D0%BC%D0%B5%D0%B6%D0%B4%D1%83%D0%BD%D0%B0%D1%80%D0%BE%D0%B4%D0%BD%D0%B0%D1%8F-%D0%BA%D1%83%D0%BF%D0%BB%D1%8F-%D0%BF%D1%80%D0%BE%D0%B4%D0%B0%D0%B6/"	"200"	"https://cindemirlaw.com/author/admin/"	"301"	"admin"	""	""	"true"	"false"	"false"
"Href link"	"false"	"https://cindemirlaw.com/%D0%B2%D1%82%D0%BE%D1%80%D0%B8%D1%87%D0%BD%D0%B0%D1%8F-%D0%B7%D0%B0%D1%89%D0%B8%D1%82%D0%B0/?lang=ru"	"200"	"https://cindemirlaw.com/%D1%81%D1%82%D0%B0%D1%82%D1%83%D1%81-%D1%83%D1%81%D0%BB%D0%BE%D0%B2%D0%BD%D0%BE%D0%B3%D0%BE-%D0%B1%D0%B5%D0%B6%D0%B5%D0%BD%D1%86%D0%B0/"	"301"	"Link to: Статус Условного Беженца"	""	""	"true"	"false"	"false"
"Sitemap URL"	"false"	"https://cindemirlaw.com/post-sitemap.xml"	"200"	"https://cindemirlaw.com/%D0%BD%D0%B0%D1%81%D0%BB%D0%B5%D0%B4%D1%81%D1%82%D0%B2%D0%B5%D0%BD%D0%BD%D0%BE%D0%B5-%D0%BF%D1%80%D0%B0%D0%B2%D0%BE-%D1%82%D1%83%D1%80%D1%86%D0%B8%D0%B8/"	"301"	""	""	""	"true"	"true"	"false"
"Href link"	"false"	"https://cindemirlaw.com/ottoman-title-deeds-in-turkiye-inheritance-registration-and-land-search/"	"200"	"https://cindemirlaw.com/press/"	"301"	"Press"	""	""	"true"	"false"	"false"
"Href link"	"false"	"https://cindemirlaw.com/enforcement-of-a-chinese-foreign-judgment-in-turkey/"	"200"	"https://cindemirlaw.com/press/"	"301"	"Press"	""	""	"true"	"false"	"false"
"Href link"	"false"	"https://cindemirlaw.com/fde1068e3bda46a37dd24126f9ec4b09df0c999365011ec71028e1a7d4c45bfdd0fde1068e3bda46a37dd24126f9ec4b09df0c999365011ec71028e1a7d4c45bfdb6fde1068e3bda46a37dd24126f9ec4b09df0c999365011ec71028e1a7d4c45bf/?lang=ru"	"200"	"https://cindemirlaw.com/fde1068e3bda46a37dd24126f9ec4b09df0c999365011ec71028e1a7d4c45bfdd0fde1068e3bda46a37dd24126f9ec4b09df0c999365011ec71028e1a7d4c45bfdb3fde1068e3bda46a37dd24126f9ec4b09df0c999365011ec71028e1a7d4c45bf/"	"301"	"Link to: Гокхан Синдемир, Адокат в суде"	""	""	"true"	"false"	"false"
"Href link"	"false"	"https://cindemirlaw.com/inheritance-contracts-under-turkish-civil-code/"	"200"	"https://cindemirlaw.com/press/"	"301"	"Press"	""	""	"true"	"false"	"false"
"Href link"	"false"	"https://cindemirlaw.com/%D0%B2%D0%B8%D0%B4%D1%8B-%D0%BA%D0%BE%D0%BC%D0%BF%D0%B0%D0%BD%D0%B8%D0%B8-%D0%B2-%D1%82%D1%83%D1%80%D1%86%D0%B8%D0%B8/?lang=ru"	"200"	"https://cindemirlaw.com/press/"	"301"	"О нас в прессе"	""	""	"true"	"false"	"false"
"Href link"	"false"	"https://cindemirlaw.com/%D0%BE%D1%82%D0%BA%D1%80%D1%8B%D1%82%D0%B8%D0%B5-%D0%B1%D0%B0%D0%BD%D0%BA%D0%BE%D0%B2%D1%81%D0%BA%D0%BE%D0%B3%D0%BE-%D1%81%D1%87%D0%B5%D1%82%D0%B0-%D0%B2-%D1%82%D1%83%D1%80%D1%86%D0%B8%D0%B8/?lang=ru"	"200"	"https://cindemirlaw.com/%D0%BA%D0%B0%D0%BA-%D0%BF%D0%BE%D0%BB%D1%83%D1%87%D0%B8%D1%82%D1%8C-%D1%81%D1%83%D0%B4%D0%B8%D0%BC%D0%BE%D1%81%D1%82%D1%8C-%D0%B2-%D1%82%D1%83%D1%80%D1%86%D0%B8%D0%B8/"	"301"	"Link to: как получить судимость в турции"	""	""	"true"	"false"	"false"
"Href link"	"false"	"https://cindemirlaw.com/fde1068e3bda46a37dd24126f9ec4b09df0c999365011ec71028e1a7d4c45bfdd0fde1068e3bda46a37dd24126f9ec4b09df0c999365011ec71028e1a7d4c45bfdb1fde1068e3bda46a37dd24126f9ec4b09df0c999365011ec71028e1a7d4c45bf/?lang=ru"	"200"	"https://cindemirlaw.com/fde1068e3bda46a37dd24126f9ec4b09df0c999365011ec71028e1a7d4c45bfdd1fde1068e3bda46a37dd24126f9ec4b09df0c999365011ec71028e1a7d4c45bfd81fde1068e3bda46a37dd24126f9ec4b09df0c999365011ec71028e1a7d4c45bf-3/"	"301"	""	""	""	"true"	"false"	"false"
"Href link"	"false"	"https://cindemirlaw.com/re-employment-lawsuit/"	"200"	"https://cindemirlaw.com/press/"	"301"	"Press"	""	""	"true"	"false"	"false"
"Href link"	"false"	"https://cindemirlaw.com/"	"200"	"https://cindemirlaw.com/press/"	"301"	"Press"	""	""	"true"	"false"	"false"
"Href link"	"false"	"https://cindemirlaw.com/establishing-a-commercial-enterprise-in-turkey/"	"200"	"https://cindemirlaw.com/press/"	"301"	"Press"	""	""	"true"	"false"	"false"
"Href link"	"false"	"https://cindemirlaw.com/%D0%BE%D1%82%D0%BA%D1%80%D1%8B%D1%82%D0%B8%D0%B5-%D0%B1%D0%B0%D0%BD%D0%BA%D0%BE%D0%B2%D1%81%D0%BA%D0%BE%D0%B3%D0%BE-%D1%81%D1%87%D0%B5%D1%82%D0%B0-%D0%B4%D0%BB%D1%8F-%D1%80%D0%BE%D1%81%D1%81%D0%B8/?lang=ru"	"200"	"https://cindemirlaw.com/%D0%BE%D1%82%D0%BA%D1%80%D1%8B%D1%82%D0%B8%D0%B5-%D0%B1%D0%B0%D0%BD%D0%BA%D0%BE%D0%B2%D1%81%D0%BA%D0%BE%D0%B3%D0%BE-%D1%81%D1%87%D0%B5%D1%82%D0%B0-%D1%80%D1%83%D1%81%D1%81%D0%BA%D0%B8%D0%BC%D0%B8/"	"301"	"Link to: ОТКРЫТИЕ БАНКОВСКОГО СЧЕТА РУССКИМИ ГРАЖДАНАМИ В ТУРЦИИ"	""	""	"true"	"false"	"false"
"Href link"	"false"	"https://cindemirlaw.com/services/?lang=ru"	"200"	"https://cindemirlaw.com/fde1068e3bda46a37dd24126f9ec4b09df0c999365011ec71028e1a7d4c45bfdd0fde1068e3bda46a37dd24126f9ec4b09df0c999365011ec71028e1a7d4c45bfdb1fde1068e3bda46a37dd24126f9ec4b09df0c999365011ec71028e1a7d4c45bf/"	"301"	"восстановление"	""	""	"true"	"false"	"false"
"Href link"	"false"	"https://cindemirlaw.com/turk-hukukunda-kripto-varliklarin-duzenlenmesi/"	"200"	"https://cindemirlaw.com/author/admin/"	"301"	"admin"	""	""	"true"	"false"	"false"
"Href link"	"false"	"https://cindemirlaw.com/cindemir-law-3/"	"200"	"https://cindemirlaw.com/press/"	"301"	"Press"	""	""	"true"	"false"	"false"
"Href link"	"false"	"https://cindemirlaw.com/internet-blackmail-and-turkish-criminal-law/"	"200"	"https://cindemirlaw.com/author/admin/"	"301"	"admin"	""	""	"true"	"false"	"false"
"Href link"	"false"	"https://cindemirlaw.com/contacts/"	"200"	"https://cindemirlaw.com/press/"	"301"	"Press"	""	""	"true"	"false"	"false"
"Href link"	"false"	"https://cindemirlaw.com/tourism-law-in-turkey/"	"200"	"https://cindemirlaw.com/author/admin/"	"301"	"admin"	""	""	"true"	"false"	"false"
"Href link"	"false"	"https://cindemirlaw.com/tag/damage/"	"200"	"https://cindemirlaw.com/author/admin/"	"301"	"admin"	""	""	"true"	"true"	"false"
"Href link"	"false"	"https://cindemirlaw.com/irish-boxer-acquitted-in-epic-brawl-case/"	"200"	"https://cindemirlaw.com/press/"	"301"	"Press"	""	""	"true"	"false"	"false"
"Href link"	"false"	"https://cindemirlaw.com/fde1068e3bda46a37dd24126f9ec4b09df0c999365011ec71028e1a7d4c45bfdd0fde1068e3bda46a37dd24126f9ec4b09df0c999365011ec71028e1a7d4c45bfdbdfde1068e3bda46a37dd24126f9ec4b09df0c999365011ec71028e1a7d4c45bf/?lang=ru"	"200"	"https://cindemirlaw.com/press/"	"301"	"О нас в прессе"	""	""	"true"	"false"	"false"
"Href link"	"false"	"https://cindemirlaw.com/%D1%8E%D1%80%D0%B8%D0%B4%D0%B8%D1%87%D0%B5%D1%81%D0%BA%D0%B0%D1%8F-%D0%BF%D0%BE%D0%BC%D0%BE%D1%89%D1%8C-%D0%BF%D1%80%D0%B8-%D0%BE%D1%82%D0%BF%D1%80%D0%B0%D0%B2%D0%BA%D0%B5-%D0%B2%D0%B5%D1%89%D0%B5/?lang=ru"	"200"	"https://cindemirlaw.com/press/"	"301"	"О нас в прессе"	""	""	"true"	"false"	"false"
"Href link"	"false"	"https://cindemirlaw.com/how-to-divorce-in-turkey/"	"200"	"https://cindemirlaw.com/author/admin/"	"301"	"admin"	""	""	"true"	"false"	"false"
"Href link"	"false"	"https://cindemirlaw.com/insurance/"	"200"	"https://cindemirlaw.com/author/admin/"	"301"	"admin"	""	""	"true"	"false"	"false"
"Href link"	"false"	"https://cindemirlaw.com/fde1068e3bda46a37dd24126f9ec4b09df0c999365011ec71028e1a7d4c45bfdd1fde1068e3bda46a37dd24126f9ec4b09df0c999365011ec71028e1a7d4c45bfd83fde1068e3bda46a37dd24126f9ec4b09df0c999365011ec71028e1a7d4c45bf-2/?lang=ru"	"200"	"https://cindemirlaw.com/%D0%B2%D0%B8%D0%B4%D1%8B-%D0%BA%D0%BE%D0%BC%D0%BF%D0%B0%D0%BD%D0%B8%D0%B8-%D0%B2-%D1%82%D1%83%D1%80%D1%86%D0%B8%D0%B8/"	"301"	""	""	""	"true"	"false"	"false"
"Href link"	"false"	"https://cindemirlaw.com/humanitarian-residence-permit-application-in-turkey/"	"200"	"https://cindemirlaw.com/author/admin/"	"301"	"admin"	""	""	"true"	"false"	"false"
"Href link"	"false"	"https://cindemirlaw.com/regulatory-landscape-for-crypto-asset-trading-platforms-in-turkey/"	"200"	"https://cindemirlaw.com/author/admin/"	"301"	"admin"	""	""	"true"	"false"	"false"
"Href link"	"false"	"https://cindemirlaw.com/articles/?lang=ru"	"200"	"https://cindemirlaw.com/fde1068e3bda46a37dd24126f9ec4b09df0c999365011ec71028e1a7d4c45bfdd0fde1068e3bda46a37dd24126f9ec4b09df0c999365011ec71028e1a7d4c45bfdbdfde1068e3bda46a37dd24126f9ec4b09df0c999365011ec71028e1a7d4c45bf/"	"301"	"Недвижимость, Трасты"	""	""	"true"	"false"	"false"
"Href link"	"false"	"https://cindemirlaw.com/%D0%B8%D1%81%D0%BA-%D0%BE%D0%B1-%D1%83%D1%81%D1%82%D0%B0%D0%BD%D0%BE%D0%B2%D0%BB%D0%B5%D0%BD%D0%B8%D0%B8-%D0%BE%D1%82%D1%86%D0%BE%D0%B2%D1%81%D1%82%D0%B2%D0%B0-%D0%B2-%D1%82%D1%83%D1%80%D1%86%D0%B8/?lang=ru"	"200"	"https://cindemirlaw.com/%D0%BE%D1%82%D0%BA%D1%80%D1%8B%D1%82%D0%B8%D0%B5-%D0%B1%D0%B0%D0%BD%D0%BA%D0%BE%D0%B2%D1%81%D0%BA%D0%BE%D0%B3%D0%BE-%D1%81%D1%87%D0%B5%D1%82%D0%B0-%D1%80%D1%83%D1%81%D1%81%D0%BA%D0%B8%D0%BC%D0%B8/"	"301"	"Link to: ОТКРЫТИЕ БАНКОВСКОГО СЧЕТА РУССКИМИ ГРАЖДАНАМИ В ТУРЦИИ"	""	""	"true"	"false"	"false"
"Href link"	"false"	"https://cindemirlaw.com/fde1068e3bda46a37dd24126f9ec4b09df0c999365011ec71028e1a7d4c45bfdd0fde1068e3bda46a37dd24126f9ec4b09df0c999365011ec71028e1a7d4c45bfdb7fde1068e3bda46a37dd24126f9ec4b09df0c999365011ec71028e1a7d4c45bf/?lang=ru"	"200"	"https://cindemirlaw.com/%D0%BA%D0%B0%D0%BA-%D1%80%D0%B0%D0%B7%D0%B2%D0%B5%D1%81%D1%82%D0%B8%D1%81%D1%8C-%D0%B2-%D1%82%D1%83%D1%80%D1%86%D0%B8%D0%B8/"	"301"	""	""	""	"true"	"false"	"false"
"Href link"	"false"	"https://cindemirlaw.com/pig-butchering-cryptocurrency-scam-key-risks-and-legal-considerations-for-investors-in-turkey/?lang=ru"	"200"	"https://cindemirlaw.com/press/"	"301"	"О нас в прессе"	""	""	"true"	"false"	"false"
"Sitemap URL"	"false"	"https://cindemirlaw.com/post-sitemap.xml"	"200"	"https://cindemirlaw.com/%D0%BE%D1%82%D0%BA%D1%80%D1%8B%D1%82%D0%B8%D0%B5-%D0%B1%D0%B0%D0%BD%D0%BA%D0%BE%D0%B2%D1%81%D0%BA%D0%BE%D0%B3%D0%BE-%D1%81%D1%87%D0%B5%D1%82%D0%B0-%D0%B2-%D1%82%D1%83%D1%80%D1%86%D0%B8%D0%B8/"	"301"	""	""	""	"true"	"true"	"false"
"Href link"	"false"	"https://cindemirlaw.com/new-spk-decision-on-crypto-assets-a-comprehensive-overview-of-regulatory-amendments/"	"200"	"https://cindemirlaw.com/press/"	"301"	"Press"	""	""	"true"	"false"	"false"
"Href link"	"false"	"https://cindemirlaw.com/articles/?lang=ru"	"200"	"https://cindemirlaw.com/eu-ai-act-compliance-for-non-eu-companies-legal-requirements-under-the-destination-principle/"	"301"	"Регламент ЕС об ИИ и компании из третьих стран: что необходимо знать"	""	""	"true"	"false"	"false"
"Sitemap URL"	"false"	"https://cindemirlaw.com/post-sitemap.xml"	"200"	"https://cindemirlaw.com/%D1%81%D1%82%D0%B0%D1%82%D1%83%D1%81-%D1%83%D1%81%D0%BB%D0%BE%D0%B2%D0%BD%D0%BE%D0%B3%D0%BE-%D0%B1%D0%B5%D0%B6%D0%B5%D0%BD%D1%86%D0%B0/"	"301"	""	""	""	"true"	"true"	"false"
"Image"	"false"	"https://cindemirlaw.com/definition-regarding-conflict-of-laws-in-turkey/"	"200"	"http://cindemir.av.tr/wp-content/uploads/2020/01/health-image-300x200.jpg"	"301"	""	"conflict of laws in Turkey"	""	"true"	"false"	"false"
"Href link"	"false"	"https://cindemirlaw.com/%D0%BA%D0%B0%D0%BA-%D1%80%D0%B0%D0%B7%D0%B2%D0%B5%D1%81%D1%82%D0%B8%D1%81%D1%8C-%D0%B2-%D1%82%D1%83%D1%80%D1%86%D0%B8%D0%B8/?lang=ru"	"200"	"https://cindemirlaw.com/fde1068e3bda46a37dd24126f9ec4b09df0c999365011ec71028e1a7d4c45bfdd0fde1068e3bda46a37dd24126f9ec4b09df0c999365011ec71028e1a7d4c45bfdb5fde1068e3bda46a37dd24126f9ec4b09df0c999365011ec71028e1a7d4c45bf/"	"301"	""	""	""	"true"	"false"	"false"
"Href link"	"false"	"https://cindemirlaw.com/%D0%BA%D0%B0%D0%BA-%D0%BF%D0%BE%D0%BB%D1%83%D1%87%D0%B8%D1%82%D1%8C-%D1%81%D1%83%D0%B4%D0%B8%D0%BC%D0%BE%D1%81%D1%82%D1%8C-%D0%B2-%D1%82%D1%83%D1%80%D1%86%D0%B8%D0%B8/?lang=ru"	"200"	"https://cindemirlaw.com/%D0%B2%D0%B8%D0%B4%D1%8B-%D0%BA%D0%BE%D0%BC%D0%BF%D0%B0%D0%BD%D0%B8%D0%B8-%D0%B2-%D1%82%D1%83%D1%80%D1%86%D0%B8%D0%B8/"	"301"	"Адвокат"	""	""	"true"	"false"	"false"
"Href link"	"false"	"https://cindemirlaw.com/legal-assistance-for-foreign-lawyers-visiting-prisoners-in-turkey/"	"200"	"https://cindemirlaw.com/author/admin/"	"301"	"admin"	""	""	"true"	"false"	"false"
"Href link"	"false"	"https://cindemirlaw.com/link11/?lang=zh-hans"	"200"	"https://cindemirlaw.com/gokhan-cindemir-attorney-at-law-2-2/"	"301"	"Link to: Gökhan Cindemir , Attorney At Law"	""	""	"true"	"false"	"false"
"Href link"	"false"	"https://cindemirlaw.com/%D0%B7%D0%B0%D0%B4%D0%B5%D1%80%D0%B6%D0%B0%D0%BD%D0%B8%D0%B5-%D0%B2-%D0%B0%D1%8D%D1%80%D0%BE%D0%BF%D0%BE%D1%80%D1%82%D1%83-%D1%82%D1%83%D1%80%D1%86%D0%B8%D0%B8-%D0%BF%D1%80%D0%B0%D0%B2%D0%BE%D0%B2/?lang=ru"	"200"	"https://cindemirlaw.com/%D1%80%D0%B5%D0%BF%D0%B0%D1%82%D1%80%D0%B8%D0%B0%D1%86%D0%B8%D1%8F-%D0%B0%D0%BA%D1%82%D0%B8%D0%B2%D0%BE%D0%B2-%D0%B2-%D1%82%D1%83%D1%80%D1%86%D0%B8%D1%8E-%D0%B2-2026-%D0%B3%D0%BE%D0%B4%D1%83-%D0%BF/"	"301"	"Link to: Репатриация активов в Турцию в 2026 году: правовой режим перевода зарубежных активов по Закону № 7582"	""	""	"true"	"false"	"false"
"Sitemap URL"	"false"	"https://cindemirlaw.com/post-sitemap.xml"	"200"	"https://cindemirlaw.com/fde1068e3bda46a37dd24126f9ec4b09df0c999365011ec71028e1a7d4c45bfdd0fde1068e3bda46a37dd24126f9ec4b09df0c999365011ec71028e1a7d4c45bfdb7fde1068e3bda46a37dd24126f9ec4b09df0c999365011ec71028e1a7d4c45bf/"	"301"	""	""	""	"true"	"true"	"false"
"Href link"	"false"	"https://cindemirlaw.com/escrow-in-turkey/"	"200"	"https://cindemirlaw.com/press/"	"301"	"Press"	""	""	"true"	"false"	"false"
"Href link"	"false"	"https://cindemirlaw.com/fde1068e/?lang=ru"	"200"	"https://cindemirlaw.com/fde1068e3bda46a37dd24126f9ec4b09df0c999365011ec71028e1a7d4c45bfdd1fde1068e3bda46a37dd24126f9ec4b09df0c999365011ec71028e1a7d4c45bfd83fde1068e3bda46a37dd24126f9ec4b09df0c999365011ec71028e1a7d4c45bf-3/"	"301"	""	""	""	"true"	"false"	"false"
"Href link"	"false"	"https://cindemirlaw.com/fde1068e/?lang=ru"	"200"	"https://cindemirlaw.com/fde1/"	"301"	"Link to: Методы взыскания задолженности в Турции"	""	""	"true"	"false"	"false"
"Sitemap URL"	"false"	"https://cindemirlaw.com/post-sitemap.xml"	"200"	"https://cindemirlaw.com/%D0%B3%D1%83%D0%BC%D0%B0%D0%BD%D0%B8%D1%82%D0%B0%D1%80%D0%BD%D1%8B%D0%B9-%D0%B2%D0%B8%D0%B4-%D0%BD%D0%B0-%D0%B6%D0%B8%D1%82%D0%B5%D0%BB%D1%8C%D1%81%D1%82%D0%B2%D0%BE-%D0%B2-%D1%82%D1%83%D1%80%D1%86/"	"301"	""	""	""	"true"	"true"	"false"
"Href link"	"false"	"https://cindemirlaw.com/enforcement-of-a-foreign-poland-judgment-in-turkey/"	"200"	"https://cindemirlaw.com/press/"	"301"	"Press"	""	""	"true"	"false"	"false"
"Href link"	"false"	"https://cindemirlaw.com/%D1%83%D0%B4%D0%B0%D0%BB%D0%B5%D0%BD%D0%B8%D0%B5-%D1%81%D1%83%D0%B4%D0%B8%D0%BC%D0%BE%D1%81%D1%82%D0%B8-%D0%B2-%D1%82%D1%83%D1%80%D1%86%D0%B8%D0%B8-%D0%B4%D0%BB%D1%8F-%D0%B8%D0%BD%D0%BE%D1%81%D1%82/?lang=ru"	"200"	"https://cindemirlaw.com/%D0%BA%D0%B0%D0%BA-%D0%BF%D0%BE%D0%BB%D1%83%D1%87%D0%B8%D1%82%D1%8C-%D1%81%D0%BF%D1%80%D0%B0%D0%B2%D0%BA%D1%83-%D0%BE-%D0%BD%D0%B0%D0%BB%D0%B8%D1%87%D0%B8%D0%B8-%D1%81%D1%83%D0%B4%D0%B8%D0%BC%D0%BE/"	"301"	"Link to: Как получить справку о наличии судимости в Турции"	""	""	"true"	"false"	"false"
"Href link"	"false"	"https://cindemirlaw.com/turkey-crypto-crimes-legal-landscape-enforcement-and-investor-protection/"	"200"	"https://cindemirlaw.com/press/"	"301"	"Press"	""	""	"true"	"false"	"false"
"Href link"	"false"	"https://cindemirlaw.com/legal-affidavit-preparation-in-turkey/"	"200"	"https://cindemirlaw.com/press/"	"301"	"Press"	""	""	"true"	"false"	"false"
"Href link"	"false"	"https://cindemirlaw.com/car-accident-in-turkey-and-legal-compensation-issues/"	"200"	"https://cindemirlaw.com/press/"	"301"	"Press"	""	""	"true"	"false"	"false"
"Href link"	"false"	"https://cindemirlaw.com/%D0%B7%D0%B0%D0%B4%D0%B5%D1%80%D0%B6%D0%B0%D0%BD%D0%B8%D0%B5-%D0%B2-%D0%B0%D1%8D%D1%80%D0%BE%D0%BF%D0%BE%D1%80%D1%82%D1%83-%D1%82%D1%83%D1%80%D1%86%D0%B8%D0%B8-%D0%BF%D1%80%D0%B0%D0%B2%D0%BE%D0%B2/?lang=ru"	"200"	"https://cindemirlaw.com/author/admin/"	"301"	"admin"	""	""	"true"	"false"	"false"
"Href link"	"false"	"https://cindemirlaw.com/gokhan-cindemir-attorney-at-law/"	"200"	"https://cindemirlaw.com/press/"	"301"	"Press"	""	""	"true"	"false"	"false"
"Href link"	"false"	"https://cindemirlaw.com/offences-of-bodily-harm-under-turkish-law/"	"200"	"https://cindemirlaw.com/author/admin/"	"301"	"admin"	""	""	"true"	"false"	"false"
"Href link"	"false"	"https://cindemirlaw.com/direct-foreign-invesment-law-in-turkey/"	"200"	"https://cindemirlaw.com/press/"	"301"	"Press"	""	""	"true"	"false"	"false"
"Sitemap URL"	"false"	"https://cindemirlaw.com/post-sitemap.xml"	"200"	"https://cindemirlaw.com/%D0%BE%D1%82%D0%BA%D1%80%D1%8B%D1%82%D0%B8%D0%B5-%D0%B1%D0%B0%D0%BD%D0%BA%D0%BE%D0%B2%D1%81%D0%BA%D0%BE%D0%B3%D0%BE-%D1%81%D1%87%D0%B5%D1%82%D0%B0-%D0%B4%D0%BB%D1%8F-%D1%80%D0%BE%D1%81%D1%81%D0%B8/"	"301"	""	""	""	"true"	"true"	"false"
"Href link"	"false"	"https://cindemirlaw.com/%D0%BE%D1%82%D0%BA%D1%80%D1%8B%D1%82%D0%B8%D0%B5-%D0%B1%D0%B0%D0%BD%D0%BA%D0%BE%D0%B2%D1%81%D0%BA%D0%BE%D0%B3%D0%BE-%D1%81%D1%87%D0%B5%D1%82%D0%B0-%D0%B4%D0%BB%D1%8F-%D1%80%D0%BE%D1%81%D1%81%D0%B8/?lang=ru"	"200"	"https://cindemirlaw.com/%D0%BD%D0%B0%D1%81%D0%BB%D0%B5%D0%B4%D1%81%D1%82%D0%B2%D0%B5%D0%BD%D0%BD%D0%BE%D0%B5-%D0%BF%D1%80%D0%B0%D0%B2%D0%BE-%D1%82%D1%83%D1%80%D1%86%D0%B8%D0%B8-2/"	"301"	"Link to: Наследственное Право Турции – Cindemir Law"	""	""	"true"	"false"	"false"
"Href link"	"false"	"https://cindemirlaw.com/establishing-a-branch-in-turkey-2/"	"200"	"https://cindemirlaw.com/author/admin/"	"301"	"admin"	""	""	"true"	"false"	"false"
"Href link"	"false"	"https://cindemirlaw.com/fde1068e3bda46a37dd24126f9ec4b09df0c999365011ec71028e1a7d4c45bfdd0fde1068e3bda46a37dd24126f9ec4b09df0c999365011ec71028e1a7d4c45bfdbdfde1068e3bda46a37dd24126f9ec4b09df0c999365011ec71028e1a7d4c45bf-2/?lang=ru"	"200"	"https://cindemirlaw.com/press/"	"301"	"О нас в прессе"	""	""	"true"	"false"	"false"
"Href link"	"false"	"https://cindemirlaw.com/fde1068e3bda46a37dd24126f9ec4b09df0c999365011ec71028e1a7d4c45bfdd1fde1068e3bda46a37dd24126f9ec4b09df0c999365011ec71028e1a7d4c45bfd83fde1068e3bda46a37dd24126f9ec4b09df0c999365011ec71028e1a7d4c45bf-3/?lang=ru"	"200"	"https://cindemirlaw.com/author/admin/"	"301"	"admin"	""	""	"true"	"false"	"false"
"Href link"	"false"	"https://cindemirlaw.com/legal-rights-of-foreign-nationals-in-police-custody-in-istanbul/"	"200"	"https://cindemirlaw.com/author/admin/"	"301"	"admin"	""	""	"true"	"false"	"false"
"Href link"	"false"	"https://cindemirlaw.com/consequences-of-a-divorce-decision-in-turkey/"	"200"	"https://cindemirlaw.com/press/"	"301"	"Press"	""	""	"true"	"false"	"false"
"Href link"	"false"	"https://cindemirlaw.com/payment/"	"200"	"https://turkodeme.com.tr/Tahsilat/Default.aspx?k=697795e3-b10e-4cbb-8251-e0c7a1b8ce76"	"301"	"CİNDEMİR HUKUK BÜROSU ÖDEME YAPMAK İÇİN TIKLAYINIZ"	""	""	"true"	"false"	"false"
"Href link"	"false"	"https://cindemirlaw.com/%D0%BF%D0%BE%D1%81%D0%B5%D1%89%D0%B5%D0%BD%D0%B8%D0%B5-%D0%B8%D0%BD%D0%BE%D1%81%D1%82%D1%80%D0%B0%D0%BD%D0%BD%D1%8B%D1%85-%D0%B7%D0%B0%D0%BA%D0%BB%D1%8E%D1%87%D1%91%D0%BD%D0%BD%D1%8B%D1%85-%D0%B2/?lang=ru"	"200"	"https://cindemirlaw.com/%D1%8E%D1%80%D0%B8%D0%B4%D0%B8%D1%87%D0%B5%D1%81%D0%BA%D0%B0%D1%8F-%D0%BF%D0%BE%D0%BC%D0%BE%D1%89%D1%8C-%D0%BF%D1%80%D0%B8-%D0%BE%D1%82%D0%BF%D1%80%D0%B0%D0%B2%D0%BA%D0%B5-%D0%B2%D0%B5%D1%89%D0%B5/"	"301"	"Link to: Юридическая помощь при отправке вещей и денег иностранным заключённым в Турции"	""	""	"true"	"false"	"false"
"Href link"	"false"	"https://cindemirlaw.com/%D1%82%D0%B8%D0%BF%D1%8B-%D0%BA%D0%BE%D0%BC%D0%BF%D0%B0%D0%BD%D0%B8%D0%B9-%D0%B2-%D1%82%D1%83%D1%80%D1%86%D0%B8%D0%B8/?lang=ru"	"200"	"https://cindemirlaw.com/press/"	"301"	"О нас в прессе"	""	""	"true"	"false"	"false"
"Href link"	"false"	"https://cindemirlaw.com/icsid/"	"200"	"https://cindemirlaw.com/author/admin/"	"301"	"admin"	""	""	"true"	"false"	"false"
"Href link"	"false"	"https://cindemirlaw.com/%D0%B8%D1%81%D0%BA-%D0%BE%D0%B1-%D1%83%D1%81%D1%82%D0%B0%D0%BD%D0%BE%D0%B2%D0%BB%D0%B5%D0%BD%D0%B8%D0%B8-%D0%BE%D1%82%D1%86%D0%BE%D0%B2%D1%81%D1%82%D0%B2%D0%B0-%D0%B2-%D1%82%D1%83%D1%80%D1%86%D0%B8/?lang=ru"	"200"	"https://cindemirlaw.com/author/admin/"	"301"	"admin"	""	""	"true"	"false"	"false"
"Sitemap URL"	"false"	"https://cindemirlaw.com/post-sitemap.xml"	"200"	"https://cindemirlaw.com/link15/"	"301"	""	""	""	"true"	"true"	"false"
"Href link"	"false"	"https://cindemirlaw.com/%D1%81%D1%82%D0%B0%D1%82%D1%83%D1%81-%D0%B1%D0%B5%D0%B6%D0%B5%D0%BD%D1%86%D0%B0-%D0%B2-%D1%82%D1%83%D1%80%D1%86%D0%B8%D0%B8/?lang=ru"	"200"	"https://cindemirlaw.com/%D0%BF%D1%80%D0%B0%D0%B2%D0%B0-%D0%B8-%D0%BE%D0%B1%D1%8F%D0%B7%D0%B0%D0%BD%D0%BD%D0%BE%D1%81%D1%82%D0%B8/"	"301"	"Link to: Права и обязанности"	""	""	"true"	"false"	"false"
"Href link"	"false"	"https://cindemirlaw.com/articles/?lang=ru"	"200"	"https://cindemirlaw.com/fde1068e3bda46a37dd24126f9ec4b09df0c999365011ec71028e1a7d4c45bfdd1fde1068e3bda46a37dd24126f9ec4b09df0c999365011ec71028e1a7d4c45bfd81fde1068e3bda46a37dd24126f9ec4b09df0c999365011ec71028e1a7d4c45bf-3/"	"301"	"Судебное разбирательство и Альтернативное решение споров"	""	""	"true"	"false"	"false"
"Href link"	"false"	"https://cindemirlaw.com/narcotic-crimes-drugs-and-cordials-in-turkish-penal-code/"	"200"	"https://cindemirlaw.com/author/admin/"	"301"	"admin"	""	""	"true"	"false"	"false"
"Href link"	"false"	"https://cindemirlaw.com/deportation-law-in-turkey/"	"200"	"https://cindemirlaw.com/author/admin/"	"301"	"admin"	""	""	"true"	"false"	"false"
"Href link"	"false"	"https://cindemirlaw.com/tag/injury/"	"200"	"https://cindemirlaw.com/press/"	"301"	"Press"	""	""	"true"	"true"	"false"
"Href link"	"false"	"https://cindemirlaw.com/paternity-in-turkish-law-under-new-turkish-constitution-court-decision/"	"200"	"https://cindemirlaw.com/author/admin/"	"301"	"admin"	""	""	"true"	"false"	"false"
"Href link"	"false"	"https://cindemirlaw.com/legal-risks-in-token-launches-how-crypto-startups-can-stay-compliant-across-jurisdictions/"	"200"	"https://cindemirlaw.com/press/"	"301"	"Press"	""	""	"true"	"false"	"false"
"Sitemap URL"	"false"	"https://cindemirlaw.com/post-sitemap.xml"	"200"	"https://cindemirlaw.com/obtaining-an-e-devlet-password-in-turkey-through-a-power-of-attorney/"	"301"	""	""	""	"true"	"true"	"false"
"Href link"	"false"	"https://cindemirlaw.com/verdict-rendered-for-the-unbelievable-accident-killing-a-tour-guide-hurriyet-newspaper/"	"200"	"https://cindemirlaw.com/press/"	"301"	"Press"	""	""	"true"	"false"	"false"
"Href link"	"false"	"https://cindemirlaw.com/accidents-on-the-road-in-turkey-car-crashes-traffic-accidents/"	"200"	"https://cindemirlaw.com/author/admin/"	"301"	"admin"	""	""	"true"	"false"	"false"
"Href link"	"false"	"https://cindemirlaw.com/%D0%BA%D0%B0%D0%BA-%D1%80%D0%B0%D0%B7%D0%B2%D0%B5%D1%81%D1%82%D0%B8%D1%81%D1%8C-%D0%B2-%D1%82%D1%83%D1%80%D1%86%D0%B8%D0%B8/?lang=ru"	"200"	"https://cindemirlaw.com/fde1068e3bda46a37dd24126f9ec4b09df0c999365011ec71028e1a7d4c45bfdd0fde1068e3bda46a37dd24126f9ec4b09df0c999365011ec71028e1a7d4c45bfdbafde1068e3bda46a37dd24126f9ec4b09df0c999365011ec71028e1a7d4c45bf/"	"301"	""	""	""	"true"	"false"	"false"
"Href link"	"false"	"https://cindemirlaw.com/turkish-inheritance-law/"	"200"	"https://cindemirlaw.com/press/"	"301"	"Press"	""	""	"true"	"false"	"false"
"Href link"	"false"	"https://cindemirlaw.com/bank-account-opening-in-turkey-for-russian-companies/"	"200"	"https://cindemirlaw.com/author/admin/"	"301"	"admin"	""	""	"true"	"false"	"false"
"Sitemap URL"	"false"	"https://cindemirlaw.com/post-sitemap.xml"	"200"	"https://cindemirlaw.com/fde1068e3bda46a37dd24126f9ec4b09df0c999365011ec71028e1a7d4c45bfdd0fde1068e3bda46a37dd24126f9ec4b09df0c999365011ec71028e1a7d4c45bfdbdfde1068e3bda46a37dd24126f9ec4b09df0c999365011ec71028e1a7d4c45bf/"	"301"	""	""	""	"true"	"true"	"false"
"Href link"	"false"	"https://cindemirlaw.com/fde1068e3bda46a37dd24126f9ec4b09df0c999365011ec71028e1a7d4c45bfdd1fde1068e3bda46a37dd24126f9ec4b09df0c999365011ec71028e1a7d4c45bfd83fde1068e3bda46a37dd24126f9ec4b09df0c999365011ec71028e1a7d4c45bf/?lang=ru"	"200"	"https://cindemirlaw.com/press/"	"301"	"О нас в прессе"	""	""	"true"	"false"	"false"
"Href link"	"false"	"https://cindemirlaw.com/compensation-of-damages-for-foreign-victims-due-to-terror-under-turkish-law/"	"200"	"https://cindemirlaw.com/author/admin/"	"301"	"admin"	""	""	"true"	"false"	"false"
"Href link"	"false"	"https://cindemirlaw.com/%D0%BA%D0%B0%D0%BA-%D0%BF%D0%BE%D0%BB%D1%83%D1%87%D0%B8%D1%82%D1%8C-%D1%81%D1%83%D0%B4%D0%B8%D0%BC%D0%BE%D1%81%D1%82%D1%8C-%D0%B2-%D1%82%D1%83%D1%80%D1%86%D0%B8%D0%B8/?lang=ru"	"200"	"https://cindemirlaw.com/%D0%BD%D0%B0%D1%81%D0%BB%D0%B5%D0%B4%D1%81%D1%82%D0%B2%D0%B5%D0%BD%D0%BD%D0%BE%D0%B5-%D0%BF%D1%80%D0%B0%D0%B2%D0%BE-%D1%82%D1%83%D1%80%D1%86%D0%B8%D0%B8/"	"301"	"Link to: Наследственное Право Турции"	""	""	"true"	"false"	"false"
"Sitemap URL"	"false"	"https://cindemirlaw.com/post-sitemap.xml"	"200"	"https://cindemirlaw.com/%D0%BF%D1%80%D0%B0%D0%B2%D0%B0-%D0%B8-%D0%BE%D0%B1%D1%8F%D0%B7%D0%B0%D0%BD%D0%BD%D0%BE%D1%81%D1%82%D0%B8/"	"301"	""	""	""	"true"	"true"	"false"
"Href link"	"false"	"https://cindemirlaw.com/humanitarian-residence-permit-application-in-turkey/"	"200"	"https://cindemirlaw.com/press/"	"301"	"Press"	""	""	"true"	"false"	"false"
"Href link"	"false"	"https://cindemirlaw.com/%D0%B2%D0%B8%D0%B4%D1%8B-%D0%BA%D0%BE%D0%BC%D0%BF%D0%B0%D0%BD%D0%B8%D0%B8-%D0%B2-%D1%82%D1%83%D1%80%D1%86%D0%B8%D0%B8/?lang=ru"	"200"	"https://cindemirlaw.com/%D1%80%D1%83%D0%BA%D0%BE%D0%B2%D0%BE%D0%B4%D1%81%D1%82%D0%B2%D0%BE-%D0%BF%D0%BE-%D0%BF%D1%80%D0%B8%D0%BE%D0%B1%D1%80%D0%B5%D1%82%D0%B5%D0%BD%D0%B8%D1%8E-%D0%B8%D0%BD%D0%BE%D1%81%D1%82%D1%80%D0%B0/"	"301"	"Link to: РУКОВОДСТВО ПО ПРИОБРЕТЕНИЮ ИНОСТРАННЫМИ ГРАЖДАНАМИ ТУРЕЦКОГО ГРАЖДАНСТВА"	""	""	"true"	"false"	"false"
"Href link"	"false"	"https://cindemirlaw.com/gokhan-cindemir-attorney-at-law-2/"	"200"	"https://cindemirlaw.com/press/"	"301"	"Press"	""	""	"true"	"false"	"false"
"Href link"	"false"	"https://cindemirlaw.com/principle-of-family-unity-deportation-procedures-and-protection-of-family-unity-for-deportees/"	"200"	"https://cindemirlaw.com/press/"	"301"	"Press"	""	""	"true"	"false"	"false"
"Href link"	"false"	"https://cindemirlaw.com/turkish-lawyer-online-consultancy/"	"200"	"https://cindemirlaw.com/press/"	"301"	"Press"	""	""	"true"	"false"	"false"
"Href link"	"true"	"https://cindemirlaw.com/the-structure-of-board-of-directors-according-to-turkish-commercial-code/"	"200"	"https://cindemirlaw.com/press/"	"301"	"Press"	""	""	"true"	"false"	"false"
"Href link"	"false"	"https://cindemirlaw.com/%D0%BF%D1%80%D0%BE%D1%84%D0%B5%D1%81%D1%81%D0%B8%D0%BE%D0%BD%D0%B0%D0%BB%D1%8C%D0%BD%D1%8B%D0%B5-%D1%8E%D1%80%D0%B8%D0%B4%D0%B8%D1%87%D0%B5%D1%81%D0%BA%D0%B8%D0%B5-%D0%BA%D0%BE%D0%BD%D1%81%D1%83%D0%BB/?lang=ru"	"200"	"https://cindemirlaw.com/fde1068e3bda46a37dd24126f9ec4b09df0c999365011ec71028e1a7d4c45bfdd1fde1068e3bda46a37dd24126f9ec4b09df0c999365011ec71028e1a7d4c45bfd81fde1068e3bda46a37dd24126f9ec4b09df0c999365011ec71028e1a7d4c45bf-2/"	"301"	"суд"	""	""	"true"	"false"	"false"
"Href link"	"false"	"https://cindemirlaw.com/%D0%BF%D1%80%D0%BE%D1%84%D0%B5%D1%81%D1%81%D0%B8%D0%BE%D0%BD%D0%B0%D0%BB%D1%8C%D0%BD%D1%8B%D0%B5-%D1%8E%D1%80%D0%B8%D0%B4%D0%B8%D1%87%D0%B5%D1%81%D0%BA%D0%B8%D0%B5-%D0%BA%D0%BE%D0%BD%D1%81%D1%83%D0%BB/?lang=ru"	"200"	"https://cindemirlaw.com/fde1068e3bda46a37dd24126f9ec4b09df0c999365011ec71028e1a7d4c45bfdd0fde1068e3bda46a37dd24126f9ec4b09df0c999365011ec71028e1a7d4c45bfdb3fde1068e3bda46a37dd24126f9ec4b09df0c999365011ec71028e1a7d4c45bf/"	"301"	"адвокат"	""	""	"true"	"false"	"false"
"Href link"	"false"	"https://cindemirlaw.com/fde1068e3bda46a37dd24126f9ec4b09df0c999365011ec71028e1a7d4c45bfdd1fde1068e3bda46a37dd24126f9ec4b09df0c999365011ec71028e1a7d4c45bfd81fde1068e3bda46a37dd24126f9ec4b09df0c999365011ec71028e1a7d4c45bf-2/?lang=ru"	"200"	"https://cindemirlaw.com/author/admin/"	"301"	"admin"	""	""	"true"	"false"	"false"
"Href link"	"false"	"https://cindemirlaw.com/litigation-adr/"	"200"	"https://cindemirlaw.com/press/"	"301"	"Press"	""	""	"true"	"false"	"false"
"Href link"	"false"	"https://cindemirlaw.com/%D1%80%D0%B5%D0%BF%D0%B0%D1%82%D1%80%D0%B8%D0%B0%D1%86%D0%B8%D1%8F-%D0%B0%D0%BA%D1%82%D0%B8%D0%B2%D0%BE%D0%B2-%D0%B2-%D1%82%D1%83%D1%80%D1%86%D0%B8%D1%8E-%D0%B2-2026-%D0%B3%D0%BE%D0%B4%D1%83-%D0%BF/?lang=ru"	"200"	"https://cindemirlaw.com/fde1068e3bda46a37dd24126f9ec4b09df0c999365011ec71028e1a7d4c45bfdd0fde1068e3bda46a37dd24126f9ec4b09df0c999365011ec71028e1a7d4c45bfdb7fde1068e3bda46a37dd24126f9ec4b09df0c999365011ec71028e1a7d4c45bf/"	"301"	"инвестиции"	""	""	"true"	"false"	"false"
"Href link"	"false"	"https://cindemirlaw.com/escrow-account-turkey/"	"200"	"https://cindemirlaw.com/author/admin/"	"301"	"admin"	""	""	"true"	"false"	"false"
"Sitemap URL"	"false"	"https://cindemirlaw.com/post-sitemap.xml"	"200"	"https://cindemirlaw.com/how-to-lift-entry-ban-to-turkey/"	"301"	""	""	""	"true"	"true"	"false"
"Href link"	"false"	"https://cindemirlaw.com/cautio-judicatum-solvi-security-payment-under-turkish-international-private-law/"	"200"	"https://cindemirlaw.com/press/"	"301"	"Press"	""	""	"true"	"false"	"false"
"Href link"	"false"	"https://cindemirlaw.com/%D1%80%D0%B5%D0%BF%D0%B0%D1%82%D1%80%D0%B8%D0%B0%D1%86%D0%B8%D1%8F-%D0%B0%D0%BA%D1%82%D0%B8%D0%B2%D0%BE%D0%B2-%D0%B2-%D1%82%D1%83%D1%80%D1%86%D0%B8%D1%8E-%D0%B2-2026-%D0%B3%D0%BE%D0%B4%D1%83-%D0%BF/?lang=ru"	"200"	"https://cindemirlaw.com/author/admin/"	"301"	"admin"	""	""	"true"	"false"	"false"
"Href link"	"false"	"https://cindemirlaw.com/survivor-pension-for-spouses-of-deceased-turkish-citizens/"	"200"	"https://cindemirlaw.com/press/"	"301"	"Press"	""	""	"true"	"false"	"false"
"Href link"	"false"	"https://cindemirlaw.com/articles/?lang=ru"	"200"	"https://cindemirlaw.com/%D0%BE%D1%82%D0%BA%D1%80%D1%8B%D1%82%D0%B8%D0%B5-%D0%B1%D0%B0%D0%BD%D0%BA%D0%BE%D0%B2%D1%81%D0%BA%D0%BE%D0%B3%D0%BE-%D1%81%D1%87%D0%B5%D1%82%D0%B0-%D0%B4%D0%BB%D1%8F-%D1%80%D0%BE%D1%81%D1%81%D0%B8/"	"301"	"открытие банковского счета для российской компании в Турции"	""	""	"true"	"false"	"false"
"Href link"	"false"	"https://cindemirlaw.com/articles/?lang=ru"	"200"	"https://cindemirlaw.com/fde1068e3bda46a37dd24126f9ec4b09df0c999365011ec71028e1a7d4c45bfdd1fde1068e3bda46a37dd24126f9ec4b09df0c999365011ec71028e1a7d4c45bfd81fde1068e3bda46a37dd24126f9ec4b09df0c999365011ec71028e1a7d4c45bf/"	"301"	"Читать далее"	""	""	"true"	"false"	"false"
"Href link"	"false"	"https://cindemirlaw.com/yabanci-uyruklu-hukumlu-ve-tutuklularin-ziyareti-hakkinda-bilgilendirme/"	"200"	"https://cindemirlaw.com/press/"	"301"	"Press"	""	""	"true"	"false"	"false"
"Href link"	"false"	"https://cindemirlaw.com/%D0%B3%D1%83%D0%BC%D0%B0%D0%BD%D0%B8%D1%82%D0%B0%D1%80%D0%BD%D1%8B%D0%B9-%D0%B2%D0%B8%D0%B4-%D0%BD%D0%B0-%D0%B6%D0%B8%D1%82%D0%B5%D0%BB%D1%8C%D1%81%D1%82%D0%B2%D0%BE-%D0%B2-%D1%82%D1%83%D1%80%D1%86/?lang=ru"	"200"	"https://cindemirlaw.com/press/"	"301"	"О нас в прессе"	""	""	"true"	"false"	"false"
"Href link"	"false"	"https://cindemirlaw.com/fde1068e3bda46a37dd24126f9ec4b09df0c999365011ec71028e1a7d4c45bfdd1fde1068e3bda46a37dd24126f9ec4b09df0c999365011ec71028e1a7d4c45bfd83fde1068e3bda46a37dd24126f9ec4b09df0c999365011ec71028e1a7d4c45bf-3/?lang=ru"	"200"	"https://cindemirlaw.com/fde1068e3bda46a37dd24126f9ec4b09df0c999365011ec71028e1a7d4c45bfdd0fde1068e3bda46a37dd24126f9ec4b09df0c999365011ec71028e1a7d4c45bfdb5fde1068e3bda46a37dd24126f9ec4b09df0c999365011ec71028e1a7d4c45bf/"	"301"	""	""	""	"true"	"false"	"false"
"Href link"	"false"	"https://cindemirlaw.com/%D0%BE%D1%82%D0%BA%D1%80%D1%8B%D1%82%D0%B8%D0%B5-%D0%B1%D0%B0%D0%BD%D0%BA%D0%BE%D0%B2%D1%81%D0%BA%D0%BE%D0%B3%D0%BE-%D1%81%D1%87%D0%B5%D1%82%D0%B0-%D1%80%D1%83%D1%81%D1%81%D0%BA%D0%B8%D0%BC%D0%B8/?lang=ru"	"200"	"https://cindemirlaw.com/%D0%BE%D1%82%D0%BA%D1%80%D1%8B%D1%82%D0%B8%D0%B5-%D0%B1%D0%B0%D0%BD%D0%BA%D0%BE%D0%B2%D1%81%D0%BA%D0%BE%D0%B3%D0%BE-%D1%81%D1%87%D0%B5%D1%82%D0%B0-%D0%B4%D0%BB%D1%8F-%D1%80%D0%BE%D1%81%D1%81%D0%B8/"	"301"	"Link to: открытие банковского счета для российской компании в Турции"	""	""	"true"	"false"	"false"
"Href link"	"false"	"https://cindemirlaw.com/fde1068e3bda46a37dd24126f9ec4b09df0c999365011ec71028e1a7d4c45bfdd0fde1068e3bda46a37dd24126f9ec4b09df0c999365011ec71028e1a7d4c45bfdb0fde1068e3bda46a37dd24126f9ec4b09df0c999365011ec71028e1a7d4c45bf/?lang=ru"	"200"	"https://cindemirlaw.com/press/"	"301"	"О нас в прессе"	""	""	"true"	"false"	"false"
"Href link"	"false"	"https://cindemirlaw.com/cindemir-law-2/?lang=ru"	"200"	"https://cindemirlaw.com/fde1068e3bda46a37dd24126f9ec4b09df0c999365011ec71028e1a7d4c45bfdd0fde1068e3bda46a37dd24126f9ec4b09df0c999365011ec71028e1a7d4c45bfdb3fde1068e3bda46a37dd24126f9ec4b09df0c999365011ec71028e1a7d4c45bf/"	"301"	"Европейское право"	""	""	"true"	"false"	"false"
"Href link"	"false"	"https://cindemirlaw.com/cindemir-law/"	"200"	"https://cindemirlaw.com/press/"	"301"	"Press"	""	""	"true"	"false"	"false"
"Href link"	"false"	"https://cindemirlaw.com/articles/?lang=ru"	"200"	"https://cindemirlaw.com/fde1068e3bda46a37dd24126f9ec4b09df0c999365011ec71028e1a7d4c45bfdd0fde1068e3bda46a37dd24126f9ec4b09df0c999365011ec71028e1a7d4c45bfdb3fde1068e3bda46a37dd24126f9ec4b09df0c999365011ec71028e1a7d4c45bf/"	"301"	"Гокхан Синдемир, Адокат в суде"	""	""	"true"	"false"	"false"
"Href link"	"false"	"https://cindemirlaw.com/%D0%BF%D1%80%D0%BE%D1%84%D0%B5%D1%81%D1%81%D0%B8%D0%BE%D0%BD%D0%B0%D0%BB%D1%8C%D0%BD%D1%8B%D0%B5-%D1%8E%D1%80%D0%B8%D0%B4%D0%B8%D1%87%D0%B5%D1%81%D0%BA%D0%B8%D0%B5-%D0%BA%D0%BE%D0%BD%D1%81%D1%83%D0%BB/?lang=ru"	"200"	"https://cindemirlaw.com/%D0%BF%D0%BE%D1%81%D0%B5%D1%89%D0%B5%D0%BD%D0%B8%D0%B5-%D0%B8%D0%BD%D0%BE%D1%81%D1%82%D1%80%D0%B0%D0%BD%D0%BD%D1%8B%D1%85-%D0%B7%D0%B0%D0%BA%D0%BB%D1%8E%D1%87%D1%91%D0%BD%D0%BD%D1%8B%D1%85-%D0%B2/"	"301"	"Link to: Посещение иностранных заключённых в тюрьмах Турции: Правила и юридическая поддержка"	""	""	"true"	"false"	"false"
"Href link"	"false"	"https://cindemirlaw.com/embed-list/"	"200"	"https://cindemirlaw.com/press/"	"301"	"Press"	""	""	"true"	"false"	"false"
"Href link"	"false"	"https://cindemirlaw.com/offences-of-bodily-harm-under-turkish-law/"	"200"	"https://cindemirlaw.com/how-to-lift-entry-ban-to-turkey/"	"301"	""	""	""	"true"	"false"	"false"
"Href link"	"false"	"https://cindemirlaw.com/articles/?lang=ru"	"200"	"https://cindemirlaw.com/%D1%87%D1%82%D0%BE-%D1%82%D0%B0%D0%BA%D0%BE%D0%B5-%D0%B7%D0%B0%D1%8F%D0%B2%D0%BB%D0%B5%D0%BD%D0%B8%D0%B5-%D0%B2-%D0%B5%D1%81%D0%BF%D1%87-%D0%BA%D1%82%D0%BE-%D0%BC%D0%BE%D0%B6%D0%B5%D1%82-%D0%BF%D0%BE/"	"301"	"Что такое заявление в ЕСПЧ, кто может подать, срок 4 месяца и условия приемлемости. Юридический обзор процедуры обращения в Европейский суд по правам человека."	""	""	"true"	"false"	"false"
"Href link"	"false"	"https://cindemirlaw.com/%D0%BA%D0%B0%D0%BA-%D1%80%D0%B0%D0%B7%D0%B2%D0%B5%D1%81%D1%82%D0%B8%D1%81%D1%8C-%D0%B2-%D1%82%D1%83%D1%80%D1%86%D0%B8%D0%B8/?lang=ru"	"200"	"https://cindemirlaw.com/fde1068e3bda46a37dd24126f9ec4b09df0c999365011ec71028e1a7d4c45bfdd0fde1068e3bda46a37dd24126f9ec4b09df0c999365011ec71028e1a7d4c45bfdbdfde1068e3bda46a37dd24126f9ec4b09df0c999365011ec71028e1a7d4c45bf/"	"301"	"Споры"	""	""	"true"	"false"	"false"
"Href link"	"false"	"https://cindemirlaw.com/link25/?lang=zh-hans"	"200"	"https://cindemirlaw.com/link13/"	"301"	"Link to: 职务调查"	""	""	"true"	"false"	"false"
"Href link"	"false"	"https://cindemirlaw.com/hakan-cindemir-attorney-at-law-senior-attorney-of-the-law-office/"	"200"	"https://cindemirlaw.com/link9/"	"301"	"University"	""	""	"true"	"false"	"false"
"Href link"	"false"	"https://cindemirlaw.com/crypto-asset-fraud-in-turkey-legal-perspective/"	"200"	"https://cindemirlaw.com/press/"	"301"	"Press"	""	""	"true"	"false"	"false"
"Href link"	"false"	"https://cindemirlaw.com/irish-boxer-acquitted-in-epic-brawl-case/"	"200"	"https://cindemirlaw.com/author/admin/"	"301"	"admin"	""	""	"true"	"false"	"false"
"Href link"	"false"	"https://cindemirlaw.com/%D0%B2%D1%82%D0%BE%D1%80%D0%B8%D1%87%D0%BD%D0%B0%D1%8F-%D0%B7%D0%B0%D1%89%D0%B8%D1%82%D0%B0/?lang=ru"	"200"	"https://cindemirlaw.com/%D1%81%D1%82%D0%B0%D1%82%D1%83%D1%81-%D0%B1%D0%B5%D0%B6%D0%B5%D0%BD%D1%86%D0%B0-%D0%B2-%D1%82%D1%83%D1%80%D1%86%D0%B8%D0%B8/"	"301"	"Link to: Статус Беженца в Турции"	""	""	"true"	"false"	"false"
"Href link"	"false"	"https://cindemirlaw.com/%D0%BE%D1%82%D0%BA%D1%80%D1%8B%D1%82%D0%B8%D0%B5-%D0%B1%D0%B0%D0%BD%D0%BA%D0%BE%D0%B2%D1%81%D0%BA%D0%BE%D0%B3%D0%BE-%D1%81%D1%87%D0%B5%D1%82%D0%B0-%D0%B4%D0%BB%D1%8F-%D1%80%D0%BE%D1%81%D1%81%D0%B8/?lang=ru"	"200"	"https://cindemirlaw.com/author/admin/"	"301"	"admin"	""	""	"true"	"false"	"false"
"Href link"	"false"	"https://cindemirlaw.com/turkey-asset-repatriation-2026-legal-framework-for-bringing-foreign-assets-to-turkey/"	"200"	"https://cindemirlaw.com/press/"	"301"	"Press"	""	""	"true"	"false"	"false"
"Href link"	"false"	"https://cindemirlaw.com/international-private/"	"200"	"https://cindemirlaw.com/author/admin/"	"301"	"admin"	""	""	"true"	"false"	"false"
"Href link"	"false"	"https://cindemirlaw.com/narcotic-crimes-drugs-and-cordials-in-turkish-penal-code/"	"200"	"https://cindemirlaw.com/press/"	"301"	"Press"	""	""	"true"	"false"	"false"
"Href link"	"false"	"https://cindemirlaw.com/independent-certified-public-accountant-financial-consultant-taner-cevik/"	"200"	"https://cindemirlaw.com/author/admin/"	"301"	"admin"	""	""	"true"	"false"	"false"
"Href link"	"false"	"https://cindemirlaw.com/verdict-rendered-for-the-unbelievable-accident-killing-a-tour-guide-hurriyet-newspaper/"	"200"	"https://cindemirlaw.com/author/admin/"	"301"	"admin"	""	""	"true"	"false"	"false"
"Href link"	"false"	"https://cindemirlaw.com/%D1%80%D1%83%D1%81%D1%81%D0%BA%D0%BE%D1%8F%D0%B7%D1%8B%D1%87%D0%BD%D1%8B%D0%B9-%D1%8E%D1%80%D0%B8%D1%81%D1%82-%D0%B2-%D1%82%D1%83%D1%80%D1%86%D0%B8%D0%B8-%D1%8E%D1%80%D0%B8%D0%B4%D0%B8%D1%87/?lang=ru"	"200"	"https://cindemirlaw.com/fde1068e3bda46a37dd24126f9ec4b09df0c999365011ec71028e1a7d4c45bfdd0fde1068e3bda46a37dd24126f9ec4b09df0c999365011ec71028e1a7d4c45bfdb3fde1068e3bda46a37dd24126f9ec4b09df0c999365011ec71028e1a7d4c45bf/"	"301"	"адвокат"	""	""	"true"	"false"	"false"
"Href link"	"false"	"https://cindemirlaw.com/cindemir-law-2/?lang=ru"	"200"	"https://cindemirlaw.com/fde1068e3bda46a37dd24126f9ec4b09df0c999365011ec71028e1a7d4c45bfdd0fde1068e3bda46a37dd24126f9ec4b09df0c999365011ec71028e1a7d4c45bfdb0fde1068e3bda46a37dd24126f9ec4b09df0c999365011ec71028e1a7d4c45bf/"	"301"	"юридическая фирма"	""	""	"true"	"false"	"false"
"Href link"	"false"	"https://cindemirlaw.com/articles/?lang=ru"	"200"	"https://cindemirlaw.com/fde1068e3bda46a37dd24126f9ec4b09df0c999365011ec71028e1a7d4c45bfdd0fde1068e3bda46a37dd24126f9ec4b09df0c999365011ec71028e1a7d4c45bfdb4fde1068e3bda46a37dd24126f9ec4b09df0c999365011ec71028e1a7d4c45bf/"	"301"	"Дью-дилидженс"	""	""	"true"	"false"	"false"
"Href link"	"false"	"https://cindemirlaw.com/cindemir-hukuk/?lang=zh-hans"	"200"	"https://cindemirlaw.com/author/admin/"	"301"	"admin"	""	""	"true"	"false"	"false"
"Href link"	"false"	"https://cindemirlaw.com/assistance-for-foreign-families-supporting-inmates-in-turkish-prisons/"	"200"	"https://cindemirlaw.com/press/"	"301"	"Press"	""	""	"true"	"false"	"false"
"Href link"	"false"	"https://cindemirlaw.com/fde1068e3bda46a37dd24126f9ec4b09df0c999365011ec71028e1a7d4c45bfdd1fde1068e3bda46a37dd24126f9ec4b09df0c999365011ec71028e1a7d4c45bfd83fde1068e3bda46a37dd24126f9ec4b09df0c999365011ec71028e1a7d4c45bf-3/?lang=ru"	"200"	"https://cindemirlaw.com/fde1068e3bda46a37dd24126f9ec4b09df0c999365011ec71028e1a7d4c45bfdd0fde1068e3bda46a37dd24126f9ec4b09df0c999365011ec71028e1a7d4c45bfdb4fde1068e3bda46a37dd24126f9ec4b09df0c999365011ec71028e1a7d4c45bf/"	"301"	"Link to: Дью-дилидженс"	""	""	"true"	"false"	"false"
"Href link"	"false"	"https://cindemirlaw.com/cenker-degirmenci-legal-advisorgeneral-coordinator/"	"200"	"https://cindemirlaw.com/press/"	"301"	"Press"	""	""	"true"	"false"	"false"
"Href link"	"false"	"https://cindemirlaw.com/fde1068e3bda46a37dd24126f9ec4b09df0c999365011ec71028e1a7d4c45bfdd0fde1068e3bda46a37dd24126f9ec4b09df0c999365011ec71028e1a7d4c45bfdb5fde1068e3bda46a37dd24126f9ec4b09df0c999365011ec71028e1a7d4c45bf/?lang=ru"	"200"	"https://cindemirlaw.com/%D0%B2%D0%B8%D0%B4%D1%8B-%D0%BA%D0%BE%D0%BC%D0%BF%D0%B0%D0%BD%D0%B8%D0%B8-%D0%B2-%D1%82%D1%83%D1%80%D1%86%D0%B8%D0%B8/"	"301"	""	""	""	"true"	"false"	"false"
"Href link"	"false"	"https://cindemirlaw.com/tag/turkish/"	"200"	"https://cindemirlaw.com/press/"	"301"	"Press"	""	""	"true"	"true"	"false"
"Redirect"	"false"	"https://cindemirlaw.com/fde1068e3bda46a37dd24126f9ec4b09df0c999365011ec71028e1a7d4c45bfdd0fde1068e3bda46a37dd24126f9ec4b09df0c999365011ec71028e1a7d4c45bfdbafde1068e3bda46a37dd24126f9ec4b09df0c999365011ec71028e1a7d4c45bf/"	"301"	"https://cindemirlaw.com/fde1068e3/"	"301"	""	""	""	"true"	"false"	"false"
"Href link"	"false"	"https://cindemirlaw.com/fde1068e3bda46a37dd24126f9ec4b09df0c999365011ec71028e1a7d4c45bfdd0fde1068e3bda46a37dd24126f9ec4b09df0c999365011ec71028e1a7d4c45bfdb4fde1068e3bda46a37dd24126f9ec4b09df0c999365011ec71028e1a7d4c45bf/?lang=ru"	"200"	"https://cindemirlaw.com/press/"	"301"	"О нас в прессе"	""	""	"true"	"false"	"false"
"Href link"	"false"	"https://cindemirlaw.com/%D0%BE%D1%82%D0%BA%D1%80%D1%8B%D1%82%D0%B8%D0%B5-%D0%B1%D0%B0%D0%BD%D0%BA%D0%BE%D0%B2%D1%81%D0%BA%D0%BE%D0%B3%D0%BE-%D1%81%D1%87%D0%B5%D1%82%D0%B0-%D0%B4%D0%BB%D1%8F-%D1%80%D0%BE%D1%81%D1%81%D0%B8/?lang=ru"	"200"	"https://cindemirlaw.com/press/"	"301"	"О нас в прессе"	""	""	"true"	"false"	"false"
"Href link"	"false"	"https://cindemirlaw.com/cindemir-law-2/?lang=ru"	"200"	"https://cindemirlaw.com/fde1068e3bda46a37dd24126f9ec4b09df0c999365011ec71028e1a7d4c45bfdd0fde1068e3bda46a37dd24126f9ec4b09df0c999365011ec71028e1a7d4c45bfdb6fde1068e3bda46a37dd24126f9ec4b09df0c999365011ec71028e1a7d4c45bf/"	"301"	"корпоративное право"	""	""	"true"	"false"	"false"
"Sitemap URL"	"false"	"https://cindemirlaw.com/post-sitemap.xml"	"200"	"https://cindemirlaw.com/%D1%80%D1%83%D0%BA%D0%BE%D0%B2%D0%BE%D0%B4%D1%81%D1%82%D0%B2%D0%BE-%D0%BF%D0%BE-%D0%BF%D1%80%D0%B8%D0%BE%D0%B1%D1%80%D0%B5%D1%82%D0%B5%D0%BD%D0%B8%D1%8E-%D0%B8%D0%BD%D0%BE%D1%81%D1%82%D1%80%D0%B0/"	"301"	""	""	""	"true"	"true"	"false"
"Href link"	"false"	"https://cindemirlaw.com/fde1068e3bda46a37dd24126f9ec4b09df0c999365011ec71028e1a7d4c45bfdd0fde1068e3bda46a37dd24126f9ec4b09df0c999365011ec71028e1a7d4c45bfdb0fde1068e3bda46a37dd24126f9ec4b09df0c999365011ec71028e1a7d4c45bf/?lang=ru"	"200"	"https://cindemirlaw.com/fde1068e3bda46a37dd24126f9ec4b09df0c999365011ec71028e1a7d4c45bfdd1fde1068e3bda46a37dd24126f9ec4b09df0c999365011ec71028e1a7d4c45bfd81fde1068e3bda46a37dd24126f9ec4b09df0c999365011ec71028e1a7d4c45bf-3/"	"301"	"Link to: Судебное разбирательство и Альтернативное решение споров"	""	""	"true"	"false"	"false"
"Href link"	"false"	"https://cindemirlaw.com/fde1068e3bda46a37dd24126f9ec4b09df0c999365011ec71028e1a7d4c45bfdd1fde1068e3bda46a37dd24126f9ec4b09df0c999365011ec71028e1a7d4c45bfd83fde1068e3bda46a37dd24126f9ec4b09df0c999365011ec71028e1a7d4c45bf/?lang=ru"	"200"	"https://cindemirlaw.com/fde1068e3bda46a37dd24126f9ec4b09df0c999365011ec71028e1a7d4c45bfdd0fde1068e3bda46a37dd24126f9ec4b09df0c999365011ec71028e1a7d4c45bfdb1fde1068e3bda46a37dd24126f9ec4b09df0c999365011ec71028e1a7d4c45bf/"	"301"	"Link to: Банковское дело и финансы"	""	""	"true"	"false"	"false"
"Href link"	"false"	"https://cindemirlaw.com/energy-law-and-investment/"	"200"	"https://cindemirlaw.com/press/"	"301"	"Press"	""	""	"true"	"false"	"false"
"Href link"	"false"	"https://cindemirlaw.com/child-abduction-and-retention-under-turkish-law/"	"200"	"https://cindemirlaw.com/press/"	"301"	"Press"	""	""	"true"	"false"	"false"
"Href link"	"false"	"https://cindemirlaw.com/car-accident-in-turkey-and-legal-compensation-issues/"	"200"	"https://cindemirlaw.com/author/admin/"	"301"	"admin"	""	""	"true"	"false"	"false"
"Href link"	"false"	"https://cindemirlaw.com/%D1%80%D1%83%D1%81%D1%81%D0%BA%D0%BE%D1%8F%D0%B7%D1%8B%D1%87%D0%BD%D1%8B%D0%B9-%D1%8E%D1%80%D0%B8%D1%81%D1%82-%D0%B2-%D1%82%D1%83%D1%80%D1%86%D0%B8%D0%B8-%D1%8E%D1%80%D0%B8%D0%B4%D0%B8%D1%87/?lang=ru"	"200"	"https://cindemirlaw.com/%D0%B2%D0%B8%D0%B4%D1%8B-%D0%BA%D0%BE%D0%BC%D0%BF%D0%B0%D0%BD%D0%B8%D0%B8-%D0%B2-%D1%82%D1%83%D1%80%D1%86%D0%B8%D0%B8/"	"301"	"русскоязычный юрист"	""	""	"true"	"false"	"false"
"Href link"	"false"	"https://cindemirlaw.com/tag/prescription/"	"200"	"https://cindemirlaw.com/author/admin/"	"301"	"admin"	""	""	"true"	"true"	"false"
"Href link"	"false"	"https://cindemirlaw.com/resolution-in-the-course-of-litigation-proceedings-regarding-turkish-law/"	"200"	"https://cindemirlaw.com/author/admin/"	"301"	"admin"	""	""	"true"	"false"	"false"
"Href link"	"false"	"https://cindemirlaw.com/personal-injury-and-car-accidents-under-turkish-law/"	"200"	"https://cindemirlaw.com/author/admin/"	"301"	"admin"	""	""	"true"	"false"	"false"
"Sitemap URL"	"false"	"https://cindemirlaw.com/post-sitemap.xml"	"200"	"https://cindemirlaw.com/%D0%BA%D0%B0%D0%BA-%D0%BF%D0%BE%D0%BB%D1%83%D1%87%D0%B8%D1%82%D1%8C-%D1%81%D0%BF%D1%80%D0%B0%D0%B2%D0%BA%D1%83-%D0%BE-%D0%BD%D0%B0%D0%BB%D0%B8%D1%87%D0%B8%D0%B8-%D1%81%D1%83%D0%B4%D0%B8%D0%BC%D0%BE/"	"301"	""	""	""	"true"	"true"	"false"
"Href link"	"false"	"https://cindemirlaw.com/eu-ai-act-compliance-for-non-eu-companies-legal-requirements-under-the-destination-principle/?lang=ru"	"200"	"https://cindemirlaw.com/fde1068e3bda46a37dd24126f9ec4b09df0c999365011ec71028e1a7d4c45bfdd0fde1068e3bda46a37dd24126f9ec4b09df0c999365011ec71028e1a7d4c45bfdb5fde1068e3bda46a37dd24126f9ec4b09df0c999365011ec71028e1a7d4c45bf/"	"301"	"услуги"	""	""	"true"	"false"	"false"
"Href link"	"false"	"https://cindemirlaw.com/%D1%80%D1%83%D0%BA%D0%BE%D0%B2%D0%BE%D0%B4%D1%81%D1%82%D0%B2%D0%BE-%D0%BF%D0%BE-%D0%BF%D1%80%D0%B8%D0%BE%D0%B1%D1%80%D0%B5%D1%82%D0%B5%D0%BD%D0%B8%D1%8E-%D0%B8%D0%BD%D0%BE%D1%81%D1%82%D1%80%D0%B0/?lang=ru"	"200"	"https://cindemirlaw.com/author/admin/"	"301"	"admin"	""	""	"true"	"false"	"false"
"Href link"	"false"	"https://cindemirlaw.com/trade-law-of-turkey/"	"200"	"https://cindemirlaw.com/press/"	"301"	"Press"	""	""	"true"	"false"	"false"
"Href link"	"false"	"https://cindemirlaw.com/%D1%83%D0%B4%D0%B0%D0%BB%D0%B5%D0%BD%D0%B8%D0%B5-%D1%81%D1%83%D0%B4%D0%B8%D0%BC%D0%BE%D1%81%D1%82%D0%B8-%D0%B2-%D1%82%D1%83%D1%80%D1%86%D0%B8%D0%B8-%D0%B4%D0%BB%D1%8F-%D0%B8%D0%BD%D0%BE%D1%81%D1%82/?lang=ru"	"200"	"https://cindemirlaw.com/author/admin/"	"301"	"admin"	""	""	"true"	"false"	"false"
"Href link"	"false"	"https://cindemirlaw.com/legal-support-for-visiting-foreign-nationals-in-turkish-prisons/"	"200"	"https://cindemirlaw.com/author/admin/"	"301"	"admin"	""	""	"true"	"false"	"false"
"Href link"	"false"	"https://cindemirlaw.com/fde1068e3bda46a37dd24126f9ec4b09df0c999365011ec71028e1a7d4c45bfdd0fde1068e3bda46a37dd24126f9ec4b09df0c999365011ec71028e1a7d4c45bfdbdfde1068e3bda46a37dd24126f9ec4b09df0c999365011ec71028e1a7d4c45bf-2/?lang=ru"	"200"	"https://cindemirlaw.com/fde1068e3bda46a37dd24126f9ec4b09df0c999365011ec71028e1a7d4c45bfdd0fde1068e3bda46a37dd24126f9ec4b09df0c999365011ec71028e1a7d4c45bfdb5fde1068e3bda46a37dd24126f9ec4b09df0c999365011ec71028e1a7d4c45bf/"	"301"	"Link to: юридическая помощь онлайн в турции Европейское право и Права касательно Европейского соглашения об ассоциации между ЕС и Турцией"	""	""	"true"	"false"	"false"
"Href link"	"false"	"https://cindemirlaw.com/articles/"	"200"	"https://cindemirlaw.com/author/admin/"	"301"	"admin"	""	""	"true"	"false"	"false"
"Href link"	"false"	"https://cindemirlaw.com/%D0%BA%D0%B0%D0%BA-%D0%BE%D1%82%D0%BA%D1%80%D1%8B%D1%82%D1%8C-%D1%84%D0%B8%D0%BB%D0%B8%D0%B0%D0%BB-%D0%B2-%D1%82%D1%83%D1%80%D1%86%D0%B8%D0%B8/?lang=ru"	"200"	"https://cindemirlaw.com/author/admin/"	"301"	"admin"	""	""	"true"	"false"	"false"
"Href link"	"false"	"https://cindemirlaw.com/personal-injury-and-car-accidents-under-turkish-law/"	"200"	"https://cindemirlaw.com/exemptions-on-the-legislation-of-the-documents-in-turkey/"	"301"	"Link to: Exemptions on the legislation of the documents in Turkey"	""	""	"true"	"false"	"false"
"Href link"	"false"	"https://cindemirlaw.com/ottoman-archival-documents-and-their-role-in-legal-and-historical-investigations/"	"200"	"https://cindemirlaw.com/author/admin/"	"301"	"admin"	""	""	"true"	"false"	"false"
"Href link"	"false"	"https://cindemirlaw.com/our-articles-3/"	"200"	"https://cindemirlaw.com/press/"	"301"	"Press"	""	""	"true"	"false"	"false"
"Href link"	"false"	"https://cindemirlaw.com/fde1068e3bda46a37dd24126f9ec4b09df0c999365011ec71028e1a7d4c45bfdd0fde1068e3bda46a37dd24126f9ec4b09df0c999365011ec71028e1a7d4c45bfdbdfde1068e3bda46a37dd24126f9ec4b09df0c999365011ec71028e1a7d4c45bf/?lang=ru"	"200"	"https://cindemirlaw.com/fde1068e3bda46a37dd24126f9ec4b09df0c999365011ec71028e1a7d4c45bfdd1fde1068e3bda46a37dd24126f9ec4b09df0c999365011ec71028e1a7d4c45bfd81fde1068e3bda46a37dd24126f9ec4b09df0c999365011ec71028e1a7d4c45bf-2/"	"301"	"Link to: Семейное право"	""	""	"true"	"false"	"false"
"Href link"	"false"	"https://cindemirlaw.com/%D0%BA%D0%B0%D0%BA-%D1%80%D0%B0%D0%B7%D0%B2%D0%B5%D1%81%D1%82%D0%B8%D1%81%D1%8C-%D0%B2-%D1%82%D1%83%D1%80%D1%86%D0%B8%D0%B8/?lang=ru"	"200"	"https://cindemirlaw.com/fde1068e3bda46a37dd24126f9ec4b09df0c999365011ec71028e1a7d4c45bfdd0fde1068e3bda46a37dd24126f9ec4b09df0c999365011ec71028e1a7d4c45bfdb7fde1068e3bda46a37dd24126f9ec4b09df0c999365011ec71028e1a7d4c45bf/"	"301"	""	""	""	"true"	"false"	"false"
"Href link"	"false"	"https://cindemirlaw.com/financial-rights-of-daughters-under-turkish-social-security-law/"	"200"	"https://cindemirlaw.com/press/"	"301"	"Press"	""	""	"true"	"false"	"false"
"Href link"	"false"	"https://cindemirlaw.com/fde1068e3bda46a37dd24126f9ec4b09df0c999365011ec71028e1a7d4c45bfdd0fde1068e3bda46a37dd24126f9ec4b09df0c999365011ec71028e1a7d4c45bfdb1fde1068e3bda46a37dd24126f9ec4b09df0c999365011ec71028e1a7d4c45bf/?lang=ru"	"200"	"https://cindemirlaw.com/fde1068e3bda46a37dd24126f9ec4b09df0c999365011ec71028e1a7d4c45bfdd1fde1068e3bda46a37dd24126f9ec4b09df0c999365011ec71028e1a7d4c45bfd81fde1068e3bda46a37dd24126f9ec4b09df0c999365011ec71028e1a7d4c45bf-2/"	"301"	"соглашения"	""	""	"true"	"false"	"false"
"Href link"	"false"	"https://cindemirlaw.com/about-us/?lang=ru"	"200"	"https://cindemirlaw.com/%D1%80%D0%B5%D0%BF%D0%B0%D1%82%D1%80%D0%B8%D0%B0%D1%86%D0%B8%D1%8F-%D0%B0%D0%BA%D1%82%D0%B8%D0%B2%D0%BE%D0%B2-%D0%B2-%D1%82%D1%83%D1%80%D1%86%D0%B8%D1%8E-%D0%B2-2026-%D0%B3%D0%BE%D0%B4%D1%83-%D0%BF/"	"301"	"Cindemir Law Office"	""	""	"true"	"false"	"false"
"Href link"	"false"	"https://cindemirlaw.com/%D0%B7%D0%B0%D0%B4%D0%B5%D1%80%D0%B6%D0%B0%D0%BD%D0%B8%D0%B5-%D0%B2-%D0%B0%D1%8D%D1%80%D0%BE%D0%BF%D0%BE%D1%80%D1%82%D1%83-%D1%82%D1%83%D1%80%D1%86%D0%B8%D0%B8-%D0%BF%D1%80%D0%B0%D0%B2%D0%BE%D0%B2/?lang=ru"	"200"	"https://cindemirlaw.com/fde1068e3bda46a37dd24126f9ec4b09df0c999365011ec71028e1a7d4c45bfdd0fde1068e3bda46a37dd24126f9ec4b09df0c999365011ec71028e1a7d4c45bfdb7fde1068e3bda46a37dd24126f9ec4b09df0c999365011ec71028e1a7d4c45bf/"	"301"	"юридические вопросы"	""	""	"true"	"false"	"false"
"Href link"	"false"	"https://cindemirlaw.com/administration-of-crypto-assets-under-turkish-law/"	"200"	"https://cindemirlaw.com/author/admin/"	"301"	"admin"	""	""	"true"	"false"	"false"
"Href link"	"false"	"https://cindemirlaw.com/fde1068e3bda46a37dd24126f9ec4b09df0c999365011ec71028e1a7d4c45bfdd0fde1068e3bda46a37dd24126f9ec4b09df0c999365011ec71028e1a7d4c45bfdb3fde1068e3bda46a37dd24126f9ec4b09df0c999365011ec71028e1a7d4c45bf/?lang=ru"	"200"	"https://cindemirlaw.com/author/admin/"	"301"	"admin"	""	""	"true"	"false"	"false"
"Href link"	"false"	"https://cindemirlaw.com/nominee-directory-services-in-turkey/"	"200"	"https://cindemirlaw.com/press/"	"301"	"Press"	""	""	"true"	"false"	"false"
"Href link"	"false"	"https://cindemirlaw.com/%D1%83%D0%B4%D0%B0%D0%BB%D0%B5%D0%BD%D0%B8%D0%B5-%D1%81%D1%83%D0%B4%D0%B8%D0%BC%D0%BE%D1%81%D1%82%D0%B8-%D0%B2-%D1%82%D1%83%D1%80%D1%86%D0%B8%D0%B8-%D0%B4%D0%BB%D1%8F-%D0%B8%D0%BD%D0%BE%D1%81%D1%82/?lang=ru"	"200"	"https://cindemirlaw.com/%D1%80%D0%B5%D0%BF%D0%B0%D1%82%D1%80%D0%B8%D0%B0%D1%86%D0%B8%D1%8F-%D0%B0%D0%BA%D1%82%D0%B8%D0%B2%D0%BE%D0%B2-%D0%B2-%D1%82%D1%83%D1%80%D1%86%D0%B8%D1%8E-%D0%B2-2026-%D0%B3%D0%BE%D0%B4%D1%83-%D0%BF/"	"301"	"Cindemir Law Office"	""	""	"true"	"false"	"false"
"Href link"	"false"	"https://cindemirlaw.com/fde1068e3bda46a37dd24126f9ec4b09df0c999365011ec71028e1a7d4c45bfdd0fde1068e3bda46a37dd24126f9ec4b09df0c999365011ec71028e1a7d4c45bfdb5fde1068e3bda46a37dd24126f9ec4b09df0c999365011ec71028e1a7d4c45bf/?lang=ru"	"200"	"https://cindemirlaw.com/author/admin/"	"301"	"admin"	""	""	"true"	"false"	"false"
"Href link"	"false"	"https://cindemirlaw.com/nominee-director-in-turkey/"	"200"	"https://cindemirlaw.com/author/admin/"	"301"	"admin"	""	""	"true"	"false"	"false"
"Href link"	"false"	"https://cindemirlaw.com/fde1068e3bda46a37dd24126f9ec4b09df0c999365011ec71028e1a7d4c45bfdd0fde1068e3bda46a37dd24126f9ec4b09df0c999365011ec71028e1a7d4c45bfdbdfde1068e3bda46a37dd24126f9ec4b09df0c999365011ec71028e1a7d4c45bf/?lang=ru"	"200"	"https://cindemirlaw.com/fde1068e3bda46a37dd24126f9ec4b09df0c999365011ec71028e1a7d4c45bfdd0fde1068e3bda46a37dd24126f9ec4b09df0c999365011ec71028e1a7d4c45bfdbafde1068e3bda46a37dd24126f9ec4b09df0c999365011ec71028e1a7d4c45bf/"	"301"	""	""	""	"true"	"false"	"false"
"Href link"	"false"	"https://cindemirlaw.com/escrow-account-turkey/"	"200"	"https://cindemirlaw.com/press/"	"301"	"Press"	""	""	"true"	"false"	"false"
"Sitemap URL"	"false"	"https://cindemirlaw.com/post-sitemap.xml"	"200"	"https://cindemirlaw.com/%D0%BA%D0%B0%D0%BA-%D1%80%D0%B0%D0%B7%D0%B2%D0%B5%D1%81%D1%82%D0%B8%D1%81%D1%8C-%D0%B2-%D1%82%D1%83%D1%80%D1%86%D0%B8%D0%B8/"	"301"	""	""	""	"true"	"true"	"false"
"Href link"	"false"	"https://cindemirlaw.com/%D1%80%D1%83%D0%BA%D0%BE%D0%B2%D0%BE%D0%B4%D1%81%D1%82%D0%B2%D0%BE-%D0%BF%D0%BE-%D0%BF%D1%80%D0%B8%D0%BE%D0%B1%D1%80%D0%B5%D1%82%D0%B5%D0%BD%D0%B8%D1%8E-%D0%B8%D0%BD%D0%BE%D1%81%D1%82%D1%80%D0%B0/?lang=ru"	"200"	"https://cindemirlaw.com/fde1068e3bda46a37dd24126f9ec4b09df0c999365011ec71028e1a7d4c45bfdd0fde1068e3bda46a37dd24126f9ec4b09df0c999365011ec71028e1a7d4c45bfdbafde1068e3bda46a37dd24126f9ec4b09df0c999365011ec71028e1a7d4c45bf/"	"301"	"недвижимость"	""	""	"true"	"false"	"false"
"Href link"	"false"	"https://cindemirlaw.com/fde1068e3bda46a37dd24126f9ec4b09df0c999365011ec71028e1a7d4c45bfdd1fde1068e3bda46a37dd24126f9ec4b09df0c999365011ec71028e1a7d4c45bfd82fde1068e3bda46a37dd24126f9ec4b09df0c999365011ec71028e1a7d4c45bf/?lang=ru"	"200"	"https://cindemirlaw.com/cindemir-law-2/"	"301"	"предприятия"	""	""	"true"	"false"	"false"
"Href link"	"false"	"https://cindemirlaw.com/provisions-of-custody-under-turkish-civil-code/"	"200"	"https://cindemirlaw.com/author/admin/"	"301"	"admin"	""	""	"true"	"false"	"false"
"Sitemap URL"	"false"	"https://cindemirlaw.com/post-sitemap.xml"	"200"	"https://cindemirlaw.com/fde1068e3bda46a37dd24126f9ec4b09df0c999365011ec71028e1a7d4c45bfdd1fde1068e3bda46a37dd24126f9ec4b09df0c999365011ec71028e1a7d4c45bfd81fde1068e3bda46a37dd24126f9ec4b09df0c999365011ec71028e1a7d4c45bf-3/"	"301"	""	""	""	"true"	"true"	"false"
"Href link"	"false"	"https://cindemirlaw.com/%D0%BA%D0%BE%D0%BC%D0%BF%D0%B5%D0%BD%D1%81%D0%B0%D1%86%D0%B8%D0%B8-%D0%BF%D0%BE%D0%BB%D0%BE%D0%B6%D0%B5%D0%BD%D0%BD%D1%8B%D0%B5-%D0%B2-%D1%80%D0%B5%D0%B7%D1%83%D0%BB%D1%8C%D1%82%D0%B0%D1%82%D0%B5/?lang=ru"	"200"	"https://cindemirlaw.com/author/admin/"	"301"	"admin"	""	""	"true"	"false"	"false"
"Href link"	"false"	"https://cindemirlaw.com/turkey-asset-repatriation-2026-legal-framework-for-bringing-foreign-assets-to-turkey/"	"200"	"https://cindemirlaw.com/author/admin/"	"301"	"admin"	""	""	"true"	"false"	"false"
"Href link"	"false"	"https://cindemirlaw.com/fde1068e/?lang=ru"	"200"	"https://cindemirlaw.com/press/"	"301"	"О нас в прессе"	""	""	"true"	"false"	"false"
"Sitemap URL"	"false"	"https://cindemirlaw.com/post-sitemap.xml"	"200"	"https://cindemirlaw.com/fde1068e3bda46a37dd24126f9ec4b09df0c999365011ec71028e1a7d4c45bfdd0fde1068e3bda46a37dd24126f9ec4b09df0c999365011ec71028e1a7d4c45bfdb4fde1068e3bda46a37dd24126f9ec4b09df0c999365011ec71028e1a7d4c45bf/"	"301"	""	""	""	"true"	"true"	"false"
"Href link"	"false"	"https://cindemirlaw.com/our-press-statement-regarding-keshia-handa/"	"200"	"https://cindemirlaw.com/author/admin/"	"301"	"admin"	""	""	"true"	"false"	"false"
"Href link"	"false"	"https://cindemirlaw.com/%D1%80%D0%B5%D0%BF%D0%B0%D1%82%D1%80%D0%B8%D0%B0%D1%86%D0%B8%D1%8F-%D0%B0%D0%BA%D1%82%D0%B8%D0%B2%D0%BE%D0%B2-%D0%B2-%D1%82%D1%83%D1%80%D1%86%D0%B8%D1%8E-%D0%B2-2026-%D0%B3%D0%BE%D0%B4%D1%83-%D0%BF/?lang=ru"	"200"	"https://cindemirlaw.com/fde1068e3bda46a37dd24126f9ec4b09df0c999365011ec71028e1a7d4c45bfdd0fde1068e3bda46a37dd24126f9ec4b09df0c999365011ec71028e1a7d4c45bfdb1fde1068e3bda46a37dd24126f9ec4b09df0c999365011ec71028e1a7d4c45bf/"	"301"	"ценные бумаги"	""	""	"true"	"false"	"false"
"Href link"	"false"	"https://cindemirlaw.com/gokhan-cindemir-2/"	"200"	"https://cindemirlaw.com/author/admin/"	"301"	"admin"	""	""	"true"	"false"	"false"
"Href link"	"false"	"https://cindemirlaw.com/fde1068e3bda46a37dd24126f9ec4b09df0c999365011ec71028e1a7d4c45bfdd0fde1068e3bda46a37dd24126f9ec4b09df0c999365011ec71028e1a7d4c45bfdb7fde1068e3bda46a37dd24126f9ec4b09df0c999365011ec71028e1a7d4c45bf/?lang=ru"	"200"	"https://cindemirlaw.com/%D0%B2%D0%B8%D0%B4%D1%8B-%D0%BA%D0%BE%D0%BC%D0%BF%D0%B0%D0%BD%D0%B8%D0%B8-%D0%B2-%D1%82%D1%83%D1%80%D1%86%D0%B8%D0%B8/"	"301"	"юридическая фирма"	""	""	"true"	"false"	"false"
"Sitemap URL"	"false"	"https://cindemirlaw.com/post-sitemap.xml"	"200"	"https://cindemirlaw.com/%D1%80%D1%83%D1%81%D1%81%D0%BA%D0%BE%D1%8F%D0%B7%D1%8B%D1%87%D0%BD%D1%8B%D0%B9-%D1%8E%D1%80%D0%B8%D1%81%D1%82-%D0%B2-%D1%82%D1%83%D1%80%D1%86%D0%B8%D0%B8-%D1%8E%D1%80%D0%B8%D0%B4%D0%B8%D1%87/"	"301"	""	""	""	"true"	"true"	"false"
"Href link"	"false"	"https://cindemirlaw.com/legal-support-for-visiting-foreign-nationals-in-turkish-prisons/"	"200"	"https://cindemirlaw.com/press/"	"301"	"Press"	""	""	"true"	"false"	"false"
"Href link"	"false"	"https://cindemirlaw.com/electric-distribution-and-transmission-in-turkey/"	"200"	"https://cindemirlaw.com/press/"	"301"	"Press"	""	""	"true"	"false"	"false"
"Sitemap URL"	"false"	"https://cindemirlaw.com/post-sitemap.xml"	"200"	"https://cindemirlaw.com/cindemir-law-2/"	"301"	""	""	""	"true"	"true"	"false"
"Href link"	"false"	"https://cindemirlaw.com/training/"	"200"	"https://cindemirlaw.com/press/"	"301"	"Press"	""	""	"true"	"false"	"false"
"Href link"	"false"	"https://cindemirlaw.com/hakan-cindemir-attorney-at-law-senior-attorney-of-the-law-office/"	"200"	"https://cindemirlaw.com/link4/"	"301"	"."	""	""	"true"	"false"	"false"
"Href link"	"false"	"https://cindemirlaw.com/%D1%80%D1%83%D0%BA%D0%BE%D0%B2%D0%BE%D0%B4%D1%81%D1%82%D0%B2%D0%BE-%D0%BF%D0%BE-%D0%BF%D1%80%D0%B8%D0%BE%D0%B1%D1%80%D0%B5%D1%82%D0%B5%D0%BD%D0%B8%D1%8E-%D0%B8%D0%BD%D0%BE%D1%81%D1%82%D1%80%D0%B0/?lang=ru"	"200"	"https://cindemirlaw.com/press/"	"301"	"О нас в прессе"	""	""	"true"	"false"	"false"
"Href link"	"false"	"https://cindemirlaw.com/articles/?lang=zh-hans"	"200"	"https://cindemirlaw.com/press/"	"301"	"支持"	""	""	"true"	"false"	"false"
"Href link"	"false"	"https://cindemirlaw.com/independent-certified-public-accountant-financial-consultant-taner-cevik/"	"200"	"https://cindemirlaw.com/press/"	"301"	"Press"	""	""	"true"	"false"	"false"
"Sitemap URL"	"false"	"https://cindemirlaw.com/post-sitemap.xml"	"200"	"https://cindemirlaw.com/%D1%80%D0%B5%D0%BF%D0%B0%D1%82%D1%80%D0%B8%D0%B0%D1%86%D0%B8%D1%8F-%D0%B0%D0%BA%D1%82%D0%B8%D0%B2%D0%BE%D0%B2-%D0%B2-%D1%82%D1%83%D1%80%D1%86%D0%B8%D1%8E-%D0%B2-2026-%D0%B3%D0%BE%D0%B4%D1%83-%D0%BF/"	"301"	""	""	""	"true"	"true"	"false"
"Href link"	"false"	"https://cindemirlaw.com/articles/?lang=ru"	"200"	"https://cindemirlaw.com/fde1068e3bda46a37dd24126f9ec4b09df0c999365011ec71028e1a7d4c45bfdd0fde1068e3bda46a37dd24126f9ec4b09df0c999365011ec71028e1a7d4c45bfdb0fde1068e3bda46a37dd24126f9ec4b09df0c999365011ec71028e1a7d4c45bf/"	"301"	"Административное Право"	""	""	"true"	"false"	"false"
"Href link"	"false"	"https://cindemirlaw.com/fde1068e3bda46a37dd24126f9ec4b09df0c999365011ec71028e1a7d4c45bfdd1fde1068e3bda46a37dd24126f9ec4b09df0c999365011ec71028e1a7d4c45bfd81fde1068e3bda46a37dd24126f9ec4b09df0c999365011ec71028e1a7d4c45bf-2/?lang=ru"	"200"	"https://cindemirlaw.com/press/"	"301"	"О нас в прессе"	""	""	"true"	"false"	"false"
"Href link"	"false"	"https://cindemirlaw.com/%D0%BF%D1%80%D0%B5%D1%81%D1%82%D1%83%D0%BF%D0%BB%D0%B5%D0%BD%D0%B8%D1%8F-%D1%81-%D0%BA%D1%80%D0%B8%D0%BF%D1%82%D0%BE%D0%B2%D0%B0%D0%BB%D1%8E%D1%82%D0%BE%D0%B9-%D0%B2-%D1%82%D1%83%D1%80%D1%86%D0%B8/"	"200"	"https://cindemirlaw.com/press/"	"301"	"Press"	""	""	"true"	"false"	"false"
"Href link"	"false"	"https://cindemirlaw.com/fde1068e3bda46a37dd24126f9ec4b09df0c999365011ec71028e1a7d4c45bfdd0fde1068e3bda46a37dd24126f9ec4b09df0c999365011ec71028e1a7d4c45bfdb0fde1068e3bda46a37dd24126f9ec4b09df0c999365011ec71028e1a7d4c45bf/?lang=ru"	"200"	"https://cindemirlaw.com/fde1068e3bda46a37dd24126f9ec4b09df0c999365011ec71028e1a7d4c45bfdd0fde1068e3bda46a37dd24126f9ec4b09df0c999365011ec71028e1a7d4c45bfdb1fde1068e3bda46a37dd24126f9ec4b09df0c999365011ec71028e1a7d4c45bf/"	"301"	"Link to: Банковское дело и финансы"	""	""	"true"	"false"	"false"
"Href link"	"false"	"https://cindemirlaw.com/%D1%81%D1%82%D0%B0%D1%82%D1%83%D1%81-%D0%B1%D0%B5%D0%B6%D0%B5%D0%BD%D1%86%D0%B0-%D0%B2-%D1%82%D1%83%D1%80%D1%86%D0%B8%D0%B8/?lang=ru"	"200"	"https://cindemirlaw.com/press/"	"301"	"О нас в прессе"	""	""	"true"	"false"	"false"
"Href link"	"false"	"https://cindemirlaw.com/articles/?lang=ru"	"200"	"https://cindemirlaw.com/%D1%81%D1%82%D0%B0%D1%82%D1%83%D1%81-%D0%B1%D0%B5%D0%B6%D0%B5%D0%BD%D1%86%D0%B0-%D0%B2-%D1%82%D1%83%D1%80%D1%86%D0%B8%D0%B8/"	"301"	"Статус Беженца в Турции"	""	""	"true"	"false"	"false"
"Href link"	"false"	"https://cindemirlaw.com/%D1%83%D0%B4%D0%B0%D0%BB%D0%B5%D0%BD%D0%B8%D0%B5-%D1%81%D1%83%D0%B4%D0%B8%D0%BC%D0%BE%D1%81%D1%82%D0%B8-%D0%B2-%D1%82%D1%83%D1%80%D1%86%D0%B8%D0%B8-%D0%B4%D0%BB%D1%8F-%D0%B8%D0%BD%D0%BE%D1%81%D1%82/?lang=ru"	"200"	"https://cindemirlaw.com/press/"	"301"	"О нас в прессе"	""	""	"true"	"false"	"false"
"Href link"	"false"	"https://cindemirlaw.com/fde1068e3bda46a37dd24126f9ec4b09df0c999365011ec71028e1a7d4c45bfdd0fde1068e3bda46a37dd24126f9ec4b09df0c999365011ec71028e1a7d4c45bfdb3fde1068e3bda46a37dd24126f9ec4b09df0c999365011ec71028e1a7d4c45bf/?lang=ru"	"200"	"https://cindemirlaw.com/%D0%B2%D0%B8%D0%B4%D1%8B-%D0%BA%D0%BE%D0%BC%D0%BF%D0%B0%D0%BD%D0%B8%D0%B8-%D0%B2-%D1%82%D1%83%D1%80%D1%86%D0%B8%D0%B8/"	"301"	""	""	""	"true"	"false"	"false"
"Href link"	"false"	"https://cindemirlaw.com/%D1%87%D1%82%D0%BE-%D1%82%D0%B0%D0%BA%D0%BE%D0%B5-%D0%B7%D0%B0%D1%8F%D0%B2%D0%BB%D0%B5%D0%BD%D0%B8%D0%B5-%D0%B2-%D0%B5%D1%81%D0%BF%D1%87-%D0%BA%D1%82%D0%BE-%D0%BC%D0%BE%D0%B6%D0%B5%D1%82-%D0%BF%D0%BE/?lang=ru"	"200"	"https://cindemirlaw.com/fde1068e3bda46a37dd24126f9ec4b09df0c999365011ec71028e1a7d4c45bfdd1fde1068e3bda46a37dd24126f9ec4b09df0c999365011ec71028e1a7d4c45bfd81fde1068e3bda46a37dd24126f9ec4b09df0c999365011ec71028e1a7d4c45bf-3/"	"301"	"судебное разбирательство"	""	""	"true"	"false"	"false"
"Href link"	"false"	"https://cindemirlaw.com/services/"	"200"	"https://cindemirlaw.com/press/"	"301"	"Press"	""	""	"true"	"false"	"false"
"Href link"	"false"	"https://cindemirlaw.com/intentional-injury-resulting-in-death-under-turkish-criminal-law/"	"200"	"https://cindemirlaw.com/author/admin/"	"301"	"admin"	""	""	"true"	"false"	"false"
"Href link"	"false"	"https://cindemirlaw.com/%D0%BF%D1%80%D0%B0%D0%B2%D0%B0-%D0%B8-%D0%BE%D0%B1%D1%8F%D0%B7%D0%B0%D0%BD%D0%BD%D0%BE%D1%81%D1%82%D0%B8/?lang=ru"	"200"	"https://cindemirlaw.com/%D1%81%D0%BE%D0%B7%D0%B4%D0%B0%D0%BD%D0%B8%D0%B5-%D0%BA%D0%BE%D0%BC%D0%BF%D0%B0%D0%BD%D0%B8%D0%B8-%D1%81-%D0%BE%D0%B3%D1%80%D0%B0%D0%BD%D0%B8%D1%87%D0%B5%D0%BD%D0%BD%D0%BE%D0%B9-%D0%BE%D1%82%D0%B2/"	"301"	"Link to: создание компании с ограниченной ответственностью в Турции"	""	""	"true"	"false"	"false"
"Href link"	"false"	"https://cindemirlaw.com/real-estate-conveyancing/"	"200"	"https://cindemirlaw.com/press/"	"301"	"Press"	""	""	"true"	"false"	"false"
"Href link"	"false"	"https://cindemirlaw.com/%D1%80%D1%83%D0%BA%D0%BE%D0%B2%D0%BE%D0%B4%D1%81%D1%82%D0%B2%D0%BE-%D0%BF%D0%BE-%D0%BF%D1%80%D0%B8%D0%BE%D0%B1%D1%80%D0%B5%D1%82%D0%B5%D0%BD%D0%B8%D1%8E-%D0%B8%D0%BD%D0%BE%D1%81%D1%82%D1%80%D0%B0/?lang=ru"	"200"	"https://cindemirlaw.com/%D0%B2%D0%B8%D0%B4%D1%8B-%D0%BA%D0%BE%D0%BC%D0%BF%D0%B0%D0%BD%D0%B8%D0%B8-%D0%B2-%D1%82%D1%83%D1%80%D1%86%D0%B8%D0%B8/"	"301"	"Link to: открытие фирмы в турции"	""	""	"true"	"false"	"false"
"Href link"	"false"	"https://cindemirlaw.com/fde1068e3bda46a37dd24126f9ec4b09df0c999365011ec71028e1a7d4c45bfdd0fde1068e3bda46a37dd24126f9ec4b09df0c999365011ec71028e1a7d4c45bfdb0fde1068e3bda46a37dd24126f9ec4b09df0c999365011ec71028e1a7d4c45bf/?lang=ru"	"200"	"https://cindemirlaw.com/author/admin/"	"301"	"admin"	""	""	"true"	"false"	"false"
"Href link"	"false"	"https://cindemirlaw.com/online-appointment-booking/"	"200"	"https://cindemirlaw.com/press/"	"301"	"Press"	""	""	"true"	"false"	"false"
"Href link"	"false"	"https://cindemirlaw.com/articles/?lang=ru"	"200"	"https://cindemirlaw.com/cindemir-law-2/"	"301"	"Cindemir Law Office – турецкая юридическая"	""	""	"true"	"false"	"false"
"Href link"	"false"	"https://cindemirlaw.com/turkey-crypto-crimes-legal-landscape-enforcement-and-investor-protection/"	"200"	"https://cindemirlaw.com/author/admin/"	"301"	"admin"	""	""	"true"	"false"	"false"
"Href link"	"false"	"https://cindemirlaw.com/obtaining-an-e-devlet-password-in-turkey-through-a-power-of-attorney/?lang=ru"	"200"	"https://cindemirlaw.com/press/"	"301"	"О нас в прессе"	""	""	"true"	"false"	"false"
"Href link"	"false"	"https://cindemirlaw.com/statute-of-limitations-related-to-personal-injury-cases-in-turkey/"	"200"	"https://cindemirlaw.com/author/admin/"	"301"	"admin"	""	""	"true"	"false"	"false"
"Href link"	"false"	"https://cindemirlaw.com/%D0%BD%D0%B0%D1%81%D0%BB%D0%B5%D0%B4%D1%81%D1%82%D0%B2%D0%B5%D0%BD%D0%BD%D0%BE%D0%B5-%D0%BF%D1%80%D0%B0%D0%B2%D0%BE-%D1%82%D1%83%D1%80%D1%86%D0%B8%D0%B8-2/?lang=ru"	"200"	"https://cindemirlaw.com/%D0%BA%D0%BE%D0%BC%D0%BF%D0%B5%D0%BD%D1%81%D0%B0%D1%86%D0%B8%D0%B8-%D0%BF%D0%BE%D0%BB%D0%BE%D0%B6%D0%B5%D0%BD%D0%BD%D1%8B%D0%B5-%D0%B2-%D1%80%D0%B5%D0%B7%D1%83%D0%BB%D1%8C%D1%82%D0%B0%D1%82%D0%B5/"	"301"	"Турецкое законодательство"	""	""	"true"	"false"	"false"
"Href link"	"false"	"https://cindemirlaw.com/enforcement-of-foreign-judgments-austria-in-turkey/"	"200"	"https://cindemirlaw.com/press/"	"301"	"Press"	""	""	"true"	"false"	"false"
"Href link"	"false"	"https://cindemirlaw.com/airport-customs-seizures-and-smuggling-offences-under-turkish-law/"	"200"	"https://cindemirlaw.com/author/admin/"	"301"	"admin"	""	""	"true"	"false"	"false"
"Href link"	"false"	"https://cindemirlaw.com/articles/?lang=ru"	"200"	"https://cindemirlaw.com/%D0%B2%D1%82%D0%BE%D1%80%D0%B8%D1%87%D0%BD%D0%B0%D1%8F-%D0%B7%D0%B0%D1%89%D0%B8%D1%82%D0%B0/"	"301"	"Вторичная Защита"	""	""	"true"	"false"	"false"
"Href link"	"false"	"https://cindemirlaw.com/corporate-commercial/"	"200"	"https://cindemirlaw.com/author/admin/"	"301"	"admin"	""	""	"true"	"false"	"false"
"Href link"	"false"	"https://cindemirlaw.com/%D0%BD%D0%B0%D1%81%D0%BB%D0%B5%D0%B4%D1%81%D1%82%D0%B2%D0%B5%D0%BD%D0%BD%D0%BE%D0%B5-%D0%BF%D1%80%D0%B0%D0%B2%D0%BE-%D1%82%D1%83%D1%80%D1%86%D0%B8%D0%B8-2/?lang=ru"	"200"	"https://cindemirlaw.com/%D1%82%D0%B8%D0%BF%D1%8B-%D0%BA%D0%BE%D0%BC%D0%BF%D0%B0%D0%BD%D0%B8%D0%B9-%D0%B2-%D1%82%D1%83%D1%80%D1%86%D0%B8%D0%B8/"	"301"	"Link to: типы компаний в Турции"	""	""	"true"	"false"	"false"
"Href link"	"false"	"https://cindemirlaw.com/%D1%82%D0%B8%D0%BF%D1%8B-%D0%BA%D0%BE%D0%BC%D0%BF%D0%B0%D0%BD%D0%B8%D0%B9-%D0%B2-%D1%82%D1%83%D1%80%D1%86%D0%B8%D0%B8/?lang=ru"	"200"	"https://cindemirlaw.com/%D0%BD%D0%B0%D1%81%D0%BB%D0%B5%D0%B4%D1%81%D1%82%D0%B2%D0%B5%D0%BD%D0%BD%D0%BE%D0%B5-%D0%BF%D1%80%D0%B0%D0%B2%D0%BE-%D1%82%D1%83%D1%80%D1%86%D0%B8%D0%B8-2/"	"301"	"Link to: Наследственное Право Турции – Cindemir Law"	""	""	"true"	"false"	"false"
"Href link"	"false"	"https://cindemirlaw.com/anti-dumping-measures/"	"200"	"https://cindemirlaw.com/press/"	"301"	"Press"	""	""	"true"	"false"	"false"
"Href link"	"false"	"https://cindemirlaw.com/articles/?lang=ru"	"200"	"https://cindemirlaw.com/press/"	"301"	"О нас в прессе"	""	""	"true"	"false"	"false"
"Href link"	"false"	"https://cindemirlaw.com/articles/?lang=ru"	"200"	"https://cindemirlaw.com/%D0%BA%D0%B0%D0%BA-%D0%BE%D1%82%D0%BA%D1%80%D1%8B%D1%82%D1%8C-%D0%BA%D0%BE%D0%BC%D0%BF%D0%B0%D0%BD%D0%B8%D1%8E-%D0%B2-%D1%82%D1%83%D1%80%D1%86%D0%B8%D0%B8-%D0%BF%D0%BE%D1%88%D0%B0%D0%B3%D0%BE%D0%B2/"	"301"	"Как открыть компанию в Турции: Пошаговое руководство"	""	""	"true"	"false"	"false"
"Href link"	"false"	"https://cindemirlaw.com/international-apostille-services-in-turkey/"	"200"	"https://cindemirlaw.com/author/admin/"	"301"	"admin"	""	""	"true"	"false"	"false"
"Href link"	"false"	"https://cindemirlaw.com/some-notes-about-opening-a-bank-account-for-a-foreign-company-in-turkey/"	"200"	"https://cindemirlaw.com/author/admin/"	"301"	"admin"	""	""	"true"	"false"	"false"
"Href link"	"false"	"https://cindemirlaw.com/%D0%B2%D1%82%D0%BE%D1%80%D0%B8%D1%87%D0%BD%D0%B0%D1%8F-%D0%B7%D0%B0%D1%89%D0%B8%D1%82%D0%B0/?lang=ru"	"200"	"https://cindemirlaw.com/author/admin/"	"301"	"admin"	""	""	"true"	"false"	"false"
"Href link"	"false"	"https://cindemirlaw.com/%D0%BA%D0%BE%D0%BC%D0%BF%D0%B5%D0%BD%D1%81%D0%B0%D1%86%D0%B8%D0%B8-%D0%BF%D0%BE%D0%BB%D0%BE%D0%B6%D0%B5%D0%BD%D0%BD%D1%8B%D0%B5-%D0%B2-%D1%80%D0%B5%D0%B7%D1%83%D0%BB%D1%8C%D1%82%D0%B0%D1%82%D0%B5/?lang=ru"	"200"	"https://cindemirlaw.com/press/"	"301"	"О нас в прессе"	""	""	"true"	"false"	"false"
"Href link"	"false"	"https://cindemirlaw.com/eu-legal-representative-services-for-ai-companies-outside-the-european-union/"	"200"	"https://www.cindemirlaw.com/"	"301"	"www.cindemirlaw.com"	""	""	"true"	"false"	"false"
"Href link"	"false"	"https://cindemirlaw.com/consequences-of-a-divorce-decision-in-turkey/"	"200"	"https://cindemirlaw.com/author/admin/"	"301"	"admin"	""	""	"true"	"false"	"false"
"Href link"	"false"	"https://cindemirlaw.com/stati/"	"200"	"https://cindemirlaw.com/press/"	"301"	"Press"	""	""	"true"	"false"	"false"
"Href link"	"false"	"https://cindemirlaw.com/turkish-procedural-law/"	"200"	"https://cindemirlaw.com/author/admin/"	"301"	"admin"	""	""	"true"	"false"	"false"
"Sitemap URL"	"false"	"https://cindemirlaw.com/post-sitemap.xml"	"200"	"https://cindemirlaw.com/link13/"	"301"	""	""	""	"true"	"true"	"false"
"Href link"	"false"	"https://cindemirlaw.com/crypto-asset-fraud-common-schemes-legal-analysis-what-victims-should-do/"	"200"	"https://cindemirlaw.com/press/"	"301"	"Press"	""	""	"true"	"false"	"false"
"Href link"	"false"	"https://cindemirlaw.com/legal-rights-of-foreign-nationals-in-police-custody-in-istanbul/"	"200"	"https://cindemirlaw.com/press/"	"301"	"Press"	""	""	"true"	"false"	"false"
"Href link"	"false"	"https://cindemirlaw.com/cindemir-law-2/?lang=ru"	"200"	"https://cindemirlaw.com/fde1068e3bda46a37dd24126f9ec4b09df0c999365011ec71028e1a7d4c45bfdd0fde1068e3bda46a37dd24126f9ec4b09df0c999365011ec71028e1a7d4c45bfdb5fde1068e3bda46a37dd24126f9ec4b09df0c999365011ec71028e1a7d4c45bf/"	"301"	"услуги"	""	""	"true"	"false"	"false"
"Href link"	"false"	"https://cindemirlaw.com/legal-status-of-late-registered-turkish-citizens-concerning-military-service-obligations-under-law-no-7179/"	"200"	"https://cindemirlaw.com/author/admin/"	"301"	"admin"	""	""	"true"	"false"	"false"
"Sitemap URL"	"false"	"https://cindemirlaw.com/post-sitemap.xml"	"200"	"https://cindemirlaw.com/%D0%BA%D0%BE%D0%BC%D0%BF%D0%B5%D0%BD%D1%81%D0%B0%D1%86%D0%B8%D0%B8-%D0%BF%D0%BE%D0%BB%D0%BE%D0%B6%D0%B5%D0%BD%D0%BD%D1%8B%D0%B5-%D0%B2-%D1%80%D0%B5%D0%B7%D1%83%D0%BB%D1%8C%D1%82%D0%B0%D1%82%D0%B5/"	"301"	""	""	""	"true"	"true"	"false"
"Href link"	"false"	"https://cindemirlaw.com/turkish-law-of-torts/"	"200"	"https://cindemirlaw.com/author/admin/"	"301"	"admin"	""	""	"true"	"false"	"false"
"Href link"	"false"	"https://cindemirlaw.com/our-press-statement-regarding-keshia-handa/"	"200"	"https://cindemirlaw.com/press/"	"301"	"Press"	""	""	"true"	"false"	"false"
"Sitemap URL"	"false"	"https://cindemirlaw.com/post-sitemap.xml"	"200"	"https://cindemirlaw.com/fde1068e3bda46a37dd24126f9ec4b09df0c999365011ec71028e1a7d4c45bfdd1fde1068e3bda46a37dd24126f9ec4b09df0c999365011ec71028e1a7d4c45bfd81fde1068e3bda46a37dd24126f9ec4b09df0c999365011ec71028e1a7d4c45bf-2/"	"301"	""	""	""	"true"	"true"	"false"
"Sitemap URL"	"false"	"https://cindemirlaw.com/post-sitemap.xml"	"200"	"https://cindemirlaw.com/%D0%BA%D0%B0%D0%BA-%D0%BE%D1%82%D0%BA%D1%80%D1%8B%D1%82%D1%8C-%D0%BA%D0%BE%D0%BC%D0%BF%D0%B0%D0%BD%D0%B8%D1%8E-%D0%B2-%D1%82%D1%83%D1%80%D1%86%D0%B8%D0%B8-%D0%BF%D0%BE%D1%88%D0%B0%D0%B3%D0%BE%D0%B2/"	"301"	""	""	""	"true"	"true"	"false"
"Href link"	"false"	"https://cindemirlaw.com/?lang=ru"	"200"	"https://cindemirlaw.com/%D1%80%D0%B5%D0%BF%D0%B0%D1%82%D1%80%D0%B8%D0%B0%D1%86%D0%B8%D1%8F-%D0%B0%D0%BA%D1%82%D0%B8%D0%B2%D0%BE%D0%B2-%D0%B2-%D1%82%D1%83%D1%80%D1%86%D0%B8%D1%8E-%D0%B2-2026-%D0%B3%D0%BE%D0%B4%D1%83-%D0%BF/"	"301"	"Cindemir law office"	""	""	"true"	"false"	"false"
"Href link"	"false"	"https://cindemirlaw.com/%D1%81%D0%BE%D0%B7%D0%B4%D0%B0%D0%BD%D0%B8%D0%B5-%D0%BA%D0%BE%D0%BC%D0%BF%D0%B0%D0%BD%D0%B8%D0%B8-%D1%81-%D0%BE%D0%B3%D1%80%D0%B0%D0%BD%D0%B8%D1%87%D0%B5%D0%BD%D0%BD%D0%BE%D0%B9-%D0%BE%D1%82%D0%B2/?lang=ru"	"200"	"https://cindemirlaw.com/%D0%B2%D0%B8%D0%B4%D1%8B-%D0%BA%D0%BE%D0%BC%D0%BF%D0%B0%D0%BD%D0%B8%D0%B8-%D0%B2-%D1%82%D1%83%D1%80%D1%86%D0%B8%D0%B8/"	"301"	"Link to: открытие фирмы в турции"	""	""	"true"	"false"	"false"
"Href link"	"false"	"https://cindemirlaw.com/%D0%B7%D0%B0%D0%B4%D0%B5%D1%80%D0%B6%D0%B0%D0%BD%D0%B8%D0%B5-%D0%B2-%D0%B0%D1%8D%D1%80%D0%BE%D0%BF%D0%BE%D1%80%D1%82%D1%83-%D1%82%D1%83%D1%80%D1%86%D0%B8%D0%B8-%D0%BF%D1%80%D0%B0%D0%B2%D0%BE%D0%B2/?lang=ru"	"200"	"https://cindemirlaw.com/fde1068e/"	"301"	"Турция"	""	""	"true"	"false"	"false"
"Href link"	"false"	"https://cindemirlaw.com/%D1%82%D0%B8%D0%BF%D1%8B-%D0%BA%D0%BE%D0%BC%D0%BF%D0%B0%D0%BD%D0%B8%D0%B9-%D0%B2-%D1%82%D1%83%D1%80%D1%86%D0%B8%D0%B8/?lang=ru"	"200"	"https://cindemirlaw.com/cindemir-law-2/"	"301"	"предприятия"	""	""	"true"	"false"	"false"
"Href link"	"false"	"https://cindemirlaw.com/%D1%81%D1%82%D0%B0%D1%82%D1%83%D1%81-%D1%83%D1%81%D0%BB%D0%BE%D0%B2%D0%BD%D0%BE%D0%B3%D0%BE-%D0%B1%D0%B5%D0%B6%D0%B5%D0%BD%D1%86%D0%B0/?lang=ru"	"200"	"https://cindemirlaw.com/%D0%B3%D1%83%D0%BC%D0%B0%D0%BD%D0%B8%D1%82%D0%B0%D1%80%D0%BD%D1%8B%D0%B9-%D0%B2%D0%B8%D0%B4-%D0%BD%D0%B0-%D0%B6%D0%B8%D1%82%D0%B5%D0%BB%D1%8C%D1%81%D1%82%D0%B2%D0%BE-%D0%B2-%D1%82%D1%83%D1%80%D1%86/"	"301"	"Link to: Гуманитарный Вид на Жительство в Турции"	""	""	"true"	"false"	"false"
"Href link"	"false"	"https://cindemirlaw.com/articles/?lang=ru"	"200"	"https://cindemirlaw.com/%D0%B3%D1%83%D0%BC%D0%B0%D0%BD%D0%B8%D1%82%D0%B0%D1%80%D0%BD%D1%8B%D0%B9-%D0%B2%D0%B8%D0%B4-%D0%BD%D0%B0-%D0%B6%D0%B8%D1%82%D0%B5%D0%BB%D1%8C%D1%81%D1%82%D0%B2%D0%BE-%D0%B2-%D1%82%D1%83%D1%80%D1%86/"	"301"	"Гуманитарный Вид на Жительство в Турции"	""	""	"true"	"false"	"false"
"Href link"	"false"	"https://cindemirlaw.com/fde1068e3bda46a37dd24126f9ec4b09df0c999365011ec71028e1a7d4c45bfdd0fde1068e3bda46a37dd24126f9ec4b09df0c999365011ec71028e1a7d4c45bfdb0fde1068e3bda46a37dd24126f9ec4b09df0c999365011ec71028e1a7d4c45bf-2/"	"200"	"https://cindemirlaw.com/press/"	"301"	"Press"	""	""	"true"	"false"	"false"
"Href link"	"false"	"https://cindemirlaw.com/what-are-the-limitations-of-a-will-under-turkish-law/"	"200"	"https://cindemirlaw.com/press/"	"301"	"Press"	""	""	"true"	"false"	"false"
"Href link"	"false"	"https://cindemirlaw.com/turkish-succession-law/"	"200"	"https://cindemirlaw.com/press/"	"301"	"Press"	""	""	"true"	"false"	"false"
"Href link"	"false"	"https://cindemirlaw.com/appointment/"	"200"	"https://cindemirlaw.com/press/"	"301"	"Press"	""	""	"true"	"false"	"false"
"Href link"	"false"	"https://cindemirlaw.com/fde1068e3bda46a37dd24126f9ec4b09df0c999365011ec71028e1a7d4c45bfdd1fde1068e3bda46a37dd24126f9ec4b09df0c999365011ec71028e1a7d4c45bfd83fde1068e3bda46a37dd24126f9ec4b09df0c999365011ec71028e1a7d4c45bf/?lang=ru"	"200"	"https://cindemirlaw.com/fde1068e3bda46a37dd24126f9ec4b09df0c999365011ec71028e1a7d4c45bfdd1fde1068e3bda46a37dd24126f9ec4b09df0c999365011ec71028e1a7d4c45bfd82fde1068e3bda46a37dd24126f9ec4b09df0c999365011ec71028e1a7d4c45bf/"	"301"	"Link to: Трудовое право"	""	""	"true"	"false"	"false"
"Href link"	"false"	"https://cindemirlaw.com/articles/?lang=ru"	"200"	"https://cindemirlaw.com/author/admin/"	"301"	"admin"	""	""	"true"	"false"	"false"
"Href link"	"false"	"https://cindemirlaw.com/hakan-cindemir-2/"	"200"	"https://cindemirlaw.com/press/"	"301"	"Press"	""	""	"true"	"false"	"false"
"Href link"	"false"	"https://cindemirlaw.com/obtaining-a-criminal-record-certificate-in-turkey-a-step-by-step-guide/"	"200"	"https://cindemirlaw.com/author/admin/"	"301"	"admin"	""	""	"true"	"false"	"false"
"Href link"	"false"	"https://cindemirlaw.com/articles/?lang=ru"	"200"	"https://cindemirlaw.com/fde1068e/"	"301"	"Как развестись в Турции"	""	""	"true"	"false"	"false"
"Href link"	"false"	"https://cindemirlaw.com/%D0%BD%D0%B0%D1%81%D0%BB%D0%B5%D0%B4%D1%81%D1%82%D0%B2%D0%B5%D0%BD%D0%BD%D0%BE%D0%B5-%D0%BF%D1%80%D0%B0%D0%B2%D0%BE-%D1%82%D1%83%D1%80%D1%86%D0%B8%D0%B8/?lang=ru"	"200"	"https://cindemirlaw.com/%D0%BA%D0%BE%D0%BC%D0%BF%D0%B5%D0%BD%D1%81%D0%B0%D1%86%D0%B8%D0%B8-%D0%BF%D0%BE%D0%BB%D0%BE%D0%B6%D0%B5%D0%BD%D0%BD%D1%8B%D0%B5-%D0%B2-%D1%80%D0%B5%D0%B7%D1%83%D0%BB%D1%8C%D1%82%D0%B0%D1%82%D0%B5/"	"301"	"Турецкое законодательство"	""	""	"true"	"false"	"false"
"Href link"	"false"	"https://cindemirlaw.com/family-heritage/"	"200"	"https://cindemirlaw.com/press/"	"301"	"Press"	""	""	"true"	"false"	"false"
"Href link"	"false"	"https://cindemirlaw.com/fde1068e3bda46a37dd24126f9ec4b09df0c999365011ec71028e1a7d4c45bfdd1fde1068e3bda46a37dd24126f9ec4b09df0c999365011ec71028e1a7d4c45bfd83fde1068e3bda46a37dd24126f9ec4b09df0c999365011ec71028e1a7d4c45bf-2/?lang=ru"	"200"	"https://cindemirlaw.com/author/admin/"	"301"	"admin"	""	""	"true"	"false"	"false"
"Href link"	"false"	"https://cindemirlaw.com/fde1068e3bda46a37dd24126f9ec4b09df0c999365011ec71028e1a7d4c45bfdd1fde1068e3bda46a37dd24126f9ec4b09df0c999365011ec71028e1a7d4c45bfd82fde1068e3bda46a37dd24126f9ec4b09df0c999365011ec71028e1a7d4c45bf/?lang=ru"	"200"	"https://cindemirlaw.com/author/admin/"	"301"	"admin"	""	""	"true"	"false"	"false"
"Href link"	"false"	"https://cindemirlaw.com/tag/prescription/"	"200"	"https://cindemirlaw.com/press/"	"301"	"Press"	""	""	"true"	"true"	"false"
"Href link"	"false"	"https://cindemirlaw.com/definition-regarding-conflict-of-laws-in-turkey/"	"200"	"https://cindemirlaw.com/press/"	"301"	"Press"	""	""	"true"	"false"	"false"
"Href link"	"false"	"https://cindemirlaw.com/%D1%87%D1%82%D0%BE-%D1%82%D0%B0%D0%BA%D0%BE%D0%B5-%D0%B7%D0%B0%D1%8F%D0%B2%D0%BB%D0%B5%D0%BD%D0%B8%D0%B5-%D0%B2-%D0%B5%D1%81%D0%BF%D1%87-%D0%BA%D1%82%D0%BE-%D0%BC%D0%BE%D0%B6%D0%B5%D1%82-%D0%BF%D0%BE/?lang=ru"	"200"	"https://cindemirlaw.com/fde1068e/"	"301"	"Турция"	""	""	"true"	"false"	"false"
"Sitemap URL"	"false"	"https://cindemirlaw.com/post-sitemap.xml"	"200"	"https://cindemirlaw.com/%D1%87%D1%82%D0%BE-%D1%82%D0%B0%D0%BA%D0%BE%D0%B5-%D0%B7%D0%B0%D1%8F%D0%B2%D0%BB%D0%B5%D0%BD%D0%B8%D0%B5-%D0%B2-%D0%B5%D1%81%D0%BF%D1%87-%D0%BA%D1%82%D0%BE-%D0%BC%D0%BE%D0%B6%D0%B5%D1%82-%D0%BF%D0%BE/"	"301"	""	""	""	"true"	"true"	"false"
"Href link"	"false"	"https://cindemirlaw.com/the-scope-of-turkish-labor-law/"	"200"	"https://cindemirlaw.com/author/admin/"	"301"	"admin"	""	""	"true"	"false"	"false"
"Href link"	"false"	"https://cindemirlaw.com/fde1068e3bda46a37dd24126f9ec4b09df0c999365011ec71028e1a7d4c45bfdd1fde1068e3bda46a37dd24126f9ec4b09df0c999365011ec71028e1a7d4c45bfd82fde1068e3bda46a37dd24126f9ec4b09df0c999365011ec71028e1a7d4c45bf/?lang=ru"	"200"	"https://cindemirlaw.com/fde1068e3bda46a37dd24126f9ec4b09df0c999365011ec71028e1a7d4c45bfdd1fde1068e3bda46a37dd24126f9ec4b09df0c999365011ec71028e1a7d4c45bfd83fde1068e3bda46a37dd24126f9ec4b09df0c999365011ec71028e1a7d4c45bf/"	"301"	"Link to: Уголовное право"	""	""	"true"	"false"	"false"
"Href link"	"false"	"https://cindemirlaw.com/link15/?lang=zh-hans"	"200"	"https://cindemirlaw.com/link25/"	"301"	"Link to: 公司及商业"	""	""	"true"	"false"	"false"
"Href link"	"false"	"https://cindemirlaw.com/%D1%80%D1%83%D1%81%D1%81%D0%BA%D0%BE%D1%8F%D0%B7%D1%8B%D1%87%D0%BD%D1%8B%D0%B9-%D1%8E%D1%80%D0%B8%D1%81%D1%82-%D0%B2-%D1%82%D1%83%D1%80%D1%86%D0%B8%D0%B8-%D1%8E%D1%80%D0%B8%D0%B4%D0%B8%D1%87/?lang=ru"	"200"	"https://cindemirlaw.com/fde1068e3bda46a37dd24126f9ec4b09df0c999365011ec71028e1a7d4c45bfdd1fde1068e3bda46a37dd24126f9ec4b09df0c999365011ec71028e1a7d4c45bfd81fde1068e3bda46a37dd24126f9ec4b09df0c999365011ec71028e1a7d4c45bf/"	"301"	"Взыскание"	""	""	"true"	"false"	"false"
"Href link"	"false"	"https://cindemirlaw.com/cautio-judicatum-solvi-security-payment-under-turkish-international-private-law/"	"200"	"https://cindemirlaw.com/author/admin/"	"301"	"admin"	""	""	"true"	"false"	"false"
"Href link"	"false"	"https://cindemirlaw.com/%D0%BA%D0%B0%D0%BA-%D0%BF%D0%BE%D0%BB%D1%83%D1%87%D0%B8%D1%82%D1%8C-%D1%81%D1%83%D0%B4%D0%B8%D0%BC%D0%BE%D1%81%D1%82%D1%8C-%D0%B2-%D1%82%D1%83%D1%80%D1%86%D0%B8%D0%B8/?lang=ru"	"200"	"https://cindemirlaw.com/cindemir-law-2/"	"301"	"Турецкий"	""	""	"true"	"false"	"false"
"Href link"	"false"	"https://cindemirlaw.com/criminal-record-deletion-in-turkey-for-foreign-nationals/"	"200"	"https://cindemirlaw.com/author/admin/"	"301"	"admin"	""	""	"true"	"false"	"false"
"Href link"	"false"	"https://cindemirlaw.com/nft-law-in-turkey/"	"200"	"https://cindemirlaw.com/press/"	"301"	"Press"	""	""	"true"	"false"	"false"
"Href link"	"false"	"https://cindemirlaw.com/intentional-killing-under-turkish-law/"	"200"	"https://cindemirlaw.com/press/"	"301"	"Press"	""	""	"true"	"false"	"false"
"Href link"	"false"	"https://cindemirlaw.com/fde1068e3bda46a37dd24126f9ec4b09df0c999365011ec71028e1a7d4c45bfdd1fde1068e3bda46a37dd24126f9ec4b09df0c999365011ec71028e1a7d4c45bfd83fde1068e3bda46a37dd24126f9ec4b09df0c999365011ec71028e1a7d4c45bf-2/?lang=ru"	"200"	"https://cindemirlaw.com/%D0%BA%D0%B0%D0%BA-%D1%80%D0%B0%D0%B7%D0%B2%D0%B5%D1%81%D1%82%D0%B8%D1%81%D1%8C-%D0%B2-%D1%82%D1%83%D1%80%D1%86%D0%B8%D0%B8/"	"301"	""	""	""	"true"	"false"	"false"
"Href link"	"false"	"https://cindemirlaw.com/%D1%80%D1%83%D1%81%D1%81%D0%BA%D0%BE%D1%8F%D0%B7%D1%8B%D1%87%D0%BD%D1%8B%D0%B9-%D1%8E%D1%80%D0%B8%D1%81%D1%82-%D0%B2-%D1%82%D1%83%D1%80%D1%86%D0%B8%D0%B8-%D1%8E%D1%80%D0%B8%D0%B4%D0%B8%D1%87/?lang=ru"	"200"	"https://cindemirlaw.com/author/admin/"	"301"	"admin"	""	""	"true"	"false"	"false"
"Href link"	"false"	"https://cindemirlaw.com/fde1068e3bda46a37dd24126f9ec4b09df0c999365011ec71028e1a7d4c45bfdd0fde1068e3bda46a37dd24126f9ec4b09df0c999365011ec71028e1a7d4c45bfdb3fde1068e3bda46a37dd24126f9ec4b09df0c999365011ec71028e1a7d4c45bf/?lang=ru"	"200"	"https://cindemirlaw.com/fde1068e3bda46a37dd24126f9ec4b09df0c999365011ec71028e1a7d4c45bfdd0fde1068e3bda46a37dd24126f9ec4b09df0c999365011ec71028e1a7d4c45bfdb6fde1068e3bda46a37dd24126f9ec4b09df0c999365011ec71028e1a7d4c45bf/"	"301"	"Link to: Женкер Дегирманчи, юрисконсультант, Общий координатор"	""	""	"true"	"false"	"false"
"Href link"	"false"	"https://cindemirlaw.com/our-articles/"	"200"	"https://cindemirlaw.com/author/admin/"	"301"	"admin"	""	""	"true"	"false"	"false"
"Href link"	"false"	"https://cindemirlaw.com/enforcement-of-a-foreign-ukraine-judgment-in-turkey/"	"200"	"https://cindemirlaw.com/author/admin/"	"301"	"admin"	""	""	"true"	"false"	"false"
"Href link"	"false"	"https://cindemirlaw.com/market-abuse-in-the-crypto-asset-market-in-turkey/"	"200"	"https://cindemirlaw.com/press/"	"301"	"Press"	""	""	"true"	"false"	"false"
"Href link"	"false"	"https://cindemirlaw.com/articles/?lang=ru"	"200"	"https://cindemirlaw.com/%D0%BF%D1%80%D0%BE%D1%84%D0%B5%D1%81%D1%81%D0%B8%D0%BE%D0%BD%D0%B0%D0%BB%D1%8C%D0%BD%D1%8B%D0%B5-%D1%8E%D1%80%D0%B8%D0%B4%D0%B8%D1%87%D0%B5%D1%81%D0%BA%D0%B8%D0%B5-%D0%BA%D0%BE%D0%BD%D1%81%D1%83%D0%BB/"	"301"	"Профессиональные юридические консультации для заключённых в тюрьмах Турции"	""	""	"true"	"false"	"false"
"Href link"	"false"	"https://cindemirlaw.com/crypto-asset-fraud-common-schemes-legal-analysis-what-victims-should-do/"	"200"	"https://cindemirlaw.com/author/admin/"	"301"	"admin"	""	""	"true"	"false"	"false"
"Sitemap URL"	"false"	"https://cindemirlaw.com/post-sitemap.xml"	"200"	"https://cindemirlaw.com/fde1068e3bda46a37dd24126f9ec4b09df0c999365011ec71028e1a7d4c45bfdd0fde1068e3bda46a37dd24126f9ec4b09df0c999365011ec71028e1a7d4c45bfdb5fde1068e3bda46a37dd24126f9ec4b09df0c999365011ec71028e1a7d4c45bf/"	"301"	""	""	""	"true"	"true"	"false"
"Href link"	"false"	"https://cindemirlaw.com/crypto-market-manipulation-and-its-legal-implications-under-turkish-law/"	"200"	"https://cindemirlaw.com/author/admin/"	"301"	"admin"	""	""	"true"	"false"	"false"
"Href link"	"false"	"https://cindemirlaw.com/enforcement-of-promissory-notes-bills-of-exchange-and-cheques-in-turkey/?lang=ru"	"200"	"https://cindemirlaw.com/author/admin/"	"301"	"admin"	""	""	"true"	"false"	"false"
"Href link"	"false"	"https://cindemirlaw.com/%D0%BA%D0%B0%D0%BA-%D0%BE%D1%82%D0%BA%D1%80%D1%8B%D1%82%D1%8C-%D0%BA%D0%BE%D0%BC%D0%BF%D0%B0%D0%BD%D0%B8%D1%8E-%D0%B2-%D1%82%D1%83%D1%80%D1%86%D0%B8%D0%B8-%D0%BF%D0%BE%D1%88%D0%B0%D0%B3%D0%BE%D0%B2/?lang=ru"	"200"	"https://cindemirlaw.com/%D1%80%D1%83%D1%81%D1%81%D0%BA%D0%BE%D1%8F%D0%B7%D1%8B%D1%87%D0%BD%D1%8B%D0%B9-%D1%8E%D1%80%D0%B8%D1%81%D1%82-%D0%B2-%D1%82%D1%83%D1%80%D1%86%D0%B8%D0%B8-%D1%8E%D1%80%D0%B8%D0%B4%D0%B8%D1%87/"	"301"	"Link to: Русскоязычный юрист в Турции — Юридические услуги для российских компаний"	""	""	"true"	"false"	"false"
"Href link"	"false"	"https://cindemirlaw.com/termination-of-employment-under-turkish-law/"	"200"	"https://cindemirlaw.com/author/admin/"	"301"	"admin"	""	""	"true"	"false"	"false"
"Href link"	"false"	"https://cindemirlaw.com/electric-distribution-and-transmission-in-turkey/"	"200"	"https://cindemirlaw.com/author/admin/"	"301"	"admin"	""	""	"true"	"false"	"false"
"Href link"	"false"	"https://cindemirlaw.com/international-private/"	"200"	"https://cindemirlaw.com/press/"	"301"	"Press"	""	""	"true"	"false"	"false"
"Href link"	"false"	"https://cindemirlaw.com/fde1068e3bda46a37dd24126f9ec4b09df0c999365011ec71028e1a7d4c45bfdd1fde1068e3bda46a37dd24126f9ec4b09df0c999365011ec71028e1a7d4c45bfd81fde1068e3bda46a37dd24126f9ec4b09df0c999365011ec71028e1a7d4c45bf/?lang=ru"	"200"	"https://cindemirlaw.com/cindemir-law-2/"	"301"	"Link to: Cindemir Law Office – турецкая юридическая"	""	""	"true"	"false"	"false"
"Href link"	"false"	"https://cindemirlaw.com/wrongful-death-claim-in-turkey-under-turkish-law/"	"200"	"https://cindemirlaw.com/press/"	"301"	"Press"	""	""	"true"	"false"	"false"
"Href link"	"false"	"https://cindemirlaw.com/services/?lang=ru"	"200"	"https://cindemirlaw.com/cindemir-law-2/"	"301"	"юридические услуги"	""	""	"true"	"false"	"false"
"Href link"	"false"	"https://cindemirlaw.com/%D0%BD%D0%B0%D1%81%D0%BB%D0%B5%D0%B4%D1%81%D1%82%D0%B2%D0%B5%D0%BD%D0%BD%D0%BE%D0%B5-%D0%BF%D1%80%D0%B0%D0%B2%D0%BE-%D1%82%D1%83%D1%80%D1%86%D0%B8%D0%B8/?lang=ru"	"200"	"https://cindemirlaw.com/%D0%BA%D0%B0%D0%BA-%D0%BE%D1%82%D0%BA%D1%80%D1%8B%D1%82%D1%8C-%D1%84%D0%B8%D0%BB%D0%B8%D0%B0%D0%BB-%D0%B2-%D1%82%D1%83%D1%80%D1%86%D0%B8%D0%B8/"	"301"	"Link to: как открыть филиал в турции"	""	""	"true"	"false"	"false"
"Href link"	"false"	"https://cindemirlaw.com/turkish-citizenship-law-in-english/"	"200"	"https://cindemirlaw.com/press/"	"301"	"Press"	""	""	"true"	"false"	"false"
"Sitemap URL"	"false"	"https://cindemirlaw.com/post-sitemap.xml"	"200"	"https://cindemirlaw.com/fde1068e3bda46a37dd24126f9ec4b09df0c999365011ec71028e1a7d4c45bfdd1fde1068e3bda46a37dd24126f9ec4b09df0c999365011ec71028e1a7d4c45bfd83fde1068e3bda46a37dd24126f9ec4b09df0c999365011ec71028e1a7d4c45bf/"	"301"	""	""	""	"true"	"true"	"false"
"Href link"	"false"	"https://cindemirlaw.com/personal-injury-liability-in-turkey/"	"200"	"https://cindemirlaw.com/press/"	"301"	"Press"	""	""	"true"	"false"	"false"
"Sitemap URL"	"false"	"https://cindemirlaw.com/post-sitemap.xml"	"200"	"https://cindemirlaw.com/%D0%BF%D1%80%D0%BE%D1%84%D0%B5%D1%81%D1%81%D0%B8%D0%BE%D0%BD%D0%B0%D0%BB%D1%8C%D0%BD%D1%8B%D0%B5-%D1%8E%D1%80%D0%B8%D0%B4%D0%B8%D1%87%D0%B5%D1%81%D0%BA%D0%B8%D0%B5-%D0%BA%D0%BE%D0%BD%D1%81%D1%83%D0%BB/"	"301"	""	""	""	"true"	"true"	"false"
"Href link"	"false"	"https://cindemirlaw.com/articles/?lang=ru"	"200"	"https://cindemirlaw.com/%D0%BF%D1%80%D0%B0%D0%B2%D0%B0-%D0%B8-%D0%BE%D0%B1%D1%8F%D0%B7%D0%B0%D0%BD%D0%BD%D0%BE%D1%81%D1%82%D0%B8/"	"301"	"Права и обязанности"	""	""	"true"	"false"	"false"
"Href link"	"false"	"https://cindemirlaw.com/%D1%80%D1%83%D1%81%D1%81%D0%BA%D0%BE%D1%8F%D0%B7%D1%8B%D1%87%D0%BD%D1%8B%D0%B9-%D1%8E%D1%80%D0%B8%D1%81%D1%82-%D0%B2-%D1%82%D1%83%D1%80%D1%86%D0%B8%D0%B8-%D1%8E%D1%80%D0%B8%D0%B4%D0%B8%D1%87/?lang=ru"	"200"	"https://cindemirlaw.com/%D0%BA%D0%B0%D0%BA-%D0%BE%D1%82%D0%BA%D1%80%D1%8B%D1%82%D1%8C-%D0%BA%D0%BE%D0%BC%D0%BF%D0%B0%D0%BD%D0%B8%D1%8E-%D0%B2-%D1%82%D1%83%D1%80%D1%86%D0%B8%D0%B8-%D0%BF%D0%BE%D1%88%D0%B0%D0%B3%D0%BE%D0%B2/"	"301"	"Link to: Как открыть компанию в Турции: Пошаговое руководство"	""	""	"true"	"false"	"false"
"Href link"	"false"	"https://cindemirlaw.com/%D1%81%D0%BE%D0%B7%D0%B4%D0%B0%D0%BD%D0%B8%D0%B5-%D0%BA%D0%BE%D0%BC%D0%BF%D0%B0%D0%BD%D0%B8%D0%B8-%D1%81-%D0%BE%D0%B3%D1%80%D0%B0%D0%BD%D0%B8%D1%87%D0%B5%D0%BD%D0%BD%D0%BE%D0%B9-%D0%BE%D1%82%D0%B2/?lang=ru"	"200"	"https://cindemirlaw.com/cindemir-law-2/"	"301"	"Турецкий"	""	""	"true"	"false"	"false"
"Href link"	"false"	"https://cindemirlaw.com/inheritance-investigation-in-turkey-guiding-international-heirs-through-a-complex-process/"	"200"	"https://cindemirlaw.com/author/admin/"	"301"	"admin"	""	""	"true"	"false"	"false"
"Href link"	"false"	"https://cindemirlaw.com/statute-of-limitations-related-to-personal-injury-cases-in-turkey/"	"200"	"https://cindemirlaw.com/press/"	"301"	"Press"	""	""	"true"	"false"	"false"
"Href link"	"false"	"https://cindemirlaw.com/articles/?lang=ru"	"200"	"https://cindemirlaw.com/%D1%8E%D1%80%D0%B8%D0%B4%D0%B8%D1%87%D0%B5%D1%81%D0%BA%D0%B0%D1%8F-%D0%BF%D0%BE%D0%BC%D0%BE%D1%89%D1%8C-%D0%BF%D1%80%D0%B8-%D0%BE%D1%82%D0%BF%D1%80%D0%B0%D0%B2%D0%BA%D0%B5-%D0%B2%D0%B5%D1%89%D0%B5/"	"301"	"Юридическая помощь при отправке вещей и денег иностранным заключённым в Турции"	""	""	"true"	"false"	"false"
"Href link"	"false"	"https://cindemirlaw.com/independent-certified-public-accountant-financial-consultant-taner-cevik-2/"	"200"	"https://cindemirlaw.com/author/admin/"	"301"	"admin"	""	""	"true"	"false"	"false"
"Href link"	"false"	"https://cindemirlaw.com/malpractice-cases-in-turkey/"	"200"	"https://cindemirlaw.com/author/admin/"	"301"	"admin"	""	""	"true"	"false"	"false"
"Href link"	"false"	"https://cindemirlaw.com/enforcement-of-promissory-notes-bills-of-exchange-and-cheques-in-turkey/?lang=ru"	"200"	"https://cindemirlaw.com/%D0%B7%D0%B0%D0%B4%D0%B5%D1%80%D0%B6%D0%B0%D0%BD%D0%B8%D0%B5-%D0%B2-%D0%B0%D1%8D%D1%80%D0%BE%D0%BF%D0%BE%D1%80%D1%82%D1%83-%D1%82%D1%83%D1%80%D1%86%D0%B8%D0%B8-%D0%BF%D1%80%D0%B0%D0%B2%D0%BE%D0%B2/"	"301"	"Link to: Задержание в аэропорту Турции: правовые риски для иностранных граждан и порядок действий"	""	""	"true"	"false"	"false"
"Sitemap URL"	"false"	"https://cindemirlaw.com/post-sitemap.xml"	"200"	"https://cindemirlaw.com/fde1068e3bda46a37dd24126f9ec4b09df0c999365011ec71028e1a7d4c45bfdd1fde1068e3bda46a37dd24126f9ec4b09df0c999365011ec71028e1a7d4c45bfd82fde1068e3bda46a37dd24126f9ec4b09df0c999365011ec71028e1a7d4c45bf-2/"	"301"	""	""	""	"true"	"true"	"false"
"Href link"	"false"	"https://cindemirlaw.com/corporate-commercial/"	"200"	"https://cindemirlaw.com/press/"	"301"	"Press"	""	""	"true"	"false"	"false"
"Href link"	"false"	"https://cindemirlaw.com/fde1068e3bda46a37dd24126f9ec4b09df0c999365011ec71028e1a7d4c45bfdd1fde1068e3bda46a37dd24126f9ec4b09df0c999365011ec71028e1a7d4c45bfd83fde1068e3bda46a37dd24126f9ec4b09df0c999365011ec71028e1a7d4c45bf-3/?lang=ru"	"200"	"https://cindemirlaw.com/fde1068e3bda46a37dd24126f9ec4b09df0c999365011ec71028e1a7d4c45bfdd0fde1068e3bda46a37dd24126f9ec4b09df0c999365011ec71028e1a7d4c45bfdb0fde1068e3bda46a37dd24126f9ec4b09df0c999365011ec71028e1a7d4c45bf/"	"301"	"юридическая фирма"	""	""	"true"	"false"	"false"
"Href link"	"false"	"https://cindemirlaw.com/enforcement-of-a-chinese-foreign-judgment-in-turkey/"	"200"	"https://cindemirlaw.com/author/admin/"	"301"	"admin"	""	""	"true"	"false"	"false"
"Href link"	"false"	"https://cindemirlaw.com/team/"	"200"	"https://cindemirlaw.com/press/"	"301"	"Press"	""	""	"true"	"false"	"false"
"Href link"	"false"	"https://cindemirlaw.com/european-law-rights-concerning-ankara-agreement/"	"200"	"https://cindemirlaw.com/press/"	"301"	"Press"	""	""	"true"	"false"	"false"
"Href link"	"false"	"https://cindemirlaw.com/fde1068e3bda46a37dd24126f9ec4b09df0c999365011ec71028e1a7d4c45bfdd0fde1068e3bda46a37dd24126f9ec4b09df0c999365011ec71028e1a7d4c45bfdb3fde1068e3bda46a37dd24126f9ec4b09df0c999365011ec71028e1a7d4c45bf/?lang=ru"	"200"	"https://cindemirlaw.com/press/"	"301"	"О нас в прессе"	""	""	"true"	"false"	"false"
"Href link"	"false"	"https://cindemirlaw.com/%D0%BD%D0%B0%D1%81%D0%BB%D0%B5%D0%B4%D1%81%D1%82%D0%B2%D0%B5%D0%BD%D0%BD%D0%BE%D0%B5-%D0%BF%D1%80%D0%B0%D0%B2%D0%BE-%D1%82%D1%83%D1%80%D1%86%D0%B8%D0%B8-2/?lang=ru"	"200"	"https://cindemirlaw.com/%D0%BD%D0%B0%D1%81%D0%BB%D0%B5%D0%B4%D1%81%D1%82%D0%B2%D0%B5%D0%BD%D0%BD%D0%BE%D0%B5-%D0%BF%D1%80%D0%B0%D0%B2%D0%BE-%D1%82%D1%83%D1%80%D1%86%D0%B8%D0%B8/"	"301"	""	""	""	"true"	"false"	"false"
"Href link"	"false"	"https://cindemirlaw.com/%D1%80%D1%83%D0%BA%D0%BE%D0%B2%D0%BE%D0%B4%D1%81%D1%82%D0%B2%D0%BE-%D0%BF%D0%BE-%D0%BF%D1%80%D0%B8%D0%BE%D0%B1%D1%80%D0%B5%D1%82%D0%B5%D0%BD%D0%B8%D1%8E-%D0%B8%D0%BD%D0%BE%D1%81%D1%82%D1%80%D0%B0/?lang=ru"	"200"	"https://cindemirlaw.com/%D0%BE%D1%82%D0%BA%D1%80%D1%8B%D1%82%D0%B8%D0%B5-%D0%B1%D0%B0%D0%BD%D0%BA%D0%BE%D0%B2%D1%81%D0%BA%D0%BE%D0%B3%D0%BE-%D1%81%D1%87%D0%B5%D1%82%D0%B0-%D0%B2-%D1%82%D1%83%D1%80%D1%86%D0%B8%D0%B8/"	"301"	"Link to: открытие банковского счета в турции"	""	""	"true"	"false"	"false"
"Href link"	"false"	"https://cindemirlaw.com/%D0%BE%D1%82%D0%BA%D1%80%D1%8B%D1%82%D0%B8%D0%B5-%D0%B1%D0%B0%D0%BD%D0%BA%D0%BE%D0%B2%D1%81%D0%BA%D0%BE%D0%B3%D0%BE-%D1%81%D1%87%D0%B5%D1%82%D0%B0-%D1%80%D1%83%D1%81%D1%81%D0%BA%D0%B8%D0%BC%D0%B8/?lang=ru"	"200"	"https://cindemirlaw.com/author/admin/"	"301"	"admin"	""	""	"true"	"false"	"false"
"Href link"	"false"	"https://cindemirlaw.com/overcoming-the-5-year-entry-ban-in-turkey-a-path-to-redemption/"	"200"	"https://cindemirlaw.com/press/"	"301"	"Press"	""	""	"true"	"false"	"false"
"Href link"	"false"	"https://cindemirlaw.com/hakan-cindemir-attorney-at-law-senior-attorney-of-the-law-office/"	"200"	"https://cindemirlaw.com/author/admin/"	"301"	"admin"	""	""	"true"	"false"	"false"
"Href link"	"false"	"https://cindemirlaw.com/fde1068e3bda46a37dd24126f9ec4b09df0c999365011ec71028e1a7d4c45bfdd1fde1068e3bda46a37dd24126f9ec4b09df0c999365011ec71028e1a7d4c45bfd83fde1068e3bda46a37dd24126f9ec4b09df0c999365011ec71028e1a7d4c45bf-2/?lang=ru"	"200"	"https://cindemirlaw.com/fde1068e3bda46a37dd24126f9ec4b09df0c999365011ec71028e1a7d4c45bfdd0fde1068e3bda46a37dd24126f9ec4b09df0c999365011ec71028e1a7d4c45bfdbdfde1068e3bda46a37dd24126f9ec4b09df0c999365011ec71028e1a7d4c45bf-2/"	"301"	"Link to: Недвижимость и Передача прав на имущество"	""	""	"true"	"false"	"false"
"Href link"	"false"	"https://cindemirlaw.com/%D0%BA%D0%B0%D0%BA-%D0%BE%D1%82%D0%BA%D1%80%D1%8B%D1%82%D1%8C-%D0%BA%D0%BE%D0%BC%D0%BF%D0%B0%D0%BD%D0%B8%D1%8E-%D0%B2-%D1%82%D1%83%D1%80%D1%86%D0%B8%D0%B8-%D0%BF%D0%BE%D1%88%D0%B0%D0%B3%D0%BE%D0%B2/?lang=ru"	"200"	"https://cindemirlaw.com/press/"	"301"	"О нас в прессе"	""	""	"true"	"false"	"false"
"Href link"	"false"	"https://cindemirlaw.com/fde1068e/?lang=ru"	"200"	"https://cindemirlaw.com/fde1068e3bda46a37dd24126f9ec4b09df0c999365011ec71028e1a7d4c45bfdd0fde1068e3bda46a37dd24126f9ec4b09df0c999365011ec71028e1a7d4c45bfdbdfde1068e3bda46a37dd24126f9ec4b09df0c999365011ec71028e1a7d4c45bf/"	"301"	"Споры"	""	""	"true"	"false"	"false"
"Href link"	"false"	"https://cindemirlaw.com/pod/"	"200"	"https://cindemirlaw.com/press/"	"301"	"Press"	""	""	"true"	"false"	"false"
"Href link"	"false"	"https://cindemirlaw.com/eu-legal-representative-services-for-ai-companies-outside-the-european-union/"	"200"	"https://cindemirlaw.com/press/"	"301"	"Press"	""	""	"true"	"false"	"false"
"Href link"	"false"	"https://cindemirlaw.com/labor-contract-termination-with-just-cause/"	"200"	"https://cindemirlaw.com/press/"	"301"	"Press"	""	""	"true"	"false"	"false"
"Href link"	"false"	"https://cindemirlaw.com/privacy-policy-in-turkish-law/"	"200"	"https://cindemirlaw.com/author/admin/"	"301"	"admin"	""	""	"true"	"false"	"false"
"Href link"	"false"	"https://cindemirlaw.com/eu-ai-act-compliance-for-non-eu-companies-legal-requirements-under-the-destination-principle/?lang=ru"	"200"	"https://cindemirlaw.com/pig-butchering-cryptocurrency-scam-key-risks-and-legal-considerations-for-investors-in-turkey/"	"301"	"Link to: Криптовалютное мошенничество «Pig-Butchering» в Турции: риски для инвесторов и правовая среда"	""	""	"true"	"false"	"false"
"Href link"	"false"	"https://cindemirlaw.com/foreigners-and-international-protection-in-turkey/"	"200"	"https://cindemirlaw.com/author/admin/"	"301"	"admin"	""	""	"true"	"false"	"false"
"Href link"	"false"	"https://cindemirlaw.com/%D0%BA%D0%B0%D0%BA-%D1%80%D0%B0%D0%B7%D0%B2%D0%B5%D1%81%D1%82%D0%B8%D1%81%D1%8C-%D0%B2-%D1%82%D1%83%D1%80%D1%86%D0%B8%D0%B8/?lang=ru"	"200"	"https://cindemirlaw.com/press/"	"301"	"О нас в прессе"	""	""	"true"	"false"	"false"
"Href link"	"false"	"https://cindemirlaw.com/legal-opinion-and-expert-opinion-in-turkey-why-the-distinction-matters/"	"200"	"https://cindemirlaw.com/author/admin/"	"301"	"admin"	""	""	"true"	"false"	"false"
"Href link"	"false"	"https://cindemirlaw.com/icsid/"	"200"	"https://cindemirlaw.com/press/"	"301"	"Press"	""	""	"true"	"false"	"false"
"Href link"	"false"	"https://cindemirlaw.com/articles/?lang=ru"	"200"	"https://cindemirlaw.com/%D0%B8%D1%81%D0%BA-%D0%BE%D0%B1-%D1%83%D1%81%D1%82%D0%B0%D0%BD%D0%BE%D0%B2%D0%BB%D0%B5%D0%BD%D0%B8%D0%B8-%D0%BE%D1%82%D1%86%D0%BE%D0%B2%D1%81%D1%82%D0%B2%D0%B0-%D0%B2-%D1%82%D1%83%D1%80%D1%86%D0%B8/"	"301"	"Иск об Установлении Отцовства в Турции"	""	""	"true"	"false"	"false"
"Sitemap URL"	"false"	"https://cindemirlaw.com/post-sitemap.xml"	"200"	"https://cindemirlaw.com/%D1%81%D1%82%D0%B0%D1%82%D1%83%D1%81-%D0%B1%D0%B5%D0%B6%D0%B5%D0%BD%D1%86%D0%B0-%D0%B2-%D1%82%D1%83%D1%80%D1%86%D0%B8%D0%B8/"	"301"	""	""	""	"true"	"true"	"false"
"Href link"	"false"	"https://cindemirlaw.com/fde1068e3bda46a37dd24126f9ec4b09df0c999365011ec71028e1a7d4c45bfdd0fde1068e3bda46a37dd24126f9ec4b09df0c999365011ec71028e1a7d4c45bfdb5fde1068e3bda46a37dd24126f9ec4b09df0c999365011ec71028e1a7d4c45bf/?lang=ru"	"200"	"https://cindemirlaw.com/fde1068e3bda46a37dd24126f9ec4b09df0c999365011ec71028e1a7d4c45bfdd1fde1068e3bda46a37dd24126f9ec4b09df0c999365011ec71028e1a7d4c45bfd81fde1068e3bda46a37dd24126f9ec4b09df0c999365011ec71028e1a7d4c45bf-3/"	"301"	"Link to: Судебное разбирательство и Альтернативное решение споров"	""	""	"true"	"false"	"false"
"Href link"	"false"	"https://cindemirlaw.com/turkish-succession-law/"	"200"	"https://cindemirlaw.com/author/admin/"	"301"	"admin"	""	""	"true"	"false"	"false"
"Href link"	"false"	"https://cindemirlaw.com/%D0%BA%D0%BE%D0%BC%D0%BF%D0%B5%D0%BD%D1%81%D0%B0%D1%86%D0%B8%D0%B8-%D0%BF%D0%BE%D0%BB%D0%BE%D0%B6%D0%B5%D0%BD%D0%BD%D1%8B%D0%B5-%D0%B2-%D1%80%D0%B5%D0%B7%D1%83%D0%BB%D1%8C%D1%82%D0%B0%D1%82%D0%B5/?lang=ru"	"200"	"https://cindemirlaw.com/fde1068e3bda46a37dd24126f9ec4b09df0c999365011ec71028e1a7d4c45bfdd1fde1068e3bda46a37dd24126f9ec4b09df0c999365011ec71028e1a7d4c45bfd81fde1068e3bda46a37dd24126f9ec4b09df0c999365011ec71028e1a7d4c45bf/"	"301"	""	""	""	"true"	"false"	"false"
"Href link"	"false"	"https://cindemirlaw.com/fde1068e3bda46a37dd24126f9ec4b09df0c999365011ec71028e1a7d4c45bfdd1fde1068e3bda46a37dd24126f9ec4b09df0c999365011ec71028e1a7d4c45bfd83fde1068e3bda46a37dd24126f9ec4b09df0c999365011ec71028e1a7d4c45bf-2/?lang=ru"	"200"	"https://cindemirlaw.com/fde1068e3bda46a37dd24126f9ec4b09df0c999365011ec71028e1a7d4c45bfdd0fde1068e3bda46a37dd24126f9ec4b09df0c999365011ec71028e1a7d4c45bfdb5fde1068e3bda46a37dd24126f9ec4b09df0c999365011ec71028e1a7d4c45bf/"	"301"	""	""	""	"true"	"false"	"false"
"Href link"	"false"	"https://cindemirlaw.com/privacy-policy-in-turkish-law/"	"200"	"https://cindemirlaw.com/press/"	"301"	"Press"	""	""	"true"	"false"	"false"
"Href link"	"false"	"https://cindemirlaw.com/fde1/?lang=ru"	"200"	"https://cindemirlaw.com/press/"	"301"	"О нас в прессе"	""	""	"true"	"false"	"false"
"Href link"	"false"	"https://cindemirlaw.com/wrongful-death-claim-in-turkey-under-turkish-law/"	"200"	"https://cindemirlaw.com/author/admin/"	"301"	"admin"	""	""	"true"	"false"	"false"
"Sitemap URL"	"false"	"https://cindemirlaw.com/post-sitemap.xml"	"200"	"https://cindemirlaw.com/fde1068e3bda46a37dd24126f9ec4b09df0c999365011ec71028e1a7d4c45bfdd0fde1068e3bda46a37dd24126f9ec4b09df0c999365011ec71028e1a7d4c45bfdbdfde1068e3bda46a37dd24126f9ec4b09df0c999365011ec71028e1a7d4c45bf-2/"	"301"	""	""	""	"true"	"true"	"false"
"Href link"	"false"	"https://cindemirlaw.com/software-account-services/"	"200"	"https://cindemirlaw.com/press/"	"301"	"Press"	""	""	"true"	"false"	"false"
"Href link"	"false"	"https://cindemirlaw.com/paternity-in-turkish-law-under-new-turkish-constitution-court-decision/"	"200"	"https://cindemirlaw.com/press/"	"301"	"Press"	""	""	"true"	"false"	"false"
"Href link"	"false"	"https://cindemirlaw.com/%D0%BA%D0%B0%D0%BA-%D0%BF%D0%BE%D0%BB%D1%83%D1%87%D0%B8%D1%82%D1%8C-%D1%81%D0%BF%D1%80%D0%B0%D0%B2%D0%BA%D1%83-%D0%BE-%D0%BD%D0%B0%D0%BB%D0%B8%D1%87%D0%B8%D0%B8-%D1%81%D1%83%D0%B4%D0%B8%D0%BC%D0%BE/?lang=ru"	"200"	"https://cindemirlaw.com/%D1%80%D1%83%D1%81%D1%81%D0%BA%D0%BE%D1%8F%D0%B7%D1%8B%D1%87%D0%BD%D1%8B%D0%B9-%D1%8E%D1%80%D0%B8%D1%81%D1%82-%D0%B2-%D1%82%D1%83%D1%80%D1%86%D0%B8%D0%B8-%D1%8E%D1%80%D0%B8%D0%B4%D0%B8%D1%87/"	"301"	"Link to: Русскоязычный юрист в Турции — Юридические услуги для российских компаний"	""	""	"true"	"false"	"false"
"Href link"	"false"	"https://cindemirlaw.com/fde1068e3bda46a37dd24126f9ec4b09df0c999365011ec71028e1a7d4c45bfdd0fde1068e3bda46a37dd24126f9ec4b09df0c999365011ec71028e1a7d4c45bfdbefde1068e3bda46a37dd24126f9ec4b09df0c999365011ec71028e1a7d4c45bf/"	"200"	"https://cindemirlaw.com/press/"	"301"	"Press"	""	""	"true"	"false"	"false"
"Href link"	"false"	"https://cindemirlaw.com/support/"	"200"	"https://cindemirlaw.com/press/"	"301"	"Press"	""	""	"true"	"false"	"false"
"Href link"	"false"	"https://cindemirlaw.com/paternity-suit-in-turkey-under-turkish-family-law/"	"200"	"https://cindemirlaw.com/press/"	"301"	"Press"	""	""	"true"	"false"	"false"
"Href link"	"false"	"https://cindemirlaw.com/transferring-a-tiktok-account-with-escrow/"	"200"	"https://cindemirlaw.com/press/"	"301"	"Press"	""	""	"true"	"false"	"false"
"Href link"	"false"	"https://cindemirlaw.com/%D0%BA%D0%B0%D0%BA-%D0%BE%D1%82%D0%BA%D1%80%D1%8B%D1%82%D1%8C-%D0%BA%D0%BE%D0%BC%D0%BF%D0%B0%D0%BD%D0%B8%D1%8E-%D0%B2-%D1%82%D1%83%D1%80%D1%86%D0%B8%D0%B8-%D0%BF%D0%BE%D1%88%D0%B0%D0%B3%D0%BE%D0%B2/?lang=ru"	"200"	"https://mersis.gtb.gov.tr/"	"302"	"https://mersis.gtb.gov.tr"	""	""	"true"	"false"	"false"
"Href link"	"false"	"https://cindemirlaw.com/link13/?lang=zh-hans"	"200"	"https://cindemirlaw.com/press/"	"301"	"支持"	""	""	"true"	"false"	"false"
"Href link"	"false"	"https://cindemirlaw.com/fde1068e3bda46a37dd24126f9ec4b09df0c999365011ec71028e1a7d4c45bfdd1fde1068e3bda46a37dd24126f9ec4b09df0c999365011ec71028e1a7d4c45bfd83fde1068e3bda46a37dd24126f9ec4b09df0c999365011ec71028e1a7d4c45bf/?lang=ru"	"200"	"https://cindemirlaw.com/author/admin/"	"301"	"admin"	""	""	"true"	"false"	"false"
"Href link"	"false"	"https://cindemirlaw.com/turk-hukukunda-kripto-varliklarin-duzenlenmesi/"	"200"	"https://cindemirlaw.com/press/"	"301"	"Press"	""	""	"true"	"false"	"false"
"Href link"	"false"	"https://cindemirlaw.com/%D1%80%D0%B5%D0%BF%D0%B0%D1%82%D1%80%D0%B8%D0%B0%D1%86%D0%B8%D1%8F-%D0%B0%D0%BA%D1%82%D0%B8%D0%B2%D0%BE%D0%B2-%D0%B2-%D1%82%D1%83%D1%80%D1%86%D0%B8%D1%8E-%D0%B2-2026-%D0%B3%D0%BE%D0%B4%D1%83-%D0%BF/?lang=ru"	"200"	"https://cindemirlaw.com/cindemir-law-2/"	"301"	"физические лица"	""	""	"true"	"false"	"false"
"Href link"	"false"	"https://cindemirlaw.com/inheritance-contracts-under-turkish-civil-code/"	"200"	"https://cindemirlaw.com/author/admin/"	"301"	"admin"	""	""	"true"	"false"	"false"
"Href link"	"false"	"https://cindemirlaw.com/%D1%8E%D1%80%D0%B8%D0%B4%D0%B8%D1%87%D0%B5%D1%81%D0%BA%D0%B0%D1%8F-%D0%BF%D0%BE%D0%BC%D0%BE%D1%89%D1%8C-%D0%BF%D1%80%D0%B8-%D0%BE%D1%82%D0%BF%D1%80%D0%B0%D0%B2%D0%BA%D0%B5-%D0%B2%D0%B5%D1%89%D0%B5/?lang=ru"	"200"	"https://cindemirlaw.com/%D0%BF%D0%BE%D1%81%D0%B5%D1%89%D0%B5%D0%BD%D0%B8%D0%B5-%D0%B8%D0%BD%D0%BE%D1%81%D1%82%D1%80%D0%B0%D0%BD%D0%BD%D1%8B%D1%85-%D0%B7%D0%B0%D0%BA%D0%BB%D1%8E%D1%87%D1%91%D0%BD%D0%BD%D1%8B%D1%85-%D0%B2/"	"301"	"Link to: Посещение иностранных заключённых в тюрьмах Турции: Правила и юридическая поддержка"	""	""	"true"	"false"	"false"
"Href link"	"false"	"https://cindemirlaw.com/fde1068e3bda46a37dd24126f9ec4b09df0c999365011ec71028e1a7d4c45bfdd1fde1068e3bda46a37dd24126f9ec4b09df0c999365011ec71028e1a7d4c45bfd82fde1068e3bda46a37dd24126f9ec4b09df0c999365011ec71028e1a7d4c45bf/?lang=ru"	"200"	"https://cindemirlaw.com/fde1068e3bda46a37dd24126f9ec4b09df0c999365011ec71028e1a7d4c45bfdd0fde1068e3bda46a37dd24126f9ec4b09df0c999365011ec71028e1a7d4c45bfdb3fde1068e3bda46a37dd24126f9ec4b09df0c999365011ec71028e1a7d4c45bf/"	"301"	"Трудовое право"	""	""	"true"	"false"	"false"
"Href link"	"false"	"https://cindemirlaw.com/articles/?lang=ru"	"200"	"https://cindemirlaw.com/fde1068e3bda46a37dd24126f9ec4b09df0c999365011ec71028e1a7d4c45bfdd0fde1068e3bda46a37dd24126f9ec4b09df0c999365011ec71028e1a7d4c45bfdb7fde1068e3bda46a37dd24126f9ec4b09df0c999365011ec71028e1a7d4c45bf/"	"301"	"Законодательство об энергетике и инвестициях"	""	""	"true"	"false"	"false"
"Href link"	"false"	"https://cindemirlaw.com/who-is-hafiz-huseyin-husnu-efendi/"	"200"	"https://cindemirlaw.com/press/"	"301"	"Press"	""	""	"true"	"false"	"false"
"Href link"	"false"	"https://cindemirlaw.com/fde1068e3bda46a37dd24126f9ec4b09df0c999365011ec71028e1a7d4c45bfdd0fde1068e3bda46a37dd24126f9ec4b09df0c999365011ec71028e1a7d4c45bfdb7fde1068e3bda46a37dd24126f9ec4b09df0c999365011ec71028e1a7d4c45bf/?lang=ru"	"200"	"https://cindemirlaw.com/press/"	"301"	"О нас в прессе"	""	""	"true"	"false"	"false"
"Href link"	"false"	"https://cindemirlaw.com/link25/?lang=zh-hans"	"200"	"https://cindemirlaw.com/press/"	"301"	"支持"	""	""	"true"	"false"	"false"
"Href link"	"false"	"https://cindemirlaw.com/%D0%B7%D0%B0%D0%B4%D0%B5%D1%80%D0%B6%D0%B0%D0%BD%D0%B8%D0%B5-%D0%B2-%D0%B0%D1%8D%D1%80%D0%BE%D0%BF%D0%BE%D1%80%D1%82%D1%83-%D1%82%D1%83%D1%80%D1%86%D0%B8%D0%B8-%D0%BF%D1%80%D0%B0%D0%B2%D0%BE%D0%B2/?lang=ru"	"200"	"https://cindemirlaw.com/press/"	"301"	"О нас в прессе"	""	""	"true"	"false"	"false"
"Href link"	"false"	"https://cindemirlaw.com/articles/?lang=ru"	"200"	"https://cindemirlaw.com/fde1068e3bda46a37dd24126f9ec4b09df0c999365011ec71028e1a7d4c45bfdd0fde1068e3bda46a37dd24126f9ec4b09df0c999365011ec71028e1a7d4c45bfdb1fde1068e3bda46a37dd24126f9ec4b09df0c999365011ec71028e1a7d4c45bf/"	"301"	"Банковское дело и финансы"	""	""	"true"	"false"	"false"
"Href link"	"false"	"https://cindemirlaw.com/sales-of-real-estate-to-foreigners-in-turkey/"	"200"	"https://cindemirlaw.com/author/admin/"	"301"	"admin"	""	""	"true"	"false"	"false"
"Href link"	"false"	"https://cindemirlaw.com/due-dilligence/"	"200"	"https://cindemirlaw.com/author/admin/"	"301"	"admin"	""	""	"true"	"false"	"false"
"Href link"	"false"	"https://cindemirlaw.com/fde1068e3bda46a37dd24126f9ec4b09df0c999365011ec71028e1a7d4c45bfdd1fde1068e3bda46a37dd24126f9ec4b09df0c999365011ec71028e1a7d4c45bfd81fde1068e3bda46a37dd24126f9ec4b09df0c999365011ec71028e1a7d4c45bf-3/?lang=ru"	"200"	"https://cindemirlaw.com/fde1068e3bda46a37dd24126f9ec4b09df0c999365011ec71028e1a7d4c45bfdd0fde1068e3bda46a37dd24126f9ec4b09df0c999365011ec71028e1a7d4c45bfdb0fde1068e3bda46a37dd24126f9ec4b09df0c999365011ec71028e1a7d4c45bf/"	"301"	"Link to: Административное Право"	""	""	"true"	"false"	"false"
"Href link"	"false"	"https://cindemirlaw.com/%D0%BF%D1%80%D0%BE%D1%84%D0%B5%D1%81%D1%81%D0%B8%D0%BE%D0%BD%D0%B0%D0%BB%D1%8C%D0%BD%D1%8B%D0%B5-%D1%8E%D1%80%D0%B8%D0%B4%D0%B8%D1%87%D0%B5%D1%81%D0%BA%D0%B8%D0%B5-%D0%BA%D0%BE%D0%BD%D1%81%D1%83%D0%BB/?lang=ru"	"200"	"https://cindemirlaw.com/cindemir-law-2/"	"301"	"юридические услуги"	""	""	"true"	"false"	"false"
"Href link"	"false"	"https://cindemirlaw.com/cindemir-hukuk/?lang=zh-hans"	"200"	"https://cindemirlaw.com/how-to-lift-entry-ban-to-turkey/"	"301"	"Link to: How to Lift the Entry Ban to Turkey"	""	""	"true"	"false"	"false"
"Sitemap URL"	"false"	"https://cindemirlaw.com/post-sitemap.xml"	"200"	"https://cindemirlaw.com/fde1068e3bda46a37dd24126f9ec4b09df0c999365011ec71028e1a7d4c45bfdd0fde1068e3bda46a37dd24126f9ec4b09df0c999365011ec71028e1a7d4c45bfdb3fde1068e3bda46a37dd24126f9ec4b09df0c999365011ec71028e1a7d4c45bf/"	"301"	""	""	""	"true"	"true"	"false"
"Href link"	"false"	"https://cindemirlaw.com/title-deeds-in-turkey-a-legal-and-historical-overview/"	"200"	"https://cindemirlaw.com/author/admin/"	"301"	"admin"	""	""	"true"	"false"	"false"
"Href link"	"false"	"https://cindemirlaw.com/administrative-law/"	"200"	"https://cindemirlaw.com/author/admin/"	"301"	"admin"	""	""	"true"	"false"	"false"
"Href link"	"false"	"https://cindemirlaw.com/intentional-injury-resulting-in-death-under-turkish-criminal-law/"	"200"	"https://cindemirlaw.com/press/"	"301"	"Press"	""	""	"true"	"false"	"false"
"Href link"	"false"	"https://cindemirlaw.com/fde1068e/?lang=ru"	"200"	"https://cindemirlaw.com/fde1068e3bda46a37dd24126f9ec4b09df0c999365011ec71028e1a7d4c45bfdd0fde1068e3bda46a37dd24126f9ec4b09df0c999365011ec71028e1a7d4c45bfdb3fde1068e3bda46a37dd24126f9ec4b09df0c999365011ec71028e1a7d4c45bf/"	"301"	"Семейное право"	""	""	"true"	"false"	"false"
"Href link"	"false"	"https://cindemirlaw.com/%D0%B2%D0%B8%D0%B4%D1%8B-%D0%BA%D0%BE%D0%BC%D0%BF%D0%B0%D0%BD%D0%B8%D0%B8-%D0%B2-%D1%82%D1%83%D1%80%D1%86%D0%B8%D0%B8/?lang=ru"	"200"	"https://cindemirlaw.com/fde1068e3bda46a37dd24126f9ec4b09df0c999365011ec71028e1a7d4c45bfdd0fde1068e3bda46a37dd24126f9ec4b09df0c999365011ec71028e1a7d4c45bfdbafde1068e3bda46a37dd24126f9ec4b09df0c999365011ec71028e1a7d4c45bf/"	"301"	""	""	""	"true"	"false"	"false"
"Href link"	"false"	"https://cindemirlaw.com/cindemir-law/"	"200"	"https://cindemirlaw.com/author/admin/"	"301"	"admin"	""	""	"true"	"false"	"false"
"Href link"	"false"	"https://cindemirlaw.com/offences-of-bodily-harm-under-turkish-law/"	"200"	"https://cindemirlaw.com/press/"	"301"	"Press"	""	""	"true"	"false"	"false"
"Href link"	"false"	"https://cindemirlaw.com/cisg-in-turkey-international-sale-of-goods-disputes-and-legal-framework/"	"200"	"https://cindemirlaw.com/press/"	"301"	"Press"	""	""	"true"	"false"	"false"
"Href link"	"false"	"https://cindemirlaw.com/articles/?lang=ru"	"200"	"https://cindemirlaw.com/%D1%81%D1%82%D0%B0%D1%82%D1%83%D1%81-%D1%83%D1%81%D0%BB%D0%BE%D0%B2%D0%BD%D0%BE%D0%B3%D0%BE-%D0%B1%D0%B5%D0%B6%D0%B5%D0%BD%D1%86%D0%B0/"	"301"	"Статус Условного Беженца"	""	""	"true"	"false"	"false"
"Href link"	"false"	"https://cindemirlaw.com/%D0%BE%D1%82%D0%BA%D1%80%D1%8B%D1%82%D0%B8%D0%B5-%D0%B1%D0%B0%D0%BD%D0%BA%D0%BE%D0%B2%D1%81%D0%BA%D0%BE%D0%B3%D0%BE-%D1%81%D1%87%D0%B5%D1%82%D0%B0-%D1%80%D1%83%D1%81%D1%81%D0%BA%D0%B8%D0%BC%D0%B8/?lang=ru"	"200"	"https://cindemirlaw.com/%D0%B8%D1%81%D0%BA-%D0%BE%D0%B1-%D1%83%D1%81%D1%82%D0%B0%D0%BD%D0%BE%D0%B2%D0%BB%D0%B5%D0%BD%D0%B8%D0%B8-%D0%BE%D1%82%D1%86%D0%BE%D0%B2%D1%81%D1%82%D0%B2%D0%B0-%D0%B2-%D1%82%D1%83%D1%80%D1%86%D0%B8/"	"301"	"Link to: Иск об Установлении Отцовства в Турции"	""	""	"true"	"false"	"false"
"Href link"	"false"	"https://cindemirlaw.com/internet-blackmail-and-turkish-criminal-law/"	"200"	"https://cindemirlaw.com/press/"	"301"	"Press"	""	""	"true"	"false"	"false"
"Href link"	"false"	"https://cindemirlaw.com/fde1068e3bda46a37dd24126f9ec4b09df0c999365011ec71028e1a7d4c45bfdd0fde1068e3bda46a37dd24126f9ec4b09df0c999365011ec71028e1a7d4c45bfdb3fde1068e3bda46a37dd24126f9ec4b09df0c999365011ec71028e1a7d4c45bf/?lang=ru"	"200"	"https://cindemirlaw.com/fde1068e3bda46a37dd24126f9ec4b09df0c999365011ec71028e1a7d4c45bfdd0fde1068e3bda46a37dd24126f9ec4b09df0c999365011ec71028e1a7d4c45bfdbafde1068e3bda46a37dd24126f9ec4b09df0c999365011ec71028e1a7d4c45bf/"	"301"	""	""	""	"true"	"false"	"false"
"Href link"	"false"	"https://cindemirlaw.com/articles/"	"200"	"https://cindemirlaw.com/press/"	"301"	"Press"	""	""	"true"	"false"	"false"
"Href link"	"false"	"https://cindemirlaw.com/obtaining-an-e-devlet-password-in-turkey-through-a-power-of-attorney/?lang=ru"	"200"	"https://cindemirlaw.com/fde1068e3bda46a37dd24126f9ec4b09df0c999365011ec71028e1a7d4c45bfdd0fde1068e3bda46a37dd24126f9ec4b09df0c999365011ec71028e1a7d4c45bfdb0fde1068e3bda46a37dd24126f9ec4b09df0c999365011ec71028e1a7d4c45bf/"	"301"	"Государственные органы"	""	""	"true"	"false"	"false"
"Href link"	"false"	"https://cindemirlaw.com/%D1%83%D0%B4%D0%B0%D0%BB%D0%B5%D0%BD%D0%B8%D0%B5-%D1%81%D1%83%D0%B4%D0%B8%D0%BC%D0%BE%D1%81%D1%82%D0%B8-%D0%B2-%D1%82%D1%83%D1%80%D1%86%D0%B8%D0%B8-%D0%B4%D0%BB%D1%8F-%D0%B8%D0%BD%D0%BE%D1%81%D1%82/?lang=ru"	"200"	"https://cindemirlaw.com/cindemir-law-2/"	"301"	"международные организации"	""	""	"true"	"false"	"false"
"Href link"	"false"	"https://cindemirlaw.com/fde1068e3bda46a37dd24126f9ec4b09df0c999365011ec71028e1a7d4c45bfdd0fde1068e3bda46a37dd24126f9ec4b09df0c999365011ec71028e1a7d4c45bfdb6fde1068e3bda46a37dd24126f9ec4b09df0c999365011ec71028e1a7d4c45bf/?lang=ru"	"200"	"https://cindemirlaw.com/fde1068e3bda46a37dd24126f9ec4b09df0c999365011ec71028e1a7d4c45bfdd1fde1068e3bda46a37dd24126f9ec4b09df0c999365011ec71028e1a7d4c45bfd82fde1068e3bda46a37dd24126f9ec4b09df0c999365011ec71028e1a7d4c45bf-2/"	"301"	"Link to: Танер Чевик, Независимый сертифицированный бухгалтер и финансовый консультант"	""	""	"true"	"false"	"false"
"Href link"	"false"	"https://cindemirlaw.com/irish-tourist-s-attorney-gokhan-cindemir-s-press-statement/"	"200"	"https://cindemirlaw.com/author/admin/"	"301"	"admin"	""	""	"true"	"false"	"false"
"Href link"	"false"	"https://cindemirlaw.com/accidents-on-the-road-in-turkey-car-crashes-traffic-accidents/"	"200"	"https://cindemirlaw.com/press/"	"301"	"Press"	""	""	"true"	"false"	"false"
"Href link"	"false"	"https://cindemirlaw.com/about-us/"	"200"	"https://cindemirlaw.com/press/"	"301"	"Press"	""	""	"true"	"false"	"false"
"Href link"	"false"	"https://cindemirlaw.com/sexual-assault-in-turkey/"	"200"	"https://cindemirlaw.com/press/"	"301"	"Press"	""	""	"true"	"false"	"false"
"Href link"	"false"	"https://cindemirlaw.com/eu-ai-act-compliance-for-non-eu-companies-legal-requirements-under-the-destination-principle/?lang=ru"	"200"	"https://cindemirlaw.com/author/admin/"	"301"	"admin"	""	""	"true"	"false"	"false"
"Href link"	"false"	"https://cindemirlaw.com/anti-dumping-measures/"	"200"	"https://cindemirlaw.com/author/admin/"	"301"	"admin"	""	""	"true"	"false"	"false"
"Href link"	"false"	"https://cindemirlaw.com/overcoming-the-5-year-entry-ban-in-turkey-a-path-to-redemption/"	"200"	"https://cindemirlaw.com/author/admin/"	"301"	"admin"	""	""	"true"	"false"	"false"
"Sitemap URL"	"false"	"https://cindemirlaw.com/post-sitemap.xml"	"200"	"https://cindemirlaw.com/%D0%BE%D1%82%D0%BA%D1%80%D1%8B%D1%82%D0%B8%D0%B5-%D0%B1%D0%B0%D0%BD%D0%BA%D0%BE%D0%B2%D1%81%D0%BA%D0%BE%D0%B3%D0%BE-%D1%81%D1%87%D0%B5%D1%82%D0%B0-%D1%80%D1%83%D1%81%D1%81%D0%BA%D0%B8%D0%BC%D0%B8/"	"301"	""	""	""	"true"	"true"	"false"
"Href link"	"false"	"https://cindemirlaw.com/%D0%BD%D0%B0%D1%81%D0%BB%D0%B5%D0%B4%D1%81%D1%82%D0%B2%D0%B5%D0%BD%D0%BD%D0%BE%D0%B5-%D0%BF%D1%80%D0%B0%D0%B2%D0%BE-%D1%82%D1%83%D1%80%D1%86%D0%B8%D0%B8/?lang=ru"	"200"	"https://cindemirlaw.com/press/"	"301"	"О нас в прессе"	""	""	"true"	"false"	"false"
"Href link"	"false"	"https://cindemirlaw.com/personal-injury-and-car-accidents-under-turkish-law/"	"200"	"https://cindemirlaw.com/press/"	"301"	"Press"	""	""	"true"	"false"	"false"
"Href link"	"false"	"https://cindemirlaw.com/turkish-companies-before-the-court-of-justice-of-the-european-union/"	"200"	"https://cindemirlaw.com/press/"	"301"	"Press"	""	""	"true"	"false"	"false"
"Href link"	"false"	"https://cindemirlaw.com/fde1068e3bda46a37dd24126f9ec4b09df0c999365011ec71028e1a7d4c45bfdd0fde1068e3bda46a37dd24126f9ec4b09df0c999365011ec71028e1a7d4c45bfdb0fde1068e3bda46a37dd24126f9ec4b09df0c999365011ec71028e1a7d4c45bf/?lang=ru"	"200"	"https://cindemirlaw.com/fde1068e3bda46a37dd24126f9ec4b09df0c999365011ec71028e1a7d4c45bfdd1fde1068e3bda46a37dd24126f9ec4b09df0c999365011ec71028e1a7d4c45bfd83fde1068e3bda46a37dd24126f9ec4b09df0c999365011ec71028e1a7d4c45bf/"	"301"	""	""	""	"true"	"false"	"false"
"Href link"	"false"	"https://cindemirlaw.com/fde1068e3bda46a37dd24126f9ec4b09df0c999365011ec71028e1a7d4c45bfdd0fde1068e3bda46a37dd24126f9ec4b09df0c999365011ec71028e1a7d4c45bfdb3fde1068e3bda46a37dd24126f9ec4b09df0c999365011ec71028e1a7d4c45bf/?lang=ru"	"200"	"https://cindemirlaw.com/fde1068e/"	"301"	""	""	""	"true"	"false"	"false"
"Href link"	"false"	"https://cindemirlaw.com/%D1%81%D0%BE%D0%B7%D0%B4%D0%B0%D0%BD%D0%B8%D0%B5-%D0%BA%D0%BE%D0%BC%D0%BF%D0%B0%D0%BD%D0%B8%D0%B8-%D1%81-%D0%BE%D0%B3%D1%80%D0%B0%D0%BD%D0%B8%D1%87%D0%B5%D0%BD%D0%BD%D0%BE%D0%B9-%D0%BE%D1%82%D0%B2/?lang=ru"	"200"	"https://cindemirlaw.com/press/"	"301"	"О нас в прессе"	""	""	"true"	"false"	"false"
"Href link"	"false"	"https://cindemirlaw.com/%D0%BA%D0%B0%D0%BA-%D1%80%D0%B0%D0%B7%D0%B2%D0%B5%D1%81%D1%82%D0%B8%D1%81%D1%8C-%D0%B2-%D1%82%D1%83%D1%80%D1%86%D0%B8%D0%B8/?lang=ru"	"200"	"https://cindemirlaw.com/%D0%B2%D0%B8%D0%B4%D1%8B-%D0%BA%D0%BE%D0%BC%D0%BF%D0%B0%D0%BD%D0%B8%D0%B8-%D0%B2-%D1%82%D1%83%D1%80%D1%86%D0%B8%D0%B8/"	"301"	""	""	""	"true"	"false"	"false"
"Sitemap URL"	"false"	"https://cindemirlaw.com/page-sitemap.xml"	"200"	"https://cindemirlaw.com/press/"	"301"	""	""	""	"true"	"true"	"false"
"Href link"	"false"	"https://cindemirlaw.com/services/?lang=zh-hans"	"200"	"https://cindemirlaw.com/press/"	"301"	"支持"	""	""	"true"	"false"	"false"
"Href link"	"false"	"https://cindemirlaw.com/%D0%BA%D0%B0%D0%BA-%D0%BF%D0%BE%D0%BB%D1%83%D1%87%D0%B8%D1%82%D1%8C-%D1%81%D1%83%D0%B4%D0%B8%D0%BC%D0%BE%D1%81%D1%82%D1%8C-%D0%B2-%D1%82%D1%83%D1%80%D1%86%D0%B8%D0%B8/?lang=ru"	"200"	"https://cindemirlaw.com/author/admin/"	"301"	"admin"	""	""	"true"	"false"	"false"
"Href link"	"false"	"https://cindemirlaw.com/our-articles-2/"	"200"	"https://cindemirlaw.com/author/admin/"	"301"	"admin"	""	""	"true"	"false"	"false"
"Href link"	"false"	"https://cindemirlaw.com/compulsory-earthquake-insurance-in-turkey-compensation-claim/"	"200"	"https://cindemirlaw.com/author/admin/"	"301"	"admin"	""	""	"true"	"false"	"false"
"Href link"	"false"	"https://cindemirlaw.com/team/?lang=ru"	"200"	"https://cindemirlaw.com/fde1068e3bda46a37dd24126f9ec4b09df0c999365011ec71028e1a7d4c45bfdd1fde1068e3bda46a37dd24126f9ec4b09df0c999365011ec71028e1a7d4c45bfd81fde1068e3bda46a37dd24126f9ec4b09df0c999365011ec71028e1a7d4c45bf-3/"	"301"	"арбитраж"	""	""	"true"	"false"	"false"
"Href link"	"false"	"https://cindemirlaw.com/articles/?lang=ru"	"200"	"https://cindemirlaw.com/%D0%BA%D0%B0%D0%BA-%D0%BF%D0%BE%D0%BB%D1%83%D1%87%D0%B8%D1%82%D1%8C-%D1%81%D1%83%D0%B4%D0%B8%D0%BC%D0%BE%D1%81%D1%82%D1%8C-%D0%B2-%D1%82%D1%83%D1%80%D1%86%D0%B8%D0%B8/"	"301"	"как получить судимость в турции"	""	""	"true"	"false"	"false"
"Href link"	"false"	"https://cindemirlaw.com/%D0%B3%D1%83%D0%BC%D0%B0%D0%BD%D0%B8%D1%82%D0%B0%D1%80%D0%BD%D1%8B%D0%B9-%D0%B2%D0%B8%D0%B4-%D0%BD%D0%B0-%D0%B6%D0%B8%D1%82%D0%B5%D0%BB%D1%8C%D1%81%D1%82%D0%B2%D0%BE-%D0%B2-%D1%82%D1%83%D1%80%D1%86/?lang=ru"	"200"	"https://cindemirlaw.com/%D1%81%D1%82%D0%B0%D1%82%D1%83%D1%81-%D1%83%D1%81%D0%BB%D0%BE%D0%B2%D0%BD%D0%BE%D0%B3%D0%BE-%D0%B1%D0%B5%D0%B6%D0%B5%D0%BD%D1%86%D0%B0/"	"301"	"Link to: Статус Условного Беженца"	""	""	"true"	"false"	"false"
"Href link"	"false"	"https://cindemirlaw.com/fde1068e/?lang=ru"	"200"	"https://cindemirlaw.com/fde1068e3bda46a37dd24126f9ec4b09df0c999365011ec71028e1a7d4c45bfdd1fde1068e3bda46a37dd24126f9ec4b09df0c999365011ec71028e1a7d4c45bfd81fde1068e3bda46a37dd24126f9ec4b09df0c999365011ec71028e1a7d4c45bf/"	"301"	"Взыскание"	""	""	"true"	"false"	"false"
"Href link"	"false"	"https://cindemirlaw.com/title-deeds-in-turkey-a-legal-and-historical-overview/"	"200"	"https://cindemirlaw.com/press/"	"301"	"Press"	""	""	"true"	"false"	"false"
"Href link"	"false"	"https://cindemirlaw.com/liaison-offices-in-turkey/"	"200"	"https://cindemirlaw.com/press/"	"301"	"Press"	""	""	"true"	"false"	"false"
"Href link"	"false"	"https://cindemirlaw.com/link20/"	"200"	"https://cindemirlaw.com/press/"	"301"	"Press"	""	""	"true"	"false"	"false"
"Sitemap URL"	"false"	"https://cindemirlaw.com/post-sitemap.xml"	"200"	"https://cindemirlaw.com/fde1068e/"	"301"	""	""	""	"true"	"true"	"false"
"Href link"	"false"	"https://cindemirlaw.com/assistance-for-foreign-families-supporting-inmates-in-turkish-prisons/"	"200"	"https://cindemirlaw.com/author/admin/"	"301"	"admin"	""	""	"true"	"false"	"false"
"Href link"	"false"	"https://cindemirlaw.com/?lang=zh-hans"	"200"	"https://cindemirlaw.com/press/"	"301"	"支持"	""	""	"false"	"false"	"false"
"Href link"	"false"	"https://cindemirlaw.com/finding-a-nominee-director-in-turkey/"	"200"	"https://cindemirlaw.com/author/admin/"	"301"	"admin"	""	""	"true"	"false"	"false"
"Href link"	"false"	"https://cindemirlaw.com/website-legal-services%E2%80%8B/"	"200"	"https://cindemirlaw.com/press/"	"301"	"Press"	""	""	"true"	"false"	"false"
"Href link"	"false"	"https://cindemirlaw.com/migrant-smuggling-and-human-trafficking-under-turkish-law/"	"200"	"https://cindemirlaw.com/author/admin/"	"301"	"admin"	""	""	"true"	"false"	"false"
"Href link"	"false"	"https://cindemirlaw.com/%D0%BD%D0%B0%D1%81%D0%BB%D0%B5%D0%B4%D1%81%D1%82%D0%B2%D0%B5%D0%BD%D0%BD%D0%BE%D0%B5-%D0%BF%D1%80%D0%B0%D0%B2%D0%BE-%D1%82%D1%83%D1%80%D1%86%D0%B8%D0%B8/?lang=ru"	"200"	"https://cindemirlaw.com/%D0%BA%D0%B0%D0%BA-%D0%BF%D0%BE%D0%BB%D1%83%D1%87%D0%B8%D1%82%D1%8C-%D1%81%D1%83%D0%B4%D0%B8%D0%BC%D0%BE%D1%81%D1%82%D1%8C-%D0%B2-%D1%82%D1%83%D1%80%D1%86%D0%B8%D0%B8/"	"301"	"Link to: как получить судимость в турции"	""	""	"true"	"false"	"false"
"Href link"	"false"	"https://cindemirlaw.com/link15/?lang=zh-hans"	"200"	"https://cindemirlaw.com/author/admin/"	"301"	"admin"	""	""	"true"	"false"	"false"
"Href link"	"false"	"https://cindemirlaw.com/our-articles-2/"	"200"	"https://cindemirlaw.com/press/"	"301"	"Press"	""	""	"true"	"false"	"false"
"Href link"	"false"	"https://cindemirlaw.com/articles/"	"200"	"https://cindemirlaw.com/how-to-lift-entry-ban-to-turkey/"	"301"	"How to Lift the Entry Ban to Turkey"	""	""	"true"	"false"	"false"
"Href link"	"false"	"https://cindemirlaw.com/%D1%87%D1%82%D0%BE-%D1%82%D0%B0%D0%BA%D0%BE%D0%B5-%D0%B7%D0%B0%D1%8F%D0%B2%D0%BB%D0%B5%D0%BD%D0%B8%D0%B5-%D0%B2-%D0%B5%D1%81%D0%BF%D1%87-%D0%BA%D1%82%D0%BE-%D0%BC%D0%BE%D0%B6%D0%B5%D1%82-%D0%BF%D0%BE/?lang=ru"	"200"	"https://cindemirlaw.com/fde1068e3bda46a37dd24126f9ec4b09df0c999365011ec71028e1a7d4c45bfdd1fde1068e3bda46a37dd24126f9ec4b09df0c999365011ec71028e1a7d4c45bfd81fde1068e3bda46a37dd24126f9ec4b09df0c999365011ec71028e1a7d4c45bf-2/"	"301"	"суд"	""	""	"true"	"false"	"false"
"Href link"	"false"	"https://cindemirlaw.com/turkish-procedural-law/"	"200"	"https://cindemirlaw.com/press/"	"301"	"Press"	""	""	"true"	"false"	"false"
"Href link"	"false"	"https://cindemirlaw.com/%D0%BA%D0%B0%D0%BA-%D0%BE%D1%82%D0%BA%D1%80%D1%8B%D1%82%D1%8C-%D1%84%D0%B8%D0%BB%D0%B8%D0%B0%D0%BB-%D0%B2-%D1%82%D1%83%D1%80%D1%86%D0%B8%D0%B8/?lang=ru"	"200"	"https://cindemirlaw.com/cindemir-law-2/"	"301"	"турецкий"	""	""	"true"	"false"	"false"
"Href link"	"false"	"https://cindemirlaw.com/articles/?lang=ru"	"200"	"https://cindemirlaw.com/%D1%82%D0%B8%D0%BF%D1%8B-%D0%BA%D0%BE%D0%BC%D0%BF%D0%B0%D0%BD%D0%B8%D0%B9-%D0%B2-%D1%82%D1%83%D1%80%D1%86%D0%B8%D0%B8/"	"301"	"типы компаний в Турции"	""	""	"true"	"false"	"false"
"Href link"	"false"	"https://cindemirlaw.com/fde1068e3bda46a37dd24126f9ec4b09df0c999365011ec71028e1a7d4c45bfdd1fde1068e3bda46a37dd24126f9ec4b09df0c999365011ec71028e1a7d4c45bfd81fde1068e3bda46a37dd24126f9ec4b09df0c999365011ec71028e1a7d4c45bf-2/?lang=ru"	"200"	"https://cindemirlaw.com/fde1068e/"	"301"	""	""	""	"true"	"false"	"false"
"Href link"	"false"	"https://cindemirlaw.com/fde1068e3bda46a37dd24126f9ec4b09df0c999365011ec71028e1a7d4c45bfdd1fde1068e3bda46a37dd24126f9ec4b09df0c999365011ec71028e1a7d4c45bfd81fde1068e3bda46a37dd24126f9ec4b09df0c999365011ec71028e1a7d4c45bf-3/?lang=ru"	"200"	"https://cindemirlaw.com/fde1068e3bda46a37dd24126f9ec4b09df0c999365011ec71028e1a7d4c45bfdd1fde1068e3bda46a37dd24126f9ec4b09df0c999365011ec71028e1a7d4c45bfd83fde1068e3bda46a37dd24126f9ec4b09df0c999365011ec71028e1a7d4c45bf-3/"	"301"	""	""	""	"true"	"false"	"false"
"Href link"	"false"	"https://cindemirlaw.com/p91/"	"200"	"https://cindemirlaw.com/press/"	"301"	"Press"	""	""	"true"	"false"	"false"
"Href link"	"false"	"https://cindemirlaw.com/fde1068e3bda46a37dd24126f9ec4b09df0c999365011ec71028e1a7d4c45bfdd1fde1068e3bda46a37dd24126f9ec4b09df0c999365011ec71028e1a7d4c45bfd81fde1068e3bda46a37dd24126f9ec4b09df0c999365011ec71028e1a7d4c45bf-2/?lang=ru"	"200"	"https://cindemirlaw.com/fde1068e3bda46a37dd24126f9ec4b09df0c999365011ec71028e1a7d4c45bfdd0fde1068e3bda46a37dd24126f9ec4b09df0c999365011ec71028e1a7d4c45bfdbdfde1068e3bda46a37dd24126f9ec4b09df0c999365011ec71028e1a7d4c45bf/"	"301"	"Link to: Недвижимость, Трасты"	""	""	"true"	"false"	"false"
"Href link"	"false"	"https://cindemirlaw.com/services/?lang=ru"	"200"	"https://cindemirlaw.com/fde1068e3bda46a37dd24126f9ec4b09df0c999365011ec71028e1a7d4c45bfdd0fde1068e3bda46a37dd24126f9ec4b09df0c999365011ec71028e1a7d4c45bfdbdfde1068e3bda46a37dd24126f9ec4b09df0c999365011ec71028e1a7d4c45bf-2/"	"301"	"правовые услуги"	""	""	"true"	"false"	"false"
"Href link"	"false"	"https://cindemirlaw.com/contacts/?lang=ru"	"200"	"https://cindemirlaw.com/press/"	"301"	"О нас в прессе"	""	""	"true"	"false"	"false"
"Sitemap URL"	"false"	"https://cindemirlaw.com/post-sitemap.xml"	"200"	"https://cindemirlaw.com/fde1068e3bda46a37dd24126f9ec4b09df0c999365011ec71028e1a7d4c45bfdd0fde1068e3bda46a37dd24126f9ec4b09df0c999365011ec71028e1a7d4c45bfdbafde1068e3bda46a37dd24126f9ec4b09df0c999365011ec71028e1a7d4c45bf/"	"301"	""	""	""	"true"	"true"	"false"
"Href link"	"false"	"https://cindemirlaw.com/interim-injunctions-in-turkish-law/"	"200"	"https://cindemirlaw.com/press/"	"301"	"Press"	""	""	"true"	"false"	"false"
"Href link"	"false"	"https://cindemirlaw.com/tag/turkish/"	"200"	"https://cindemirlaw.com/author/admin/"	"301"	"admin"	""	""	"true"	"true"	"false"
"Href link"	"false"	"https://cindemirlaw.com/%D1%8E%D1%80%D0%B8%D0%B4%D0%B8%D1%87%D0%B5%D1%81%D0%BA%D0%B0%D1%8F-%D0%BF%D0%BE%D0%BC%D0%BE%D1%89%D1%8C-%D0%BF%D1%80%D0%B8-%D0%BE%D1%82%D0%BF%D1%80%D0%B0%D0%B2%D0%BA%D0%B5-%D0%B2%D0%B5%D1%89%D0%B5/?lang=ru"	"200"	"https://cindemirlaw.com/%D1%83%D0%B4%D0%B0%D0%BB%D0%B5%D0%BD%D0%B8%D0%B5-%D1%81%D1%83%D0%B4%D0%B8%D0%BC%D0%BE%D1%81%D1%82%D0%B8-%D0%B2-%D1%82%D1%83%D1%80%D1%86%D0%B8%D0%B8-%D0%B4%D0%BB%D1%8F-%D0%B8%D0%BD%D0%BE%D1%81%D1%82/"	"301"	"Link to: Удаление судимости в Турции для иностранных граждан"	""	""	"true"	"false"	"false"
"Href link"	"false"	"https://cindemirlaw.com/fde1068e3bda46a37dd24126f9ec4b09df0c999365011ec71028e1a7d4c45bfdd1fde1068e3bda46a37dd24126f9ec4b09df0c999365011ec71028e1a7d4c45bfd81fde1068e3bda46a37dd24126f9ec4b09df0c999365011ec71028e1a7d4c45bf/?lang=ru"	"200"	"https://cindemirlaw.com/press/"	"301"	"О нас в прессе"	""	""	"true"	"false"	"false"
"Href link"	"false"	"https://cindemirlaw.com/hakan-cindemir-3/"	"200"	"https://cindemirlaw.com/author/admin/"	"301"	"admin"	""	""	"true"	"false"	"false"
"Href link"	"false"	"https://cindemirlaw.com/about-us/?lang=ru"	"200"	"https://cindemirlaw.com/press/"	"301"	"О нас в прессе"	""	""	"true"	"false"	"false"
"Href link"	"false"	"https://cindemirlaw.com/cindemir-law-2/?lang=ru"	"200"	"https://cindemirlaw.com/%D1%80%D0%B5%D0%BF%D0%B0%D1%82%D1%80%D0%B8%D0%B0%D1%86%D0%B8%D1%8F-%D0%B0%D0%BA%D1%82%D0%B8%D0%B2%D0%BE%D0%B2-%D0%B2-%D1%82%D1%83%D1%80%D1%86%D0%B8%D1%8E-%D0%B2-2026-%D0%B3%D0%BE%D0%B4%D1%83-%D0%BF/"	"301"	"Cindemir Law Office"	""	""	"true"	"false"	"false"
"Href link"	"false"	"https://cindemirlaw.com/%D1%80%D1%83%D1%81%D1%81%D0%BA%D0%BE%D1%8F%D0%B7%D1%8B%D1%87%D0%BD%D1%8B%D0%B9-%D1%8E%D1%80%D0%B8%D1%81%D1%82-%D0%B2-%D1%82%D1%83%D1%80%D1%86%D0%B8%D0%B8-%D1%8E%D1%80%D0%B8%D0%B4%D0%B8%D1%87/?lang=ru"	"200"	"https://cindemirlaw.com/fde1068e3bda46a37dd24126f9ec4b09df0c999365011ec71028e1a7d4c45bfdd1fde1068e3bda46a37dd24126f9ec4b09df0c999365011ec71028e1a7d4c45bfd81fde1068e3bda46a37dd24126f9ec4b09df0c999365011ec71028e1a7d4c45bf-2/"	"301"	"суд"	""	""	"true"	"false"	"false"
"Href link"	"false"	"https://cindemirlaw.com/turkish-succession-law/"	"200"	"https://cindemirlaw.com/how-to-lift-entry-ban-to-turkey/"	"301"	""	""	""	"true"	"false"	"false"
"Href link"	"false"	"https://cindemirlaw.com/foreigners-and-international-protection-in-turkey/"	"200"	"https://cindemirlaw.com/press/"	"301"	"Press"	""	""	"true"	"false"	"false"
"Href link"	"false"	"https://cindemirlaw.com/enforcement-of-icsid-awards-in-turkey-the-light-of-last-developments/"	"200"	"https://cindemirlaw.com/author/admin/"	"301"	"admin"	""	""	"true"	"false"	"false"
"Sitemap URL"	"false"	"https://cindemirlaw.com/post-sitemap.xml"	"200"	"https://cindemirlaw.com/%D1%8E%D1%80%D0%B8%D0%B4%D0%B8%D1%87%D0%B5%D1%81%D0%BA%D0%B0%D1%8F-%D0%BF%D0%BE%D0%BC%D0%BE%D1%89%D1%8C-%D0%BF%D1%80%D0%B8-%D0%BE%D1%82%D0%BF%D1%80%D0%B0%D0%B2%D0%BA%D0%B5-%D0%B2%D0%B5%D1%89%D0%B5/"	"301"	""	""	""	"true"	"true"	"false"
"Href link"	"false"	"https://cindemirlaw.com/turkish-inheritance-law/"	"200"	"https://cindemirlaw.com/author/admin/"	"301"	"admin"	""	""	"true"	"false"	"false"
"Href link"	"false"	"https://cindemirlaw.com/articles/?lang=ru"	"200"	"https://cindemirlaw.com/%D0%BD%D0%B0%D1%81%D0%BB%D0%B5%D0%B4%D1%81%D1%82%D0%B2%D0%B5%D0%BD%D0%BD%D0%BE%D0%B5-%D0%BF%D1%80%D0%B0%D0%B2%D0%BE-%D1%82%D1%83%D1%80%D1%86%D0%B8%D0%B8/"	"301"	"Наследственное Право Турции"	""	""	"true"	"false"	"false"
"Href link"	"false"	"https://cindemirlaw.com/family/"	"200"	"https://cindemirlaw.com/author/admin/"	"301"	"admin"	""	""	"true"	"false"	"false"
"Href link"	"false"	"https://cindemirlaw.com/understanding-spks-introduction-guide-for-information-systems-independent-audit/"	"200"	"https://cindemirlaw.com/author/admin/"	"301"	"admin"	""	""	"true"	"false"	"false"
"Href link"	"false"	"https://cindemirlaw.com/crypto-asset-issuers-under-turkish-law/"	"200"	"https://cindemirlaw.com/author/admin/"	"301"	"admin"	""	""	"true"	"false"	"false"
"Href link"	"false"	"https://cindemirlaw.com/link20/"	"200"	"https://cindemirlaw.com/author/admin/"	"301"	"admin"	""	""	"true"	"false"	"false"
"Href link"	"false"	"https://cindemirlaw.com/personal-injury-liability-in-turkey/"	"200"	"https://cindemirlaw.com/author/admin/"	"301"	"admin"	""	""	"true"	"false"	"false"
"Href link"	"false"	"https://cindemirlaw.com/%D0%B2%D0%B8%D0%B4%D1%8B-%D0%BA%D0%BE%D0%BC%D0%BF%D0%B0%D0%BD%D0%B8%D0%B8-%D0%B2-%D1%82%D1%83%D1%80%D1%86%D0%B8%D0%B8/?lang=ru"	"200"	"https://cindemirlaw.com/cindemir-law-2/"	"301"	"Турецкий"	""	""	"true"	"false"	"false"
"Href link"	"false"	"https://cindemirlaw.com/crypto-assets-status-a-perspective-following-turkeys-stance-on-crypto-use/"	"200"	"https://cindemirlaw.com/press/"	"301"	"Press"	""	""	"true"	"false"	"false"
"Href link"	"false"	"https://cindemirlaw.com/%D0%BA%D0%B0%D0%BA-%D1%80%D0%B0%D0%B7%D0%B2%D0%B5%D1%81%D1%82%D0%B8%D1%81%D1%8C-%D0%B2-%D1%82%D1%83%D1%80%D1%86%D0%B8%D0%B8/?lang=ru"	"200"	"https://cindemirlaw.com/fde1068e/"	"301"	"развод"	""	""	"true"	"false"	"false"
"Href link"	"false"	"https://cindemirlaw.com/fde1068e3bda46a37dd24126f9ec4b09df0c999365011ec71028e1a7d4c45bfdd0fde1068e3bda46a37dd24126f9ec4b09df0c999365011ec71028e1a7d4c45bfdb5fde1068e3bda46a37dd24126f9ec4b09df0c999365011ec71028e1a7d4c45bf/?lang=ru"	"200"	"https://cindemirlaw.com/fde1068e/"	"301"	""	""	""	"true"	"false"	"false"
"Href link"	"false"	"https://cindemirlaw.com/getting-criminal-record-in-turkey/"	"200"	"https://cindemirlaw.com/press/"	"301"	"Press"	""	""	"true"	"false"	"false"
"Href link"	"false"	"https://cindemirlaw.com/enforcement-of-uk-judgments-in-turkey/"	"200"	"https://cindemirlaw.com/press/"	"301"	"Press"	""	""	"true"	"false"	"false"
"Sitemap URL"	"false"	"https://cindemirlaw.com/post-sitemap.xml"	"200"	"https://cindemirlaw.com/fde1068e3bda46a37dd24126f9ec4b09df0c999365011ec71028e1a7d4c45bfdd1fde1068e3bda46a37dd24126f9ec4b09df0c999365011ec71028e1a7d4c45bfd81fde1068e3bda46a37dd24126f9ec4b09df0c999365011ec71028e1a7d4c45bf/"	"301"	""	""	""	"true"	"true"	"false"
"Href link"	"false"	"https://cindemirlaw.com/nominee-director-in-turkey/"	"200"	"https://cindemirlaw.com/press/"	"301"	"Press"	""	""	"true"	"false"	"false"
"Href link"	"false"	"https://cindemirlaw.com/%D0%BA%D0%B0%D0%BA-%D1%80%D0%B0%D0%B7%D0%B2%D0%B5%D1%81%D1%82%D0%B8%D1%81%D1%8C-%D0%B2-%D1%82%D1%83%D1%80%D1%86%D0%B8%D0%B8/?lang=ru"	"200"	"https://cindemirlaw.com/fde1068e3bda46a37dd24126f9ec4b09df0c999365011ec71028e1a7d4c45bfdd1fde1068e3bda46a37dd24126f9ec4b09df0c999365011ec71028e1a7d4c45bfd82fde1068e3bda46a37dd24126f9ec4b09df0c999365011ec71028e1a7d4c45bf/"	"301"	"Представительство в суде"	""	""	"true"	"false"	"false"
"Href link"	"false"	"https://cindemirlaw.com/services/?lang=ru"	"200"	"https://cindemirlaw.com/fde1068e3bda46a37dd24126f9ec4b09df0c999365011ec71028e1a7d4c45bfdd0fde1068e3bda46a37dd24126f9ec4b09df0c999365011ec71028e1a7d4c45bfdb5fde1068e3bda46a37dd24126f9ec4b09df0c999365011ec71028e1a7d4c45bf/"	"301"	"услуги"	""	""	"true"	"false"	"false"
"Href link"	"false"	"https://cindemirlaw.com/fde1068e/?lang=ru"	"200"	"https://cindemirlaw.com/author/admin/"	"301"	"admin"	""	""	"true"	"false"	"false"
"Href link"	"false"	"https://cindemirlaw.com/%D0%B3%D1%83%D0%BC%D0%B0%D0%BD%D0%B8%D1%82%D0%B0%D1%80%D0%BD%D1%8B%D0%B9-%D0%B2%D0%B8%D0%B4-%D0%BD%D0%B0-%D0%B6%D0%B8%D1%82%D0%B5%D0%BB%D1%8C%D1%81%D1%82%D0%B2%D0%BE-%D0%B2-%D1%82%D1%83%D1%80%D1%86/?lang=ru"	"200"	"https://cindemirlaw.com/author/admin/"	"301"	"admin"	""	""	"true"	"false"	"false"
"Href link"	"false"	"https://cindemirlaw.com/enforcement-and-recognition-of-foreign-arbitral-awards-in-turkey/"	"200"	"https://cindemirlaw.com/press/"	"301"	"Press"	""	""	"true"	"false"	"false"
"Href link"	"false"	"https://cindemirlaw.com/fde1068e/?lang=ru"	"200"	"https://cindemirlaw.com/fde1068e3bda46a37dd24126f9ec4b09df0c999365011ec71028e1a7d4c45bfdd1fde1068e3bda46a37dd24126f9ec4b09df0c999365011ec71028e1a7d4c45bfd81fde1068e3bda46a37dd24126f9ec4b09df0c999365011ec71028e1a7d4c45bf-2/"	"301"	""	""	""	"true"	"false"	"false"
"Href link"	"false"	"https://cindemirlaw.com/airport-detention-in-turkey-legal-risks-for-foreign-travellers-and-how-to-respond/"	"200"	"https://cindemirlaw.com/author/admin/"	"301"	"admin"	""	""	"true"	"false"	"false"
"Href link"	"false"	"https://cindemirlaw.com/team/?lang=ru"	"200"	"https://cindemirlaw.com/cindemir-law-2/"	"301"	"корпоративное право"	""	""	"true"	"false"	"false"
"Href link"	"false"	"https://cindemirlaw.com/%D0%BF%D0%BE%D1%81%D0%B5%D1%89%D0%B5%D0%BD%D0%B8%D0%B5-%D0%B8%D0%BD%D0%BE%D1%81%D1%82%D1%80%D0%B0%D0%BD%D0%BD%D1%8B%D1%85-%D0%B7%D0%B0%D0%BA%D0%BB%D1%8E%D1%87%D1%91%D0%BD%D0%BD%D1%8B%D1%85-%D0%B2/?lang=ru"	"200"	"https://cindemirlaw.com/%D1%80%D0%B5%D0%BF%D0%B0%D1%82%D1%80%D0%B8%D0%B0%D1%86%D0%B8%D1%8F-%D0%B0%D0%BA%D1%82%D0%B8%D0%B2%D0%BE%D0%B2-%D0%B2-%D1%82%D1%83%D1%80%D1%86%D0%B8%D1%8E-%D0%B2-2026-%D0%B3%D0%BE%D0%B4%D1%83-%D0%BF/"	"301"	"Cindemir Law Office"	""	""	"true"	"false"	"false"
"Href link"	"false"	"https://cindemirlaw.com/provisions-of-custody-under-turkish-civil-code/"	"200"	"https://cindemirlaw.com/press/"	"301"	"Press"	""	""	"true"	"false"	"false"
"Href link"	"false"	"https://cindemirlaw.com/fde1068e3bda46a37dd24126f9ec4b09df0c999365011ec71028e1a7d4c45bfdd0fde1068e3bda46a37dd24126f9ec4b09df0c999365011ec71028e1a7d4c45bfdb1fde1068e3bda46a37dd24126f9ec4b09df0c999365011ec71028e1a7d4c45bf/?lang=ru"	"200"	"https://cindemirlaw.com/fde1068e3bda46a37dd24126f9ec4b09df0c999365011ec71028e1a7d4c45bfdd1fde1068e3bda46a37dd24126f9ec4b09df0c999365011ec71028e1a7d4c45bfd83fde1068e3bda46a37dd24126f9ec4b09df0c999365011ec71028e1a7d4c45bf/"	"301"	"Link to: Уголовное право"	""	""	"true"	"false"	"false"
"Href link"	"false"	"https://cindemirlaw.com/transferring-a-tiktok-account-with-escrow/"	"200"	"https://cindemirlaw.com/author/admin/"	"301"	"admin"	""	""	"true"	"false"	"false"
"Href link"	"false"	"https://cindemirlaw.com/%D0%BD%D0%B0%D1%81%D0%BB%D0%B5%D0%B4%D1%81%D1%82%D0%B2%D0%B5%D0%BD%D0%BD%D0%BE%D0%B5-%D0%BF%D1%80%D0%B0%D0%B2%D0%BE-%D1%82%D1%83%D1%80%D1%86%D0%B8%D0%B8-2/?lang=ru"	"200"	"https://cindemirlaw.com/press/"	"301"	"О нас в прессе"	""	""	"true"	"false"	"false"
"Href link"	"false"	"https://cindemirlaw.com/%D1%8E%D1%80%D0%B8%D0%B4%D0%B8%D1%87%D0%B5%D1%81%D0%BA%D0%B0%D1%8F-%D0%BF%D0%BE%D0%BC%D0%BE%D1%89%D1%8C-%D0%BF%D1%80%D0%B8-%D0%BE%D1%82%D0%BF%D1%80%D0%B0%D0%B2%D0%BA%D0%B5-%D0%B2%D0%B5%D1%89%D0%B5/?lang=ru"	"200"	"https://cindemirlaw.com/%D1%80%D0%B5%D0%BF%D0%B0%D1%82%D1%80%D0%B8%D0%B0%D1%86%D0%B8%D1%8F-%D0%B0%D0%BA%D1%82%D0%B8%D0%B2%D0%BE%D0%B2-%D0%B2-%D1%82%D1%83%D1%80%D1%86%D0%B8%D1%8E-%D0%B2-2026-%D0%B3%D0%BE%D0%B4%D1%83-%D0%BF/"	"301"	"Cindemir Law Office"	""	""	"true"	"false"	"false"
"Href link"	"false"	"https://cindemirlaw.com/%D0%BD%D0%B0%D1%81%D0%BB%D0%B5%D0%B4%D1%81%D1%82%D0%B2%D0%B5%D0%BD%D0%BD%D0%BE%D0%B5-%D0%BF%D1%80%D0%B0%D0%B2%D0%BE-%D1%82%D1%83%D1%80%D1%86%D0%B8%D0%B8/?lang=ru"	"200"	"https://cindemirlaw.com/author/admin/"	"301"	"admin"	""	""	"true"	"false"	"false"
"Href link"	"false"	"https://cindemirlaw.com/hakan/?lang=zh-hans"	"200"	"https://cindemirlaw.com/gokhan-cindemir-attorney-at-law-2-2/"	"301"	"Link to: Gökhan Cindemir , Attorney At Law"	""	""	"true"	"false"	"false"
"Href link"	"false"	"https://cindemirlaw.com/testamentary-disposition-and-testaments-in-turkish-inheritance-law/"	"200"	"https://cindemirlaw.com/press/"	"301"	"Press"	""	""	"true"	"false"	"false"
"Href link"	"false"	"https://cindemirlaw.com/news-events/"	"200"	"https://cindemirlaw.com/press/"	"301"	"Press"	""	""	"true"	"false"	"false"
"Href link"	"false"	"https://cindemirlaw.com/gokhan-cindemir-attorney-at-law/"	"200"	"https://cindemirlaw.com/author/admin/"	"301"	"admin"	""	""	"true"	"false"	"false"
"Href link"	"false"	"https://cindemirlaw.com/cindemir-law-2/?lang=ru"	"200"	"https://cindemirlaw.com/press/"	"301"	"О нас в прессе"	""	""	"true"	"false"	"false"
"Href link"	"false"	"https://cindemirlaw.com/fde1068e/?lang=ru"	"200"	"https://cindemirlaw.com/%D0%BA%D0%B0%D0%BA-%D1%80%D0%B0%D0%B7%D0%B2%D0%B5%D1%81%D1%82%D0%B8%D1%81%D1%8C-%D0%B2-%D1%82%D1%83%D1%80%D1%86%D0%B8%D0%B8/"	"301"	"развод"	""	""	"true"	"false"	"false"
"Href link"	"false"	"https://cindemirlaw.com/team/?lang=ru"	"200"	"https://cindemirlaw.com/%D0%B2%D0%B8%D0%B4%D1%8B-%D0%BA%D0%BE%D0%BC%D0%BF%D0%B0%D0%BD%D0%B8%D0%B8-%D0%B2-%D1%82%D1%83%D1%80%D1%86%D0%B8%D0%B8/"	"301"	"Адвокат"	""	""	"true"	"false"	"false"
"Href link"	"false"	"https://cindemirlaw.com/fde1068e3bda46a37dd24126f9ec4b09df0c999365011ec71028e1a7d4c45bfdd0fde1068e3bda46a37dd24126f9ec4b09df0c999365011ec71028e1a7d4c45bfdb7fde1068e3bda46a37dd24126f9ec4b09df0c999365011ec71028e1a7d4c45bf/?lang=ru"	"200"	"https://cindemirlaw.com/fde1068e3bda46a37dd24126f9ec4b09df0c999365011ec71028e1a7d4c45bfdd1fde1068e3bda46a37dd24126f9ec4b09df0c999365011ec71028e1a7d4c45bfd83fde1068e3bda46a37dd24126f9ec4b09df0c999365011ec71028e1a7d4c45bf-3/"	"301"	""	""	""	"true"	"false"	"false"
"Href link"	"false"	"https://cindemirlaw.com/%D0%BE%D1%82%D0%BA%D1%80%D1%8B%D1%82%D0%B8%D0%B5-%D0%B1%D0%B0%D0%BD%D0%BA%D0%BE%D0%B2%D1%81%D0%BA%D0%BE%D0%B3%D0%BE-%D1%81%D1%87%D0%B5%D1%82%D0%B0-%D0%B4%D0%BB%D1%8F-%D1%80%D0%BE%D1%81%D1%81%D0%B8/?lang=ru"	"200"	"https://cindemirlaw.com/%D0%B2%D0%B8%D0%B4%D1%8B-%D0%BA%D0%BE%D0%BC%D0%BF%D0%B0%D0%BD%D0%B8%D0%B8-%D0%B2-%D1%82%D1%83%D1%80%D1%86%D0%B8%D0%B8/"	"301"	"Турция"	""	""	"true"	"false"	"false"
"Href link"	"false"	"https://cindemirlaw.com/methods-of-debt-collection-in-the-light-of-turkish-law/"	"200"	"https://cindemirlaw.com/author/admin/"	"301"	"admin"	""	""	"true"	"false"	"false"
"Href link"	"false"	"https://cindemirlaw.com/enforcement-of-promissory-notes-bills-of-exchange-and-cheques-in-turkey/?lang=ru"	"200"	"https://cindemirlaw.com/fde1068e3bda46a37dd24126f9ec4b09df0c999365011ec71028e1a7d4c45bfdd1fde1068e3bda46a37dd24126f9ec4b09df0c999365011ec71028e1a7d4c45bfd81fde1068e3bda46a37dd24126f9ec4b09df0c999365011ec71028e1a7d4c45bf/"	"301"	"взыскание"	""	""	"true"	"false"	"false"
"Href link"	"false"	"https://cindemirlaw.com/%D1%82%D1%83%D1%80%D0%B8%D1%81%D1%82%D0%B8%D1%87%D0%B5%D1%81%D0%BA%D0%BE%D0%B5-%D0%BF%D1%80%D0%B0%D0%B2%D0%BE-%D0%B2-%D1%82%D1%83%D1%80%D1%86%D0%B8%D0%B8/"	"200"	"https://cindemirlaw.com/author/admin/"	"301"	"admin"	""	""	"true"	"false"	"false"
"Href link"	"false"	"https://cindemirlaw.com/%D0%BA%D0%B0%D0%BA-%D1%80%D0%B0%D0%B7%D0%B2%D0%B5%D1%81%D1%82%D0%B8%D1%81%D1%8C-%D0%B2-%D1%82%D1%83%D1%80%D1%86%D0%B8%D0%B8/?lang=ru"	"200"	"https://cindemirlaw.com/fde1068e3bda46a37dd24126f9ec4b09df0c999365011ec71028e1a7d4c45bfdd1fde1068e3bda46a37dd24126f9ec4b09df0c999365011ec71028e1a7d4c45bfd83fde1068e3bda46a37dd24126f9ec4b09df0c999365011ec71028e1a7d4c45bf-2/"	"301"	""	""	""	"true"	"false"	"false"
"Href link"	"false"	"https://cindemirlaw.com/%D0%BE%D1%82%D0%BA%D1%80%D1%8B%D1%82%D0%B8%D0%B5-%D0%B1%D0%B0%D0%BD%D0%BA%D0%BE%D0%B2%D1%81%D0%BA%D0%BE%D0%B3%D0%BE-%D1%81%D1%87%D0%B5%D1%82%D0%B0-%D0%B2-%D1%82%D1%83%D1%80%D1%86%D0%B8%D0%B8/?lang=ru"	"200"	"https://cindemirlaw.com/press/"	"301"	"О нас в прессе"	""	""	"true"	"false"	"false"
"Href link"	"false"	"https://cindemirlaw.com/%D0%B2%D0%B8%D0%B4%D1%8B-%D0%BA%D0%BE%D0%BC%D0%BF%D0%B0%D0%BD%D0%B8%D0%B8-%D0%B2-%D1%82%D1%83%D1%80%D1%86%D0%B8%D0%B8/?lang=ru"	"200"	"https://cindemirlaw.com/fde1068e3bda46a37dd24126f9ec4b09df0c999365011ec71028e1a7d4c45bfdd0fde1068e3bda46a37dd24126f9ec4b09df0c999365011ec71028e1a7d4c45bfdb7fde1068e3bda46a37dd24126f9ec4b09df0c999365011ec71028e1a7d4c45bf/"	"301"	""	""	""	"true"	"false"	"false"
"Href link"	"false"	"https://cindemirlaw.com/hakan/?lang=zh-hans"	"200"	"https://cindemirlaw.com/cindemir-hukuk/"	"301"	"Link to: Cindemir律师事务所 Al Mazaya İstanbul Ritim Residences"	""	""	"true"	"false"	"false"
"Href link"	"false"	"https://cindemirlaw.com/%D0%BA%D0%B0%D0%BA-%D0%BF%D0%BE%D0%BB%D1%83%D1%87%D0%B8%D1%82%D1%8C-%D1%81%D1%83%D0%B4%D0%B8%D0%BC%D0%BE%D1%81%D1%82%D1%8C-%D0%B2-%D1%82%D1%83%D1%80%D1%86%D0%B8%D0%B8/?lang=ru"	"200"	"https://cindemirlaw.com/%D0%BE%D1%82%D0%BA%D1%80%D1%8B%D1%82%D0%B8%D0%B5-%D0%B1%D0%B0%D0%BD%D0%BA%D0%BE%D0%B2%D1%81%D0%BA%D0%BE%D0%B3%D0%BE-%D1%81%D1%87%D0%B5%D1%82%D0%B0-%D0%B2-%D1%82%D1%83%D1%80%D1%86%D0%B8%D0%B8/"	"301"	"Link to: открытие банковского счета в турции"	""	""	"true"	"false"	"false"
"Href link"	"false"	"https://cindemirlaw.com/compulsory-earthquake-insurance-in-turkey-compensation-claim/"	"200"	"https://cindemirlaw.com/press/"	"301"	"Press"	""	""	"true"	"false"	"false"
"Href link"	"false"	"https://cindemirlaw.com/articles/?lang=ru"	"200"	"https://cindemirlaw.com/%D0%BA%D0%B0%D0%BA-%D0%BE%D1%82%D0%BA%D1%80%D1%8B%D1%82%D1%8C-%D1%84%D0%B8%D0%BB%D0%B8%D0%B0%D0%BB-%D0%B2-%D1%82%D1%83%D1%80%D1%86%D0%B8%D0%B8/"	"301"	"как открыть филиал в турции"	""	""	"true"	"false"	"false"
"Href link"	"false"	"https://cindemirlaw.com/liaison-offices-in-turkey/"	"200"	"https://cindemirlaw.com/author/admin/"	"301"	"admin"	""	""	"true"	"false"	"false"
"Href link"	"false"	"https://cindemirlaw.com/articles/?lang=ru"	"200"	"https://cindemirlaw.com/%D1%80%D0%B5%D0%BF%D0%B0%D1%82%D1%80%D0%B8%D0%B0%D1%86%D0%B8%D1%8F-%D0%B0%D0%BA%D1%82%D0%B8%D0%B2%D0%BE%D0%B2-%D0%B2-%D1%82%D1%83%D1%80%D1%86%D0%B8%D1%8E-%D0%B2-2026-%D0%B3%D0%BE%D0%B4%D1%83-%D0%BF/"	"301"	"Репатриация активов в Турцию в 2026 году: правовой режим перевода зарубежных активов по Закону № 7582"	""	""	"true"	"false"	"false"
"Href link"	"false"	"https://cindemirlaw.com/private-international-law-rules/"	"200"	"https://cindemirlaw.com/press/"	"301"	"Press"	""	""	"true"	"false"	"false"
"Href link"	"false"	"https://cindemirlaw.com/energy-law-and-investment/"	"200"	"https://cindemirlaw.com/author/admin/"	"301"	"admin"	""	""	"true"	"false"	"false"
"Href link"	"false"	"https://cindemirlaw.com/%D0%BF%D1%80%D0%B0%D0%B2%D0%B0-%D0%B8-%D0%BE%D0%B1%D1%8F%D0%B7%D0%B0%D0%BD%D0%BD%D0%BE%D1%81%D1%82%D0%B8/?lang=ru"	"200"	"https://cindemirlaw.com/%D0%B2%D1%82%D0%BE%D1%80%D0%B8%D1%87%D0%BD%D0%B0%D1%8F-%D0%B7%D0%B0%D1%89%D0%B8%D1%82%D0%B0/"	"301"	"вторичная защита"	""	""	"true"	"false"	"false"
"Href link"	"false"	"https://cindemirlaw.com/fde1068e3bda46a37dd24126f9ec4b09df0c999365011ec71028e1a7d4c45bfdd0fde1068e3bda46a37dd24126f9ec4b09df0c999365011ec71028e1a7d4c45bfdb5fde1068e3bda46a37dd24126f9ec4b09df0c999365011ec71028e1a7d4c45bf/?lang=ru"	"200"	"https://cindemirlaw.com/%D0%BA%D0%B0%D0%BA-%D1%80%D0%B0%D0%B7%D0%B2%D0%B5%D1%81%D1%82%D0%B8%D1%81%D1%8C-%D0%B2-%D1%82%D1%83%D1%80%D1%86%D0%B8%D0%B8/"	"301"	""	""	""	"true"	"false"	"false"
"Href link"	"false"	"https://cindemirlaw.com/humanitarian-residence-permit-in-turkey-legal-insights-by-cindemir-law-office/"	"200"	"https://cindemirlaw.com/author/admin/"	"301"	"admin"	""	""	"true"	"false"	"false"
"Href link"	"false"	"https://cindemirlaw.com/enforcement-of-promissory-notes-bills-of-exchange-and-cheques-in-turkey/?lang=ru"	"200"	"https://cindemirlaw.com/fde1068e3bda46a37dd24126f9ec4b09df0c999365011ec71028e1a7d4c45bfdd0fde1068e3bda46a37dd24126f9ec4b09df0c999365011ec71028e1a7d4c45bfdb1fde1068e3bda46a37dd24126f9ec4b09df0c999365011ec71028e1a7d4c45bf/"	"301"	"ценные бумаги"	""	""	"true"	"false"	"false"
"Href link"	"false"	"https://cindemirlaw.com/labor-contract-termination-with-just-cause/"	"200"	"https://cindemirlaw.com/author/admin/"	"301"	"admin"	""	""	"true"	"false"	"false"
"Href link"	"false"	"https://cindemirlaw.com/appointment-of-a-turkish-lawyer-with-power-of-attorney/"	"200"	"https://cindemirlaw.com/author/admin/"	"301"	"admin"	""	""	"true"	"false"	"false"
"Sitemap URL"	"false"	"https://cindemirlaw.com/post-sitemap.xml"	"200"	"https://cindemirlaw.com/pig-butchering-cryptocurrency-scam-key-risks-and-legal-considerations-for-investors-in-turkey/"	"301"	""	""	""	"true"	"true"	"false"
"Href link"	"false"	"https://cindemirlaw.com/enforcement-of-promissory-notes-bills-of-exchange-and-cheques-in-turkey/"	"200"	"https://cindemirlaw.com/press/"	"301"	"Press"	""	""	"true"	"false"	"false"
"Href link"	"false"	"https://cindemirlaw.com/%D0%BE%D1%82%D0%BA%D1%80%D1%8B%D1%82%D0%B8%D0%B5-%D0%B1%D0%B0%D0%BD%D0%BA%D0%BE%D0%B2%D1%81%D0%BA%D0%BE%D0%B3%D0%BE-%D1%81%D1%87%D0%B5%D1%82%D0%B0-%D0%B2-%D1%82%D1%83%D1%80%D1%86%D0%B8%D0%B8/?lang=ru"	"200"	"https://cindemirlaw.com/%D1%80%D1%83%D0%BA%D0%BE%D0%B2%D0%BE%D0%B4%D1%81%D1%82%D0%B2%D0%BE-%D0%BF%D0%BE-%D0%BF%D1%80%D0%B8%D0%BE%D0%B1%D1%80%D0%B5%D1%82%D0%B5%D0%BD%D0%B8%D1%8E-%D0%B8%D0%BD%D0%BE%D1%81%D1%82%D1%80%D0%B0/"	"301"	"Link to: РУКОВОДСТВО ПО ПРИОБРЕТЕНИЮ ИНОСТРАННЫМИ ГРАЖДАНАМИ ТУРЕЦКОГО ГРАЖДАНСТВА"	""	""	"true"	"false"	"false"
"Href link"	"false"	"https://cindemirlaw.com/introduction-to-jurisdiction-of-divorce-in-turkey/"	"200"	"https://cindemirlaw.com/author/admin/"	"301"	"admin"	""	""	"true"	"false"	"false"
"Href link"	"false"	"https://cindemirlaw.com/eu-representative-services-for-non-eu-companies-under-the-gdpr/"	"200"	"https://cindemirlaw.com/author/admin/"	"301"	"admin"	""	""	"true"	"false"	"false"
"Href link"	"false"	"https://cindemirlaw.com/%D0%BA%D0%B0%D0%BA-%D1%80%D0%B0%D0%B7%D0%B2%D0%B5%D1%81%D1%82%D0%B8%D1%81%D1%8C-%D0%B2-%D1%82%D1%83%D1%80%D1%86%D0%B8%D0%B8/?lang=ru"	"200"	"https://cindemirlaw.com/fde1/"	"301"	"Link to: Методы взыскания задолженности в Турции"	""	""	"true"	"false"	"false"
"Href link"	"false"	"https://cindemirlaw.com/link11/?lang=zh-hans"	"200"	"https://cindemirlaw.com/press/"	"301"	"支持"	""	""	"true"	"false"	"false"
"Redirect"	"false"	"https://cindemirlaw.com/link9/"	"301"	"https://cindemirlaw.com/press/"	"301"	""	""	""	"true"	"false"	"false"
"Href link"	"false"	"https://cindemirlaw.com/services/?lang=ru"	"200"	"https://cindemirlaw.com/press/"	"301"	"О нас в прессе"	""	""	"true"	"false"	"false"
"Href link"	"false"	"https://cindemirlaw.com/estates-trusts/"	"200"	"https://cindemirlaw.com/author/admin/"	"301"	"admin"	""	""	"true"	"false"	"false"
"Href link"	"false"	"https://cindemirlaw.com/fde1/?lang=ru"	"200"	"https://cindemirlaw.com/fde1068e3bda46a37dd24126f9ec4b09df0c999365011ec71028e1a7d4c45bfdd0fde1068e3bda46a37dd24126f9ec4b09df0c999365011ec71028e1a7d4c45bfdbdfde1068e3bda46a37dd24126f9ec4b09df0c999365011ec71028e1a7d4c45bf-2/"	"301"	"конфискация"	""	""	"true"	"false"	"false"
"Href link"	"false"	"https://cindemirlaw.com/%D0%BF%D0%BE%D1%81%D0%B5%D1%89%D0%B5%D0%BD%D0%B8%D0%B5-%D0%B8%D0%BD%D0%BE%D1%81%D1%82%D1%80%D0%B0%D0%BD%D0%BD%D1%8B%D1%85-%D0%B7%D0%B0%D0%BA%D0%BB%D1%8E%D1%87%D1%91%D0%BD%D0%BD%D1%8B%D1%85-%D0%B2/?lang=ru"	"200"	"https://cindemirlaw.com/press/"	"301"	"О нас в прессе"	""	""	"true"	"false"	"false"
"Href link"	"false"	"https://cindemirlaw.com/%D1%81%D1%82%D0%B0%D1%82%D1%83%D1%81-%D0%B1%D0%B5%D0%B6%D0%B5%D0%BD%D1%86%D0%B0-%D0%B2-%D1%82%D1%83%D1%80%D1%86%D0%B8%D0%B8/?lang=ru"	"200"	"https://cindemirlaw.com/author/admin/"	"301"	"admin"	""	""	"true"	"false"	"false"
"Href link"	"false"	"https://cindemirlaw.com/survivor-pension-for-spouses-of-deceased-turkish-citizens/"	"200"	"https://cindemirlaw.com/author/admin/"	"301"	"admin"	""	""	"true"	"false"	"false"
"Href link"	"false"	"https://cindemirlaw.com/articles/?lang=ru"	"200"	"https://cindemirlaw.com/fde1068e3bda46a37dd24126f9ec4b09df0c999365011ec71028e1a7d4c45bfdd0fde1068e3bda46a37dd24126f9ec4b09df0c999365011ec71028e1a7d4c45bfdb5fde1068e3bda46a37dd24126f9ec4b09df0c999365011ec71028e1a7d4c45bf/"	"301"	"юридическая помощь онлайн в турции Европейское право и Права касательно Европейского соглашения об ассоциации между ЕС и Турцией"	""	""	"true"	"false"	"false"
"Href link"	"false"	"https://cindemirlaw.com/fde1068e3bda46a37dd24126f9ec4b09df0c999365011ec71028e1a7d4c45bfdd1fde1068e3bda46a37dd24126f9ec4b09df0c999365011ec71028e1a7d4c45bfd82fde1068e3bda46a37dd24126f9ec4b09df0c999365011ec71028e1a7d4c45bf-2/?lang=ru"	"200"	"https://cindemirlaw.com/fde1068e3bda46a37dd24126f9ec4b09df0c999365011ec71028e1a7d4c45bfdd0fde1068e3bda46a37dd24126f9ec4b09df0c999365011ec71028e1a7d4c45bfdb6fde1068e3bda46a37dd24126f9ec4b09df0c999365011ec71028e1a7d4c45bf/"	"301"	"Link to: Женкер Дегирманчи, юрисконсультант, Общий координатор"	""	""	"true"	"false"	"false"
"Href link"	"false"	"https://cindemirlaw.com/%D1%81%D1%82%D0%B0%D1%82%D1%83%D1%81-%D0%B1%D0%B5%D0%B6%D0%B5%D0%BD%D1%86%D0%B0-%D0%B2-%D1%82%D1%83%D1%80%D1%86%D0%B8%D0%B8/?lang=ru"	"200"	"https://cindemirlaw.com/%D0%B2%D1%82%D0%BE%D1%80%D0%B8%D1%87%D0%BD%D0%B0%D1%8F-%D0%B7%D0%B0%D1%89%D0%B8%D1%82%D0%B0/"	"301"	"Link to: Вторичная Защита"	""	""	"true"	"false"	"false"
"Href link"	"false"	"https://cindemirlaw.com/fde1068e/?lang=ru"	"200"	"https://cindemirlaw.com/fde1068e3bda46a37dd24126f9ec4b09df0c999365011ec71028e1a7d4c45bfdd1fde1068e3bda46a37dd24126f9ec4b09df0c999365011ec71028e1a7d4c45bfd83fde1068e3bda46a37dd24126f9ec4b09df0c999365011ec71028e1a7d4c45bf-2/"	"301"	""	""	""	"true"	"false"	"false"
"Sitemap URL"	"false"	"https://cindemirlaw.com/post-sitemap.xml"	"200"	"https://cindemirlaw.com/link25/"	"301"	""	""	""	"true"	"true"	"false"
"Href link"	"false"	"https://cindemirlaw.com/starting-a-company-in-turkey-a-comprehensive-guide-for-entrepreneurs/"	"200"	"https://cindemirlaw.com/press/"	"301"	"Press"	""	""	"true"	"false"	"false"
"Href link"	"false"	"https://cindemirlaw.com/proving-the-damage-of-a-victim-by-forensic-hospitals-under-malpractice-law-in-turkey/"	"200"	"https://cindemirlaw.com/press/"	"301"	"Press"	""	""	"true"	"false"	"false"
"Href link"	"false"	"https://cindemirlaw.com/definition-regarding-conflict-of-laws-in-turkey/"	"200"	"https://cindemirlaw.com/author/admin/"	"301"	"admin"	""	""	"true"	"false"	"false"
"Href link"	"false"	"https://cindemirlaw.com/crypto-asset-issuers-under-turkish-law/"	"200"	"https://cindemirlaw.com/press/"	"301"	"Press"	""	""	"true"	"false"	"false"
"Href link"	"false"	"https://cindemirlaw.com/%D0%BE%D1%82%D0%BA%D1%80%D1%8B%D1%82%D0%B8%D0%B5-%D0%B1%D0%B0%D0%BD%D0%BA%D0%BE%D0%B2%D1%81%D0%BA%D0%BE%D0%B3%D0%BE-%D1%81%D1%87%D0%B5%D1%82%D0%B0-%D1%80%D1%83%D1%81%D1%81%D0%BA%D0%B8%D0%BC%D0%B8/?lang=ru"	"200"	"https://cindemirlaw.com/%D0%BA%D0%B0%D0%BA-%D1%80%D0%B0%D0%B7%D0%B2%D0%B5%D1%81%D1%82%D0%B8%D1%81%D1%8C-%D0%B2-%D1%82%D1%83%D1%80%D1%86%D0%B8%D0%B8/"	"301"	"Турция"	""	""	"true"	"false"	"false"
"Href link"	"false"	"https://cindemirlaw.com/link13/?lang=zh-hans"	"200"	"https://cindemirlaw.com/author/admin/"	"301"	"admin"	""	""	"true"	"false"	"false"
"Href link"	"false"	"https://cindemirlaw.com/link11/?lang=zh-hans"	"200"	"https://cindemirlaw.com/author/admin/"	"301"	"admin"	""	""	"true"	"false"	"false"
"Href link"	"false"	"https://cindemirlaw.com/obtaining-an-e-devlet-password-in-turkey-through-a-power-of-attorney/?lang=ru"	"200"	"https://cindemirlaw.com/author/admin/"	"301"	"admin"	""	""	"true"	"false"	"false"
"Href link"	"false"	"https://cindemirlaw.com/nominee-directory-services-in-turkey/"	"200"	"https://cindemirlaw.com/author/admin/"	"301"	"admin"	""	""	"true"	"false"	"false"
"Href link"	"false"	"https://cindemirlaw.com/obtaining-a-criminal-record-certificate-in-turkey-a-step-by-step-guide/"	"200"	"https://www.istanbulbarosu.org.tr/AttorneySearch.aspx"	"301"	"Attorney Search"	""	""	"true"	"false"	"false"
"Href link"	"false"	"https://cindemirlaw.com/international-marriage-certificate-form-b-turkey-marriage-records/"	"200"	"https://cindemirlaw.com/author/admin/"	"301"	"admin"	""	""	"true"	"false"	"false"
"Href link"	"false"	"https://cindemirlaw.com/link13/?lang=zh-hans"	"200"	"https://cindemirlaw.com/link11/"	"301"	"Link to: 债务催收服务"	""	""	"true"	"false"	"false"
"Href link"	"false"	"https://cindemirlaw.com/airport-customs-seizures-and-smuggling-offences-under-turkish-law/"	"200"	"https://cindemirlaw.com/press/"	"301"	"Press"	""	""	"true"	"false"	"false"
"Href link"	"false"	"https://cindemirlaw.com/gokhan-cindemir/"	"200"	"https://cindemirlaw.com/author/admin/"	"301"	"admin"	""	""	"true"	"false"	"false"
"Href link"	"false"	"https://cindemirlaw.com/criminal-law/"	"200"	"https://cindemirlaw.com/press/"	"301"	"Press"	""	""	"true"	"false"	"false"
"Sitemap URL"	"false"	"https://cindemirlaw.com/post-sitemap.xml"	"200"	"https://cindemirlaw.com/link11/"	"301"	""	""	""	"true"	"true"	"false"
"Href link"	"false"	"https://cindemirlaw.com/%D0%B2%D0%B8%D0%B4%D1%8B-%D0%BA%D0%BE%D0%BC%D0%BF%D0%B0%D0%BD%D0%B8%D0%B8-%D0%B2-%D1%82%D1%83%D1%80%D1%86%D0%B8%D0%B8/?lang=ru"	"200"	"https://cindemirlaw.com/fde1068e/"	"301"	""	""	""	"true"	"false"	"false"
"Href link"	"false"	"https://cindemirlaw.com/irish-tourist-s-attorney-gokhan-cindemir-s-press-statement/"	"200"	"https://cindemirlaw.com/press/"	"301"	"Press"	""	""	"true"	"false"	"false"
"Href link"	"false"	"https://cindemirlaw.com/legal-assistance-for-foreign-lawyers-visiting-prisoners-in-turkey/"	"200"	"https://cindemirlaw.com/press/"	"301"	"Press"	""	""	"true"	"false"	"false"
"Href link"	"false"	"https://cindemirlaw.com/hakan-cindemir/"	"200"	"https://cindemirlaw.com/author/admin/"	"301"	"admin"	""	""	"true"	"false"	"false"
"Href link"	"false"	"https://cindemirlaw.com/antimanual-assistant/"	"200"	"https://cindemirlaw.com/press/"	"301"	"Press"	""	""	"true"	"false"	"false"
"Href link"	"false"	"https://cindemirlaw.com/deportation-law-in-turkey/"	"200"	"https://cindemirlaw.com/press/"	"301"	"Press"	""	""	"true"	"false"	"false"
"Href link"	"false"	"https://cindemirlaw.com/new-crypto-asset-regulation-of-turkey-and-understanding-provisions-related-to-crypto-asset-service-providers-casps/"	"200"	"https://cindemirlaw.com/author/admin/"	"301"	"admin"	""	""	"true"	"false"	"false"
"Href link"	"false"	"https://cindemirlaw.com/articles/?lang=ru"	"200"	"https://cindemirlaw.com/fde1068e3bda46a37dd24126f9ec4b09df0c999365011ec71028e1a7d4c45bfdd1fde1068e3bda46a37dd24126f9ec4b09df0c999365011ec71028e1a7d4c45bfd81fde1068e3bda46a37dd24126f9ec4b09df0c999365011ec71028e1a7d4c45bf-2/"	"301"	"Семейное право"	""	""	"true"	"false"	"false"
"Href link"	"false"	"https://cindemirlaw.com/fde1068e3bda46a37dd24126f9ec4b09df0c999365011ec71028e1a7d4c45bfdd0fde1068e3bda46a37dd24126f9ec4b09df0c999365011ec71028e1a7d4c45bfdb7fde1068e3bda46a37dd24126f9ec4b09df0c999365011ec71028e1a7d4c45bf/?lang=ru"	"200"	"https://cindemirlaw.com/fde1068e/"	"301"	""	""	""	"true"	"false"	"false"
"Href link"	"false"	"https://cindemirlaw.com/direct-foreign-invesment-law-in-turkey/"	"200"	"https://cindemirlaw.com/author/admin/"	"301"	"admin"	""	""	"true"	"false"	"false"
"Href link"	"false"	"https://cindemirlaw.com/banking-finance/"	"200"	"https://cindemirlaw.com/author/admin/"	"301"	"admin"	""	""	"true"	"false"	"false"
"Href link"	"false"	"https://cindemirlaw.com/enforcement-of-a-foreign-decision-in-turkey/"	"200"	"https://cindemirlaw.com/author/admin/"	"301"	"admin"	""	""	"true"	"false"	"false"
"Href link"	"false"	"https://cindemirlaw.com/fde1068e3bda46a37dd24126f9ec4b09df0c999365011ec71028e1a7d4c45bfdd1fde1068e3bda46a37dd24126f9ec4b09df0c999365011ec71028e1a7d4c45bfd83fde1068e3bda46a37dd24126f9ec4b09df0c999365011ec71028e1a7d4c45bf/?lang=ru"	"200"	"https://cindemirlaw.com/fde1068e3bda46a37dd24126f9ec4b09df0c999365011ec71028e1a7d4c45bfdd0fde1068e3bda46a37dd24126f9ec4b09df0c999365011ec71028e1a7d4c45bfdb0fde1068e3bda46a37dd24126f9ec4b09df0c999365011ec71028e1a7d4c45bf/"	"301"	""	""	""	"true"	"false"	"false"
"Href link"	"false"	"https://cindemirlaw.com/opening-a-company-in-turkey-for-foreigners/"	"200"	"https://cindemirlaw.com/author/admin/"	"301"	"admin"	""	""	"true"	"false"	"false"
"Href link"	"false"	"https://cindemirlaw.com/kontak/"	"200"	"https://cindemirlaw.com/press/"	"301"	"Press"	""	""	"true"	"false"	"false"
"Href link"	"false"	"https://cindemirlaw.com/legal-risks-in-token-launches-how-crypto-startups-can-stay-compliant-across-jurisdictions/"	"200"	"https://cindemirlaw.com/author/admin/"	"301"	"admin"	""	""	"true"	"false"	"false"
"Href link"	"false"	"https://cindemirlaw.com/yabanci-uyruklu-hukumlu-ve-tutuklularin-ziyareti-hakkinda-bilgilendirme/"	"200"	"https://cindemirlaw.com/author/admin/"	"301"	"admin"	""	""	"true"	"false"	"false"
"Href link"	"false"	"https://cindemirlaw.com/form-a-document-legal-proof-of-birth-in-turkey-and-application-procedures/"	"200"	"https://cindemirlaw.com/press/"	"301"	"Press"	""	""	"true"	"false"	"false"
"Href link"	"false"	"https://cindemirlaw.com/debt-recovery-in-turkey/"	"200"	"https://cindemirlaw.com/press/"	"301"	"Press"	""	""	"true"	"false"	"false"
"Href link"	"false"	"https://cindemirlaw.com/cisg-in-turkey-international-sale-of-goods-disputes-and-legal-framework/"	"200"	"https://cindemirlaw.com/author/admin/"	"301"	"admin"	""	""	"true"	"false"	"false"
"Href link"	"false"	"https://cindemirlaw.com/getting-criminal-record-in-turkey/"	"200"	"https://cindemirlaw.com/author/admin/"	"301"	"admin"	""	""	"true"	"false"	"false"
"Sitemap URL"	"false"	"https://cindemirlaw.com/post-sitemap.xml"	"200"	"https://cindemirlaw.com/%D1%83%D0%B4%D0%B0%D0%BB%D0%B5%D0%BD%D0%B8%D0%B5-%D1%81%D1%83%D0%B4%D0%B8%D0%BC%D0%BE%D1%81%D1%82%D0%B8-%D0%B2-%D1%82%D1%83%D1%80%D1%86%D0%B8%D0%B8-%D0%B4%D0%BB%D1%8F-%D0%B8%D0%BD%D0%BE%D1%81%D1%82/"	"301"	""	""	""	"true"	"true"	"false"
"Href link"	"false"	"https://cindemirlaw.com/eu-representative-services-for-non-eu-companies-under-the-gdpr/"	"200"	"https://cindemirlaw.com/press/"	"301"	"Press"	""	""	"true"	"false"	"false"
"Href link"	"false"	"https://cindemirlaw.com/crypto-market-manipulation-and-its-legal-implications-under-turkish-law/"	"200"	"https://cindemirlaw.com/press/"	"301"	"Press"	""	""	"true"	"false"	"false"
"Href link"	"false"	"https://cindemirlaw.com/%D1%80%D1%83%D1%81%D1%81%D0%BA%D0%BE%D1%8F%D0%B7%D1%8B%D1%87%D0%BD%D1%8B%D0%B9-%D1%8E%D1%80%D0%B8%D1%81%D1%82-%D0%B2-%D1%82%D1%83%D1%80%D1%86%D0%B8%D0%B8-%D1%8E%D1%80%D0%B8%D0%B4%D0%B8%D1%87/?lang=ru"	"200"	"https://cindemirlaw.com/%D1%80%D0%B5%D0%BF%D0%B0%D1%82%D1%80%D0%B8%D0%B0%D1%86%D0%B8%D1%8F-%D0%B0%D0%BA%D1%82%D0%B8%D0%B2%D0%BE%D0%B2-%D0%B2-%D1%82%D1%83%D1%80%D1%86%D0%B8%D1%8E-%D0%B2-2026-%D0%B3%D0%BE%D0%B4%D1%83-%D0%BF/"	"301"	"Cindemir Law Office"	""	""	"true"	"false"	"false"
"Href link"	"false"	"https://cindemirlaw.com/inheritance-investigation-in-turkey-guiding-international-heirs-through-a-complex-process/"	"200"	"https://cindemirlaw.com/press/"	"301"	"Press"	""	""	"true"	"false"	"false"
"Href link"	"false"	"https://cindemirlaw.com/gokhan-cindemir-attorney-at-law-2-2/?lang=zh-hans"	"200"	"https://cindemirlaw.com/press/"	"301"	"支持"	""	""	"true"	"false"	"false"
"Href link"	"false"	"https://cindemirlaw.com/software-account-services/"	"200"	"https://cindemirlaw.com/author/admin/"	"301"	"admin"	""	""	"true"	"false"	"false"
"Href link"	"false"	"https://cindemirlaw.com/fde1068e3bda46a37dd24126f9ec4b09df0c999365011ec71028e1a7d4c45bfdd0fde1068e3bda46a37dd24126f9ec4b09df0c999365011ec71028e1a7d4c45bfdb7fde1068e3bda46a37dd24126f9ec4b09df0c999365011ec71028e1a7d4c45bf/?lang=ru"	"200"	"https://cindemirlaw.com/author/admin/"	"301"	"admin"	""	""	"true"	"false"	"false"
"Href link"	"false"	"https://cindemirlaw.com/team/?lang=ru"	"200"	"https://cindemirlaw.com/fde1068e3bda46a37dd24126f9ec4b09df0c999365011ec71028e1a7d4c45bfdd1fde1068e3bda46a37dd24126f9ec4b09df0c999365011ec71028e1a7d4c45bfd82fde1068e3bda46a37dd24126f9ec4b09df0c999365011ec71028e1a7d4c45bf-2/"	"301"	"опыт работы"	""	""	"true"	"false"	"false"
"Sitemap URL"	"false"	"https://cindemirlaw.com/post-sitemap.xml"	"200"	"https://cindemirlaw.com/eu-ai-act-compliance-for-non-eu-companies-legal-requirements-under-the-destination-principle/"	"301"	""	""	""	"true"	"true"	"false"
"Href link"	"false"	"https://cindemirlaw.com/a-practical-overview-of-crypto-asset-service-providers-and-platforms-in-turkiye/"	"200"	"https://cindemirlaw.com/author/admin/"	"301"	"admin"	""	""	"true"	"false"	"false"
"Href link"	"false"	"https://cindemirlaw.com/%D0%BA%D0%B0%D0%BA-%D0%BE%D1%82%D0%BA%D1%80%D1%8B%D1%82%D1%8C-%D0%BA%D0%BE%D0%BC%D0%BF%D0%B0%D0%BD%D0%B8%D1%8E-%D0%B2-%D1%82%D1%83%D1%80%D1%86%D0%B8%D0%B8-%D0%BF%D0%BE%D1%88%D0%B0%D0%B3%D0%BE%D0%B2/?lang=ru"	"200"	"https://cindemirlaw.com/eu-ai-act-compliance-for-non-eu-companies-legal-requirements-under-the-destination-principle/"	"301"	"Link to: Регламент ЕС об ИИ и компании из третьих стран: что необходимо знать"	""	""	"true"	"false"	"false"
"Href link"	"false"	"https://cindemirlaw.com/fde1/?lang=ru"	"200"	"https://cindemirlaw.com/fde1068e3bda46a37dd24126f9ec4b09df0c999365011ec71028e1a7d4c45bfdd1fde1068e3bda46a37dd24126f9ec4b09df0c999365011ec71028e1a7d4c45bfd81fde1068e3bda46a37dd24126f9ec4b09df0c999365011ec71028e1a7d4c45bf/"	"301"	"Взыскание"	""	""	"true"	"false"	"false"
"Href link"	"false"	"https://cindemirlaw.com/ottoman-title-deeds-in-turkiye-inheritance-registration-and-land-search/"	"200"	"https://cindemirlaw.com/author/admin/"	"301"	"admin"	""	""	"true"	"false"	"false"
"Href link"	"false"	"https://cindemirlaw.com/about-us/?lang=ru"	"200"	"https://cindemirlaw.com/fde1068e3bda46a37dd24126f9ec4b09df0c999365011ec71028e1a7d4c45bfdd0fde1068e3bda46a37dd24126f9ec4b09df0c999365011ec71028e1a7d4c45bfdb6fde1068e3bda46a37dd24126f9ec4b09df0c999365011ec71028e1a7d4c45bf/"	"301"	"корпоративное право"	""	""	"true"	"false"	"false"
"Href link"	"false"	"https://cindemirlaw.com/legal-services-for-digital-asset-businesses/"	"200"	"https://cindemirlaw.com/press/"	"301"	"Press"	""	""	"true"	"false"	"false"
"Href link"	"false"	"https://cindemirlaw.com/enforcement-of-a-foreign-ukraine-judgment-in-turkey/"	"200"	"https://cindemirlaw.com/press/"	"301"	"Press"	""	""	"true"	"false"	"false"
"Href link"	"false"	"https://cindemirlaw.com/%D1%83%D0%B4%D0%B0%D0%BB%D0%B5%D0%BD%D0%B8%D0%B5-%D1%81%D1%83%D0%B4%D0%B8%D0%BC%D0%BE%D1%81%D1%82%D0%B8-%D0%B2-%D1%82%D1%83%D1%80%D1%86%D0%B8%D0%B8-%D0%B4%D0%BB%D1%8F-%D0%B8%D0%BD%D0%BE%D1%81%D1%82/?lang=ru"	"200"	"https://cindemirlaw.com/%D1%8E%D1%80%D0%B8%D0%B4%D0%B8%D1%87%D0%B5%D1%81%D0%BA%D0%B0%D1%8F-%D0%BF%D0%BE%D0%BC%D0%BE%D1%89%D1%8C-%D0%BF%D1%80%D0%B8-%D0%BE%D1%82%D0%BF%D1%80%D0%B0%D0%B2%D0%BA%D0%B5-%D0%B2%D0%B5%D1%89%D0%B5/"	"301"	"Link to: Юридическая помощь при отправке вещей и денег иностранным заключённым в Турции"	""	""	"true"	"false"	"false"
"Href link"	"false"	"https://cindemirlaw.com/articles/?lang=ru"	"200"	"https://cindemirlaw.com/fde1068e3bda46a37dd24126f9ec4b09df0c999365011ec71028e1a7d4c45bfdd1fde1068e3bda46a37dd24126f9ec4b09df0c999365011ec71028e1a7d4c45bfd83fde1068e3bda46a37dd24126f9ec4b09df0c999365011ec71028e1a7d4c45bf-2/"	"301"	"Услуги по депонированию / Соглашение Эскроу"	""	""	"true"	"false"	"false"
"Href link"	"false"	"https://cindemirlaw.com/pig-butchering-cryptocurrency-scam-key-risks-and-legal-considerations-for-investors-in-turkey/?lang=ru"	"200"	"https://cindemirlaw.com/obtaining-an-e-devlet-password-in-turkey-through-a-power-of-attorney/"	"301"	"Link to: Получение пароля e-Devlet в Турции по доверенности"	""	""	"true"	"false"	"false"
"Href link"	"false"	"https://cindemirlaw.com/form-a-document-legal-proof-of-birth-in-turkey-and-application-procedures/"	"200"	"https://cindemirlaw.com/author/admin/"	"301"	"admin"	""	""	"true"	"false"	"false"
"Href link"	"false"	"https://cindemirlaw.com/%D1%87%D1%82%D0%BE-%D1%82%D0%B0%D0%BA%D0%BE%D0%B5-%D0%B7%D0%B0%D1%8F%D0%B2%D0%BB%D0%B5%D0%BD%D0%B8%D0%B5-%D0%B2-%D0%B5%D1%81%D0%BF%D1%87-%D0%BA%D1%82%D0%BE-%D0%BC%D0%BE%D0%B6%D0%B5%D1%82-%D0%BF%D0%BE/?lang=ru"	"200"	"https://cindemirlaw.com/cindemir-law-2/"	"301"	"физические лица"	""	""	"true"	"false"	"false"
"Href link"	"false"	"https://cindemirlaw.com/legal-visits-in-prison-lawyer-services-for-detainees-and-convicts-in-turkey/"	"200"	"https://cindemirlaw.com/author/admin/"	"301"	"admin"	""	""	"true"	"false"	"false"
"Href link"	"false"	"https://cindemirlaw.com/fde1068e3bda46a37dd24126f9ec4b09df0c999365011ec71028e1a7d4c45bfdd0fde1068e3bda46a37dd24126f9ec4b09df0c999365011ec71028e1a7d4c45bfdb7fde1068e3bda46a37dd24126f9ec4b09df0c999365011ec71028e1a7d4c45bf/?lang=ru"	"200"	"https://cindemirlaw.com/fde1068e3bda46a37dd24126f9ec4b09df0c999365011ec71028e1a7d4c45bfdd0fde1068e3bda46a37dd24126f9ec4b09df0c999365011ec71028e1a7d4c45bfdb5fde1068e3bda46a37dd24126f9ec4b09df0c999365011ec71028e1a7d4c45bf/"	"301"	""	""	""	"true"	"false"	"false"
"Href link"	"false"	"https://cindemirlaw.com/irish-kuwaiti-tourist-acquitted-in-street-brawl-case-in-turkey-hurriyet-daily-news/"	"200"	"https://cindemirlaw.com/press/"	"301"	"Press"	""	""	"true"	"false"	"false"
"Href link"	"false"	"https://cindemirlaw.com/fde1068e3bda46a37dd24126f9ec4b09df0c999365011ec71028e1a7d4c45bfdd1fde1068e3bda46a37dd24126f9ec4b09df0c999365011ec71028e1a7d4c45bfd81fde1068e3bda46a37dd24126f9ec4b09df0c999365011ec71028e1a7d4c45bf-3/?lang=ru"	"200"	"https://cindemirlaw.com/fde1068e3bda46a37dd24126f9ec4b09df0c999365011ec71028e1a7d4c45bfdd0fde1068e3bda46a37dd24126f9ec4b09df0c999365011ec71028e1a7d4c45bfdb1fde1068e3bda46a37dd24126f9ec4b09df0c999365011ec71028e1a7d4c45bf/"	"301"	""	""	""	"true"	"false"	"false"
"Href link"	"false"	"https://cindemirlaw.com/%D0%BA%D0%B0%D0%BA-%D0%BE%D1%82%D0%BA%D1%80%D1%8B%D1%82%D1%8C-%D0%BA%D0%BE%D0%BC%D0%BF%D0%B0%D0%BD%D0%B8%D1%8E-%D0%B2-%D1%82%D1%83%D1%80%D1%86%D0%B8%D0%B8-%D0%BF%D0%BE%D1%88%D0%B0%D0%B3%D0%BE%D0%B2/?lang=ru"	"200"	"https://cindemirlaw.com/author/admin/"	"301"	"admin"	""	""	"true"	"false"	"false"
"Href link"	"false"	"https://cindemirlaw.com/articles/?lang=ru"	"200"	"https://cindemirlaw.com/%D0%BE%D1%82%D0%BA%D1%80%D1%8B%D1%82%D0%B8%D0%B5-%D0%B1%D0%B0%D0%BD%D0%BA%D0%BE%D0%B2%D1%81%D0%BA%D0%BE%D0%B3%D0%BE-%D1%81%D1%87%D0%B5%D1%82%D0%B0-%D0%B2-%D1%82%D1%83%D1%80%D1%86%D0%B8%D0%B8/"	"301"	"открытие банковского счета в турции"	""	""	"true"	"false"	"false"
"Href link"	"false"	"https://cindemirlaw.com/hakan-cindemir-2/"	"200"	"https://cindemirlaw.com/author/admin/"	"301"	"admin"	""	""	"true"	"false"	"false"
"Href link"	"false"	"https://cindemirlaw.com/finding-a-nominee-director-in-turkey/"	"200"	"https://cindemirlaw.com/press/"	"301"	"Press"	""	""	"true"	"false"	"false"
"Href link"	"false"	"https://cindemirlaw.com/articles/?lang=ru"	"200"	"https://cindemirlaw.com/fde1068e3bda46a37dd24126f9ec4b09df0c999365011ec71028e1a7d4c45bfdd1fde1068e3bda46a37dd24126f9ec4b09df0c999365011ec71028e1a7d4c45bfd83fde1068e3bda46a37dd24126f9ec4b09df0c999365011ec71028e1a7d4c45bf/"	"301"	"Уголовное право"	""	""	"true"	"false"	"false"
"Href link"	"false"	"https://cindemirlaw.com/fde1/?lang=ru"	"200"	"https://cindemirlaw.com/author/admin/"	"301"	"admin"	""	""	"true"	"false"	"false"
"Href link"	"false"	"https://cindemirlaw.com/%D0%B2%D1%82%D0%BE%D1%80%D0%B8%D1%87%D0%BD%D0%B0%D1%8F-%D0%B7%D0%B0%D1%89%D0%B8%D1%82%D0%B0/?lang=ru"	"200"	"https://cindemirlaw.com/press/"	"301"	"О нас в прессе"	""	""	"true"	"false"	"false"
"Href link"	"false"	"https://cindemirlaw.com/team/?lang=ru"	"200"	"https://cindemirlaw.com/fde1068e3bda46a37dd24126f9ec4b09df0c999365011ec71028e1a7d4c45bfdd0fde1068e3bda46a37dd24126f9ec4b09df0c999365011ec71028e1a7d4c45bfdb6fde1068e3bda46a37dd24126f9ec4b09df0c999365011ec71028e1a7d4c45bf/"	"301"	"степень магистра права"	""	""	"true"	"false"	"false"
"Href link"	"false"	"https://cindemirlaw.com/fde1068e3bda46a37dd24126f9ec4b09df0c999365011ec71028e1a7d4c45bfdd1fde1068e3bda46a37dd24126f9ec4b09df0c999365011ec71028e1a7d4c45bfd82fde1068e3bda46a37dd24126f9ec4b09df0c999365011ec71028e1a7d4c45bf-2/?lang=ru"	"200"	"https://cindemirlaw.com/author/admin/"	"301"	"admin"	""	""	"true"	"false"	"false"
"Href link"	"false"	"https://cindemirlaw.com/methods-of-debt-collection-in-the-light-of-turkish-law/"	"200"	"https://cindemirlaw.com/press/"	"301"	"Press"	""	""	"true"	"false"	"false"
"Href link"	"false"	"https://cindemirlaw.com/wrongful-death-claim-in-turkey-under-turkish-law/"	"200"	"https://cindemirlaw.com/how-to-lift-entry-ban-to-turkey/"	"301"	""	""	""	"true"	"false"	"false"
"Href link"	"false"	"https://cindemirlaw.com/fde1068e3bda46a37dd24126f9ec4b09df0c999365011ec71028e1a7d4c45bfdd1fde1068e3bda46a37dd24126f9ec4b09df0c999365011ec71028e1a7d4c45bfd81fde1068e3bda46a37dd24126f9ec4b09df0c999365011ec71028e1a7d4c45bf/?lang=ru"	"200"	"https://cindemirlaw.com/fde1068e3bda46a37dd24126f9ec4b09df0c999365011ec71028e1a7d4c45bfdd0fde1068e3bda46a37dd24126f9ec4b09df0c999365011ec71028e1a7d4c45bfdbafde1068e3bda46a37dd24126f9ec4b09df0c999365011ec71028e1a7d4c45bf/"	"301"	""	""	""	"true"	"false"	"false"
"Href link"	"false"	"https://cindemirlaw.com/%D1%81%D1%82%D0%B0%D1%82%D1%83%D1%81-%D1%83%D1%81%D0%BB%D0%BE%D0%B2%D0%BD%D0%BE%D0%B3%D0%BE-%D0%B1%D0%B5%D0%B6%D0%B5%D0%BD%D1%86%D0%B0/?lang=ru"	"200"	"https://cindemirlaw.com/press/"	"301"	"О нас в прессе"	""	""	"true"	"false"	"false"
"Href link"	"false"	"https://cindemirlaw.com/fde1068e3bda46a37dd24126f9ec4b09df0c999365011ec71028e1a7d4c45bfdd0fde1068e3bda46a37dd24126f9ec4b09df0c999365011ec71028e1a7d4c45bfdb7fde1068e3bda46a37dd24126f9ec4b09df0c999365011ec71028e1a7d4c45bf/?lang=ru"	"200"	"https://cindemirlaw.com/fde1068e3bda46a37dd24126f9ec4b09df0c999365011ec71028e1a7d4c45bfdd0fde1068e3bda46a37dd24126f9ec4b09df0c999365011ec71028e1a7d4c45bfdbafde1068e3bda46a37dd24126f9ec4b09df0c999365011ec71028e1a7d4c45bf/"	"301"	"Link to: Корпоративное и коммерческое право"	""	""	"true"	"false"	"false"
"Href link"	"false"	"https://cindemirlaw.com/airport-detention-in-turkey-legal-risks-for-foreign-travellers-and-how-to-respond/"	"200"	"https://cindemirlaw.com/press/"	"301"	"Press"	""	""	"true"	"false"	"false"
"Href link"	"false"	"https://cindemirlaw.com/%D0%BA%D0%B0%D0%BA-%D0%BE%D1%82%D0%BA%D1%80%D1%8B%D1%82%D1%8C-%D1%84%D0%B8%D0%BB%D0%B8%D0%B0%D0%BB-%D0%B2-%D1%82%D1%83%D1%80%D1%86%D0%B8%D0%B8/?lang=ru"	"200"	"https://cindemirlaw.com/press/"	"301"	"О нас в прессе"	""	""	"true"	"false"	"false"
"Href link"	"false"	"https://cindemirlaw.com/%D0%BA%D0%B0%D0%BA-%D0%BF%D0%BE%D0%BB%D1%83%D1%87%D0%B8%D1%82%D1%8C-%D1%81%D0%BF%D1%80%D0%B0%D0%B2%D0%BA%D1%83-%D0%BE-%D0%BD%D0%B0%D0%BB%D0%B8%D1%87%D0%B8%D0%B8-%D1%81%D1%83%D0%B4%D0%B8%D0%BC%D0%BE/?lang=ru"	"200"	"https://cindemirlaw.com/%D1%83%D0%B4%D0%B0%D0%BB%D0%B5%D0%BD%D0%B8%D0%B5-%D1%81%D1%83%D0%B4%D0%B8%D0%BC%D0%BE%D1%81%D1%82%D0%B8-%D0%B2-%D1%82%D1%83%D1%80%D1%86%D0%B8%D0%B8-%D0%B4%D0%BB%D1%8F-%D0%B8%D0%BD%D0%BE%D1%81%D1%82/"	"301"	"Link to: Удаление судимости в Турции для иностранных граждан"	""	""	"true"	"false"	"false"
"Href link"	"false"	"https://cindemirlaw.com/fde1068e3bda46a37dd24126f9ec4b09df0c999365011ec71028e1a7d4c45bfdd0fde1068e3bda46a37dd24126f9ec4b09df0c999365011ec71028e1a7d4c45bfdb3fde1068e3bda46a37dd24126f9ec4b09df0c999365011ec71028e1a7d4c45bf/?lang=ru"	"200"	"https://cindemirlaw.com/fde1068e3bda46a37dd24126f9ec4b09df0c999365011ec71028e1a7d4c45bfdd0fde1068e3bda46a37dd24126f9ec4b09df0c999365011ec71028e1a7d4c45bfdb7fde1068e3bda46a37dd24126f9ec4b09df0c999365011ec71028e1a7d4c45bf/"	"301"	""	""	""	"true"	"false"	"false"
"Sitemap URL"	"false"	"https://cindemirlaw.com/post-sitemap.xml"	"200"	"https://cindemirlaw.com/%D0%BD%D0%B0%D1%81%D0%BB%D0%B5%D0%B4%D1%81%D1%82%D0%B2%D0%B5%D0%BD%D0%BD%D0%BE%D0%B5-%D0%BF%D1%80%D0%B0%D0%B2%D0%BE-%D1%82%D1%83%D1%80%D1%86%D0%B8%D0%B8-2/"	"301"	""	""	""	"true"	"true"	"false"
"Href link"	"false"	"https://cindemirlaw.com/fde1068e3bda46a37dd24126f9ec4b09df0c999365011ec71028e1a7d4c45bfdd0fde1068e3bda46a37dd24126f9ec4b09df0c999365011ec71028e1a7d4c45bfdbdfde1068e3bda46a37dd24126f9ec4b09df0c999365011ec71028e1a7d4c45bf/?lang=ru"	"200"	"https://cindemirlaw.com/fde1068e3bda46a37dd24126f9ec4b09df0c999365011ec71028e1a7d4c45bfdd1fde1068e3bda46a37dd24126f9ec4b09df0c999365011ec71028e1a7d4c45bfd82fde1068e3bda46a37dd24126f9ec4b09df0c999365011ec71028e1a7d4c45bf/"	"301"	"Link to: Трудовое право"	""	""	"true"	"false"	"false"
"Href link"	"false"	"https://cindemirlaw.com/can-russian-establish-a-company-in-turkey/"	"200"	"https://cindemirlaw.com/press/"	"301"	"Press"	""	""	"true"	"false"	"false"
"Href link"	"false"	"https://cindemirlaw.com/fde1068e3bda46a37dd24126f9ec4b09df0c999365011ec71028e1a7d4c45bfdd1fde1068e3bda46a37dd24126f9ec4b09df0c999365011ec71028e1a7d4c45bfd82fde1068e3bda46a37dd24126f9ec4b09df0c999365011ec71028e1a7d4c45bf-2/?lang=ru"	"200"	"https://cindemirlaw.com/fde1068e/"	"301"	"Link to: Как развестись в Турции"	""	""	"true"	"false"	"false"
"Sitemap URL"	"false"	"https://cindemirlaw.com/post-sitemap.xml"	"200"	"https://cindemirlaw.com/fde1068e3bda46a37dd24126f9ec4b09df0c999365011ec71028e1a7d4c45bfdd0fde1068e3bda46a37dd24126f9ec4b09df0c999365011ec71028e1a7d4c45bfdb0fde1068e3bda46a37dd24126f9ec4b09df0c999365011ec71028e1a7d4c45bf/"	"301"	""	""	""	"true"	"true"	"false"
"Href link"	"false"	"https://cindemirlaw.com/international-apostille-services-in-turkey/"	"200"	"https://cindemirlaw.com/how-to-lift-entry-ban-to-turkey/"	"301"	"Link to: How to Lift the Entry Ban to Turkey"	""	""	"true"	"false"	"false"
"Href link"	"false"	"https://cindemirlaw.com/fde1068e3bda46a37dd24126f9ec4b09df0c999365011ec71028e1a7d4c45bfdd0fde1068e3bda46a37dd24126f9ec4b09df0c999365011ec71028e1a7d4c45bfdb0fde1068e3bda46a37dd24126f9ec4b09df0c999365011ec71028e1a7d4c45bf-2/"	"200"	"https://cindemirlaw.com/author/admin/"	"301"	"admin"	""	""	"true"	"false"	"false"
"Href link"	"false"	"https://cindemirlaw.com/%D0%BF%D1%80%D0%B0%D0%B2%D0%B0-%D0%B8-%D0%BE%D0%B1%D1%8F%D0%B7%D0%B0%D0%BD%D0%BD%D0%BE%D1%81%D1%82%D0%B8/?lang=ru"	"200"	"https://cindemirlaw.com/press/"	"301"	"О нас в прессе"	""	""	"true"	"false"	"false"
"Href link"	"false"	"https://cindemirlaw.com/cindemir-hukuk-burosu-cindemir-law-office-kusdili-caddesi-osmanaga-mahallesi-artunc-apartmani-no173-34714-kadikoy-istanbul-2/"	"200"	"https://cindemirlaw.com/author/admin/"	"301"	"admin"	""	""	"true"	"false"	"false"
"Href link"	"false"	"https://cindemirlaw.com/cindemir-law-2/?lang=ru"	"200"	"https://cindemirlaw.com/fde1068e3bda46a37dd24126f9ec4b09df0c999365011ec71028e1a7d4c45bfdd1fde1068e3bda46a37dd24126f9ec4b09df0c999365011ec71028e1a7d4c45bfd81fde1068e3bda46a37dd24126f9ec4b09df0c999365011ec71028e1a7d4c45bf/"	"301"	"Link to: Страхование"	""	""	"true"	"false"	"false"
"Href link"	"false"	"https://cindemirlaw.com/new-crypto-asset-regulation-of-turkey-and-understanding-provisions-related-to-crypto-asset-service-providers-casps/"	"200"	"https://cindemirlaw.com/press/"	"301"	"Press"	""	""	"true"	"false"	"false"
"Href link"	"false"	"https://cindemirlaw.com/eu-representative-services-for-non-eu-companies-under-the-gdpr/"	"200"	"https://www.cindemirlaw.com/"	"301"	"www.cindemirlaw.com"	""	""	"true"	"false"	"false"
"Href link"	"false"	"https://cindemirlaw.com/fde1068e/?lang=ru"	"200"	"https://cindemirlaw.com/fde1068e3bda46a37dd24126f9ec4b09df0c999365011ec71028e1a7d4c45bfdd1fde1068e3bda46a37dd24126f9ec4b09df0c999365011ec71028e1a7d4c45bfd82fde1068e3bda46a37dd24126f9ec4b09df0c999365011ec71028e1a7d4c45bf-2/"	"301"	"Link to: Танер Чевик, Независимый сертифицированный бухгалтер и финансовый консультант"	""	""	"true"	"false"	"false"
"Href link"	"false"	"https://cindemirlaw.com/turkish-citizenship-law-in-english/"	"200"	"https://cindemirlaw.com/author/admin/"	"301"	"admin"	""	""	"true"	"false"	"false"
"Href link"	"false"	"https://cindemirlaw.com/nft-law-in-turkey/"	"200"	"https://cindemirlaw.com/author/admin/"	"301"	"admin"	""	""	"true"	"false"	"false"
"Href link"	"false"	"https://cindemirlaw.com/litigation-adr/"	"200"	"https://cindemirlaw.com/author/admin/"	"301"	"admin"	""	""	"true"	"false"	"false"
"Href link"	"false"	"https://cindemirlaw.com/%D0%B2%D0%B8%D0%B4%D1%8B-%D0%BA%D0%BE%D0%BC%D0%BF%D0%B0%D0%BD%D0%B8%D0%B8-%D0%B2-%D1%82%D1%83%D1%80%D1%86%D0%B8%D0%B8/?lang=ru"	"200"	"https://cindemirlaw.com/fde1068e3bda46a37dd24126f9ec4b09df0c999365011ec71028e1a7d4c45bfdd1fde1068e3bda46a37dd24126f9ec4b09df0c999365011ec71028e1a7d4c45bfd83fde1068e3bda46a37dd24126f9ec4b09df0c999365011ec71028e1a7d4c45bf-3/"	"301"	""	""	""	"true"	"false"	"false"
"Href link"	"false"	"https://cindemirlaw.com/fde1068e3bda46a37dd24126f9ec4b09df0c999365011ec71028e1a7d4c45bfdd1fde1068e3bda46a37dd24126f9ec4b09df0c999365011ec71028e1a7d4c45bfd81fde1068e3bda46a37dd24126f9ec4b09df0c999365011ec71028e1a7d4c45bf-2/?lang=ru"	"200"	"https://cindemirlaw.com/fde1068e3bda46a37dd24126f9ec4b09df0c999365011ec71028e1a7d4c45bfdd1fde1068e3bda46a37dd24126f9ec4b09df0c999365011ec71028e1a7d4c45bfd81fde1068e3bda46a37dd24126f9ec4b09df0c999365011ec71028e1a7d4c45bf/"	"301"	"Link to: Страхование"	""	""	"true"	"false"	"false"
"Href link"	"false"	"https://cindemirlaw.com/privacy-policy/"	"200"	"https://cindemirlaw.com/press/"	"301"	"Press"	""	""	"true"	"false"	"false"
"Href link"	"false"	"https://cindemirlaw.com/enforcement-of-promissory-notes-bills-of-exchange-and-cheques-in-turkey/?lang=ru"	"200"	"https://cindemirlaw.com/%D1%87%D1%82%D0%BE-%D1%82%D0%B0%D0%BA%D0%BE%D0%B5-%D0%B7%D0%B0%D1%8F%D0%B2%D0%BB%D0%B5%D0%BD%D0%B8%D0%B5-%D0%B2-%D0%B5%D1%81%D0%BF%D1%87-%D0%BA%D1%82%D0%BE-%D0%BC%D0%BE%D0%B6%D0%B5%D1%82-%D0%BF%D0%BE/"	"301"	"Link to: Что такое заявление в ЕСПЧ, кто может подать, срок 4 месяца и условия приемлемости. Юридический обзор процедуры обращения в Европейский суд по правам человека."	""	""	"true"	"false"	"false"
"Href link"	"false"	"https://cindemirlaw.com/%D0%BF%D1%80%D0%B0%D0%B2%D0%B0-%D0%B8-%D0%BE%D0%B1%D1%8F%D0%B7%D0%B0%D0%BD%D0%BD%D0%BE%D1%81%D1%82%D0%B8/?lang=ru"	"200"	"https://cindemirlaw.com/fde1068e3bda46a37dd24126f9ec4b09df0c999365011ec71028e1a7d4c45bfdd0fde1068e3bda46a37dd24126f9ec4b09df0c999365011ec71028e1a7d4c45bfdb5fde1068e3bda46a37dd24126f9ec4b09df0c999365011ec71028e1a7d4c45bf/"	"301"	"услуги"	""	""	"true"	"false"	"false"
"Sitemap URL"	"false"	"https://cindemirlaw.com/post-sitemap.xml"	"200"	"https://cindemirlaw.com/hakan/"	"301"	""	""	""	"true"	"true"	"false"
"Href link"	"false"	"https://cindemirlaw.com/can-russian-establish-a-company-in-turkey/"	"200"	"https://cindemirlaw.com/author/admin/"	"301"	"admin"	""	""	"true"	"false"	"false"
"Href link"	"false"	"https://cindemirlaw.com/fde1068e3bda46a37dd24126f9ec4b09df0c999365011ec71028e1a7d4c45bfdd1fde1068e3bda46a37dd24126f9ec4b09df0c999365011ec71028e1a7d4c45bfd83fde1068e3bda46a37dd24126f9ec4b09df0c999365011ec71028e1a7d4c45bf-3/?lang=ru"	"200"	"https://cindemirlaw.com/press/"	"301"	"О нас в прессе"	""	""	"true"	"false"	"false"
"Href link"	"false"	"https://cindemirlaw.com/payment/"	"200"	"https://cindemirlaw.com/author/admin/"	"301"	"admin"	""	""	"true"	"false"	"false"
"Href link"	"false"	"https://cindemirlaw.com/fde1068e3bda46a37dd24126f9ec4b09df0c999365011ec71028e1a7d4c45bfdd0fde1068e3bda46a37dd24126f9ec4b09df0c999365011ec71028e1a7d4c45bfdbdfde1068e3bda46a37dd24126f9ec4b09df0c999365011ec71028e1a7d4c45bf/?lang=ru"	"200"	"https://cindemirlaw.com/author/admin/"	"301"	"admin"	""	""	"true"	"false"	"false"
"Href link"	"false"	"https://cindemirlaw.com/fde1068e3bda46a37dd24126f9ec4b09df0c999365011ec71028e1a7d4c45bfdd0fde1068e3bda46a37dd24126f9ec4b09df0c999365011ec71028e1a7d4c45bfdb1fde1068e3bda46a37dd24126f9ec4b09df0c999365011ec71028e1a7d4c45bf/?lang=ru"	"200"	"https://cindemirlaw.com/author/admin/"	"301"	"admin"	""	""	"true"	"false"	"false"
"Href link"	"false"	"https://cindemirlaw.com/%D1%80%D1%83%D1%81%D1%81%D0%BA%D0%BE%D1%8F%D0%B7%D1%8B%D1%87%D0%BD%D1%8B%D0%B9-%D1%8E%D1%80%D0%B8%D1%81%D1%82-%D0%B2-%D1%82%D1%83%D1%80%D1%86%D0%B8%D0%B8-%D1%8E%D1%80%D0%B8%D0%B4%D0%B8%D1%87/?lang=ru"	"200"	"https://cindemirlaw.com/fde1068e3bda46a37dd24126f9ec4b09df0c999365011ec71028e1a7d4c45bfdd0fde1068e3bda46a37dd24126f9ec4b09df0c999365011ec71028e1a7d4c45bfdbafde1068e3bda46a37dd24126f9ec4b09df0c999365011ec71028e1a7d4c45bf/"	"301"	"Регистрация компаний"	""	""	"true"	"false"	"false"
"Href link"	"false"	"https://cindemirlaw.com/exit-bans-in-turkey-a-critical-exploration-of-judicial-control/"	"200"	"https://cindemirlaw.com/press/"	"301"	"Press"	""	""	"true"	"false"	"false"
"Href link"	"false"	"https://cindemirlaw.com/tag/injury/"	"200"	"https://cindemirlaw.com/author/admin/"	"301"	"admin"	""	""	"true"	"true"	"false"
"Href link"	"false"	"https://cindemirlaw.com/%D0%B2%D0%B8%D0%B4%D1%8B-%D0%BA%D0%BE%D0%BC%D0%BF%D0%B0%D0%BD%D0%B8%D0%B8-%D0%B2-%D1%82%D1%83%D1%80%D1%86%D0%B8%D0%B8/?lang=ru"	"200"	"https://cindemirlaw.com/%D1%81%D0%BE%D0%B7%D0%B4%D0%B0%D0%BD%D0%B8%D0%B5-%D0%BA%D0%BE%D0%BC%D0%BF%D0%B0%D0%BD%D0%B8%D0%B8-%D1%81-%D0%BE%D0%B3%D1%80%D0%B0%D0%BD%D0%B8%D1%87%D0%B5%D0%BD%D0%BD%D0%BE%D0%B9-%D0%BE%D1%82%D0%B2/"	"301"	"Общество с ограниченной ответственностью"	""	""	"true"	"false"	"false"
"Href link"	"false"	"https://cindemirlaw.com/tag/damage/"	"200"	"https://cindemirlaw.com/press/"	"301"	"Press"	""	""	"true"	"true"	"false"
"Href link"	"false"	"https://cindemirlaw.com/articles/?lang=ru"	"200"	"https://cindemirlaw.com/pig-butchering-cryptocurrency-scam-key-risks-and-legal-considerations-for-investors-in-turkey/"	"301"	"Криптовалютное мошенничество «Pig-Butchering» в Турции: риски для инвесторов и правовая среда"	""	""	"true"	"false"	"false"
"Href link"	"false"	"https://cindemirlaw.com/how-to-apply-to-the-european-court-of-human-rights-echr-legal-conditions-and-procedure/"	"200"	"https://cindemirlaw.com/press/"	"301"	"Press"	""	""	"true"	"false"	"false"
"Href link"	"false"	"https://cindemirlaw.com/team/?lang=zh-hans"	"200"	"https://cindemirlaw.com/press/"	"301"	"支持"	""	""	"true"	"false"	"false"
"Href link"	"false"	"https://cindemirlaw.com/fde1068e3bda46a37dd24126f9ec4b09df0c999365011ec71028e1a7d4c45bfdd0fde1068e3bda46a37dd24126f9ec4b09df0c999365011ec71028e1a7d4c45bfdb3fde1068e3bda46a37dd24126f9ec4b09df0c999365011ec71028e1a7d4c45bf/?lang=ru"	"200"	"https://cindemirlaw.com/fde1068e3bda46a37dd24126f9ec4b09df0c999365011ec71028e1a7d4c45bfdd1fde1068e3bda46a37dd24126f9ec4b09df0c999365011ec71028e1a7d4c45bfd83fde1068e3bda46a37dd24126f9ec4b09df0c999365011ec71028e1a7d4c45bf-3/"	"301"	"Link to: Услуги по взысканию долгов"	""	""	"true"	"false"	"false"
"Href link"	"false"	"https://cindemirlaw.com/malpractice-cases-in-turkey/"	"200"	"https://cindemirlaw.com/press/"	"301"	"Press"	""	""	"true"	"false"	"false"
"Href link"	"false"	"https://cindemirlaw.com/administrative-law/"	"200"	"https://cindemirlaw.com/press/"	"301"	"Press"	""	""	"true"	"false"	"false"
"Href link"	"false"	"https://cindemirlaw.com/obtaining-an-e-devlet-password-in-turkey-through-a-power-of-attorney/?lang=ru"	"200"	"https://cindemirlaw.com/%D1%87%D1%82%D0%BE-%D1%82%D0%B0%D0%BA%D0%BE%D0%B5-%D0%B7%D0%B0%D1%8F%D0%B2%D0%BB%D0%B5%D0%BD%D0%B8%D0%B5-%D0%B2-%D0%B5%D1%81%D0%BF%D1%87-%D0%BA%D1%82%D0%BE-%D0%BC%D0%BE%D0%B6%D0%B5%D1%82-%D0%BF%D0%BE/"	"301"	"Link to: Что такое заявление в ЕСПЧ, кто может подать, срок 4 месяца и условия приемлемости. Юридический обзор процедуры обращения в Европейский суд по правам человека."	""	""	"true"	"false"	"false"
"Href link"	"false"	"https://cindemirlaw.com/institutionalized-nominee-director/"	"200"	"https://cindemirlaw.com/author/admin/"	"301"	"admin"	""	""	"true"	"false"	"false"
"Href link"	"false"	"https://cindemirlaw.com/link25/?lang=zh-hans"	"200"	"https://cindemirlaw.com/author/admin/"	"301"	"admin"	""	""	"true"	"false"	"false"
"Href link"	"false"	"https://cindemirlaw.com/fde1068e/?lang=ru"	"200"	"https://cindemirlaw.com/%D0%B2%D0%B8%D0%B4%D1%8B-%D0%BA%D0%BE%D0%BC%D0%BF%D0%B0%D0%BD%D0%B8%D0%B8-%D0%B2-%D1%82%D1%83%D1%80%D1%86%D0%B8%D0%B8/"	"301"	"адвокат"	""	""	"true"	"false"	"false"
"Href link"	"false"	"https://cindemirlaw.com/%D0%BA%D0%B0%D0%BA-%D0%BF%D0%BE%D0%BB%D1%83%D1%87%D0%B8%D1%82%D1%8C-%D1%81%D0%BF%D1%80%D0%B0%D0%B2%D0%BA%D1%83-%D0%BE-%D0%BD%D0%B0%D0%BB%D0%B8%D1%87%D0%B8%D0%B8-%D1%81%D1%83%D0%B4%D0%B8%D0%BC%D0%BE/?lang=ru"	"200"	"https://www.istanbulbarosu.org.tr/AttorneySearch.aspx"	"301"	"официальным реестром"	""	""	"true"	"false"	"false"
"Href link"	"false"	"https://cindemirlaw.com/enforcement-of-us-judgments-in-turkey/"	"200"	"https://cindemirlaw.com/author/admin/"	"301"	"admin"	""	""	"true"	"false"	"false"
"Href link"	"false"	"https://cindemirlaw.com/unfair-competition-in-turkey-understanding-the-issues-and-finding-solutions/"	"200"	"https://cindemirlaw.com/press/"	"301"	"Press"	""	""	"true"	"false"	"false"
"Href link"	"false"	"https://cindemirlaw.com/%D0%BA%D0%BE%D0%BC%D0%BF%D0%B5%D0%BD%D1%81%D0%B0%D1%86%D0%B8%D0%B8-%D0%BF%D0%BE%D0%BB%D0%BE%D0%B6%D0%B5%D0%BD%D0%BD%D1%8B%D0%B5-%D0%B2-%D1%80%D0%B5%D0%B7%D1%83%D0%BB%D1%8C%D1%82%D0%B0%D1%82%D0%B5/?lang=ru"	"200"	"https://cindemirlaw.com/%D0%B3%D1%83%D0%BC%D0%B0%D0%BD%D0%B8%D1%82%D0%B0%D1%80%D0%BD%D1%8B%D0%B9-%D0%B2%D0%B8%D0%B4-%D0%BD%D0%B0-%D0%B6%D0%B8%D1%82%D0%B5%D0%BB%D1%8C%D1%81%D1%82%D0%B2%D0%BE-%D0%B2-%D1%82%D1%83%D1%80%D1%86/"	"301"	"Link to: Гуманитарный Вид на Жительство в Турции"	""	""	"true"	"false"	"false"
"Href link"	"false"	"https://cindemirlaw.com/articles/?lang=ru"	"200"	"https://cindemirlaw.com/fde1068e3bda46a37dd24126f9ec4b09df0c999365011ec71028e1a7d4c45bfdd0fde1068e3bda46a37dd24126f9ec4b09df0c999365011ec71028e1a7d4c45bfdb6fde1068e3bda46a37dd24126f9ec4b09df0c999365011ec71028e1a7d4c45bf/"	"301"	"Женкер Дегирманчи, юрисконсультант, Общий координатор"	""	""	"true"	"false"	"false"
"Href link"	"false"	"https://cindemirlaw.com/about-us/?lang=ru"	"200"	"https://cindemirlaw.com/fde1068e3bda46a37dd24126f9ec4b09df0c999365011ec71028e1a7d4c45bfdd0fde1068e3bda46a37dd24126f9ec4b09df0c999365011ec71028e1a7d4c45bfdb3fde1068e3bda46a37dd24126f9ec4b09df0c999365011ec71028e1a7d4c45bf/"	"301"	"Европейское право"	""	""	"true"	"false"	"false"
"Href link"	"false"	"https://cindemirlaw.com/crypto-assets-status-a-perspective-following-turkeys-stance-on-crypto-use/"	"200"	"https://cindemirlaw.com/author/admin/"	"301"	"admin"	""	""	"true"	"false"	"false"
"Href link"	"false"	"https://cindemirlaw.com/legal-visits-in-prison-lawyer-services-for-detainees-and-convicts-in-turkey/"	"200"	"https://cindemirlaw.com/press/"	"301"	"Press"	""	""	"true"	"false"	"false"
"Href link"	"false"	"https://cindemirlaw.com/fde1/?lang=ru"	"200"	"https://cindemirlaw.com/fde1068e/"	"301"	"Link to: Как развестись в Турции"	""	""	"true"	"false"	"false"
"Href link"	"false"	"https://cindemirlaw.com/insurance-arbitration-and-compensation-claims-regarding-car-accidents-in-turkey/"	"200"	"https://cindemirlaw.com/press/"	"301"	"Press"	""	""	"true"	"false"	"false"
"Href link"	"false"	"https://cindemirlaw.com/%D0%B8%D1%81%D0%BA-%D0%BE%D0%B1-%D1%83%D1%81%D1%82%D0%B0%D0%BD%D0%BE%D0%B2%D0%BB%D0%B5%D0%BD%D0%B8%D0%B8-%D0%BE%D1%82%D1%86%D0%BE%D0%B2%D1%81%D1%82%D0%B2%D0%B0-%D0%B2-%D1%82%D1%83%D1%80%D1%86%D0%B8/?lang=ru"	"200"	"https://cindemirlaw.com/press/"	"301"	"О нас в прессе"	""	""	"true"	"false"	"false"
"Href link"	"false"	"https://cindemirlaw.com/child-abduction-and-retention-under-turkish-law/"	"200"	"https://cindemirlaw.com/author/admin/"	"301"	"admin"	""	""	"true"	"false"	"false"
"Href link"	"false"	"https://cindemirlaw.com/komanda/"	"200"	"https://cindemirlaw.com/press/"	"301"	"Press"	""	""	"true"	"false"	"false"
"Href link"	"false"	"https://cindemirlaw.com/legal-services-in-sapanca/"	"200"	"https://cindemirlaw.com/press/"	"301"	"Press"	""	""	"true"	"false"	"false"
"Href link"	"false"	"https://cindemirlaw.com/institutionalized-nominee-director/"	"200"	"https://cindemirlaw.com/press/"	"301"	"Press"	""	""	"true"	"false"	"false"
"Href link"	"false"	"https://cindemirlaw.com/our-articles/"	"200"	"https://cindemirlaw.com/press/"	"301"	"Press"	""	""	"true"	"false"	"false"
"Href link"	"false"	"https://cindemirlaw.com/paternity-suit-in-turkey-under-turkish-family-law/"	"200"	"https://cindemirlaw.com/author/admin/"	"301"	"admin"	""	""	"true"	"false"	"false"
"Href link"	"false"	"https://cindemirlaw.com/alternative-dispute-resolutions-in-turkey/"	"200"	"https://cindemirlaw.com/press/"	"301"	"Press"	""	""	"true"	"false"	"false"
"Href link"	"false"	"https://cindemirlaw.com/prosecutor/"	"200"	"https://cindemirlaw.com/press/"	"301"	"Press"	""	""	"true"	"false"	"false"
"Href link"	"false"	"https://cindemirlaw.com/bank-account-opening-in-turkey-for-russian-companies/"	"200"	"https://cindemirlaw.com/press/"	"301"	"Press"	""	""	"true"	"false"	"false"
"Href link"	"false"	"https://cindemirlaw.com/escrow-agency-escrow-agreement/"	"200"	"https://cindemirlaw.com/author/admin/"	"301"	"admin"	""	""	"true"	"false"	"false"
"Href link"	"false"	"https://cindemirlaw.com/liquidation-in-turkey/"	"200"	"https://cindemirlaw.com/press/"	"301"	"Press"	""	""	"true"	"false"	"false"
"Href link"	"false"	"https://cindemirlaw.com/team/?lang=ru"	"200"	"https://cindemirlaw.com/press/"	"301"	"О нас в прессе"	""	""	"true"	"false"	"false"
"Href link"	"false"	"https://cindemirlaw.com/escrow-in-turkey/"	"200"	"https://cindemirlaw.com/author/admin/"	"301"	"admin"	""	""	"true"	"false"	"false"
"Href link"	"false"	"https://cindemirlaw.com/fde1068e3bda46a37dd24126f9ec4b09df0c999365011ec71028e1a7d4c45bfdd0fde1068e3bda46a37dd24126f9ec4b09df0c999365011ec71028e1a7d4c45bfdbefde1068e3bda46a37dd24126f9ec4b09df0c999365011ec71028e1a7d4c45bf/"	"200"	"https://cindemirlaw.com/author/admin/"	"301"	"admin"	""	""	"true"	"false"	"false"
"Href link"	"false"	"https://cindemirlaw.com/enforcement-of-promissory-notes-bills-of-exchange-and-cheques-in-turkey/?lang=ru"	"200"	"https://cindemirlaw.com/fde1068e3bda46a37dd24126f9ec4b09df0c999365011ec71028e1a7d4c45bfdd0fde1068e3bda46a37dd24126f9ec4b09df0c999365011ec71028e1a7d4c45bfdbdfde1068e3bda46a37dd24126f9ec4b09df0c999365011ec71028e1a7d4c45bf/"	"301"	"споры"	""	""	"true"	"false"	"false"
"Href link"	"false"	"https://cindemirlaw.com/escrow-agency-escrow-agreement/"	"200"	"https://cindemirlaw.com/press/"	"301"	"Press"	""	""	"true"	"false"	"false"
"Href link"	"false"	"https://cindemirlaw.com/about-us/?lang=ru"	"200"	"https://cindemirlaw.com/%D0%B2%D0%B8%D0%B4%D1%8B-%D0%BA%D0%BE%D0%BC%D0%BF%D0%B0%D0%BD%D0%B8%D0%B8-%D0%B2-%D1%82%D1%83%D1%80%D1%86%D0%B8%D0%B8/"	"301"	"юридическая фирма"	""	""	"true"	"false"	"false"
"Href link"	"false"	"https://cindemirlaw.com/articles/?lang=ru"	"200"	"https://cindemirlaw.com/%D0%BF%D0%BE%D1%81%D0%B5%D1%89%D0%B5%D0%BD%D0%B8%D0%B5-%D0%B8%D0%BD%D0%BE%D1%81%D1%82%D1%80%D0%B0%D0%BD%D0%BD%D1%8B%D1%85-%D0%B7%D0%B0%D0%BA%D0%BB%D1%8E%D1%87%D1%91%D0%BD%D0%BD%D1%8B%D1%85-%D0%B2/"	"301"	"Посещение иностранных заключённых в тюрьмах Турции: Правила и юридическая поддержка"	""	""	"true"	"false"	"false"
"Href link"	"false"	"https://cindemirlaw.com/%D1%81%D1%82%D0%B0%D1%82%D1%83%D1%81-%D1%83%D1%81%D0%BB%D0%BE%D0%B2%D0%BD%D0%BE%D0%B3%D0%BE-%D0%B1%D0%B5%D0%B6%D0%B5%D0%BD%D1%86%D0%B0/?lang=ru"	"200"	"https://cindemirlaw.com/%D0%B2%D1%82%D0%BE%D1%80%D0%B8%D1%87%D0%BD%D0%B0%D1%8F-%D0%B7%D0%B0%D1%89%D0%B8%D1%82%D0%B0/"	"301"	"Link to: Вторичная Защита"	""	""	"true"	"false"	"false"
"Href link"	"false"	"https://cindemirlaw.com/regulatory-landscape-for-crypto-asset-trading-platforms-in-turkey/"	"200"	"https://cindemirlaw.com/press/"	"301"	"Press"	""	""	"true"	"false"	"false"
"Href link"	"false"	"https://cindemirlaw.com/humanitarian-residence-permit-in-turkey-legal-insights-by-cindemir-law-office/"	"200"	"https://cindemirlaw.com/press/"	"301"	"Press"	""	""	"true"	"false"	"false"
"Href link"	"false"	"https://cindemirlaw.com/%D1%81%D1%82%D0%B0%D1%82%D1%83%D1%81-%D1%83%D1%81%D0%BB%D0%BE%D0%B2%D0%BD%D0%BE%D0%B3%D0%BE-%D0%B1%D0%B5%D0%B6%D0%B5%D0%BD%D1%86%D0%B0/?lang=ru"	"200"	"https://cindemirlaw.com/author/admin/"	"301"	"admin"	""	""	"true"	"false"	"false"
"Href link"	"false"	"https://cindemirlaw.com/hakan-cindemir-attorney-at-law-senior-attorney-of-the-law-office/"	"200"	"https://cindemirlaw.com/press/"	"301"	"Press"	""	""	"true"	"false"	"false"
"Sitemap URL"	"false"	"https://cindemirlaw.com/post-sitemap.xml"	"200"	"https://cindemirlaw.com/%D0%BF%D0%BE%D1%81%D0%B5%D1%89%D0%B5%D0%BD%D0%B8%D0%B5-%D0%B8%D0%BD%D0%BE%D1%81%D1%82%D1%80%D0%B0%D0%BD%D0%BD%D1%8B%D1%85-%D0%B7%D0%B0%D0%BA%D0%BB%D1%8E%D1%87%D1%91%D0%BD%D0%BD%D1%8B%D1%85-%D0%B2/"	"301"	""	""	""	"true"	"true"	"false"
"Href link"	"false"	"https://cindemirlaw.com/enforcement-of-us-judgments-in-turkey/"	"200"	"https://cindemirlaw.com/press/"	"301"	"Press"	""	""	"true"	"false"	"false"
"Href link"	"false"	"https://cindemirlaw.com/privacy-policy-in-turkish-law/"	"200"	"https://cindemirlaw.com/how-to-lift-entry-ban-to-turkey/"	"301"	""	""	""	"true"	"false"	"false"
"Href link"	"false"	"https://cindemirlaw.com/team/?lang=ru"	"200"	"https://cindemirlaw.com/fde1068e3bda46a37dd24126f9ec4b09df0c999365011ec71028e1a7d4c45bfdd0fde1068e3bda46a37dd24126f9ec4b09df0c999365011ec71028e1a7d4c45bfdbdfde1068e3bda46a37dd24126f9ec4b09df0c999365011ec71028e1a7d4c45bf/"	"301"	"консультации"	""	""	"true"	"false"	"false"
"Href link"	"false"	"https://cindemirlaw.com/compensation-of-damages-for-foreign-victims-due-to-terror-under-turkish-law/"	"200"	"https://cindemirlaw.com/press/"	"301"	"Press"	""	""	"true"	"false"	"false"
"Href link"	"false"	"https://cindemirlaw.com/articles/?lang=ru"	"200"	"https://cindemirlaw.com/%D1%80%D1%83%D0%BA%D0%BE%D0%B2%D0%BE%D0%B4%D1%81%D1%82%D0%B2%D0%BE-%D0%BF%D0%BE-%D0%BF%D1%80%D0%B8%D0%BE%D0%B1%D1%80%D0%B5%D1%82%D0%B5%D0%BD%D0%B8%D1%8E-%D0%B8%D0%BD%D0%BE%D1%81%D1%82%D1%80%D0%B0/"	"301"	"РУКОВОДСТВО ПО ПРИОБРЕТЕНИЮ ИНОСТРАННЫМИ ГРАЖДАНАМИ ТУРЕЦКОГО ГРАЖДАНСТВА"	""	""	"true"	"false"	"false"
"Href link"	"false"	"https://cindemirlaw.com/insurance/"	"200"	"https://cindemirlaw.com/press/"	"301"	"Press"	""	""	"true"	"false"	"false"
"Href link"	"false"	"https://cindemirlaw.com/debt-collection-service/"	"200"	"https://cindemirlaw.com/press/"	"301"	"Press"	""	""	"true"	"false"	"false"
"Sitemap URL"	"false"	"https://cindemirlaw.com/post-sitemap.xml"	"200"	"https://cindemirlaw.com/fde1/"	"301"	""	""	""	"true"	"true"	"false"
"Href link"	"false"	"https://cindemirlaw.com/consensual-divorce-in-turkey-uncontested-divorce/"	"200"	"https://cindemirlaw.com/author/admin/"	"301"	"admin"	""	""	"true"	"false"	"false"
"Href link"	"false"	"https://cindemirlaw.com/%D0%B2%D0%B8%D0%B4%D1%8B-%D0%BA%D0%BE%D0%BC%D0%BF%D0%B0%D0%BD%D0%B8%D0%B8-%D0%B2-%D1%82%D1%83%D1%80%D1%86%D0%B8%D0%B8/?lang=ru"	"200"	"https://cindemirlaw.com/fde1068e3bda46a37dd24126f9ec4b09df0c999365011ec71028e1a7d4c45bfdd1fde1068e3bda46a37dd24126f9ec4b09df0c999365011ec71028e1a7d4c45bfd83fde1068e3bda46a37dd24126f9ec4b09df0c999365011ec71028e1a7d4c45bf-2/"	"301"	""	""	""	"true"	"false"	"false"
"Href link"	"false"	"https://cindemirlaw.com/inheritance-rights-for-divorced-spouses/"	"200"	"https://cindemirlaw.com/press/"	"301"	"Press"	""	""	"true"	"false"	"false"
"Href link"	"false"	"https://cindemirlaw.com/cindemir-law-2/?lang=ru"	"200"	"https://cindemirlaw.com/author/admin/"	"301"	"admin"	""	""	"true"	"false"	"false"
"Href link"	"false"	"https://cindemirlaw.com/fde1068e3bda46a37dd24126f9ec4b09df0c999365011ec71028e1a7d4c45bfdd0fde1068e3bda46a37dd24126f9ec4b09df0c999365011ec71028e1a7d4c45bfdb6fde1068e3bda46a37dd24126f9ec4b09df0c999365011ec71028e1a7d4c45bf/?lang=ru"	"200"	"https://cindemirlaw.com/author/admin/"	"301"	"admin"	""	""	"true"	"false"	"false"
"Href link"	"false"	"https://cindemirlaw.com/articles/?lang=ru"	"200"	"https://cindemirlaw.com/fde1068e3bda46a37dd24126f9ec4b09df0c999365011ec71028e1a7d4c45bfdd1fde1068e3bda46a37dd24126f9ec4b09df0c999365011ec71028e1a7d4c45bfd82fde1068e3bda46a37dd24126f9ec4b09df0c999365011ec71028e1a7d4c45bf/"	"301"	"Трудовое право"	""	""	"true"	"false"	"false"
"Href link"	"false"	"https://cindemirlaw.com/fde1068e3bda46a37dd24126f9ec4b09df0c999365011ec71028e1a7d4c45bfdd1fde1068e3bda46a37dd24126f9ec4b09df0c999365011ec71028e1a7d4c45bfd83fde1068e3bda46a37dd24126f9ec4b09df0c999365011ec71028e1a7d4c45bf-2/?lang=ru"	"200"	"https://cindemirlaw.com/fde1068e3bda46a37dd24126f9ec4b09df0c999365011ec71028e1a7d4c45bfdd1fde1068e3bda46a37dd24126f9ec4b09df0c999365011ec71028e1a7d4c45bfd83fde1068e3bda46a37dd24126f9ec4b09df0c999365011ec71028e1a7d4c45bf-3/"	"301"	""	""	""	"true"	"false"	"false"
"Sitemap URL"	"false"	"https://cindemirlaw.com/post-sitemap.xml"	"200"	"https://cindemirlaw.com/fde1068e3bda46a37dd24126f9ec4b09df0c999365011ec71028e1a7d4c45bfdd1fde1068e3bda46a37dd24126f9ec4b09df0c999365011ec71028e1a7d4c45bfd83fde1068e3bda46a37dd24126f9ec4b09df0c999365011ec71028e1a7d4c45bf-3/"	"301"	""	""	""	"true"	"true"	"false"
"Href link"	"false"	"https://cindemirlaw.com/financial-rights-of-daughters-under-turkish-social-security-law/"	"200"	"https://cindemirlaw.com/author/admin/"	"301"	"admin"	""	""	"true"	"false"	"false"
"Href link"	"false"	"https://cindemirlaw.com/european-law-rights-concerning-ankara-agreement/"	"200"	"https://cindemirlaw.com/author/admin/"	"301"	"admin"	""	""	"true"	"false"	"false"
"Href link"	"false"	"https://cindemirlaw.com/%D0%BF%D1%80%D0%BE%D1%84%D0%B5%D1%81%D1%81%D0%B8%D0%BE%D0%BD%D0%B0%D0%BB%D1%8C%D0%BD%D1%8B%D0%B5-%D1%8E%D1%80%D0%B8%D0%B4%D0%B8%D1%87%D0%B5%D1%81%D0%BA%D0%B8%D0%B5-%D0%BA%D0%BE%D0%BD%D1%81%D1%83%D0%BB/?lang=ru"	"200"	"https://cindemirlaw.com/author/admin/"	"301"	"admin"	""	""	"true"	"false"	"false"
"Sitemap URL"	"false"	"https://cindemirlaw.com/post-sitemap.xml"	"200"	"https://cindemirlaw.com/fde1068e3bda46a37dd24126f9ec4b09df0c999365011ec71028e1a7d4c45bfdd0fde1068e3bda46a37dd24126f9ec4b09df0c999365011ec71028e1a7d4c45bfdb6fde1068e3bda46a37dd24126f9ec4b09df0c999365011ec71028e1a7d4c45bf/"	"301"	""	""	""	"true"	"true"	"false"
"Href link"	"false"	"https://cindemirlaw.com/link15/?lang=zh-hans"	"200"	"https://cindemirlaw.com/press/"	"301"	"支持"	""	""	"true"	"false"	"false"
"Href link"	"false"	"https://cindemirlaw.com/%D0%B2%D0%B8%D0%B4%D1%8B-%D0%BA%D0%BE%D0%BC%D0%BF%D0%B0%D0%BD%D0%B8%D0%B8-%D0%B2-%D1%82%D1%83%D1%80%D1%86%D0%B8%D0%B8/?lang=ru"	"200"	"https://cindemirlaw.com/author/admin/"	"301"	"admin"	""	""	"true"	"false"	"false"
"Href link"	"false"	"https://cindemirlaw.com/fde1068e3bda46a37dd24126f9ec4b09df0c999365011ec71028e1a7d4c45bfdd1fde1068e3bda46a37dd24126f9ec4b09df0c999365011ec71028e1a7d4c45bfd82fde1068e3bda46a37dd24126f9ec4b09df0c999365011ec71028e1a7d4c45bf/?lang=ru"	"200"	"https://cindemirlaw.com/fde1068e3bda46a37dd24126f9ec4b09df0c999365011ec71028e1a7d4c45bfdd0fde1068e3bda46a37dd24126f9ec4b09df0c999365011ec71028e1a7d4c45bfdbdfde1068e3bda46a37dd24126f9ec4b09df0c999365011ec71028e1a7d4c45bf/"	"301"	"Link to: Недвижимость, Трасты"	""	""	"true"	"false"	"false"
"Href link"	"false"	"https://cindemirlaw.com/services/?lang=ru"	"200"	"https://cindemirlaw.com/%D0%B2%D0%B8%D0%B4%D1%8B-%D0%BA%D0%BE%D0%BC%D0%BF%D0%B0%D0%BD%D0%B8%D0%B8-%D0%B2-%D1%82%D1%83%D1%80%D1%86%D0%B8%D0%B8/"	"301"	"юридическая фирма"	""	""	"true"	"false"	"false"
"Href link"	"false"	"https://cindemirlaw.com/fde1068e3bda46a37dd24126f9ec4b09df0c999365011ec71028e1a7d4c45bfdd1fde1068e3bda46a37dd24126f9ec4b09df0c999365011ec71028e1a7d4c45bfd81fde1068e3bda46a37dd24126f9ec4b09df0c999365011ec71028e1a7d4c45bf-3/?lang=ru"	"200"	"https://cindemirlaw.com/author/admin/"	"301"	"admin"	""	""	"true"	"false"	"false"
"Href link"	"false"	"https://cindemirlaw.com/enforcement-of-uk-judgments-in-turkey/"	"200"	"https://cindemirlaw.com/author/admin/"	"301"	"admin"	""	""	"true"	"false"	"false"
"Href link"	"false"	"https://cindemirlaw.com/%D0%BE%D1%82%D0%BA%D1%80%D1%8B%D1%82%D0%B8%D0%B5-%D0%B1%D0%B0%D0%BD%D0%BA%D0%BE%D0%B2%D1%81%D0%BA%D0%BE%D0%B3%D0%BE-%D1%81%D1%87%D0%B5%D1%82%D0%B0-%D1%80%D1%83%D1%81%D1%81%D0%BA%D0%B8%D0%BC%D0%B8/?lang=ru"	"200"	"https://cindemirlaw.com/press/"	"301"	"О нас в прессе"	""	""	"true"	"false"	"false"
"Href link"	"false"	"https://cindemirlaw.com/%D0%BA%D0%B0%D0%BA-%D0%BF%D0%BE%D0%BB%D1%83%D1%87%D0%B8%D1%82%D1%8C-%D1%81%D0%BF%D1%80%D0%B0%D0%B2%D0%BA%D1%83-%D0%BE-%D0%BD%D0%B0%D0%BB%D0%B8%D1%87%D0%B8%D0%B8-%D1%81%D1%83%D0%B4%D0%B8%D0%BC%D0%BE/?lang=ru"	"200"	"https://cindemirlaw.com/press/"	"301"	"О нас в прессе"	""	""	"true"	"false"	"false"
"Href link"	"false"	"https://cindemirlaw.com/articles/?lang=ru"	"200"	"https://cindemirlaw.com/%D0%B2%D0%B8%D0%B4%D1%8B-%D0%BA%D0%BE%D0%BC%D0%BF%D0%B0%D0%BD%D0%B8%D0%B8-%D0%B2-%D1%82%D1%83%D1%80%D1%86%D0%B8%D0%B8/"	"301"	"открытие фирмы в турции"	""	""	"true"	"false"	"false"
"Href link"	"false"	"https://cindemirlaw.com/articles/?lang=ru"	"200"	"https://cindemirlaw.com/%D0%BA%D0%B0%D0%BA-%D1%80%D0%B0%D0%B7%D0%B2%D0%B5%D1%81%D1%82%D0%B8%D1%81%D1%8C-%D0%B2-%D1%82%D1%83%D1%80%D1%86%D0%B8%D0%B8/"	"301"	"Развод и раздел имущества по семейному праву Турции"	""	""	"true"	"false"	"false"
"Href link"	"false"	"https://cindemirlaw.com/fde1068e3bda46a37dd24126f9ec4b09df0c999365011ec71028e1a7d4c45bfdd1fde1068e3bda46a37dd24126f9ec4b09df0c999365011ec71028e1a7d4c45bfd81fde1068e3bda46a37dd24126f9ec4b09df0c999365011ec71028e1a7d4c45bf-2/?lang=ru"	"200"	"https://cindemirlaw.com/%D0%BA%D0%B0%D0%BA-%D1%80%D0%B0%D0%B7%D0%B2%D0%B5%D1%81%D1%82%D0%B8%D1%81%D1%8C-%D0%B2-%D1%82%D1%83%D1%80%D1%86%D0%B8%D0%B8/"	"301"	""	""	""	"true"	"false"	"false"
"Href link"	"false"	"https://cindemirlaw.com/opening-a-company-in-turkey-for-foreigners/"	"200"	"https://cindemirlaw.com/press/"	"301"	"Press"	""	""	"true"	"false"	"false"
"Href link"	"false"	"https://cindemirlaw.com/establishing-a-branch-in-turkey-2/"	"200"	"https://cindemirlaw.com/press/"	"301"	"Press"	""	""	"true"	"false"	"false"
"Href link"	"false"	"https://cindemirlaw.com/termination-of-employment-under-turkish-law/"	"200"	"https://cindemirlaw.com/press/"	"301"	"Press"	""	""	"true"	"false"	"false"
"Href link"	"false"	"https://cindemirlaw.com/fde1068e3bda46a37dd24126f9ec4b09df0c999365011ec71028e1a7d4c45bfdd1fde1068e3bda46a37dd24126f9ec4b09df0c999365011ec71028e1a7d4c45bfd83fde1068e3bda46a37dd24126f9ec4b09df0c999365011ec71028e1a7d4c45bf-2/?lang=ru"	"200"	"https://cindemirlaw.com/fde1068e3bda46a37dd24126f9ec4b09df0c999365011ec71028e1a7d4c45bfdd1fde1068e3bda46a37dd24126f9ec4b09df0c999365011ec71028e1a7d4c45bfd81fde1068e3bda46a37dd24126f9ec4b09df0c999365011ec71028e1a7d4c45bf-2/"	"301"	"соглашения"	""	""	"true"	"false"	"false"
"Href link"	"false"	"https://cindemirlaw.com/liquidation-in-turkey/"	"200"	"https://cindemirlaw.com/author/admin/"	"301"	"admin"	""	""	"true"	"false"	"false"
"Href link"	"false"	"https://cindemirlaw.com/what-are-the-limitations-of-a-will-under-turkish-law/"	"200"	"https://cindemirlaw.com/author/admin/"	"301"	"admin"	""	""	"true"	"false"	"false"
"Href link"	"false"	"https://cindemirlaw.com/pig-butchering-cryptocurrency-scam-key-risks-and-legal-considerations-for-investors-in-turkey/?lang=ru"	"200"	"https://cindemirlaw.com/author/admin/"	"301"	"admin"	""	""	"true"	"false"	"false"
"Href link"	"false"	"https://cindemirlaw.com/fde1068e3bda46a37dd24126f9ec4b09df0c999365011ec71028e1a7d4c45bfdd1fde1068e3bda46a37dd24126f9ec4b09df0c999365011ec71028e1a7d4c45bfd81fde1068e3bda46a37dd24126f9ec4b09df0c999365011ec71028e1a7d4c45bf/?lang=ru"	"200"	"https://cindemirlaw.com/%D0%BA%D0%BE%D0%BC%D0%BF%D0%B5%D0%BD%D1%81%D0%B0%D1%86%D0%B8%D0%B8-%D0%BF%D0%BE%D0%BB%D0%BE%D0%B6%D0%B5%D0%BD%D0%BD%D1%8B%D0%B5-%D0%B2-%D1%80%D0%B5%D0%B7%D1%83%D0%BB%D1%8C%D1%82%D0%B0%D1%82%D0%B5/"	"301"	""	""	""	"true"	"false"	"false"
"Href link"	"false"	"https://cindemirlaw.com/basic-principles-of-turkish-labor-law/"	"200"	"https://cindemirlaw.com/author/admin/"	"301"	"admin"	""	""	"true"	"false"	"false"
"Href link"	"false"	"https://cindemirlaw.com/onas/"	"200"	"https://cindemirlaw.com/press/"	"301"	"Press"	""	""	"true"	"false"	"false"
"Href link"	"false"	"https://cindemirlaw.com/%D0%B7%D0%B0%D0%B4%D0%B5%D1%80%D0%B6%D0%B0%D0%BD%D0%B8%D0%B5-%D0%B2-%D0%B0%D1%8D%D1%80%D0%BE%D0%BF%D0%BE%D1%80%D1%82%D1%83-%D1%82%D1%83%D1%80%D1%86%D0%B8%D0%B8-%D0%BF%D1%80%D0%B0%D0%B2%D0%BE%D0%B2/?lang=ru"	"200"	"https://cindemirlaw.com/fde1068e3bda46a37dd24126f9ec4b09df0c999365011ec71028e1a7d4c45bfdd1fde1068e3bda46a37dd24126f9ec4b09df0c999365011ec71028e1a7d4c45bfd81fde1068e3bda46a37dd24126f9ec4b09df0c999365011ec71028e1a7d4c45bf-2/"	"301"	"семья"	""	""	"true"	"false"	"false"
"Href link"	"false"	"https://cindemirlaw.com/team/?lang=ru"	"200"	"https://cindemirlaw.com/fde1068e3bda46a37dd24126f9ec4b09df0c999365011ec71028e1a7d4c45bfdd0fde1068e3bda46a37dd24126f9ec4b09df0c999365011ec71028e1a7d4c45bfdbafde1068e3bda46a37dd24126f9ec4b09df0c999365011ec71028e1a7d4c45bf/"	"301"	"недвижимость"	""	""	"true"	"false"	"false"
"Href link"	"false"	"https://cindemirlaw.com/%D1%8E%D1%80%D0%B8%D0%B4%D0%B8%D1%87%D0%B5%D1%81%D0%BA%D0%B0%D1%8F-%D0%BF%D0%BE%D0%BC%D0%BE%D1%89%D1%8C-%D0%BF%D1%80%D0%B8-%D0%BE%D1%82%D0%BF%D1%80%D0%B0%D0%B2%D0%BA%D0%B5-%D0%B2%D0%B5%D1%89%D0%B5/?lang=ru"	"200"	"https://cindemirlaw.com/author/admin/"	"301"	"admin"	""	""	"true"	"false"	"false"
"Href link"	"false"	"https://cindemirlaw.com/tort-law-in-turkey/"	"200"	"https://cindemirlaw.com/press/"	"301"	"Press"	""	""	"true"	"false"	"false"
"Href link"	"false"	"https://cindemirlaw.com/pig-butchering-cryptocurrency-scam-key-risks-and-legal-considerations-for-investors-in-turkey/?lang=ru"	"200"	"https://cindemirlaw.com/fde1068e/"	"301"	"Турция"	""	""	"true"	"false"	"false"
"Href link"	"false"	"https://cindemirlaw.com/%D1%80%D0%B0%D1%81%D1%81%D0%BB%D0%B5%D0%B4%D0%BE%D0%B2%D0%B0%D0%BD%D0%B8%D0%B5-%D0%BD%D0%B0%D1%81%D0%BB%D0%B5%D0%B4%D1%81%D1%82%D0%B2%D0%B0-%D0%B2-%D1%82%D1%83%D1%80%D1%86%D0%B8%D0%B8-%D1%8E%D1%80/"	"200"	"https://cindemirlaw.com/press/"	"301"	"Press"	""	""	"true"	"false"	"false"
"Href link"	"false"	"https://cindemirlaw.com/real-estate-conveyancing/"	"200"	"https://cindemirlaw.com/author/admin/"	"301"	"admin"	""	""	"true"	"false"	"false"
"Href link"	"false"	"https://cindemirlaw.com/plastic-surgery-malpractice-in-turkish-law/"	"200"	"https://cindemirlaw.com/author/admin/"	"301"	"admin"	""	""	"true"	"false"	"false"
"Href link"	"false"	"https://cindemirlaw.com/gokhan-cindemir-attorney-at-law-2-2/?lang=zh-hans"	"200"	"https://cindemirlaw.com/author/admin/"	"301"	"admin"	""	""	"true"	"false"	"false"
"Href link"	"false"	"https://cindemirlaw.com/fde1/?lang=ru"	"200"	"https://cindemirlaw.com/%D0%BA%D0%B0%D0%BA-%D1%80%D0%B0%D0%B7%D0%B2%D0%B5%D1%81%D1%82%D0%B8%D1%81%D1%8C-%D0%B2-%D1%82%D1%83%D1%80%D1%86%D0%B8%D0%B8/"	"301"	"Link to: Развод и раздел имущества по семейному праву Турции"	""	""	"true"	"false"	"false"
"Href link"	"false"	"https://cindemirlaw.com/exit-bans-in-turkey-a-critical-exploration-of-judicial-control/"	"200"	"https://cindemirlaw.com/author/admin/"	"301"	"admin"	""	""	"true"	"false"	"false"
"Href link"	"false"	"https://cindemirlaw.com/international-private-law-and-conventions-that-turkey-is-party/"	"200"	"https://cindemirlaw.com/press/"	"301"	"Press"	""	""	"true"	"false"	"false"
"Href link"	"false"	"https://cindemirlaw.com/%D0%BF%D1%80%D0%B0%D0%B2%D0%B0-%D0%B8-%D0%BE%D0%B1%D1%8F%D0%B7%D0%B0%D0%BD%D0%BD%D0%BE%D1%81%D1%82%D0%B8/?lang=ru"	"200"	"https://cindemirlaw.com/author/admin/"	"301"	"admin"	""	""	"true"	"false"	"false"
"Href link"	"false"	"https://cindemirlaw.com/gokhan-cindemir/"	"200"	"https://cindemirlaw.com/press/"	"301"	"Press"	""	""	"true"	"false"	"false"
"Href link"	"false"	"https://cindemirlaw.com/administration-of-crypto-assets-under-turkish-law/"	"200"	"https://cindemirlaw.com/press/"	"301"	"Press"	""	""	"true"	"false"	"false"
"Href link"	"false"	"https://cindemirlaw.com/starting-a-company-in-turkey-a-comprehensive-guide-for-entrepreneurs/"	"200"	"https://cindemirlaw.com/author/admin/"	"301"	"admin"	""	""	"true"	"false"	"false"
"Href link"	"false"	"https://cindemirlaw.com/%D0%BF%D0%BE%D1%81%D0%B5%D1%89%D0%B5%D0%BD%D0%B8%D0%B5-%D0%B8%D0%BD%D0%BE%D1%81%D1%82%D1%80%D0%B0%D0%BD%D0%BD%D1%8B%D1%85-%D0%B7%D0%B0%D0%BA%D0%BB%D1%8E%D1%87%D1%91%D0%BD%D0%BD%D1%8B%D1%85-%D0%B2/?lang=ru"	"200"	"https://cindemirlaw.com/%D0%BF%D1%80%D0%BE%D1%84%D0%B5%D1%81%D1%81%D0%B8%D0%BE%D0%BD%D0%B0%D0%BB%D1%8C%D0%BD%D1%8B%D0%B5-%D1%8E%D1%80%D0%B8%D0%B4%D0%B8%D1%87%D0%B5%D1%81%D0%BA%D0%B8%D0%B5-%D0%BA%D0%BE%D0%BD%D1%81%D1%83%D0%BB/"	"301"	"Link to: Профессиональные юридические консультации для заключённых в тюрьмах Турции"	""	""	"true"	"false"	"false"
"Href link"	"false"	"https://cindemirlaw.com/hakan-cindemir-3/"	"200"	"https://cindemirlaw.com/press/"	"301"	"Press"	""	""	"true"	"false"	"false"
"Href link"	"false"	"https://cindemirlaw.com/%D1%80%D1%83%D1%81%D1%81%D0%BA%D0%BE%D1%8F%D0%B7%D1%8B%D1%87%D0%BD%D1%8B%D0%B9-%D1%8E%D1%80%D0%B8%D1%81%D1%82-%D0%B2-%D1%82%D1%83%D1%80%D1%86%D0%B8%D0%B8-%D1%8E%D1%80%D0%B8%D0%B4%D0%B8%D1%87/?lang=ru"	"200"	"https://cindemirlaw.com/%D0%BA%D0%B0%D0%BA-%D0%BF%D0%BE%D0%BB%D1%83%D1%87%D0%B8%D1%82%D1%8C-%D1%81%D0%BF%D1%80%D0%B0%D0%B2%D0%BA%D1%83-%D0%BE-%D0%BD%D0%B0%D0%BB%D0%B8%D1%87%D0%B8%D0%B8-%D1%81%D1%83%D0%B4%D0%B8%D0%BC%D0%BE/"	"301"	"Link to: Как получить справку о наличии судимости в Турции"	""	""	"true"	"false"	"false"
"Href link"	"false"	"https://cindemirlaw.com/trade-law-of-turkey/"	"200"	"https://cindemirlaw.com/author/admin/"	"301"	"admin"	""	""	"true"	"false"	"false"
"Href link"	"false"	"https://cindemirlaw.com/free-trade-zone-company-in-turkey/"	"200"	"https://cindemirlaw.com/author/admin/"	"301"	"admin"	""	""	"true"	"false"	"false"
"Href link"	"false"	"https://cindemirlaw.com/turkish-lawyer-online-consultancy/"	"200"	"https://cindemirlaw.com/author/admin/"	"301"	"admin"	""	""	"true"	"false"	"false"
"Href link"	"false"	"https://cindemirlaw.com/proving-the-damage-of-a-victim-by-forensic-hospitals-under-malpractice-law-in-turkey/"	"200"	"https://cindemirlaw.com/author/admin/"	"301"	"admin"	""	""	"true"	"false"	"false"
"Href link"	"false"	"https://cindemirlaw.com/link13/?lang=zh-hans"	"200"	"https://cindemirlaw.com/link25/"	"301"	"Link to: 公司及商业"	""	""	"true"	"false"	"false"
"Href link"	"false"	"https://cindemirlaw.com/%D0%BA%D0%BE%D0%BC%D0%BF%D0%B5%D0%BD%D1%81%D0%B0%D1%86%D0%B8%D0%B8-%D0%BF%D0%BE%D0%BB%D0%BE%D0%B6%D0%B5%D0%BD%D0%BD%D1%8B%D0%B5-%D0%B2-%D1%80%D0%B5%D0%B7%D1%83%D0%BB%D1%8C%D1%82%D0%B0%D1%82%D0%B5/?lang=ru"	"200"	"https://cindemirlaw.com/fde1068e3bda46a37dd24126f9ec4b09df0c999365011ec71028e1a7d4c45bfdd0fde1068e3bda46a37dd24126f9ec4b09df0c999365011ec71028e1a7d4c45bfdbafde1068e3bda46a37dd24126f9ec4b09df0c999365011ec71028e1a7d4c45bf/"	"301"	"страхование"	""	""	"true"	"false"	"false"
"Href link"	"false"	"https://cindemirlaw.com/%D1%80%D0%B5%D0%BF%D0%B0%D1%82%D1%80%D0%B8%D0%B0%D1%86%D0%B8%D1%8F-%D0%B0%D0%BA%D1%82%D0%B8%D0%B2%D0%BE%D0%B2-%D0%B2-%D1%82%D1%83%D1%80%D1%86%D0%B8%D1%8E-%D0%B2-2026-%D0%B3%D0%BE%D0%B4%D1%83-%D0%BF/?lang=ru"	"200"	"https://cindemirlaw.com/%D0%B7%D0%B0%D0%B4%D0%B5%D1%80%D0%B6%D0%B0%D0%BD%D0%B8%D0%B5-%D0%B2-%D0%B0%D1%8D%D1%80%D0%BE%D0%BF%D0%BE%D1%80%D1%82%D1%83-%D1%82%D1%83%D1%80%D1%86%D0%B8%D0%B8-%D0%BF%D1%80%D0%B0%D0%B2%D0%BE%D0%B2/"	"301"	"Link to: Задержание в аэропорту Турции: правовые риски для иностранных граждан и порядок действий"	""	""	"true"	"false"	"false"
"Href link"	"false"	"https://cindemirlaw.com/to-file-a-case-in-turkey-petition/"	"200"	"https://cindemirlaw.com/press/"	"301"	"Press"	""	""	"true"	"false"	"false"
"Href link"	"false"	"https://cindemirlaw.com/%D0%BF%D1%80%D0%BE%D1%84%D0%B5%D1%81%D1%81%D0%B8%D0%BE%D0%BD%D0%B0%D0%BB%D1%8C%D0%BD%D1%8B%D0%B5-%D1%8E%D1%80%D0%B8%D0%B4%D0%B8%D1%87%D0%B5%D1%81%D0%BA%D0%B8%D0%B5-%D0%BA%D0%BE%D0%BD%D1%81%D1%83%D0%BB/?lang=ru"	"200"	"https://cindemirlaw.com/fde1068e3bda46a37dd24126f9ec4b09df0c999365011ec71028e1a7d4c45bfdd0fde1068e3bda46a37dd24126f9ec4b09df0c999365011ec71028e1a7d4c45bfdbdfde1068e3bda46a37dd24126f9ec4b09df0c999365011ec71028e1a7d4c45bf/"	"301"	"оформление документов"	""	""	"true"	"false"	"false"
"Href link"	"false"	"https://cindemirlaw.com/articles/?lang=ru"	"200"	"https://cindemirlaw.com/obtaining-an-e-devlet-password-in-turkey-through-a-power-of-attorney/"	"301"	"Получение пароля e-Devlet в Турции по доверенности"	""	""	"true"	"false"	"false"
"Href link"	"false"	"https://cindemirlaw.com/inheritance-rights-for-divorced-spouses/"	"200"	"https://cindemirlaw.com/author/admin/"	"301"	"admin"	""	""	"true"	"false"	"false"
"Href link"	"false"	"https://cindemirlaw.com/tort-law-in-turkey/"	"200"	"https://cindemirlaw.com/author/admin/"	"301"	"admin"	""	""	"true"	"false"	"false"
"Redirect"	"false"	"https://cindemirlaw.com/exemptions-on-the-legislation-of-the-documents-in-turkey/"	"301"	"https://cindemirlaw.com/%D0%BA%D0%B0%D0%BA-%D1%80%D0%B0%D0%B7%D0%B2%D0%B5%D1%81%D1%82%D0%B8%D1%81%D1%8C-%D0%B2-%D1%82%D1%83%D1%80%D1%86%D0%B8%D0%B8/"	"301"	""	""	""	"true"	"false"	"false"
"Href link"	"false"	"https://cindemirlaw.com/%D1%80%D0%B0%D1%81%D1%81%D0%BB%D0%B5%D0%B4%D0%BE%D0%B2%D0%B0%D0%BD%D0%B8%D0%B5-%D0%BD%D0%B0%D1%81%D0%BB%D0%B5%D0%B4%D1%81%D1%82%D0%B2%D0%B0-%D0%B2-%D1%82%D1%83%D1%80%D1%86%D0%B8%D0%B8-%D1%8E%D1%80/"	"200"	"https://cindemirlaw.com/author/admin/"	"301"	"admin"	""	""	"true"	"false"	"false"
"Href link"	"false"	"https://cindemirlaw.com/%D1%81%D0%BE%D0%B7%D0%B4%D0%B0%D0%BD%D0%B8%D0%B5-%D0%BA%D0%BE%D0%BC%D0%BF%D0%B0%D0%BD%D0%B8%D0%B8-%D1%81-%D0%BE%D0%B3%D1%80%D0%B0%D0%BD%D0%B8%D1%87%D0%B5%D0%BD%D0%BD%D0%BE%D0%B9-%D0%BE%D1%82%D0%B2/?lang=ru"	"200"	"https://cindemirlaw.com/author/admin/"	"301"	"admin"	""	""	"true"	"false"	"false"
"Href link"	"false"	"https://cindemirlaw.com/cindemir-hukuk-burosu-cindemir-law-office-kusdili-caddesi-osmanaga-mahallesi-artunc-apartmani-no173-34714-kadikoy-istanbul-2/"	"200"	"https://cindemirlaw.com/press/"	"301"	"Press"	""	""	"true"	"false"	"false"
"Href link"	"false"	"https://cindemirlaw.com/fde1068e3bda46a37dd24126f9ec4b09df0c999365011ec71028e1a7d4c45bfdd1fde1068e3bda46a37dd24126f9ec4b09df0c999365011ec71028e1a7d4c45bfd83fde1068e3bda46a37dd24126f9ec4b09df0c999365011ec71028e1a7d4c45bf-2/?lang=ru"	"200"	"https://cindemirlaw.com/fde1068e3bda46a37dd24126f9ec4b09df0c999365011ec71028e1a7d4c45bfdd0fde1068e3bda46a37dd24126f9ec4b09df0c999365011ec71028e1a7d4c45bfdbafde1068e3bda46a37dd24126f9ec4b09df0c999365011ec71028e1a7d4c45bf/"	"301"	"Link to: Корпоративное и коммерческое право"	""	""	"true"	"false"	"false"
"Href link"	"false"	"https://cindemirlaw.com/cindemir/"	"200"	"https://cindemirlaw.com/press/"	"301"	"Press"	""	""	"true"	"false"	"false"
"Href link"	"false"	"https://cindemirlaw.com/fde1068e3bda46a37dd24126f9ec4b09df0c999365011ec71028e1a7d4c45bfdd1fde1068e3bda46a37dd24126f9ec4b09df0c999365011ec71028e1a7d4c45bfd82fde1068e3bda46a37dd24126f9ec4b09df0c999365011ec71028e1a7d4c45bf/?lang=ru"	"200"	"https://cindemirlaw.com/fde1068e3bda46a37dd24126f9ec4b09df0c999365011ec71028e1a7d4c45bfdd1fde1068e3bda46a37dd24126f9ec4b09df0c999365011ec71028e1a7d4c45bfd81fde1068e3bda46a37dd24126f9ec4b09df0c999365011ec71028e1a7d4c45bf-2/"	"301"	"суд"	""	""	"true"	"false"	"false"
"Href link"	"false"	"https://cindemirlaw.com/hakan/?lang=zh-hans"	"200"	"https://cindemirlaw.com/author/admin/"	"301"	"admin"	""	""	"true"	"false"	"false"
"Href link"	"false"	"https://cindemirlaw.com/%D1%87%D1%82%D0%BE-%D1%82%D0%B0%D0%BA%D0%BE%D0%B5-%D0%B7%D0%B0%D1%8F%D0%B2%D0%BB%D0%B5%D0%BD%D0%B8%D0%B5-%D0%B2-%D0%B5%D1%81%D0%BF%D1%87-%D0%BA%D1%82%D0%BE-%D0%BC%D0%BE%D0%B6%D0%B5%D1%82-%D0%BF%D0%BE/?lang=ru"	"200"	"https://cindemirlaw.com/press/"	"301"	"О нас в прессе"	""	""	"true"	"false"	"false"
"Href link"	"false"	"https://cindemirlaw.com/cindemir-hukuk/?lang=zh-hans"	"200"	"https://cindemirlaw.com/press/"	"301"	"支持"	""	""	"true"	"false"	"false"
"Href link"	"false"	"https://cindemirlaw.com/pig-butchering-cryptocurrency-scam-key-risks-and-legal-considerations-for-investors-in-turkey/?lang=ru"	"200"	"https://cindemirlaw.com/fde1068e3bda46a37dd24126f9ec4b09df0c999365011ec71028e1a7d4c45bfdd1fde1068e3bda46a37dd24126f9ec4b09df0c999365011ec71028e1a7d4c45bfd83fde1068e3bda46a37dd24126f9ec4b09df0c999365011ec71028e1a7d4c45bf/"	"301"	"безопасность"	""	""	"true"	"false"	"false"
"Href link"	"false"	"https://cindemirlaw.com/fde1/?lang=ru"	"200"	"https://cindemirlaw.com/fde1068e3bda46a37dd24126f9ec4b09df0c999365011ec71028e1a7d4c45bfdd0fde1068e3bda46a37dd24126f9ec4b09df0c999365011ec71028e1a7d4c45bfdbdfde1068e3bda46a37dd24126f9ec4b09df0c999365011ec71028e1a7d4c45bf/"	"301"	"консультации"	""	""	"true"	"false"	"false"
"Href link"	"false"	"https://cindemirlaw.com/%D1%81%D1%82%D0%B0%D1%82%D1%83%D1%81-%D1%83%D1%81%D0%BB%D0%BE%D0%B2%D0%BD%D0%BE%D0%B3%D0%BE-%D0%B1%D0%B5%D0%B6%D0%B5%D0%BD%D1%86%D0%B0/?lang=ru"	"200"	"https://cindemirlaw.com/%D0%B2%D0%B8%D0%B4%D1%8B-%D0%BA%D0%BE%D0%BC%D0%BF%D0%B0%D0%BD%D0%B8%D0%B8-%D0%B2-%D1%82%D1%83%D1%80%D1%86%D0%B8%D0%B8/"	"301"	"Турция"	""	""	"true"	"false"	"false"
"Href link"	"false"	"https://cindemirlaw.com/fde1068e3bda46a37dd24126f9ec4b09df0c999365011ec71028e1a7d4c45bfdd0fde1068e3bda46a37dd24126f9ec4b09df0c999365011ec71028e1a7d4c45bfdb7fde1068e3bda46a37dd24126f9ec4b09df0c999365011ec71028e1a7d4c45bf/?lang=ru"	"200"	"https://cindemirlaw.com/fde1068e3bda46a37dd24126f9ec4b09df0c999365011ec71028e1a7d4c45bfdd1fde1068e3bda46a37dd24126f9ec4b09df0c999365011ec71028e1a7d4c45bfd83fde1068e3bda46a37dd24126f9ec4b09df0c999365011ec71028e1a7d4c45bf-2/"	"301"	""	""	""	"true"	"false"	"false"
"Href link"	"false"	"https://cindemirlaw.com/principle-of-family-unity-deportation-procedures-and-protection-of-family-unity-for-deportees/"	"200"	"https://cindemirlaw.com/author/admin/"	"301"	"admin"	""	""	"true"	"false"	"false"
"Href link"	"false"	"https://cindemirlaw.com/%D0%BA%D0%B0%D0%BA-%D1%80%D0%B0%D0%B7%D0%B2%D0%B5%D1%81%D1%82%D0%B8%D1%81%D1%8C-%D0%B2-%D1%82%D1%83%D1%80%D1%86%D0%B8%D0%B8/?lang=ru"	"200"	"https://cindemirlaw.com/cindemir-law-2/"	"301"	"юридические услуги"	""	""	"true"	"false"	"false"
"Href link"	"false"	"https://cindemirlaw.com/articles/?lang=ru"	"200"	"https://cindemirlaw.com/%D1%83%D0%B4%D0%B0%D0%BB%D0%B5%D0%BD%D0%B8%D0%B5-%D1%81%D1%83%D0%B4%D0%B8%D0%BC%D0%BE%D1%81%D1%82%D0%B8-%D0%B2-%D1%82%D1%83%D1%80%D1%86%D0%B8%D0%B8-%D0%B4%D0%BB%D1%8F-%D0%B8%D0%BD%D0%BE%D1%81%D1%82/"	"301"	"Удаление судимости в Турции для иностранных граждан"	""	""	"true"	"false"	"false"
"Href link"	"false"	"https://cindemirlaw.com/enforcement-of-a-foreign-decision-in-turkey/"	"200"	"https://cindemirlaw.com/press/"	"301"	"Press"	""	""	"true"	"false"	"false"
"Href link"	"false"	"https://cindemirlaw.com/legal-services-for-digital-asset-businesses/"	"200"	"https://cindemirlaw.com/author/admin/"	"301"	"admin"	""	""	"true"	"false"	"false"
"Href link"	"false"	"https://cindemirlaw.com/international-private-law-and-conventions-that-turkey-is-party/"	"200"	"https://cindemirlaw.com/author/admin/"	"301"	"admin"	""	""	"true"	"false"	"false"
"Href link"	"false"	"https://cindemirlaw.com/sexual-assault-in-turkey/"	"200"	"https://cindemirlaw.com/author/admin/"	"301"	"admin"	""	""	"true"	"false"	"false"
"Href link"	"false"	"https://cindemirlaw.com/our-articles-3/"	"200"	"https://cindemirlaw.com/author/admin/"	"301"	"admin"	""	""	"true"	"false"	"false"
"Sitemap URL"	"false"	"https://cindemirlaw.com/post-sitemap.xml"	"200"	"https://cindemirlaw.com/%D0%B7%D0%B0%D0%B4%D0%B5%D1%80%D0%B6%D0%B0%D0%BD%D0%B8%D0%B5-%D0%B2-%D0%B0%D1%8D%D1%80%D0%BE%D0%BF%D0%BE%D1%80%D1%82%D1%83-%D1%82%D1%83%D1%80%D1%86%D0%B8%D0%B8-%D0%BF%D1%80%D0%B0%D0%B2%D0%BE%D0%B2/"	"301"	""	""	""	"true"	"true"	"false"
"Href link"	"true"	"https://cindemirlaw.com/the-structure-of-board-of-directors-according-to-turkish-commercial-code/"	"200"	"https://cindemirlaw.com/author/admin/"	"301"	"admin"	""	""	"true"	"false"	"false"
"Href link"	"false"	"https://cindemirlaw.com/fde1068e3bda46a37dd24126f9ec4b09df0c999365011ec71028e1a7d4c45bfdd1fde1068e3bda46a37dd24126f9ec4b09df0c999365011ec71028e1a7d4c45bfd83fde1068e3bda46a37dd24126f9ec4b09df0c999365011ec71028e1a7d4c45bf-2/?lang=ru"	"200"	"https://cindemirlaw.com/fde1068e3bda46a37dd24126f9ec4b09df0c999365011ec71028e1a7d4c45bfdd0fde1068e3bda46a37dd24126f9ec4b09df0c999365011ec71028e1a7d4c45bfdb3fde1068e3bda46a37dd24126f9ec4b09df0c999365011ec71028e1a7d4c45bf/"	"301"	""	""	""	"true"	"false"	"false"
"Href link"	"false"	"https://cindemirlaw.com/articles/?lang=ru"	"200"	"https://cindemirlaw.com/%D0%BA%D0%B0%D0%BA-%D0%BF%D0%BE%D0%BB%D1%83%D1%87%D0%B8%D1%82%D1%8C-%D1%81%D0%BF%D1%80%D0%B0%D0%B2%D0%BA%D1%83-%D0%BE-%D0%BD%D0%B0%D0%BB%D0%B8%D1%87%D0%B8%D0%B8-%D1%81%D1%83%D0%B4%D0%B8%D0%BC%D0%BE/"	"301"	"Как получить справку о наличии судимости в Турции"	""	""	"true"	"false"	"false"
"Href link"	"false"	"https://cindemirlaw.com/employment/"	"200"	"https://cindemirlaw.com/author/admin/"	"301"	"admin"	""	""	"true"	"false"	"false"
"Href link"	"false"	"https://cindemirlaw.com/employment/"	"200"	"https://cindemirlaw.com/press/"	"301"	"Press"	""	""	"true"	"false"	"false"
"Redirect"	"false"	"http://www.cindemirlaw.com/"	"301"	"https://www.cindemirlaw.com/"	"301"	""	""	""	"true"	"false"	"false"
"Sitemap URL"	"false"	"https://cindemirlaw.com/post-sitemap.xml"	"200"	"https://cindemirlaw.com/%D1%81%D0%BE%D0%B7%D0%B4%D0%B0%D0%BD%D0%B8%D0%B5-%D0%BA%D0%BE%D0%BC%D0%BF%D0%B0%D0%BD%D0%B8%D0%B8-%D1%81-%D0%BE%D0%B3%D1%80%D0%B0%D0%BD%D0%B8%D1%87%D0%B5%D0%BD%D0%BD%D0%BE%D0%B9-%D0%BE%D1%82%D0%B2/"	"301"	""	""	""	"true"	"true"	"false"
"Href link"	"false"	"https://cindemirlaw.com/appointment-of-a-turkish-lawyer-with-power-of-attorney/"	"200"	"https://cindemirlaw.com/press/"	"301"	"Press"	""	""	"true"	"false"	"false"
"Href link"	"false"	"https://cindemirlaw.com/tourism-law-in-turkey/"	"200"	"https://cindemirlaw.com/press/"	"301"	"Press"	""	""	"true"	"false"	"false"
"Href link"	"false"	"https://cindemirlaw.com/%D1%82%D0%B8%D0%BF%D1%8B-%D0%BA%D0%BE%D0%BC%D0%BF%D0%B0%D0%BD%D0%B8%D0%B9-%D0%B2-%D1%82%D1%83%D1%80%D1%86%D0%B8%D0%B8/?lang=ru"	"200"	"https://cindemirlaw.com/%D0%BA%D0%B0%D0%BA-%D0%BE%D1%82%D0%BA%D1%80%D1%8B%D1%82%D1%8C-%D1%84%D0%B8%D0%BB%D0%B8%D0%B0%D0%BB-%D0%B2-%D1%82%D1%83%D1%80%D1%86%D0%B8%D0%B8/"	"301"	"Link to: как открыть филиал в турции"	""	""	"true"	"false"	"false"
"Href link"	"false"	"https://cindemirlaw.com/%D0%B2%D0%B8%D0%B4%D1%8B-%D0%BA%D0%BE%D0%BC%D0%BF%D0%B0%D0%BD%D0%B8%D0%B8-%D0%B2-%D1%82%D1%83%D1%80%D1%86%D0%B8%D0%B8/?lang=ru"	"200"	"https://cindemirlaw.com/%D1%80%D1%83%D1%81%D1%81%D0%BA%D0%BE%D1%8F%D0%B7%D1%8B%D1%87%D0%BD%D1%8B%D0%B9-%D1%8E%D1%80%D0%B8%D1%81%D1%82-%D0%B2-%D1%82%D1%83%D1%80%D1%86%D0%B8%D0%B8-%D1%8E%D1%80%D0%B8%D0%B4%D0%B8%D1%87/"	"301"	""	""	""	"true"	"false"	"false"
"Href link"	"false"	"https://cindemirlaw.com/prosecutor/"	"200"	"https://cindemirlaw.com/author/admin/"	"301"	"admin"	""	""	"true"	"false"	"false"
"Href link"	"false"	"https://cindemirlaw.com/fde1068e3bda46a37dd24126f9ec4b09df0c999365011ec71028e1a7d4c45bfdd1fde1068e3bda46a37dd24126f9ec4b09df0c999365011ec71028e1a7d4c45bfd81fde1068e3bda46a37dd24126f9ec4b09df0c999365011ec71028e1a7d4c45bf/?lang=ru"	"200"	"https://cindemirlaw.com/author/admin/"	"301"	"admin"	""	""	"true"	"false"	"false"
"Sitemap URL"	"false"	"https://cindemirlaw.com/post-sitemap.xml"	"200"	"https://cindemirlaw.com/fde1068e3bda46a37dd24126f9ec4b09df0c999365011ec71028e1a7d4c45bfdd1fde1068e3bda46a37dd24126f9ec4b09df0c999365011ec71028e1a7d4c45bfd82fde1068e3bda46a37dd24126f9ec4b09df0c999365011ec71028e1a7d4c45bf/"	"301"	""	""	""	"true"	"true"	"false"
"Href link"	"false"	"https://cindemirlaw.com/notice-of-termination-for-employment-contracts-in-turkish-labor-law/"	"200"	"https://cindemirlaw.com/author/admin/"	"301"	"admin"	""	""	"true"	"false"	"false"
"Href link"	"false"	"https://cindemirlaw.com/%D0%BF%D0%BE%D1%81%D0%B5%D1%89%D0%B5%D0%BD%D0%B8%D0%B5-%D0%B8%D0%BD%D0%BE%D1%81%D1%82%D1%80%D0%B0%D0%BD%D0%BD%D1%8B%D1%85-%D0%B7%D0%B0%D0%BA%D0%BB%D1%8E%D1%87%D1%91%D0%BD%D0%BD%D1%8B%D1%85-%D0%B2/?lang=ru"	"200"	"https://cindemirlaw.com/fde1068e3bda46a37dd24126f9ec4b09df0c999365011ec71028e1a7d4c45bfdd0fde1068e3bda46a37dd24126f9ec4b09df0c999365011ec71028e1a7d4c45bfdbdfde1068e3bda46a37dd24126f9ec4b09df0c999365011ec71028e1a7d4c45bf/"	"301"	"Консультации"	""	""	"true"	"false"	"false"
"Href link"	"false"	"https://cindemirlaw.com/criminal-record-deletion-in-turkey-for-foreign-nationals/"	"200"	"https://cindemirlaw.com/press/"	"301"	"Press"	""	""	"true"	"false"	"false"
"Href link"	"false"	"https://cindemirlaw.com/gokhan-cindemir-3/"	"200"	"https://cindemirlaw.com/press/"	"301"	"Press"	""	""	"true"	"false"	"false"
"Href link"	"false"	"https://cindemirlaw.com/fde1068e3bda46a37dd24126f9ec4b09df0c999365011ec71028e1a7d4c45bfdd0fde1068e3bda46a37dd24126f9ec4b09df0c999365011ec71028e1a7d4c45bfdb5fde1068e3bda46a37dd24126f9ec4b09df0c999365011ec71028e1a7d4c45bf/?lang=ru"	"200"	"https://cindemirlaw.com/fde1068e3bda46a37dd24126f9ec4b09df0c999365011ec71028e1a7d4c45bfdd0fde1068e3bda46a37dd24126f9ec4b09df0c999365011ec71028e1a7d4c45bfdb7fde1068e3bda46a37dd24126f9ec4b09df0c999365011ec71028e1a7d4c45bf/"	"301"	""	""	""	"true"	"false"	"false"
"Sitemap URL"	"false"	"https://cindemirlaw.com/post-sitemap.xml"	"200"	"https://cindemirlaw.com/cindemir-hukuk/"	"301"	""	""	""	"true"	"true"	"false"
"Href link"	"false"	"https://cindemirlaw.com/?lang=ru"	"200"	"https://cindemirlaw.com/press/"	"301"	"О нас в прессе"	""	""	"true"	"false"	"false"
"Href link"	"false"	"https://cindemirlaw.com/articles/?lang=ru"	"200"	"https://cindemirlaw.com/%D0%BA%D0%BE%D0%BC%D0%BF%D0%B5%D0%BD%D1%81%D0%B0%D1%86%D0%B8%D0%B8-%D0%BF%D0%BE%D0%BB%D0%BE%D0%B6%D0%B5%D0%BD%D0%BD%D1%8B%D0%B5-%D0%B2-%D1%80%D0%B5%D0%B7%D1%83%D0%BB%D1%8C%D1%82%D0%B0%D1%82%D0%B5/"	"301"	"Компенсации, положенные в результате дорожно-транспортных происшествий( ДТП ), приведших к смерти или травмам согласно Турецкому закону"	""	""	"true"	"false"	"false"
"Href link"	"false"	"https://cindemirlaw.com/alternative-dispute-resolutions-in-turkey/"	"200"	"https://cindemirlaw.com/author/admin/"	"301"	"admin"	""	""	"true"	"false"	"false"
"Sitemap URL"	"false"	"https://cindemirlaw.com/post-sitemap.xml"	"200"	"https://cindemirlaw.com/%D0%BA%D0%B0%D0%BA-%D0%BE%D1%82%D0%BA%D1%80%D1%8B%D1%82%D1%8C-%D1%84%D0%B8%D0%BB%D0%B8%D0%B0%D0%BB-%D0%B2-%D1%82%D1%83%D1%80%D1%86%D0%B8%D0%B8/"	"301"	""	""	""	"true"	"true"	"false"
"Href link"	"false"	"https://cindemirlaw.com/payment/"	"200"	"https://cindemirlaw.com/press/"	"301"	"Press"	""	""	"true"	"false"	"false"
"Href link"	"false"	"https://cindemirlaw.com/market-abuse-in-the-crypto-asset-market-in-turkey/"	"200"	"https://cindemirlaw.com/author/admin/"	"301"	"admin"	""	""	"true"	"false"	"false"
"Href link"	"false"	"https://cindemirlaw.com/legal-services-in-sapanca/"	"200"	"https://cindemirlaw.com/exemptions-on-the-legislation-of-the-documents-in-turkey/"	"301"	"Link to: Exemptions on the legislation of the documents in Turkey"	""	""	"true"	"false"	"false"
"Href link"	"false"	"https://cindemirlaw.com/legal-services-in-sapanca/"	"200"	"https://cindemirlaw.com/how-to-lift-entry-ban-to-turkey/"	"301"	"Link to: How to Lift the Entry Ban to Turkey"	""	""	"true"	"false"	"false"
"Href link"	"false"	"https://cindemirlaw.com/enforcement-of-a-foreign-romania-judgment-in-turkey/"	"200"	"https://cindemirlaw.com/press/"	"301"	"Press"	""	""	"true"	"false"	"false"
"Href link"	"false"	"https://cindemirlaw.com/%D0%BF%D1%80%D0%BE%D1%84%D0%B5%D1%81%D1%81%D0%B8%D0%BE%D0%BD%D0%B0%D0%BB%D1%8C%D0%BD%D1%8B%D0%B5-%D1%8E%D1%80%D0%B8%D0%B4%D0%B8%D1%87%D0%B5%D1%81%D0%BA%D0%B8%D0%B5-%D0%BA%D0%BE%D0%BD%D1%81%D1%83%D0%BB/?lang=ru"	"200"	"https://cindemirlaw.com/fde1068e3bda46a37dd24126f9ec4b09df0c999365011ec71028e1a7d4c45bfdd0fde1068e3bda46a37dd24126f9ec4b09df0c999365011ec71028e1a7d4c45bfdb5fde1068e3bda46a37dd24126f9ec4b09df0c999365011ec71028e1a7d4c45bf/"	"301"	"услуги"	""	""	"true"	"false"	"false"
"Href link"	"false"	"https://cindemirlaw.com/migrant-smuggling-and-human-trafficking-under-turkish-law/"	"200"	"https://cindemirlaw.com/press/"	"301"	"Press"	""	""	"true"	"false"	"false"
"Href link"	"false"	"https://cindemirlaw.com/%D0%BA%D0%B0%D0%BA-%D0%BF%D0%BE%D0%BB%D1%83%D1%87%D0%B8%D1%82%D1%8C-%D1%81%D1%83%D0%B4%D0%B8%D0%BC%D0%BE%D1%81%D1%82%D1%8C-%D0%B2-%D1%82%D1%83%D1%80%D1%86%D0%B8%D0%B8/?lang=ru"	"200"	"https://www.istanbulbarosu.org.tr/AttorneySearch.aspx"	"301"	"https://www.istanbulbarosu.org.tr/AttorneySearch.aspx"	""	""	"true"	"false"	"false"
"Redirect"	"false"	"https://cindemirlaw.com/how-to-lift-entry-ban-to-turkey/"	"301"	"https://cindemirlaw.com/%D0%BA%D0%BE%D0%BC%D0%BF%D0%B5%D0%BD%D1%81%D0%B0%D1%86%D0%B8%D0%B8-%D0%BF%D0%BE%D0%BB%D0%BE%D0%B6%D0%B5%D0%BD%D0%BD%D1%8B%D0%B5-%D0%B2-%D1%80%D0%B5%D0%B7%D1%83%D0%BB%D1%8C%D1%82%D0%B0%D1%82%D0%B5/"	"301"	""	""	""	"true"	"false"	"false"
"Href link"	"false"	"https://cindemirlaw.com/fde1068e3bda46a37dd24126f9ec4b09df0c999365011ec71028e1a7d4c45bfdd0fde1068e3bda46a37dd24126f9ec4b09df0c999365011ec71028e1a7d4c45bfdb7fde1068e3bda46a37dd24126f9ec4b09df0c999365011ec71028e1a7d4c45bf/?lang=ru"	"200"	"https://cindemirlaw.com/fde1068e3bda46a37dd24126f9ec4b09df0c999365011ec71028e1a7d4c45bfdd0fde1068e3bda46a37dd24126f9ec4b09df0c999365011ec71028e1a7d4c45bfdb3fde1068e3bda46a37dd24126f9ec4b09df0c999365011ec71028e1a7d4c45bf/"	"301"	""	""	""	"true"	"false"	"false"
"Href link"	"false"	"https://cindemirlaw.com/%D0%BD%D0%B0%D1%81%D0%BB%D0%B5%D0%B4%D1%81%D1%82%D0%B2%D0%B5%D0%BD%D0%BD%D0%BE%D0%B5-%D0%BF%D1%80%D0%B0%D0%B2%D0%BE-%D1%82%D1%83%D1%80%D1%86%D0%B8%D0%B8-2/?lang=ru"	"200"	"https://cindemirlaw.com/author/admin/"	"301"	"admin"	""	""	"true"	"false"	"false"
"Href link"	"false"	"https://cindemirlaw.com/%D0%B7%D0%B0%D0%B4%D0%B5%D1%80%D0%B6%D0%B0%D0%BD%D0%B8%D0%B5-%D0%B2-%D0%B0%D1%8D%D1%80%D0%BE%D0%BF%D0%BE%D1%80%D1%82%D1%83-%D1%82%D1%83%D1%80%D1%86%D0%B8%D0%B8-%D0%BF%D1%80%D0%B0%D0%B2%D0%BE%D0%B2/?lang=ru"	"200"	"https://cindemirlaw.com/fde1068e3bda46a37dd24126f9ec4b09df0c999365011ec71028e1a7d4c45bfdd0fde1068e3bda46a37dd24126f9ec4b09df0c999365011ec71028e1a7d4c45bfdb3fde1068e3bda46a37dd24126f9ec4b09df0c999365011ec71028e1a7d4c45bf/"	"301"	"Адвокат"	""	""	"true"	"false"	"false"
"Href link"	"false"	"https://cindemirlaw.com/%D0%BE%D1%82%D0%BA%D1%80%D1%8B%D1%82%D0%B8%D0%B5-%D0%B1%D0%B0%D0%BD%D0%BA%D0%BE%D0%B2%D1%81%D0%BA%D0%BE%D0%B3%D0%BE-%D1%81%D1%87%D0%B5%D1%82%D0%B0-%D1%80%D1%83%D1%81%D1%81%D0%BA%D0%B8%D0%BC%D0%B8/?lang=ru"	"200"	"https://cindemirlaw.com/%D0%BE%D1%82%D0%BA%D1%80%D1%8B%D1%82%D0%B8%D0%B5-%D0%B1%D0%B0%D0%BD%D0%BA%D0%BE%D0%B2%D1%81%D0%BA%D0%BE%D0%B3%D0%BE-%D1%81%D1%87%D0%B5%D1%82%D0%B0-%D0%B2-%D1%82%D1%83%D1%80%D1%86%D0%B8%D0%B8/"	"301"	"открытие банковского счета в Турции"	""	""	"true"	"false"	"false"
"Href link"	"false"	"https://cindemirlaw.com/eu-legal-representative-services-for-ai-companies-outside-the-european-union/"	"200"	"https://cindemirlaw.com/author/admin/"	"301"	"admin"	""	""	"true"	"false"	"false"
"Href link"	"false"	"https://cindemirlaw.com/fde1068e/?lang=ru"	"200"	"https://cindemirlaw.com/fde1068e3bda46a37dd24126f9ec4b09df0c999365011ec71028e1a7d4c45bfdd0fde1068e3bda46a37dd24126f9ec4b09df0c999365011ec71028e1a7d4c45bfdb5fde1068e3bda46a37dd24126f9ec4b09df0c999365011ec71028e1a7d4c45bf/"	"301"	""	""	""	"true"	"false"	"false"
"Image"	"false"	"https://cindemirlaw.com/trade-law-of-turkey/"	"200"	"http://cindemir.av.tr/wp-content/uploads/2020/01/health-image-300x200.jpg"	"301"	""	"turkish commercial code"	""	"true"	"false"	"false"
"Href link"	"false"	"https://cindemirlaw.com/fde1068e3bda46a37dd24126f9ec4b09df0c999365011ec71028e1a7d4c45bfdd0fde1068e3bda46a37dd24126f9ec4b09df0c999365011ec71028e1a7d4c45bfdb4fde1068e3bda46a37dd24126f9ec4b09df0c999365011ec71028e1a7d4c45bf/?lang=ru"	"200"	"https://cindemirlaw.com/fde1068e3bda46a37dd24126f9ec4b09df0c999365011ec71028e1a7d4c45bfdd0fde1068e3bda46a37dd24126f9ec4b09df0c999365011ec71028e1a7d4c45bfdb5fde1068e3bda46a37dd24126f9ec4b09df0c999365011ec71028e1a7d4c45bf/"	"301"	""	""	""	"true"	"false"	"false"
"Href link"	"false"	"https://cindemirlaw.com/legal-alert-new-regulation-on-timeshare-rights-in-turkey-7-day-minimum-period-introduced/"	"200"	"https://cindemirlaw.com/author/admin/"	"301"	"admin"	""	""	"true"	"false"	"false"
"Href link"	"false"	"https://cindemirlaw.com/interim-injunctions-in-turkish-law/"	"200"	"https://cindemirlaw.com/author/admin/"	"301"	"admin"	""	""	"true"	"false"	"false"
"Href link"	"false"	"https://cindemirlaw.com/a-practical-overview-of-crypto-asset-service-providers-and-platforms-in-turkiye/"	"200"	"https://cindemirlaw.com/press/"	"301"	"Press"	""	""	"true"	"false"	"false"
"Href link"	"false"	"https://cindemirlaw.com/%D0%BD%D0%B0%D1%81%D0%BB%D0%B5%D0%B4%D1%81%D1%82%D0%B2%D0%B5%D0%BD%D0%BD%D0%BE%D0%B5-%D0%BF%D1%80%D0%B0%D0%B2%D0%BE-%D1%82%D1%83%D1%80%D1%86%D0%B8%D0%B8/?lang=ru"	"200"	"https://cindemirlaw.com/%D0%BD%D0%B0%D1%81%D0%BB%D0%B5%D0%B4%D1%81%D1%82%D0%B2%D0%B5%D0%BD%D0%BD%D0%BE%D0%B5-%D0%BF%D1%80%D0%B0%D0%B2%D0%BE-%D1%82%D1%83%D1%80%D1%86%D0%B8%D0%B8-2/"	"301"	""	""	""	"true"	"false"	"false"
"Href link"	"false"	"https://cindemirlaw.com/insurance-arbitration-and-compensation-claims-regarding-car-accidents-in-turkey/"	"200"	"https://cindemirlaw.com/author/admin/"	"301"	"admin"	""	""	"true"	"false"	"false"
"Href link"	"false"	"https://cindemirlaw.com/fde1068e3bda46a37dd24126f9ec4b09df0c999365011ec71028e1a7d4c45bfdd1fde1068e3bda46a37dd24126f9ec4b09df0c999365011ec71028e1a7d4c45bfd83fde1068e3bda46a37dd24126f9ec4b09df0c999365011ec71028e1a7d4c45bf-2/?lang=ru"	"200"	"https://cindemirlaw.com/press/"	"301"	"О нас в прессе"	""	""	"true"	"false"	"false"
"Href link"	"false"	"https://cindemirlaw.com/%D1%82%D1%83%D1%80%D0%B8%D1%81%D1%82%D0%B8%D1%87%D0%B5%D1%81%D0%BA%D0%BE%D0%B5-%D0%BF%D1%80%D0%B0%D0%B2%D0%BE-%D0%B2-%D1%82%D1%83%D1%80%D1%86%D0%B8%D0%B8/"	"200"	"https://cindemirlaw.com/press/"	"301"	"Press"	""	""	"true"	"false"	"false"
"Href link"	"false"	"https://cindemirlaw.com/p91/"	"200"	"https://cindemirlaw.com/author/admin/"	"301"	"admin"	""	""	"true"	"false"	"false"
"Href link"	"false"	"https://cindemirlaw.com/consensual-divorce-in-turkey-uncontested-divorce/"	"200"	"https://cindemirlaw.com/press/"	"301"	"Press"	""	""	"true"	"false"	"false"
"Href link"	"false"	"https://cindemirlaw.com/pig-butchering-cryptocurrency-scam-key-risks-and-legal-considerations-for-investors-in-turkey/?lang=ru"	"200"	"https://cindemirlaw.com/eu-ai-act-compliance-for-non-eu-companies-legal-requirements-under-the-destination-principle/"	"301"	"Link to: Регламент ЕС об ИИ и компании из третьих стран: что необходимо знать"	""	""	"true"	"false"	"false"
"Sitemap URL"	"false"	"https://cindemirlaw.com/post-sitemap.xml"	"200"	"https://cindemirlaw.com/%D0%B2%D0%B8%D0%B4%D1%8B-%D0%BA%D0%BE%D0%BC%D0%BF%D0%B0%D0%BD%D0%B8%D0%B8-%D0%B2-%D1%82%D1%83%D1%80%D1%86%D0%B8%D0%B8/"	"301"	""	""	""	"true"	"true"	"false"
"Href link"	"false"	"https://cindemirlaw.com/cindemir/"	"200"	"https://cindemirlaw.com/cindemir-hukuk-burosu-cindemir-law-office-kusdili-caddesi-osmanaga-mahallesi-artunc-apartmani-no173-34714-kadikoy-istanbul/"	"301"	"Link to: G鰇han Cindemir"	""	""	"true"	"false"	"false"
"Href link"	"false"	"https://cindemirlaw.com/hakan/?lang=zh-hans"	"200"	"https://cindemirlaw.com/press/"	"301"	"支持"	""	""	"true"	"false"	"false"
"Href link"	"false"	"https://cindemirlaw.com/fde1068e3bda46a37dd24126f9ec4b09df0c999365011ec71028e1a7d4c45bfdd0fde1068e3bda46a37dd24126f9ec4b09df0c999365011ec71028e1a7d4c45bfdb5fde1068e3bda46a37dd24126f9ec4b09df0c999365011ec71028e1a7d4c45bf/?lang=ru"	"200"	"https://cindemirlaw.com/fde1068e3bda46a37dd24126f9ec4b09df0c999365011ec71028e1a7d4c45bfdd0fde1068e3bda46a37dd24126f9ec4b09df0c999365011ec71028e1a7d4c45bfdbdfde1068e3bda46a37dd24126f9ec4b09df0c999365011ec71028e1a7d4c45bf-2/"	"301"	"Link to: Недвижимость и Передача прав на имущество"	""	""	"true"	"false"	"false"
"Href link"	"false"	"https://cindemirlaw.com/enforcement-of-a-foreign-romania-judgment-in-turkey/"	"200"	"https://cindemirlaw.com/author/admin/"	"301"	"admin"	""	""	"true"	"false"	"false"
"Href link"	"false"	"https://cindemirlaw.com/debt-recovery-in-turkey/"	"200"	"https://cindemirlaw.com/author/admin/"	"301"	"admin"	""	""	"true"	"false"	"false"
"Href link"	"false"	"https://cindemirlaw.com/fde1068e3bda46a37dd24126f9ec4b09df0c999365011ec71028e1a7d4c45bfdd1fde1068e3bda46a37dd24126f9ec4b09df0c999365011ec71028e1a7d4c45bfd83fde1068e3bda46a37dd24126f9ec4b09df0c999365011ec71028e1a7d4c45bf-3/?lang=ru"	"200"	"https://cindemirlaw.com/fde1068e3bda46a37dd24126f9ec4b09df0c999365011ec71028e1a7d4c45bfdd1fde1068e3bda46a37dd24126f9ec4b09df0c999365011ec71028e1a7d4c45bfd83fde1068e3bda46a37dd24126f9ec4b09df0c999365011ec71028e1a7d4c45bf-2/"	"301"	""	""	""	"true"	"false"	"false"
"Href link"	"false"	"https://cindemirlaw.com/crypto-asset-fraud-in-turkey-legal-perspective/"	"200"	"https://cindemirlaw.com/author/admin/"	"301"	"admin"	""	""	"true"	"false"	"false"
"Href link"	"false"	"https://cindemirlaw.com/training/"	"200"	"https://cindemirlaw.com/author/admin/"	"301"	"admin"	""	""	"true"	"false"	"false"
"Href link"	"false"	"https://cindemirlaw.com/international-death-certificate-form-c-and-procedures-for-obtaining-in-turkey/"	"200"	"https://cindemirlaw.com/author/admin/"	"301"	"admin"	""	""	"true"	"false"	"false"
"Href link"	"false"	"https://cindemirlaw.com/fde1068e3bda46a37dd24126f9ec4b09df0c999365011ec71028e1a7d4c45bfdd0fde1068e3bda46a37dd24126f9ec4b09df0c999365011ec71028e1a7d4c45bfdbdfde1068e3bda46a37dd24126f9ec4b09df0c999365011ec71028e1a7d4c45bf-2/?lang=ru"	"200"	"https://cindemirlaw.com/fde1068e3bda46a37dd24126f9ec4b09df0c999365011ec71028e1a7d4c45bfdd1fde1068e3bda46a37dd24126f9ec4b09df0c999365011ec71028e1a7d4c45bfd83fde1068e3bda46a37dd24126f9ec4b09df0c999365011ec71028e1a7d4c45bf-2/"	"301"	"Link to: Услуги по депонированию / Соглашение Эскроу"	""	""	"true"	"false"	"false"
"Href link"	"false"	"https://cindemirlaw.com/eu-ai-act-compliance-for-non-eu-companies-legal-requirements-under-the-destination-principle/?lang=ru"	"200"	"https://cindemirlaw.com/press/"	"301"	"О нас в прессе"	""	""	"true"	"false"	"false"
"Href link"	"false"	"https://cindemirlaw.com/intentional-killing-under-turkish-law/"	"200"	"https://cindemirlaw.com/author/admin/"	"301"	"admin"	""	""	"true"	"false"	"false"
"Href link"	"false"	"https://cindemirlaw.com/eu-ai-act-prohibited-practices-and-compliance-obligations/"	"200"	"https://cindemirlaw.com/press/"	"301"	"Press"	""	""	"true"	"false"	"false"
