"PR"	"URL"	"Title"	"Content type"	"Is rendered page"	"HTTP status code"	"Organic traffic"	"Linked images"	"Linked images codes"
"70"	"https://cindemirlaw.com/"	"Law Firms in Istanbul - Cindemir Law Office"	"text/html; charset=utf-8"	"false"	"200"	"0"	"https://cindemirlaw.com/wp-content/plugins/sitepress-multilingual-cms/res/flags/en.png
https://cindemirlaw.com/wp-content/plugins/sitepress-multilingual-cms/res/flags/ru.png
https://cindemirlaw.com/wp-content/uploads/2020/06/cropped-logoicon-1-1-300x300.jpg
https://cindemirlaw.com/wp-content/uploads/flags/china-flag-xs.png
https://d.barobirlik.org.tr/amblem/tbb_amblem_60.png
https://www.aeuropea.com/wp-content/uploads/2025/09/aea-01v001-ILN-small.png
https://www.istanbulbarosu.org.tr/_next/image?url=%2Fimages%2Fbaro_logo.png&w=128&q=75"	"200
200
200
200
403
301"
"57"	"https://cindemirlaw.com/services/"	"Legal Services in Turkey - Cindemir Law Office"	"text/html; charset=utf-8"	"false"	"200"	"0"	"https://cindemirlaw.com/wp-content/plugins/sitepress-multilingual-cms/res/flags/en.png
https://cindemirlaw.com/wp-content/plugins/sitepress-multilingual-cms/res/flags/ru.png
https://cindemirlaw.com/wp-content/uploads/2020/06/cropped-logoicon-1-1-300x300.jpg
https://cindemirlaw.com/wp-content/uploads/flags/china-flag-xs.png
https://d.barobirlik.org.tr/amblem/tbb_amblem_60.png
https://www.aeuropea.com/wp-content/uploads/2025/09/aea-01v001-ILN-small.png
https://www.istanbulbarosu.org.tr/_next/image?url=%2Fimages%2Fbaro_logo.png&w=128&q=75"	"200
200
200
200
403
301"
"57"	"https://cindemirlaw.com/about-us/"	"Quality and Professional Legal Services - Cindemir Law Office"	"text/html; charset=utf-8"	"false"	"200"	"0"	"https://cindemirlaw.com/wp-content/plugins/sitepress-multilingual-cms/res/flags/en.png
https://cindemirlaw.com/wp-content/plugins/sitepress-multilingual-cms/res/flags/ru.png
https://cindemirlaw.com/wp-content/uploads/2020/06/5295681199059.jpg
https://cindemirlaw.com/wp-content/uploads/2020/06/cropped-logoicon-1-1-300x300.jpg
https://cindemirlaw.com/wp-content/uploads/flags/china-flag-xs.png
https://d.barobirlik.org.tr/amblem/tbb_amblem_60.png
https://www.aeuropea.com/wp-content/uploads/2025/09/aea-01v001-ILN-small.png
https://www.istanbulbarosu.org.tr/_next/image?url=%2Fimages%2Fbaro_logo.png&w=128&q=75"	"200
200
200
200
200
403
301"
"57"	"https://cindemirlaw.com/team/"	"Meet Our Team Of Attorneys In Istanbul - Cindemir Law Office"	"text/html; charset=utf-8"	"false"	"200"	"0"	"https://cindemirlaw.com/wp-content/plugins/sitepress-multilingual-cms/res/flags/en.png
https://cindemirlaw.com/wp-content/plugins/sitepress-multilingual-cms/res/flags/ru.png
https://cindemirlaw.com/wp-content/uploads/2014/11/Gokhan_Cindemir_AttorneyAtLaw2-240x300.jpg
https://cindemirlaw.com/wp-content/uploads/2014/11/portrait-5-copy-240x300.jpg
https://cindemirlaw.com/wp-content/uploads/2020/06/cropped-logoicon-1-1-300x300.jpg
https://cindemirlaw.com/wp-content/uploads/2020/08/IMG_0860-kopya-180x180.jpg
https://cindemirlaw.com/wp-content/uploads/2020/08/IMG_0876-kopya-741x1024-1-180x180.jpg
https://cindemirlaw.com/wp-content/uploads/2020/08/IMG_0877-kopya-741x1024-1-180x180.jpg
https://cindemirlaw.com/wp-content/uploads/2020/10/portrait-3-copy-240x300.jpg
https://cindemirlaw.com/wp-content/uploads/2025/09/levant-180x180.webp
https://cindemirlaw.com/wp-content/uploads/flags/china-flag-xs.png
https://d.barobirlik.org.tr/amblem/tbb_amblem_60.png
https://www.aeuropea.com/wp-content/uploads/2025/09/aea-01v001-ILN-small.png
https://www.istanbulbarosu.org.tr/_next/image?url=%2Fimages%2Fbaro_logo.png&w=128&q=75"	"200
200
200
200
200
200
200
200
200
200
200
403
301"
"57"	"https://cindemirlaw.com/articles/"	"Legal Articles about Turkish Law - Cindemir Law Office"	"text/html; charset=utf-8"	"false"	"200"	"0"	"https://cindemirlaw.com/wp-content/plugins/sitepress-multilingual-cms/res/flags/en.png
https://cindemirlaw.com/wp-content/plugins/sitepress-multilingual-cms/res/flags/ru.png
https://cindemirlaw.com/wp-content/uploads/2020/06/cropped-logoicon-1-1-300x300.jpg
https://cindemirlaw.com/wp-content/uploads/flags/china-flag-xs.png
https://d.barobirlik.org.tr/amblem/tbb_amblem_60.png
https://www.aeuropea.com/wp-content/uploads/2025/09/aea-01v001-ILN-small.png
https://www.istanbulbarosu.org.tr/_next/image?url=%2Fimages%2Fbaro_logo.png&w=128&q=75"	"200
200
200
200
403
301"
"57"	"https://cindemirlaw.com/contacts/"	"Contact Legal Lawyers in Istanbul | Cindemir Law Office"	"text/html; charset=utf-8"	"false"	"200"	"0"	"https://cindemirlaw.com/wp-content/plugins/sitepress-multilingual-cms/res/flags/en.png
https://cindemirlaw.com/wp-content/plugins/sitepress-multilingual-cms/res/flags/ru.png
https://cindemirlaw.com/wp-content/uploads/2020/06/cropped-logoicon-1-1-300x300.jpg
https://cindemirlaw.com/wp-content/uploads/flags/china-flag-xs.png
https://d.barobirlik.org.tr/amblem/tbb_amblem_60.png
https://www.aeuropea.com/wp-content/uploads/2025/09/aea-01v001-ILN-small.png
https://www.istanbulbarosu.org.tr/_next/image?url=%2Fimages%2Fbaro_logo.png&w=128&q=75"	"200
200
200
200
403
301"
"55"	"https://cindemirlaw.com/who-is-hafiz-huseyin-husnu-efendi/"	"Who is Hafız Hüseyin Hüsnü Efendi? - Cindemir Law Office"	"text/html; charset=utf-8"	"false"	"200"	"0"	"https://cindemirlaw.com/wp-content/plugins/sitepress-multilingual-cms/res/flags/en.png
https://cindemirlaw.com/wp-content/plugins/sitepress-multilingual-cms/res/flags/ru.png
https://cindemirlaw.com/wp-content/uploads/2020/06/cropped-logoicon-1-1-300x300.jpg
https://cindemirlaw.com/wp-content/uploads/flags/china-flag-xs.png
https://d.barobirlik.org.tr/amblem/tbb_amblem_60.png
https://www.aeuropea.com/wp-content/uploads/2025/09/aea-01v001-ILN-small.png
https://www.istanbulbarosu.org.tr/_next/image?url=%2Fimages%2Fbaro_logo.png&w=128&q=75"	"200
200
200
200
403
301"
"55"	"https://cindemirlaw.com/family-heritage/"	"Family Heritage - Cindemir Law Office"	"text/html; charset=utf-8"	"false"	"200"	"0"	"https://cindemirlaw.com/wp-content/plugins/sitepress-multilingual-cms/res/flags/en.png
https://cindemirlaw.com/wp-content/plugins/sitepress-multilingual-cms/res/flags/ru.png
https://cindemirlaw.com/wp-content/uploads/2020/06/cropped-logoicon-1-1-300x300.jpg
https://cindemirlaw.com/wp-content/uploads/flags/china-flag-xs.png
https://d.barobirlik.org.tr/amblem/tbb_amblem_60.png
https://www.aeuropea.com/wp-content/uploads/2025/09/aea-01v001-ILN-small.png
https://www.istanbulbarosu.org.tr/_next/image?url=%2Fimages%2Fbaro_logo.png&w=128&q=75"	"200
200
200
200
403
301"
"53"	"https://cindemirlaw.com/turkish-lawyer-online-consultancy/"	"Turkish Lawyer Online Consultancy | Cindemir Law Office"	"text/html; charset=utf-8"	"false"	"200"	"0"	"https://cindemirlaw.com/wp-content/plugins/sitepress-multilingual-cms/res/flags/en.png
https://cindemirlaw.com/wp-content/plugins/sitepress-multilingual-cms/res/flags/ru.png
https://cindemirlaw.com/wp-content/uploads/2020/06/cropped-logoicon-1-1-300x300.jpg
https://cindemirlaw.com/wp-content/uploads/2020/10/540664430-300x200.jpg
https://cindemirlaw.com/wp-content/uploads/flags/china-flag-xs.png
https://d.barobirlik.org.tr/amblem/tbb_amblem_60.png
https://www.aeuropea.com/wp-content/uploads/2025/09/aea-01v001-ILN-small.png
https://www.istanbulbarosu.org.tr/_next/image?url=%2Fimages%2Fbaro_logo.png&w=128&q=75"	"200
200
200
200
200
403
301"
"53"	"https://cindemirlaw.com/basic-principles-of-turkish-labor-law/"	"Basic Principles of Turkish Labor Law | Cindemir Law Office"	"text/html; charset=utf-8"	"false"	"200"	"0"	"https://cindemirlaw.com/wp-content/plugins/sitepress-multilingual-cms/res/flags/en.png
https://cindemirlaw.com/wp-content/plugins/sitepress-multilingual-cms/res/flags/ru.png
https://cindemirlaw.com/wp-content/uploads/2020/06/cropped-logoicon-1-1-300x300.jpg
https://cindemirlaw.com/wp-content/uploads/2020/06/white-1-copy-150x150-1.jpg
https://cindemirlaw.com/wp-content/uploads/flags/china-flag-xs.png
https://d.barobirlik.org.tr/amblem/tbb_amblem_60.png
https://www.aeuropea.com/wp-content/uploads/2025/09/aea-01v001-ILN-small.png
https://www.istanbulbarosu.org.tr/_next/image?url=%2Fimages%2Fbaro_logo.png&w=128&q=75"	"200
200
200
200
200
403
301"
"53"	"https://cindemirlaw.com/understanding-the-role-and-responsibilities-of-a-commercial-agent/"	"Commercial Agent Responsibilities in Turkey | Cindemir Law Office"	"text/html; charset=utf-8"	"false"	"200"	"0"	"https://cindemirlaw.com/wp-content/plugins/sitepress-multilingual-cms/res/flags/en.png
https://cindemirlaw.com/wp-content/plugins/sitepress-multilingual-cms/res/flags/ru.png
https://cindemirlaw.com/wp-content/uploads/2020/06/cropped-logoicon-1-1-300x300.jpg
https://cindemirlaw.com/wp-content/uploads/flags/china-flag-xs.png
https://d.barobirlik.org.tr/amblem/tbb_amblem_60.png
https://www.aeuropea.com/wp-content/uploads/2025/09/aea-01v001-ILN-small.png
https://www.istanbulbarosu.org.tr/_next/image?url=%2Fimages%2Fbaro_logo.png&w=128&q=75"	"200
200
200
200
403
301"
"52"	"https://cindemirlaw.com/humanitarian-residence-permit-application-in-turkey/"	"Humanitarian Residence Permit Application In Turkey | Turkish Law"	"text/html; charset=utf-8"	"false"	"200"	"0"	"https://cindemirlaw.com/wp-content/plugins/sitepress-multilingual-cms/res/flags/en.png
https://cindemirlaw.com/wp-content/plugins/sitepress-multilingual-cms/res/flags/ru.png
https://cindemirlaw.com/wp-content/uploads/2020/06/cropped-logoicon-1-1-300x300.jpg
https://cindemirlaw.com/wp-content/uploads/2020/10/540664430-300x200.jpg
https://cindemirlaw.com/wp-content/uploads/flags/china-flag-xs.png
https://d.barobirlik.org.tr/amblem/tbb_amblem_60.png
https://www.aeuropea.com/wp-content/uploads/2025/09/aea-01v001-ILN-small.png
https://www.istanbulbarosu.org.tr/_next/image?url=%2Fimages%2Fbaro_logo.png&w=128&q=75"	"200
200
200
200
200
403
301"
"52"	"https://cindemirlaw.com/tort-law-in-turkey/"	"Enforcement of Foreign Judgments in Turkey | Cindemir Law Office"	"text/html; charset=utf-8"	"false"	"200"	"0"	"https://cindemirlaw.com/wp-content/plugins/sitepress-multilingual-cms/res/flags/en.png
https://cindemirlaw.com/wp-content/plugins/sitepress-multilingual-cms/res/flags/ru.png
https://cindemirlaw.com/wp-content/uploads/2020/06/cropped-logoicon-1-1-300x300.jpg
https://cindemirlaw.com/wp-content/uploads/flags/china-flag-xs.png
https://d.barobirlik.org.tr/amblem/tbb_amblem_60.png
https://www.aeuropea.com/wp-content/uploads/2025/09/aea-01v001-ILN-small.png
https://www.istanbulbarosu.org.tr/_next/image?url=%2Fimages%2Fbaro_logo.png&w=128&q=75"	"200
200
200
200
403
301"
"52"	"https://cindemirlaw.com/inheritance-rights-for-divorced-spouses/"	"Inheritance Rights for Divorced Spouses in Turkey | Legal Overview"	"text/html; charset=utf-8"	"false"	"200"	"0"	"https://cindemirlaw.com/wp-content/plugins/sitepress-multilingual-cms/res/flags/en.png
https://cindemirlaw.com/wp-content/plugins/sitepress-multilingual-cms/res/flags/ru.png
https://cindemirlaw.com/wp-content/uploads/2020/06/cropped-logoicon-1-1-300x300.jpg
https://cindemirlaw.com/wp-content/uploads/flags/china-flag-xs.png
https://d.barobirlik.org.tr/amblem/tbb_amblem_60.png
https://www.aeuropea.com/wp-content/uploads/2025/09/aea-01v001-ILN-small.png
https://www.istanbulbarosu.org.tr/_next/image?url=%2Fimages%2Fbaro_logo.png&w=128&q=75"	"200
200
200
200
403
301"
"52"	"https://cindemirlaw.com/principle-of-family-unity-deportation-procedures-and-protection-of-family-unity-for-deportees/"	"Family Unity and Deportation in Turkey | Cindemir Law Office"	"text/html; charset=utf-8"	"false"	"200"	"0"	"https://cindemirlaw.com/wp-content/plugins/sitepress-multilingual-cms/res/flags/en.png
https://cindemirlaw.com/wp-content/plugins/sitepress-multilingual-cms/res/flags/ru.png
https://cindemirlaw.com/wp-content/uploads/2020/06/cropped-logoicon-1-1-300x300.jpg
https://cindemirlaw.com/wp-content/uploads/2020/10/540664430-300x200.jpg
https://cindemirlaw.com/wp-content/uploads/flags/china-flag-xs.png
https://d.barobirlik.org.tr/amblem/tbb_amblem_60.png
https://www.aeuropea.com/wp-content/uploads/2025/09/aea-01v001-ILN-small.png
https://www.istanbulbarosu.org.tr/_next/image?url=%2Fimages%2Fbaro_logo.png&w=128&q=75"	"200
200
200
200
200
403
301"
"52"	"https://cindemirlaw.com/interim-injunctions-in-turkish-law/"	"Interim Injunctions In Turkish Law | Cindemir Law Office"	"text/html; charset=utf-8"	"false"	"200"	"0"	"https://cindemirlaw.com/wp-content/plugins/sitepress-multilingual-cms/res/flags/en.png
https://cindemirlaw.com/wp-content/plugins/sitepress-multilingual-cms/res/flags/ru.png
https://cindemirlaw.com/wp-content/uploads/2020/06/cropped-logoicon-1-1-300x300.jpg
https://cindemirlaw.com/wp-content/uploads/2020/06/white-1-copy-150x150-1.jpg
https://cindemirlaw.com/wp-content/uploads/flags/china-flag-xs.png
https://d.barobirlik.org.tr/amblem/tbb_amblem_60.png
https://www.aeuropea.com/wp-content/uploads/2025/09/aea-01v001-ILN-small.png
https://www.istanbulbarosu.org.tr/_next/image?url=%2Fimages%2Fbaro_logo.png&w=128&q=75"	"200
200
200
200
200
403
301"
"52"	"https://cindemirlaw.com/escrow-account-turkey/"	"Escrow Account Turkey | Cindemir Law Office"	"text/html; charset=utf-8"	"false"	"200"	"0"	"https://cindemirlaw.com/wp-content/plugins/sitepress-multilingual-cms/res/flags/en.png
https://cindemirlaw.com/wp-content/plugins/sitepress-multilingual-cms/res/flags/ru.png
https://cindemirlaw.com/wp-content/uploads/2020/06/cropped-logoicon-1-1-300x300.jpg
https://cindemirlaw.com/wp-content/uploads/2020/10/540664430-300x200.jpg
https://cindemirlaw.com/wp-content/uploads/flags/china-flag-xs.png
https://d.barobirlik.org.tr/amblem/tbb_amblem_60.png
https://www.aeuropea.com/wp-content/uploads/2025/09/aea-01v001-ILN-small.png
https://www.istanbulbarosu.org.tr/_next/image?url=%2Fimages%2Fbaro_logo.png&w=128&q=75"	"200
200
200
200
200
403
301"
"51"	"https://cindemirlaw.com/compulsory-earthquake-insurance-in-turkey-compensation-claim/"	"Compulsory Earthquake Insurance in Turkey - Compensation Claim"	"text/html; charset=utf-8"	"false"	"200"	"0"	"https://cindemirlaw.com/wp-content/plugins/sitepress-multilingual-cms/res/flags/en.png
https://cindemirlaw.com/wp-content/plugins/sitepress-multilingual-cms/res/flags/ru.png
https://cindemirlaw.com/wp-content/uploads/2014/11/540664430-300x200.jpg
https://cindemirlaw.com/wp-content/uploads/2020/06/cropped-logoicon-1-1-300x300.jpg
https://cindemirlaw.com/wp-content/uploads/flags/china-flag-xs.png
https://d.barobirlik.org.tr/amblem/tbb_amblem_60.png
https://www.aeuropea.com/wp-content/uploads/2025/09/aea-01v001-ILN-small.png
https://www.istanbulbarosu.org.tr/_next/image?url=%2Fimages%2Fbaro_logo.png&w=128&q=75"	"200
200
200
200
200
403
301"
"51"	"https://cindemirlaw.com/turkish-succession-law/"	"Succession in Turkey | Cindemir Law Office"	"text/html; charset=utf-8"	"false"	"200"	"0"	"https://cindemirlaw.com/wp-content/plugins/sitepress-multilingual-cms/res/flags/en.png
https://cindemirlaw.com/wp-content/plugins/sitepress-multilingual-cms/res/flags/ru.png
https://cindemirlaw.com/wp-content/uploads/2020/06/cropped-logoicon-1-1-300x300.jpg
https://cindemirlaw.com/wp-content/uploads/flags/china-flag-xs.png
https://d.barobirlik.org.tr/amblem/tbb_amblem_60.png
https://www.aeuropea.com/wp-content/uploads/2025/09/aea-01v001-ILN-small.png
https://www.istanbulbarosu.org.tr/_next/image?url=%2Fimages%2Fbaro_logo.png&w=128&q=75"	"200
200
200
200
403
301"
"51"	"https://cindemirlaw.com/software-account-services/"	"Software Account Services in Turkey | Legal Overview"	"text/html; charset=utf-8"	"false"	"200"	"0"	"https://cindemirlaw.com/wp-content/plugins/sitepress-multilingual-cms/res/flags/en.png
https://cindemirlaw.com/wp-content/plugins/sitepress-multilingual-cms/res/flags/ru.png
https://cindemirlaw.com/wp-content/uploads/2020/06/cropped-logoicon-1-1-300x300.jpg
https://cindemirlaw.com/wp-content/uploads/2020/10/540664430-300x200.jpg
https://cindemirlaw.com/wp-content/uploads/flags/china-flag-xs.png
https://d.barobirlik.org.tr/amblem/tbb_amblem_60.png
https://www.aeuropea.com/wp-content/uploads/2025/09/aea-01v001-ILN-small.png
https://www.istanbulbarosu.org.tr/_next/image?url=%2Fimages%2Fbaro_logo.png&w=128&q=75"	"200
200
200
200
200
403
301"
"51"	"https://cindemirlaw.com/car-accident-in-turkey-and-legal-compensation-issues/"	"Car Accident in Turkey and Compensation Issues"	"text/html; charset=utf-8"	"false"	"200"	"0"	"https://cindemirlaw.com/wp-content/plugins/sitepress-multilingual-cms/res/flags/en.png
https://cindemirlaw.com/wp-content/plugins/sitepress-multilingual-cms/res/flags/ru.png
https://cindemirlaw.com/wp-content/uploads/2020/06/cropped-logoicon-1-1-300x300.jpg
https://cindemirlaw.com/wp-content/uploads/2020/06/white-1-copy-150x150-1.jpg
https://cindemirlaw.com/wp-content/uploads/flags/china-flag-xs.png
https://d.barobirlik.org.tr/amblem/tbb_amblem_60.png
https://www.aeuropea.com/wp-content/uploads/2025/09/aea-01v001-ILN-small.png
https://www.istanbulbarosu.org.tr/_next/image?url=%2Fimages%2Fbaro_logo.png&w=128&q=75"	"200
200
200
200
200
403
301"
"51"	"https://cindemirlaw.com/free-trade-zone-company-in-turkey/"	"Free Trade Zone Company in Turkey | Cindemir Law Office"	"text/html; charset=utf-8"	"false"	"200"	"0"	"https://cindemirlaw.com/wp-content/plugins/sitepress-multilingual-cms/res/flags/en.png
https://cindemirlaw.com/wp-content/plugins/sitepress-multilingual-cms/res/flags/ru.png
https://cindemirlaw.com/wp-content/uploads/2020/06/cropped-logoicon-1-1-300x300.jpg
https://cindemirlaw.com/wp-content/uploads/flags/china-flag-xs.png
https://d.barobirlik.org.tr/amblem/tbb_amblem_60.png
https://www.aeuropea.com/wp-content/uploads/2025/09/aea-01v001-ILN-small.png
https://www.istanbulbarosu.org.tr/_next/image?url=%2Fimages%2Fbaro_logo.png&w=128&q=75"	"200
200
200
200
403
301"
"51"	"https://cindemirlaw.com/finding-a-nominee-director-in-turkey/"	"Finding a nominee director in Turkey | Cindemir Law Office"	"text/html; charset=utf-8"	"false"	"200"	"0"	"https://cindemirlaw.com/wp-content/plugins/sitepress-multilingual-cms/res/flags/en.png
https://cindemirlaw.com/wp-content/plugins/sitepress-multilingual-cms/res/flags/ru.png
https://cindemirlaw.com/wp-content/uploads/2020/06/cropped-logoicon-1-1-300x300.jpg
https://cindemirlaw.com/wp-content/uploads/2020/10/540664430-300x200.jpg
https://cindemirlaw.com/wp-content/uploads/flags/china-flag-xs.png
https://d.barobirlik.org.tr/amblem/tbb_amblem_60.png
https://www.aeuropea.com/wp-content/uploads/2025/09/aea-01v001-ILN-small.png
https://www.istanbulbarosu.org.tr/_next/image?url=%2Fimages%2Fbaro_logo.png&w=128&q=75"	"200
200
200
200
200
403
301"
"51"	"https://cindemirlaw.com/international-marriage-certificate-form-b-turkey-marriage-records/"	"International Marriage Certificate in Turkey | Cindemir Law Office"	"text/html; charset=utf-8"	"false"	"200"	"0"	"https://cindemirlaw.com/wp-content/plugins/sitepress-multilingual-cms/res/flags/en.png
https://cindemirlaw.com/wp-content/plugins/sitepress-multilingual-cms/res/flags/ru.png
https://cindemirlaw.com/wp-content/uploads/2020/06/cropped-logoicon-1-1-300x300.jpg
https://cindemirlaw.com/wp-content/uploads/flags/china-flag-xs.png
https://d.barobirlik.org.tr/amblem/tbb_amblem_60.png
https://www.aeuropea.com/wp-content/uploads/2025/09/aea-01v001-ILN-small.png
https://www.istanbulbarosu.org.tr/_next/image?url=%2Fimages%2Fbaro_logo.png&w=128&q=75"	"200
200
200
200
403
301"
"51"	"https://cindemirlaw.com/liquidation-in-turkey/"	"Liquidation in Turkey | Cindemir Law Office"	"text/html; charset=utf-8"	"false"	"200"	"0"	"https://cindemirlaw.com/wp-content/plugins/sitepress-multilingual-cms/res/flags/en.png
https://cindemirlaw.com/wp-content/plugins/sitepress-multilingual-cms/res/flags/ru.png
https://cindemirlaw.com/wp-content/uploads/2020/06/cropped-logoicon-1-1-300x300.jpg
https://cindemirlaw.com/wp-content/uploads/flags/china-flag-xs.png
https://d.barobirlik.org.tr/amblem/tbb_amblem_60.png
https://www.aeuropea.com/wp-content/uploads/2025/09/aea-01v001-ILN-small.png
https://www.istanbulbarosu.org.tr/_next/image?url=%2Fimages%2Fbaro_logo.png&w=128&q=75"	"200
200
200
200
403
301"
"51"	"https://cindemirlaw.com/intentional-killing-under-turkish-law/"	"Intentional Killing under Turkish Law | Cindemir Law Office"	"text/html; charset=utf-8"	"false"	"200"	"0"	"https://cindemirlaw.com/wp-content/plugins/sitepress-multilingual-cms/res/flags/en.png
https://cindemirlaw.com/wp-content/plugins/sitepress-multilingual-cms/res/flags/ru.png
https://cindemirlaw.com/wp-content/uploads/2020/06/cropped-logoicon-1-1-300x300.jpg
https://cindemirlaw.com/wp-content/uploads/flags/china-flag-xs.png
https://d.barobirlik.org.tr/amblem/tbb_amblem_60.png
https://www.aeuropea.com/wp-content/uploads/2025/09/aea-01v001-ILN-small.png
https://www.istanbulbarosu.org.tr/_next/image?url=%2Fimages%2Fbaro_logo.png&w=128&q=75"	"200
200
200
200
403
301"
"51"	"https://cindemirlaw.com/unfair-competition-in-turkey-understanding-the-issues-and-finding-solutions/"	"Unfair Competition in Turkey | Cindemir Law Office"	"text/html; charset=utf-8"	"false"	"200"	"0"	"https://cindemirlaw.com/wp-content/plugins/sitepress-multilingual-cms/res/flags/en.png
https://cindemirlaw.com/wp-content/plugins/sitepress-multilingual-cms/res/flags/ru.png
https://cindemirlaw.com/wp-content/uploads/2020/06/cropped-logoicon-1-1-300x300.jpg
https://cindemirlaw.com/wp-content/uploads/flags/china-flag-xs.png
https://d.barobirlik.org.tr/amblem/tbb_amblem_60.png
https://www.aeuropea.com/wp-content/uploads/2025/09/aea-01v001-ILN-small.png
https://www.istanbulbarosu.org.tr/_next/image?url=%2Fimages%2Fbaro_logo.png&w=128&q=75"	"200
200
200
200
403
301"
"51"	"https://cindemirlaw.com/compensation-of-damages-for-foreign-victims-due-to-terror-under-turkish-law/"	"Compensation of Damages for Victims due to Terror under Turkish Law"	"text/html; charset=utf-8"	"false"	"200"	"0"	"https://cindemirlaw.com/wp-content/plugins/sitepress-multilingual-cms/res/flags/en.png
https://cindemirlaw.com/wp-content/plugins/sitepress-multilingual-cms/res/flags/ru.png
https://cindemirlaw.com/wp-content/uploads/2020/06/cropped-logoicon-1-1-300x300.jpg
https://cindemirlaw.com/wp-content/uploads/2020/06/white-1-copy-150x150-1.jpg
https://cindemirlaw.com/wp-content/uploads/flags/china-flag-xs.png
https://d.barobirlik.org.tr/amblem/tbb_amblem_60.png
https://www.aeuropea.com/wp-content/uploads/2025/09/aea-01v001-ILN-small.png
https://www.istanbulbarosu.org.tr/_next/image?url=%2Fimages%2Fbaro_logo.png&w=128&q=75"	"200
200
200
200
200
403
301"
"50"	"https://cindemirlaw.com/our-videos/"	"Our Videos - Cindemir Law Office"	"text/html; charset=utf-8"	"false"	"200"	"0"	"https://cindemirlaw.com/wp-content/plugins/sitepress-multilingual-cms/res/flags/en.png
https://cindemirlaw.com/wp-content/plugins/sitepress-multilingual-cms/res/flags/ru.png
https://cindemirlaw.com/wp-content/uploads/2020/06/cropped-logoicon-1-1-300x300.jpg
https://cindemirlaw.com/wp-content/uploads/flags/china-flag-xs.png
https://d.barobirlik.org.tr/amblem/tbb_amblem_60.png
https://www.aeuropea.com/wp-content/uploads/2025/09/aea-01v001-ILN-small.png
https://www.istanbulbarosu.org.tr/_next/image?url=%2Fimages%2Fbaro_logo.png&w=128&q=75"	"200
200
200
200
403
301"
"50"	"https://cindemirlaw.com/bank-account-opening-in-turkey-for-russian-companies/"	"Bank Account Opening in Turkey for Russian Companies | Turkish Law"	"text/html; charset=utf-8"	"false"	"200"	"0"	"https://cindemirlaw.com/wp-content/plugins/sitepress-multilingual-cms/res/flags/en.png
https://cindemirlaw.com/wp-content/plugins/sitepress-multilingual-cms/res/flags/ru.png
https://cindemirlaw.com/wp-content/uploads/2020/06/cropped-logoicon-1-1-300x300.jpg
https://cindemirlaw.com/wp-content/uploads/2020/10/540664430-300x200.jpg
https://cindemirlaw.com/wp-content/uploads/flags/china-flag-xs.png
https://d.barobirlik.org.tr/amblem/tbb_amblem_60.png
https://www.aeuropea.com/wp-content/uploads/2025/09/aea-01v001-ILN-small.png
https://www.istanbulbarosu.org.tr/_next/image?url=%2Fimages%2Fbaro_logo.png&w=128&q=75"	"200
200
200
200
200
403
301"
"50"	"https://cindemirlaw.com/sexual-assault-in-turkey/"	"Sexual assault in Turkey | Cindemir Law Office"	"text/html; charset=utf-8"	"false"	"200"	"0"	"https://cindemirlaw.com/wp-content/plugins/sitepress-multilingual-cms/res/flags/en.png
https://cindemirlaw.com/wp-content/plugins/sitepress-multilingual-cms/res/flags/ru.png
https://cindemirlaw.com/wp-content/uploads/2020/06/cropped-logoicon-1-1-300x300.jpg
https://cindemirlaw.com/wp-content/uploads/flags/china-flag-xs.png
https://d.barobirlik.org.tr/amblem/tbb_amblem_60.png
https://www.aeuropea.com/wp-content/uploads/2025/09/aea-01v001-ILN-small.png
https://www.istanbulbarosu.org.tr/_next/image?url=%2Fimages%2Fbaro_logo.png&w=128&q=75"	"200
200
200
200
403
301"
"50"	"https://cindemirlaw.com/transferring-a-tiktok-account-with-escrow/"	"Transferring a TikTok account with Escrow in Turkey | Legal Overview"	"text/html; charset=utf-8"	"false"	"200"	"0"	"https://cindemirlaw.com/wp-content/plugins/sitepress-multilingual-cms/res/flags/en.png
https://cindemirlaw.com/wp-content/plugins/sitepress-multilingual-cms/res/flags/ru.png
https://cindemirlaw.com/wp-content/uploads/2020/06/cropped-logoicon-1-1-300x300.jpg
https://cindemirlaw.com/wp-content/uploads/flags/china-flag-xs.png
https://d.barobirlik.org.tr/amblem/tbb_amblem_60.png
https://www.aeuropea.com/wp-content/uploads/2025/09/aea-01v001-ILN-small.png
https://www.istanbulbarosu.org.tr/_next/image?url=%2Fimages%2Fbaro_logo.png&w=128&q=75"	"200
200
200
200
403
301"
"50"	"https://cindemirlaw.com/enforcement-and-recognition-of-foreign-arbitral-awards-in-turkey/"	"Enforcement and Recognition of Foreign Arbitral Awards in Turkey"	"text/html; charset=utf-8"	"false"	"200"	"0"	"https://cindemirlaw.com/wp-content/plugins/sitepress-multilingual-cms/res/flags/en.png
https://cindemirlaw.com/wp-content/plugins/sitepress-multilingual-cms/res/flags/ru.png
https://cindemirlaw.com/wp-content/uploads/2020/06/cropped-logoicon-1-1-300x300.jpg
https://cindemirlaw.com/wp-content/uploads/2020/06/white-1-copy-150x150-1.jpg
https://cindemirlaw.com/wp-content/uploads/flags/china-flag-xs.png
https://d.barobirlik.org.tr/amblem/tbb_amblem_60.png
https://www.aeuropea.com/wp-content/uploads/2025/09/aea-01v001-ILN-small.png
https://www.istanbulbarosu.org.tr/_next/image?url=%2Fimages%2Fbaro_logo.png&w=128&q=75"	"200
200
200
200
200
403
301"
"50"	"https://cindemirlaw.com/consensual-divorce-in-turkey-uncontested-divorce/"	"Consensual Divorce in Turkey"	"text/html; charset=utf-8"	"false"	"200"	"0"	"https://cindemirlaw.com/wp-content/plugins/sitepress-multilingual-cms/res/flags/en.png
https://cindemirlaw.com/wp-content/plugins/sitepress-multilingual-cms/res/flags/ru.png
https://cindemirlaw.com/wp-content/uploads/2020/06/cropped-logoicon-1-1-300x300.jpg
https://cindemirlaw.com/wp-content/uploads/2020/06/white-1-copy-150x150-1.jpg
https://cindemirlaw.com/wp-content/uploads/flags/china-flag-xs.png
https://d.barobirlik.org.tr/amblem/tbb_amblem_60.png
https://www.aeuropea.com/wp-content/uploads/2025/09/aea-01v001-ILN-small.png
https://www.istanbulbarosu.org.tr/_next/image?url=%2Fimages%2Fbaro_logo.png&w=128&q=75"	"200
200
200
200
200
403
301"
"50"	"https://cindemirlaw.com/prosecutor/"	"Irish Tourist Acquittal Request in Turkey | Cindemir Law Office"	"text/html; charset=utf-8"	"false"	"200"	"0"	"https://cindemirlaw.com/wp-content/plugins/sitepress-multilingual-cms/res/flags/en.png
https://cindemirlaw.com/wp-content/plugins/sitepress-multilingual-cms/res/flags/ru.png
https://cindemirlaw.com/wp-content/uploads/2020/06/cropped-logoicon-1-1-300x300.jpg
https://cindemirlaw.com/wp-content/uploads/flags/china-flag-xs.png
https://d.barobirlik.org.tr/amblem/tbb_amblem_60.png
https://www.aeuropea.com/wp-content/uploads/2025/09/aea-01v001-ILN-small.png
https://www.istanbulbarosu.org.tr/_next/image?url=%2Fimages%2Fbaro_logo.png&w=128&q=75"	"200
200
200
200
403
301"
"50"	"https://cindemirlaw.com/international-private/"	"International Private Law of Turkey, Provisions related to Enforcement of Foreign Arbitral Awards"	"text/html; charset=utf-8"	"false"	"200"	"0"	"https://cindemirlaw.com/wp-content/plugins/sitepress-multilingual-cms/res/flags/en.png
https://cindemirlaw.com/wp-content/plugins/sitepress-multilingual-cms/res/flags/ru.png
https://cindemirlaw.com/wp-content/uploads/2020/06/cropped-logoicon-1-1-300x300.jpg
https://cindemirlaw.com/wp-content/uploads/2020/06/white-1-copy-150x150-1.jpg
https://cindemirlaw.com/wp-content/uploads/flags/china-flag-xs.png
https://d.barobirlik.org.tr/amblem/tbb_amblem_60.png
https://www.aeuropea.com/wp-content/uploads/2025/09/aea-01v001-ILN-small.png
https://www.istanbulbarosu.org.tr/_next/image?url=%2Fimages%2Fbaro_logo.png&w=128&q=75"	"200
200
200
200
200
403
301"
"50"	"https://cindemirlaw.com/statute-of-limitations-related-to-personal-injury-cases-in-turkey/"	"Statute of Limitations Related to Personal Injury Cases in Turkey"	"text/html; charset=utf-8"	"false"	"200"	"0"	"https://cindemirlaw.com/wp-content/plugins/sitepress-multilingual-cms/res/flags/en.png
https://cindemirlaw.com/wp-content/plugins/sitepress-multilingual-cms/res/flags/ru.png
https://cindemirlaw.com/wp-content/uploads/2020/06/cropped-logoicon-1-1-300x300.jpg
https://cindemirlaw.com/wp-content/uploads/flags/china-flag-xs.png
https://d.barobirlik.org.tr/amblem/tbb_amblem_60.png
https://www.aeuropea.com/wp-content/uploads/2025/09/aea-01v001-ILN-small.png
https://www.istanbulbarosu.org.tr/_next/image?url=%2Fimages%2Fbaro_logo.png&w=128&q=75"	"200
200
200
200
403
301"
"50"	"https://cindemirlaw.com/?lang=ru"	"домашняя страница"	"text/html; charset=utf-8"	"false"	"200"	"0"	"https://cindemirlaw.com/wp-content/plugins/sitepress-multilingual-cms/res/flags/en.png
https://cindemirlaw.com/wp-content/plugins/sitepress-multilingual-cms/res/flags/ru.png
https://cindemirlaw.com/wp-content/themes/enfold/images/layout/logo.png
https://cindemirlaw.com/wp-content/uploads/2020/06/1250986877.jpg
https://cindemirlaw.com/wp-content/uploads/2020/06/455473935-1446x630.jpg
https://cindemirlaw.com/wp-content/uploads/2020/06/5244720168412.jpg
https://cindemirlaw.com/wp-content/uploads/2020/06/5295681199059.jpg
https://cindemirlaw.com/wp-content/uploads/2020/06/533113363.jpg
https://cindemirlaw.com/wp-content/uploads/2020/06/540664430.jpg
https://cindemirlaw.com/wp-content/uploads/flags/china-flag-xs.png
https://d.barobirlik.org.tr/amblem/tbb_amblem_60.png
https://www.aeuropea.com/wp-content/uploads/2025/09/aea-01v001-ILN-small.png
https://www.istanbulbarosu.org.tr/_next/image?url=%2Fimages%2Fbaro_logo.png&w=128&q=75"	"200
200
200
200
200
200
200
200
200
200
403
301"
"50"	"https://cindemirlaw.com/debt-recovery-in-turkey/"	"Debt Collection Turkey and Stages of Debt Collection Procedures"	"text/html; charset=utf-8"	"false"	"200"	"0"	"https://cindemirlaw.com/wp-content/plugins/sitepress-multilingual-cms/res/flags/en.png
https://cindemirlaw.com/wp-content/plugins/sitepress-multilingual-cms/res/flags/ru.png
https://cindemirlaw.com/wp-content/uploads/2020/06/cropped-logoicon-1-1-300x300.jpg
https://cindemirlaw.com/wp-content/uploads/flags/china-flag-xs.png
https://d.barobirlik.org.tr/amblem/tbb_amblem_60.png
https://www.aeuropea.com/wp-content/uploads/2025/09/aea-01v001-ILN-small.png
https://www.istanbulbarosu.org.tr/_next/image?url=%2Fimages%2Fbaro_logo.png&w=128&q=75"	"200
200
200
200
403
301"
"50"	"https://cindemirlaw.com/offences-of-bodily-harm-under-turkish-law/"	"Offences of Bodily Harm under Turkish Law | Cindemir Law Office"	"text/html; charset=utf-8"	"false"	"200"	"0"	"https://cindemirlaw.com/wp-content/plugins/sitepress-multilingual-cms/res/flags/en.png
https://cindemirlaw.com/wp-content/plugins/sitepress-multilingual-cms/res/flags/ru.png
https://cindemirlaw.com/wp-content/uploads/2020/06/cropped-logoicon-1-1-300x300.jpg
https://cindemirlaw.com/wp-content/uploads/flags/china-flag-xs.png
https://d.barobirlik.org.tr/amblem/tbb_amblem_60.png
https://www.aeuropea.com/wp-content/uploads/2025/09/aea-01v001-ILN-small.png
https://www.istanbulbarosu.org.tr/_next/image?url=%2Fimages%2Fbaro_logo.png&w=128&q=75"	"200
200
200
200
403
301"
"50"	"https://cindemirlaw.com/introduction-to-jurisdiction-of-divorce-in-turkey/"	"Jurisdiction in Turkish Divorce"	"text/html; charset=utf-8"	"false"	"200"	"0"	"https://cindemirlaw.com/wp-content/plugins/sitepress-multilingual-cms/res/flags/en.png
https://cindemirlaw.com/wp-content/plugins/sitepress-multilingual-cms/res/flags/ru.png
https://cindemirlaw.com/wp-content/uploads/2020/06/cropped-logoicon-1-1-300x300.jpg
https://cindemirlaw.com/wp-content/uploads/2020/06/white-1-copy-150x150-1.jpg
https://cindemirlaw.com/wp-content/uploads/flags/china-flag-xs.png
https://d.barobirlik.org.tr/amblem/tbb_amblem_60.png
https://www.aeuropea.com/wp-content/uploads/2025/09/aea-01v001-ILN-small.png
https://www.istanbulbarosu.org.tr/_next/image?url=%2Fimages%2Fbaro_logo.png&w=128&q=75"	"200
200
200
200
200
403
301"
"50"	"https://cindemirlaw.com/proving-the-damage-of-a-victim-by-forensic-hospitals-under-malpractice-law-in-turkey/"	"Proving the Damage of a Victim by Forensic Hospitals"	"text/html; charset=utf-8"	"false"	"200"	"0"	"https://cindemirlaw.com/wp-content/plugins/sitepress-multilingual-cms/res/flags/en.png
https://cindemirlaw.com/wp-content/plugins/sitepress-multilingual-cms/res/flags/ru.png
https://cindemirlaw.com/wp-content/uploads/2020/06/cropped-logoicon-1-1-300x300.jpg
https://cindemirlaw.com/wp-content/uploads/2020/06/white-1-copy-150x150-1.jpg
https://cindemirlaw.com/wp-content/uploads/flags/china-flag-xs.png
https://d.barobirlik.org.tr/amblem/tbb_amblem_60.png
https://www.aeuropea.com/wp-content/uploads/2025/09/aea-01v001-ILN-small.png
https://www.istanbulbarosu.org.tr/_next/image?url=%2Fimages%2Fbaro_logo.png&w=128&q=75"	"200
200
200
200
200
403
301"
"50"	"https://cindemirlaw.com/overcoming-the-5-year-entry-ban-in-turkey-a-path-to-redemption/"	"Overcoming the 5-Year Entry Ban in Turkey: A Path to Redemption"	"text/html; charset=utf-8"	"false"	"200"	"0"	"https://cindemirlaw.com/wp-content/plugins/sitepress-multilingual-cms/res/flags/en.png
https://cindemirlaw.com/wp-content/plugins/sitepress-multilingual-cms/res/flags/ru.png
https://cindemirlaw.com/wp-content/uploads/2020/06/cropped-logoicon-1-1-300x300.jpg
https://cindemirlaw.com/wp-content/uploads/2020/10/540664430-300x200.jpg
https://cindemirlaw.com/wp-content/uploads/flags/china-flag-xs.png
https://d.barobirlik.org.tr/amblem/tbb_amblem_60.png
https://www.aeuropea.com/wp-content/uploads/2025/09/aea-01v001-ILN-small.png
https://www.istanbulbarosu.org.tr/_next/image?url=%2Fimages%2Fbaro_logo.png&w=128&q=75"	"200
200
200
200
200
403
301"
"50"	"https://cindemirlaw.com/enforcement-of-icsid-awards-in-turkey-the-light-of-last-developments/"	"ENFORCEMENT OF ICSID AWARDS IN TURKEY"	"text/html; charset=utf-8"	"false"	"200"	"0"	"https://cindemirlaw.com/wp-content/plugins/sitepress-multilingual-cms/res/flags/en.png
https://cindemirlaw.com/wp-content/plugins/sitepress-multilingual-cms/res/flags/ru.png
https://cindemirlaw.com/wp-content/uploads/2020/06/cropped-logoicon-1-1-300x300.jpg
https://cindemirlaw.com/wp-content/uploads/2020/06/white-1-copy-150x150-1.jpg
https://cindemirlaw.com/wp-content/uploads/flags/china-flag-xs.png
https://d.barobirlik.org.tr/amblem/tbb_amblem_60.png
https://www.aeuropea.com/wp-content/uploads/2025/09/aea-01v001-ILN-small.png
https://www.istanbulbarosu.org.tr/_next/image?url=%2Fimages%2Fbaro_logo.png&w=128&q=75"	"200
200
200
200
200
403
301"
"50"	"https://cindemirlaw.com/can-russian-establish-a-company-in-turkey/"	"Can Russian Establish a Company in Turkey? | Cindemir Law Office"	"text/html; charset=utf-8"	"false"	"200"	"0"	"https://cindemirlaw.com/wp-content/plugins/sitepress-multilingual-cms/res/flags/en.png
https://cindemirlaw.com/wp-content/plugins/sitepress-multilingual-cms/res/flags/ru.png
https://cindemirlaw.com/wp-content/uploads/2020/06/cropped-logoicon-1-1-300x300.jpg
https://cindemirlaw.com/wp-content/uploads/2020/10/540664430-300x200.jpg
https://cindemirlaw.com/wp-content/uploads/flags/china-flag-xs.png
https://d.barobirlik.org.tr/amblem/tbb_amblem_60.png
https://www.aeuropea.com/wp-content/uploads/2025/09/aea-01v001-ILN-small.png
https://www.istanbulbarosu.org.tr/_next/image?url=%2Fimages%2Fbaro_logo.png&w=128&q=75"	"200
200
200
200
200
403
301"
"50"	"https://cindemirlaw.com/provisions-of-custody-under-turkish-civil-code/"	"Provisions of Custody under Turkish Civil Code"	"text/html; charset=utf-8"	"false"	"200"	"0"	"https://cindemirlaw.com/wp-content/plugins/sitepress-multilingual-cms/res/flags/en.png
https://cindemirlaw.com/wp-content/plugins/sitepress-multilingual-cms/res/flags/ru.png
https://cindemirlaw.com/wp-content/uploads/2020/06/cropped-logoicon-1-1-300x300.jpg
https://cindemirlaw.com/wp-content/uploads/flags/china-flag-xs.png
https://d.barobirlik.org.tr/amblem/tbb_amblem_60.png
https://www.aeuropea.com/wp-content/uploads/2025/09/aea-01v001-ILN-small.png
https://www.istanbulbarosu.org.tr/_next/image?url=%2Fimages%2Fbaro_logo.png&w=128&q=75"	"200
200
200
200
403
301"
"50"	"https://cindemirlaw.com/internet-blackmail-and-turkish-criminal-law/"	"Internet Blackmail and Turkish Criminal Law | Cindemir Law Office"	"text/html; charset=utf-8"	"false"	"200"	"0"	"https://cindemirlaw.com/wp-content/plugins/sitepress-multilingual-cms/res/flags/en.png
https://cindemirlaw.com/wp-content/plugins/sitepress-multilingual-cms/res/flags/ru.png
https://cindemirlaw.com/wp-content/uploads/2020/06/cropped-logoicon-1-1-300x300.jpg
https://cindemirlaw.com/wp-content/uploads/flags/china-flag-xs.png
https://d.barobirlik.org.tr/amblem/tbb_amblem_60.png
https://www.aeuropea.com/wp-content/uploads/2025/09/aea-01v001-ILN-small.png
https://www.istanbulbarosu.org.tr/_next/image?url=%2Fimages%2Fbaro_logo.png&w=128&q=75"	"200
200
200
200
403
301"
"50"	"https://cindemirlaw.com/insurance-arbitration-and-compensation-claims-regarding-car-accidents-in-turkey/"	"Insurance Arbitration and Car Accidents in Turkey"	"text/html; charset=utf-8"	"false"	"200"	"0"	"https://cindemirlaw.com/wp-content/plugins/sitepress-multilingual-cms/res/flags/en.png
https://cindemirlaw.com/wp-content/plugins/sitepress-multilingual-cms/res/flags/ru.png
https://cindemirlaw.com/wp-content/uploads/2020/06/cropped-logoicon-1-1-300x300.jpg
https://cindemirlaw.com/wp-content/uploads/2020/06/white-1-copy-150x150-1.jpg
https://cindemirlaw.com/wp-content/uploads/flags/china-flag-xs.png
https://d.barobirlik.org.tr/amblem/tbb_amblem_60.png
https://www.aeuropea.com/wp-content/uploads/2025/09/aea-01v001-ILN-small.png
https://www.istanbulbarosu.org.tr/_next/image?url=%2Fimages%2Fbaro_logo.png&w=128&q=75"	"200
200
200
200
200
403
301"
"50"	"https://cindemirlaw.com/wrongful-death-claim-in-turkey-under-turkish-law/"	"Wrongful Death Claim in Turkey"	"text/html; charset=utf-8"	"false"	"200"	"0"	"https://cindemirlaw.com/wp-content/plugins/sitepress-multilingual-cms/res/flags/en.png
https://cindemirlaw.com/wp-content/plugins/sitepress-multilingual-cms/res/flags/ru.png
https://cindemirlaw.com/wp-content/uploads/2020/06/cropped-logoicon-1-1-300x300.jpg
https://cindemirlaw.com/wp-content/uploads/2020/06/white-1-copy-150x150-1.jpg
https://cindemirlaw.com/wp-content/uploads/flags/china-flag-xs.png
https://d.barobirlik.org.tr/amblem/tbb_amblem_60.png
https://www.aeuropea.com/wp-content/uploads/2025/09/aea-01v001-ILN-small.png
https://www.istanbulbarosu.org.tr/_next/image?url=%2Fimages%2Fbaro_logo.png&w=128&q=75"	"200
200
200
200
200
403
301"
"30"	"https://cindemirlaw.com/?lang=zh-hans"	"Lawyer in Istanbul and Istanbul Lawyers - Cindemir Law Office"	"text/html; charset=utf-8"	"false"	"200"	"0"	"https://cindemirlaw.com/wp-content/plugins/sitepress-multilingual-cms/res/flags/en.png
https://cindemirlaw.com/wp-content/plugins/sitepress-multilingual-cms/res/flags/ru.png
https://cindemirlaw.com/wp-content/themes/enfold/images/layout/logo.png
https://cindemirlaw.com/wp-content/uploads/2020/06/1250986877.jpg
https://cindemirlaw.com/wp-content/uploads/2020/06/455473935-1446x630.jpg
https://cindemirlaw.com/wp-content/uploads/2020/06/5244720168412.jpg
https://cindemirlaw.com/wp-content/uploads/2020/06/5295681199059.jpg
https://cindemirlaw.com/wp-content/uploads/2020/06/533113363.jpg
https://cindemirlaw.com/wp-content/uploads/2020/06/540664430.jpg
https://cindemirlaw.com/wp-content/uploads/2020/09/Gokhan_Cindemir_AttorneyAtLaw2.jpg
https://cindemirlaw.com/wp-content/uploads/2020/09/Hakan_Cindemir_AttorneyatLaw1.jpg
https://cindemirlaw.com/wp-content/uploads/flags/china-flag-xs.png
https://d.barobirlik.org.tr/amblem/tbb_amblem_60.png
https://www.aeuropea.com/wp-content/uploads/2025/09/aea-01v001-ILN-small.png
https://www.istanbulbarosu.org.tr/_next/image?url=%2Fimages%2Fbaro_logo.png&w=128&q=75"	"200
200
200
200
200
200
200
200
200
200
200
200
403
301"
"22"	"https://cindemirlaw.com/foreigners-and-international-protection-in-turkey/"	"Foreigners and International Protection in Turkey | Turkish Law"	"text/html; charset=utf-8"	"false"	"200"	"0"	"https://cindemirlaw.com/wp-content/plugins/sitepress-multilingual-cms/res/flags/en.png
https://cindemirlaw.com/wp-content/plugins/sitepress-multilingual-cms/res/flags/ru.png
https://cindemirlaw.com/wp-content/uploads/2020/06/cropped-logoicon-1-1-300x300.jpg
https://cindemirlaw.com/wp-content/uploads/flags/china-flag-xs.png
https://d.barobirlik.org.tr/amblem/tbb_amblem_60.png
https://www.aeuropea.com/wp-content/uploads/2025/09/aea-01v001-ILN-small.png
https://www.istanbulbarosu.org.tr/_next/image?url=%2Fimages%2Fbaro_logo.png&w=128&q=75"	"200
200
200
200
403
301"
"21"	"https://cindemirlaw.com/eu-ai-act-prohibited-practices-and-compliance-obligations/"	"EU AI Act: Prohibited Practices and Compliance Obligations in Turkey"	"text/html; charset=utf-8"	"false"	"200"	"0"	"https://cindemirlaw.com/wp-content/plugins/sitepress-multilingual-cms/res/flags/en.png
https://cindemirlaw.com/wp-content/plugins/sitepress-multilingual-cms/res/flags/ru.png
https://cindemirlaw.com/wp-content/uploads/2020/06/cropped-logoicon-1-1-300x300.jpg
https://cindemirlaw.com/wp-content/uploads/flags/china-flag-xs.png
https://d.barobirlik.org.tr/amblem/tbb_amblem_60.png
https://www.aeuropea.com/wp-content/uploads/2025/09/aea-01v001-ILN-small.png
https://www.istanbulbarosu.org.tr/_next/image?url=%2Fimages%2Fbaro_logo.png&w=128&q=75"	"200
200
200
200
403
301"
"21"	"https://cindemirlaw.com/opening-a-company-in-turkey-for-foreigners/"	"Opening a Company in Turkey for Foreigners | Cindemir Law Office"	"text/html; charset=utf-8"	"false"	"200"	"0"	"https://cindemirlaw.com/wp-content/plugins/sitepress-multilingual-cms/res/flags/en.png
https://cindemirlaw.com/wp-content/plugins/sitepress-multilingual-cms/res/flags/ru.png
https://cindemirlaw.com/wp-content/uploads/2020/06/cropped-logoicon-1-1-300x300.jpg
https://cindemirlaw.com/wp-content/uploads/2020/10/3S9A9207-copy-300x200.jpg
https://cindemirlaw.com/wp-content/uploads/flags/china-flag-xs.png
https://d.barobirlik.org.tr/amblem/tbb_amblem_60.png
https://www.aeuropea.com/wp-content/uploads/2025/09/aea-01v001-ILN-small.png
https://www.istanbulbarosu.org.tr/_next/image?url=%2Fimages%2Fbaro_logo.png&w=128&q=75"	"200
200
200
200
200
403
301"
"21"	"https://cindemirlaw.com/p91/"	"Recognition of Russian Court Decisions in Turkey | Cindemir Law Office"	"text/html; charset=utf-8"	"false"	"200"	"0"	"https://cindemirlaw.com/wp-content/plugins/sitepress-multilingual-cms/res/flags/en.png
https://cindemirlaw.com/wp-content/plugins/sitepress-multilingual-cms/res/flags/ru.png
https://cindemirlaw.com/wp-content/uploads/2020/06/cropped-logoicon-1-1-300x300.jpg
https://cindemirlaw.com/wp-content/uploads/2020/06/white-1-copy-150x150-1.jpg
https://cindemirlaw.com/wp-content/uploads/flags/china-flag-xs.png
https://d.barobirlik.org.tr/amblem/tbb_amblem_60.png
https://www.aeuropea.com/wp-content/uploads/2025/09/aea-01v001-ILN-small.png
https://www.istanbulbarosu.org.tr/_next/image?url=%2Fimages%2Fbaro_logo.png&w=128&q=75"	"200
200
200
200
200
403
301"
"21"	"https://cindemirlaw.com/malpractice-cases-in-turkey/"	"Medical Malpractice and Medical Negligence Claims in Turkey"	"text/html; charset=utf-8"	"false"	"200"	"0"	"https://cindemirlaw.com/wp-content/plugins/sitepress-multilingual-cms/res/flags/en.png
https://cindemirlaw.com/wp-content/plugins/sitepress-multilingual-cms/res/flags/ru.png
https://cindemirlaw.com/wp-content/uploads/2020/06/cropped-logoicon-1-1-300x300.jpg
https://cindemirlaw.com/wp-content/uploads/2020/06/white-1-copy-150x150-1.jpg
https://cindemirlaw.com/wp-content/uploads/flags/china-flag-xs.png
https://d.barobirlik.org.tr/amblem/tbb_amblem_60.png
https://www.aeuropea.com/wp-content/uploads/2025/09/aea-01v001-ILN-small.png
https://www.istanbulbarosu.org.tr/_next/image?url=%2Fimages%2Fbaro_logo.png&w=128&q=75"	"200
200
200
200
200
403
301"
"21"	"https://cindemirlaw.com/enforcement-of-a-foreign-iran-judgment-in-turkey/"	"Enforcement of a Foreign (Iran) Judgment in Turkey | Turkish Law"	"text/html; charset=utf-8"	"false"	"200"	"0"	"https://cindemirlaw.com/wp-content/plugins/sitepress-multilingual-cms/res/flags/en.png
https://cindemirlaw.com/wp-content/plugins/sitepress-multilingual-cms/res/flags/ru.png
https://cindemirlaw.com/wp-content/uploads/2020/06/cropped-logoicon-1-1-300x300.jpg
https://cindemirlaw.com/wp-content/uploads/2020/06/white-1-copy-150x150-1.jpg
https://cindemirlaw.com/wp-content/uploads/flags/china-flag-xs.png
https://d.barobirlik.org.tr/amblem/tbb_amblem_60.png
https://www.aeuropea.com/wp-content/uploads/2025/09/aea-01v001-ILN-small.png
https://www.istanbulbarosu.org.tr/_next/image?url=%2Fimages%2Fbaro_logo.png&w=128&q=75"	"200
200
200
200
200
403
301"
"21"	"https://cindemirlaw.com/crypto-assets-status-a-perspective-following-turkeys-stance-on-crypto-use/"	"Crypto Assets Status in Turkey | Legal Overview"	"text/html; charset=utf-8"	"false"	"200"	"0"	"https://cindemirlaw.com/wp-content/plugins/sitepress-multilingual-cms/res/flags/en.png
https://cindemirlaw.com/wp-content/plugins/sitepress-multilingual-cms/res/flags/ru.png
https://cindemirlaw.com/wp-content/uploads/2020/06/cropped-logoicon-1-1-300x300.jpg
https://cindemirlaw.com/wp-content/uploads/2020/10/540664430-300x200.jpg
https://cindemirlaw.com/wp-content/uploads/flags/china-flag-xs.png
https://d.barobirlik.org.tr/amblem/tbb_amblem_60.png
https://www.aeuropea.com/wp-content/uploads/2025/09/aea-01v001-ILN-small.png
https://www.istanbulbarosu.org.tr/_next/image?url=%2Fimages%2Fbaro_logo.png&w=128&q=75"	"200
200
200
200
200
403
301"
"21"	"https://cindemirlaw.com/appointment-of-a-turkish-lawyer-with-power-of-attorney/"	"Power of Attorney for a Turkish Lawyer | Cindemir Law Office"	"text/html; charset=utf-8"	"false"	"200"	"0"	"https://cindemirlaw.com/wp-content/plugins/sitepress-multilingual-cms/res/flags/en.png
https://cindemirlaw.com/wp-content/plugins/sitepress-multilingual-cms/res/flags/ru.png
https://cindemirlaw.com/wp-content/uploads/2020/06/cropped-logoicon-1-1-300x300.jpg
https://cindemirlaw.com/wp-content/uploads/2020/06/white-1-copy-150x150-1.jpg
https://cindemirlaw.com/wp-content/uploads/flags/china-flag-xs.png
https://d.barobirlik.org.tr/amblem/tbb_amblem_60.png
https://www.aeuropea.com/wp-content/uploads/2025/09/aea-01v001-ILN-small.png
https://www.istanbulbarosu.org.tr/_next/image?url=%2Fimages%2Fbaro_logo.png&w=128&q=75"	"200
200
200
200
200
403
301"
"21"	"https://cindemirlaw.com/legal-services-for-digital-asset-businesses/"	"Legal Services for Digital Asset Businesses in Turkey | Turkish Law"	"text/html; charset=utf-8"	"false"	"200"	"0"	"https://cindemirlaw.com/wp-content/plugins/sitepress-multilingual-cms/res/flags/en.png
https://cindemirlaw.com/wp-content/plugins/sitepress-multilingual-cms/res/flags/ru.png
https://cindemirlaw.com/wp-content/uploads/2020/06/cropped-logoicon-1-1-300x300.jpg
https://cindemirlaw.com/wp-content/uploads/flags/china-flag-xs.png
https://d.barobirlik.org.tr/amblem/tbb_amblem_60.png
https://www.aeuropea.com/wp-content/uploads/2025/09/aea-01v001-ILN-small.png
https://www.istanbulbarosu.org.tr/_next/image?url=%2Fimages%2Fbaro_logo.png&w=128&q=75"	"200
200
200
200
403
301"
"21"	"https://cindemirlaw.com/inheritance-contracts-under-turkish-civil-code/"	"Inheritance Contracts under Turkish Civil Code | Cindemir Law Office"	"text/html; charset=utf-8"	"false"	"200"	"0"	"https://cindemirlaw.com/wp-content/plugins/sitepress-multilingual-cms/res/flags/en.png
https://cindemirlaw.com/wp-content/plugins/sitepress-multilingual-cms/res/flags/ru.png
https://cindemirlaw.com/wp-content/uploads/2020/06/cropped-logoicon-1-1-300x300.jpg
https://cindemirlaw.com/wp-content/uploads/2020/10/540664430-300x200.jpg
https://cindemirlaw.com/wp-content/uploads/flags/china-flag-xs.png
https://d.barobirlik.org.tr/amblem/tbb_amblem_60.png
https://www.aeuropea.com/wp-content/uploads/2025/09/aea-01v001-ILN-small.png
https://www.istanbulbarosu.org.tr/_next/image?url=%2Fimages%2Fbaro_logo.png&w=128&q=75"	"200
200
200
200
200
403
301"
"21"	"https://cindemirlaw.com/website-legal-services/"	"Website Legal Services​ in Turkey | Cindemir Law Office"	"text/html; charset=utf-8"	"false"	"200"	"0"	"https://cindemirlaw.com/wp-content/plugins/sitepress-multilingual-cms/res/flags/en.png
https://cindemirlaw.com/wp-content/plugins/sitepress-multilingual-cms/res/flags/ru.png
https://cindemirlaw.com/wp-content/uploads/2020/06/cropped-logoicon-1-1-300x300.jpg
https://cindemirlaw.com/wp-content/uploads/flags/china-flag-xs.png
https://d.barobirlik.org.tr/amblem/tbb_amblem_60.png
https://www.aeuropea.com/wp-content/uploads/2025/09/aea-01v001-ILN-small.png
https://www.istanbulbarosu.org.tr/_next/image?url=%2Fimages%2Fbaro_logo.png&w=128&q=75"	"200
200
200
200
403
301"
"21"	"https://cindemirlaw.com/international-apostille-services-in-turkey/"	"International Apostille Services in Turkey | Cindemir Law Office"	"text/html; charset=utf-8"	"false"	"200"	"0"	"https://cindemirlaw.com/wp-content/plugins/sitepress-multilingual-cms/res/flags/en.png
https://cindemirlaw.com/wp-content/plugins/sitepress-multilingual-cms/res/flags/ru.png
https://cindemirlaw.com/wp-content/uploads/2020/06/cropped-logoicon-1-1-300x300.jpg
https://cindemirlaw.com/wp-content/uploads/2020/10/3S9A9207-copy-300x200.jpg
https://cindemirlaw.com/wp-content/uploads/flags/china-flag-xs.png
https://d.barobirlik.org.tr/amblem/tbb_amblem_60.png
https://www.aeuropea.com/wp-content/uploads/2025/09/aea-01v001-ILN-small.png
https://www.istanbulbarosu.org.tr/_next/image?url=%2Fimages%2Fbaro_logo.png&w=128&q=75"	"200
200
200
200
200
403
301"
"20"	"https://cindemirlaw.com/legal-rights-of-foreign-nationals-in-police-custody-in-istanbul/"	"Police Custody Rights in Istanbul in Turkey | Legal Overview"	"text/html; charset=utf-8"	"false"	"200"	"0"	"https://cindemirlaw.com/wp-content/plugins/sitepress-multilingual-cms/res/flags/en.png
https://cindemirlaw.com/wp-content/plugins/sitepress-multilingual-cms/res/flags/ru.png
https://cindemirlaw.com/wp-content/uploads/2020/06/cropped-logoicon-1-1-300x300.jpg
https://cindemirlaw.com/wp-content/uploads/flags/china-flag-xs.png
https://d.barobirlik.org.tr/amblem/tbb_amblem_60.png
https://www.aeuropea.com/wp-content/uploads/2025/09/aea-01v001-ILN-small.png
https://www.istanbulbarosu.org.tr/_next/image?url=%2Fimages%2Fbaro_logo.png&w=128&q=75"	"200
200
200
200
403
301"
"20"	"https://cindemirlaw.com/turkey-crypto-crimes-legal-landscape-enforcement-and-investor-protection/"	"Turkey Crypto Crimes | Cindemir Law Office"	"text/html; charset=utf-8"	"false"	"200"	"0"	"https://cindemirlaw.com/wp-content/plugins/sitepress-multilingual-cms/res/flags/en.png
https://cindemirlaw.com/wp-content/plugins/sitepress-multilingual-cms/res/flags/ru.png
https://cindemirlaw.com/wp-content/uploads/2020/06/cropped-logoicon-1-1-300x300.jpg
https://cindemirlaw.com/wp-content/uploads/flags/china-flag-xs.png
https://d.barobirlik.org.tr/amblem/tbb_amblem_60.png
https://www.aeuropea.com/wp-content/uploads/2025/09/aea-01v001-ILN-small.png
https://www.istanbulbarosu.org.tr/_next/image?url=%2Fimages%2Fbaro_logo.png&w=128&q=75"	"200
200
200
200
403
301"
"20"	"https://cindemirlaw.com/international-death-certificate-form-c-and-procedures-for-obtaining-in-turkey/"	"International Death Certificate in Turkey | Cindemir Law Office"	"text/html; charset=utf-8"	"false"	"200"	"0"	"https://cindemirlaw.com/wp-content/plugins/sitepress-multilingual-cms/res/flags/en.png
https://cindemirlaw.com/wp-content/plugins/sitepress-multilingual-cms/res/flags/ru.png
https://cindemirlaw.com/wp-content/uploads/2020/06/cropped-logoicon-1-1-300x300.jpg
https://cindemirlaw.com/wp-content/uploads/flags/china-flag-xs.png
https://d.barobirlik.org.tr/amblem/tbb_amblem_60.png
https://www.aeuropea.com/wp-content/uploads/2025/09/aea-01v001-ILN-small.png
https://www.istanbulbarosu.org.tr/_next/image?url=%2Fimages%2Fbaro_logo.png&w=128&q=75"	"200
200
200
200
403
301"
"20"	"https://cindemirlaw.com/estates-trusts/"	"Estates, Trusts in Turkey | Cindemir Law Office"	"text/html; charset=utf-8"	"false"	"200"	"0"	"https://cindemirlaw.com/wp-content/plugins/sitepress-multilingual-cms/res/flags/en.png
https://cindemirlaw.com/wp-content/plugins/sitepress-multilingual-cms/res/flags/ru.png
https://cindemirlaw.com/wp-content/uploads/2020/06/cropped-logoicon-1-1-300x300.jpg
https://cindemirlaw.com/wp-content/uploads/flags/china-flag-xs.png
https://d.barobirlik.org.tr/amblem/tbb_amblem_60.png
https://www.aeuropea.com/wp-content/uploads/2025/09/aea-01v001-ILN-small.png
https://www.istanbulbarosu.org.tr/_next/image?url=%2Fimages%2Fbaro_logo.png&w=128&q=75"	"200
200
200
200
403
301"
"20"	"https://cindemirlaw.com/fde1068e3bda46a37dd24126f9ec4b09df0c999365011ec71028e1a7d4c45bfdd1fde1068e3bda46a37dd24126f9ec4b09df0c999365011ec71028e1a7d4c45bfd81fde1068e3bda46a37dd24126f9ec4b09df0c999365011ec71028e1a7d4c45bf-3/?lang=ru"	"Судебное разбирательство и Альтернативное решение споров"	"text/html; charset=utf-8"	"false"	"200"	"0"	"https://cindemirlaw.com/wp-content/plugins/sitepress-multilingual-cms/res/flags/en.png
https://cindemirlaw.com/wp-content/plugins/sitepress-multilingual-cms/res/flags/ru.png
https://cindemirlaw.com/wp-content/themes/enfold/images/layout/logo.png
https://cindemirlaw.com/wp-content/uploads/flags/china-flag-xs.png
https://d.barobirlik.org.tr/amblem/tbb_amblem_60.png
https://www.aeuropea.com/wp-content/uploads/2025/09/aea-01v001-ILN-small.png
https://www.istanbulbarosu.org.tr/_next/image?url=%2Fimages%2Fbaro_logo.png&w=128&q=75"	"200
200
200
200
403
301"
"20"	"https://cindemirlaw.com/methods-of-debt-collection-in-the-light-of-turkish-law/"	"Methods of Debt Collection In The Light of Turkish Law"	"text/html; charset=utf-8"	"false"	"200"	"0"	"https://cindemirlaw.com/wp-content/plugins/sitepress-multilingual-cms/res/flags/en.png
https://cindemirlaw.com/wp-content/plugins/sitepress-multilingual-cms/res/flags/ru.png
https://cindemirlaw.com/wp-content/uploads/2020/06/cropped-logoicon-1-1-300x300.jpg
https://cindemirlaw.com/wp-content/uploads/2020/06/white-1-copy-150x150-1.jpg
https://cindemirlaw.com/wp-content/uploads/flags/china-flag-xs.png
https://d.barobirlik.org.tr/amblem/tbb_amblem_60.png
https://www.aeuropea.com/wp-content/uploads/2025/09/aea-01v001-ILN-small.png
https://www.istanbulbarosu.org.tr/_next/image?url=%2Fimages%2Fbaro_logo.png&w=128&q=75"	"200
200
200
200
200
403
301"
"20"	"https://cindemirlaw.com/form-a-document-legal-proof-of-birth-in-turkey-and-application-procedures/"	"Form A Birth Certificate in Turkey | Cindemir Law Office"	"text/html; charset=utf-8"	"false"	"200"	"0"	"https://cindemirlaw.com/wp-content/plugins/sitepress-multilingual-cms/res/flags/en.png
https://cindemirlaw.com/wp-content/plugins/sitepress-multilingual-cms/res/flags/ru.png
https://cindemirlaw.com/wp-content/uploads/2020/06/cropped-logoicon-1-1-300x300.jpg
https://cindemirlaw.com/wp-content/uploads/2020/10/540664430-300x200.jpg
https://cindemirlaw.com/wp-content/uploads/flags/china-flag-xs.png
https://d.barobirlik.org.tr/amblem/tbb_amblem_60.png
https://www.aeuropea.com/wp-content/uploads/2025/09/aea-01v001-ILN-small.png
https://www.istanbulbarosu.org.tr/_next/image?url=%2Fimages%2Fbaro_logo.png&w=128&q=75"	"200
200
200
200
200
403
301"
"20"	"https://cindemirlaw.com/title-deeds-in-turkey-a-legal-and-historical-overview/"	"Title Deeds in Turkey: A Legal and Historical Overview | Turkish Law"	"text/html; charset=utf-8"	"false"	"200"	"0"	"https://cindemirlaw.com/wp-content/plugins/sitepress-multilingual-cms/res/flags/en.png
https://cindemirlaw.com/wp-content/plugins/sitepress-multilingual-cms/res/flags/ru.png
https://cindemirlaw.com/wp-content/uploads/2020/06/cropped-logoicon-1-1-300x300.jpg
https://cindemirlaw.com/wp-content/uploads/flags/china-flag-xs.png
https://d.barobirlik.org.tr/amblem/tbb_amblem_60.png
https://www.aeuropea.com/wp-content/uploads/2025/09/aea-01v001-ILN-small.png
https://www.istanbulbarosu.org.tr/_next/image?url=%2Fimages%2Fbaro_logo.png&w=128&q=75"	"200
200
200
200
403
301"
"20"	"https://cindemirlaw.com/obtaining-an-e-devlet-password-in-turkey-through-a-power-of-attorney/?lang=ru"	"пароль e-Devlet по доверенности, получить пароль e-Devlet Турция, процедура e-Devlet PTT, электронное правительство Турции, доверенность Турция"	"text/html; charset=utf-8"	"false"	"200"	"0"	"https://cindemirlaw.com/wp-content/plugins/sitepress-multilingual-cms/res/flags/en.png
https://cindemirlaw.com/wp-content/plugins/sitepress-multilingual-cms/res/flags/ru.png
https://cindemirlaw.com/wp-content/themes/enfold/images/layout/logo.png
https://cindemirlaw.com/wp-content/uploads/flags/china-flag-xs.png
https://d.barobirlik.org.tr/amblem/tbb_amblem_60.png
https://www.aeuropea.com/wp-content/uploads/2025/09/aea-01v001-ILN-small.png
https://www.istanbulbarosu.org.tr/_next/image?url=%2Fimages%2Fbaro_logo.png&w=128&q=75"	"200
200
200
200
403
301"
"20"	"https://cindemirlaw.com/cindemir-hukuk/?lang=zh-hans"	"Cindemir律师事务所 Al Mazaya İstanbul Ritim Residences - Cindemir Law Office"	"text/html; charset=utf-8"	"false"	"200"	"0"	"https://cindemirlaw.com/wp-content/plugins/sitepress-multilingual-cms/res/flags/en.png
https://cindemirlaw.com/wp-content/plugins/sitepress-multilingual-cms/res/flags/ru.png
https://cindemirlaw.com/wp-content/themes/enfold/images/layout/logo.png
https://cindemirlaw.com/wp-content/uploads/flags/china-flag-xs.png
https://d.barobirlik.org.tr/amblem/tbb_amblem_60.png
https://www.aeuropea.com/wp-content/uploads/2025/09/aea-01v001-ILN-small.png
https://www.istanbulbarosu.org.tr/_next/image?url=%2Fimages%2Fbaro_logo.png&w=128&q=75"	"200
200
200
200
403
301"
"20"	"https://cindemirlaw.com/due-dilligence/"	"Due Diligence in Turkey | Cindemir Law Office"	"text/html; charset=utf-8"	"false"	"200"	"0"	"https://cindemirlaw.com/wp-content/plugins/sitepress-multilingual-cms/res/flags/en.png
https://cindemirlaw.com/wp-content/plugins/sitepress-multilingual-cms/res/flags/ru.png
https://cindemirlaw.com/wp-content/uploads/2020/06/cropped-logoicon-1-1-300x300.jpg
https://cindemirlaw.com/wp-content/uploads/flags/china-flag-xs.png
https://d.barobirlik.org.tr/amblem/tbb_amblem_60.png
https://www.aeuropea.com/wp-content/uploads/2025/09/aea-01v001-ILN-small.png
https://www.istanbulbarosu.org.tr/_next/image?url=%2Fimages%2Fbaro_logo.png&w=128&q=75"	"200
200
200
200
403
301"
"20"	"https://cindemirlaw.com/narcotic-crimes-drugs-and-cordials-in-turkish-penal-code/"	"istanbul Crime Lawyer | istanbul Defense Lawyer | istanbul Penal Lawyer"	"text/html; charset=utf-8"	"false"	"200"	"0"	"https://cindemirlaw.com/wp-content/plugins/sitepress-multilingual-cms/res/flags/en.png
https://cindemirlaw.com/wp-content/plugins/sitepress-multilingual-cms/res/flags/ru.png
https://cindemirlaw.com/wp-content/uploads/2020/06/cropped-logoicon-1-1-300x300.jpg
https://cindemirlaw.com/wp-content/uploads/2020/06/white-1-copy-150x150-1.jpg
https://cindemirlaw.com/wp-content/uploads/flags/china-flag-xs.png
https://d.barobirlik.org.tr/amblem/tbb_amblem_60.png
https://www.aeuropea.com/wp-content/uploads/2025/09/aea-01v001-ILN-small.png
https://www.istanbulbarosu.org.tr/_next/image?url=%2Fimages%2Fbaro_logo.png&w=128&q=75"	"200
200
200
200
200
403
301"
"20"	"https://cindemirlaw.com/%D1%80%D1%83%D1%81%D1%81%D0%BA%D0%BE%D1%8F%D0%B7%D1%8B%D1%87%D0%BD%D1%8B%D0%B9-%D1%8E%D1%80%D0%B8%D1%81%D1%82-%D0%B2-%D1%82%D1%83%D1%80%D1%86%D0%B8%D0%B8-%D1%8E%D1%80%D0%B8%D0%B4%D0%B8%D1%87/?lang=ru"	"Русскоязычный юрист в Турции — Юридические услуги для российских компаний - Cindemir Law Office"	"text/html; charset=utf-8"	"false"	"200"	"0"	"https://cindemirlaw.com/wp-content/plugins/sitepress-multilingual-cms/res/flags/en.png
https://cindemirlaw.com/wp-content/plugins/sitepress-multilingual-cms/res/flags/ru.png
https://cindemirlaw.com/wp-content/themes/enfold/images/layout/logo.png
https://cindemirlaw.com/wp-content/uploads/flags/china-flag-xs.png
https://d.barobirlik.org.tr/amblem/tbb_amblem_60.png
https://www.aeuropea.com/wp-content/uploads/2025/09/aea-01v001-ILN-small.png
https://www.istanbulbarosu.org.tr/_next/image?url=%2Fimages%2Fbaro_logo.png&w=128&q=75"	"200
200
200
200
403
301"
"20"	"https://cindemirlaw.com/online-appointment-booking/"	"Appointment Booking Service - Cindemir Law Office"	"text/html; charset=utf-8"	"false"	"200"	"0"	"https://cindemirlaw.com/wp-content/plugins/sitepress-multilingual-cms/res/flags/en.png
https://cindemirlaw.com/wp-content/plugins/sitepress-multilingual-cms/res/flags/ru.png
https://cindemirlaw.com/wp-content/uploads/2020/06/cropped-logoicon-1-1-300x300.jpg
https://cindemirlaw.com/wp-content/uploads/flags/china-flag-xs.png
https://d.barobirlik.org.tr/amblem/tbb_amblem_60.png
https://www.aeuropea.com/wp-content/uploads/2025/09/aea-01v001-ILN-small.png
https://www.istanbulbarosu.org.tr/_next/image?url=%2Fimages%2Fbaro_logo.png&w=128&q=75"	"200
200
200
200
403
301"
"20"	"https://cindemirlaw.com/ottoman-archival-documents-and-their-role-in-legal-and-historical-investigations/"	"Ottoman Archival Documents in Legal Research in Turkey | Turkish Law"	"text/html; charset=utf-8"	"false"	"200"	"0"	"https://cindemirlaw.com/wp-content/plugins/sitepress-multilingual-cms/res/flags/en.png
https://cindemirlaw.com/wp-content/plugins/sitepress-multilingual-cms/res/flags/ru.png
https://cindemirlaw.com/wp-content/uploads/2020/06/cropped-logoicon-1-1-300x300.jpg
https://cindemirlaw.com/wp-content/uploads/flags/china-flag-xs.png
https://d.barobirlik.org.tr/amblem/tbb_amblem_60.png
https://www.aeuropea.com/wp-content/uploads/2025/09/aea-01v001-ILN-small.png
https://www.istanbulbarosu.org.tr/_next/image?url=%2Fimages%2Fbaro_logo.png&w=128&q=75"	"200
200
200
200
403
301"
"20"	"https://cindemirlaw.com/the-scope-of-turkish-labor-law/"	"Turkish Employment Law"	"text/html; charset=utf-8"	"false"	"200"	"0"	"https://cindemirlaw.com/wp-content/plugins/sitepress-multilingual-cms/res/flags/en.png
https://cindemirlaw.com/wp-content/plugins/sitepress-multilingual-cms/res/flags/ru.png
https://cindemirlaw.com/wp-content/uploads/2020/06/cropped-logoicon-1-1-300x300.jpg
https://cindemirlaw.com/wp-content/uploads/2020/06/white-1-copy-150x150-1.jpg
https://cindemirlaw.com/wp-content/uploads/flags/china-flag-xs.png
https://d.barobirlik.org.tr/amblem/tbb_amblem_60.png
https://www.aeuropea.com/wp-content/uploads/2025/09/aea-01v001-ILN-small.png
https://www.istanbulbarosu.org.tr/_next/image?url=%2Fimages%2Fbaro_logo.png&w=128&q=75"	"200
200
200
200
200
403
301"
"20"	"https://cindemirlaw.com/liaison-offices-in-turkey/"	"Liaison Offices in Turkey | Cindemir Law Office"	"text/html; charset=utf-8"	"false"	"200"	"0"	"https://cindemirlaw.com/wp-content/plugins/sitepress-multilingual-cms/res/flags/en.png
https://cindemirlaw.com/wp-content/plugins/sitepress-multilingual-cms/res/flags/ru.png
https://cindemirlaw.com/wp-content/uploads/2020/06/cropped-logoicon-1-1-300x300.jpg
https://cindemirlaw.com/wp-content/uploads/flags/china-flag-xs.png
https://d.barobirlik.org.tr/amblem/tbb_amblem_60.png
https://www.aeuropea.com/wp-content/uploads/2025/09/aea-01v001-ILN-small.png
https://www.istanbulbarosu.org.tr/_next/image?url=%2Fimages%2Fbaro_logo.png&w=128&q=75"	"200
200
200
200
403
301"
"20"	"https://cindemirlaw.com/nominee-director-in-turkey/"	"Услуги номинального директора в Турции | Cindemir"	"text/html; charset=utf-8"	"false"	"200"	"0"	"https://cindemirlaw.com/wp-content/plugins/sitepress-multilingual-cms/res/flags/en.png
https://cindemirlaw.com/wp-content/plugins/sitepress-multilingual-cms/res/flags/ru.png
https://cindemirlaw.com/wp-content/uploads/2020/06/cropped-logoicon-1-1-300x300.jpg
https://cindemirlaw.com/wp-content/uploads/2020/10/540664430-300x200.jpg
https://cindemirlaw.com/wp-content/uploads/flags/china-flag-xs.png
https://d.barobirlik.org.tr/amblem/tbb_amblem_60.png
https://www.aeuropea.com/wp-content/uploads/2025/09/aea-01v001-ILN-small.png
https://www.istanbulbarosu.org.tr/_next/image?url=%2Fimages%2Fbaro_logo.png&w=128&q=75"	"200
200
200
200
200
403
301"
"20"	"https://cindemirlaw.com/irish-kuwaiti-tourist-acquitted-in-street-brawl-case-in-turkey-hurriyet-daily-news/"	"Irish-Kuwaiti tourist acquitted in street brawl case in Turkey"	"text/html; charset=utf-8"	"false"	"200"	"0"	"https://cindemirlaw.com/wp-content/plugins/sitepress-multilingual-cms/res/flags/en.png
https://cindemirlaw.com/wp-content/plugins/sitepress-multilingual-cms/res/flags/ru.png
https://cindemirlaw.com/wp-content/uploads/2020/06/cropped-logoicon-1-1-300x300.jpg
https://cindemirlaw.com/wp-content/uploads/flags/china-flag-xs.png
https://d.barobirlik.org.tr/amblem/tbb_amblem_60.png
https://www.aeuropea.com/wp-content/uploads/2025/09/aea-01v001-ILN-small.png
https://www.istanbulbarosu.org.tr/_next/image?url=%2Fimages%2Fbaro_logo.png&w=128&q=75"	"200
200
200
200
403
301"
"20"	"https://cindemirlaw.com/enforcement-of-promissory-notes-bills-of-exchange-and-cheques-in-turkey/?lang=ru"	"Взыскание по векселям и чекам в Турции: простые векселя, переводные векселя и чеки - Cindemir Law Office"	"text/html; charset=utf-8"	"false"	"200"	"0"	"https://cindemirlaw.com/wp-content/plugins/sitepress-multilingual-cms/res/flags/en.png
https://cindemirlaw.com/wp-content/plugins/sitepress-multilingual-cms/res/flags/ru.png
https://cindemirlaw.com/wp-content/themes/enfold/images/layout/logo.png
https://cindemirlaw.com/wp-content/uploads/flags/china-flag-xs.png
https://d.barobirlik.org.tr/amblem/tbb_amblem_60.png
https://www.aeuropea.com/wp-content/uploads/2025/09/aea-01v001-ILN-small.png
https://www.istanbulbarosu.org.tr/_next/image?url=%2Fimages%2Fbaro_logo.png&w=128&q=75"	"200
200
200
200
403
301"
"20"	"https://cindemirlaw.com/airport-detention-in-turkey-legal-risks-for-foreign-travellers-and-how-to-respond/"	"Airport Detention in Turkey | Cindemir Law Office"	"text/html; charset=utf-8"	"false"	"200"	"0"	"https://cindemirlaw.com/wp-content/plugins/sitepress-multilingual-cms/res/flags/en.png
https://cindemirlaw.com/wp-content/plugins/sitepress-multilingual-cms/res/flags/ru.png
https://cindemirlaw.com/wp-content/uploads/2020/06/cropped-logoicon-1-1-300x300.jpg
https://cindemirlaw.com/wp-content/uploads/flags/china-flag-xs.png
https://d.barobirlik.org.tr/amblem/tbb_amblem_60.png
https://www.aeuropea.com/wp-content/uploads/2025/09/aea-01v001-ILN-small.png
https://www.istanbulbarosu.org.tr/_next/image?url=%2Fimages%2Fbaro_logo.png&w=128&q=75"	"200
200
200
200
403
301"
"20"	"https://cindemirlaw.com/termination-of-employment-under-turkish-law/"	"Termination of Employment under Turkish Law | Cindemir Law Office"	"text/html; charset=utf-8"	"false"	"200"	"0"	"https://cindemirlaw.com/wp-content/plugins/sitepress-multilingual-cms/res/flags/en.png
https://cindemirlaw.com/wp-content/plugins/sitepress-multilingual-cms/res/flags/ru.png
https://cindemirlaw.com/wp-content/uploads/2020/06/cropped-logoicon-1-1-300x300.jpg
https://cindemirlaw.com/wp-content/uploads/2020/10/540664430-300x200.jpg
https://cindemirlaw.com/wp-content/uploads/flags/china-flag-xs.png
https://d.barobirlik.org.tr/amblem/tbb_amblem_60.png
https://www.aeuropea.com/wp-content/uploads/2025/09/aea-01v001-ILN-small.png
https://www.istanbulbarosu.org.tr/_next/image?url=%2Fimages%2Fbaro_logo.png&w=128&q=75"	"200
200
200
200
200
403
301"
"20"	"https://cindemirlaw.com/enforcement-of-foreign-judgments-austria-in-turkey/"	"Enforcement of Foreign Judgments (Austria) in Turkey"	"text/html; charset=utf-8"	"false"	"200"	"0"	"https://cindemirlaw.com/wp-content/plugins/sitepress-multilingual-cms/res/flags/en.png
https://cindemirlaw.com/wp-content/plugins/sitepress-multilingual-cms/res/flags/ru.png
https://cindemirlaw.com/wp-content/uploads/2020/06/cropped-logoicon-1-1-300x300.jpg
https://cindemirlaw.com/wp-content/uploads/2020/06/white-1-copy-150x150-1.jpg
https://cindemirlaw.com/wp-content/uploads/flags/china-flag-xs.png
https://d.barobirlik.org.tr/amblem/tbb_amblem_60.png
https://www.aeuropea.com/wp-content/uploads/2025/09/aea-01v001-ILN-small.png
https://www.istanbulbarosu.org.tr/_next/image?url=%2Fimages%2Fbaro_logo.png&w=128&q=75"	"200
200
200
200
200
403
301"
"20"	"https://cindemirlaw.com/cindemir-hukuk-burosu-cindemir-law-office-kusdili-caddesi-osmanaga-mahallesi-artunc-apartmani-no173-34714-kadikoy-istanbul-2/"	"Cindemir Law Office in Istanbul | Cindemir"	"text/html; charset=utf-8"	"false"	"200"	"0"	"https://cindemirlaw.com/wp-content/plugins/sitepress-multilingual-cms/res/flags/en.png
https://cindemirlaw.com/wp-content/plugins/sitepress-multilingual-cms/res/flags/ru.png
https://cindemirlaw.com/wp-content/uploads/2020/06/cropped-logoicon-1-1-300x300.jpg
https://cindemirlaw.com/wp-content/uploads/flags/china-flag-xs.png
https://d.barobirlik.org.tr/amblem/tbb_amblem_60.png
https://www.aeuropea.com/wp-content/uploads/2025/09/aea-01v001-ILN-small.png
https://www.istanbulbarosu.org.tr/_next/image?url=%2Fimages%2Fbaro_logo.png&w=128&q=75"	"200
200
200
200
403
301"
"20"	"https://cindemirlaw.com/re-employment-lawsuit/"	"Re-employment Lawsuit in Turkey | Legal Overview"	"text/html; charset=utf-8"	"false"	"200"	"0"	"https://cindemirlaw.com/wp-content/plugins/sitepress-multilingual-cms/res/flags/en.png
https://cindemirlaw.com/wp-content/plugins/sitepress-multilingual-cms/res/flags/ru.png
https://cindemirlaw.com/wp-content/uploads/2020/06/cropped-logoicon-1-1-300x300.jpg
https://cindemirlaw.com/wp-content/uploads/flags/china-flag-xs.png
https://d.barobirlik.org.tr/amblem/tbb_amblem_60.png
https://www.aeuropea.com/wp-content/uploads/2025/09/aea-01v001-ILN-small.png
https://www.istanbulbarosu.org.tr/_next/image?url=%2Fimages%2Fbaro_logo.png&w=128&q=75"	"200
200
200
200
403
301"
"20"	"https://cindemirlaw.com/turkey-asset-repatriation-2026-legal-framework-for-bringing-foreign-assets-to-turkey/"	"Turkey Asset Repatriation 2026: Legal Framework for Bringing Foreign Assets to Turkey - Cindemir Law Office"	"text/html; charset=utf-8"	"false"	"200"	"0"	"https://cindemirlaw.com/wp-content/plugins/sitepress-multilingual-cms/res/flags/en.png
https://cindemirlaw.com/wp-content/plugins/sitepress-multilingual-cms/res/flags/ru.png
https://cindemirlaw.com/wp-content/uploads/2020/06/cropped-logoicon-1-1-300x300.jpg
https://cindemirlaw.com/wp-content/uploads/flags/china-flag-xs.png
https://d.barobirlik.org.tr/amblem/tbb_amblem_60.png
https://www.aeuropea.com/wp-content/uploads/2025/09/aea-01v001-ILN-small.png
https://www.istanbulbarosu.org.tr/_next/image?url=%2Fimages%2Fbaro_logo.png&w=128&q=75"	"200
200
200
200
403
301"
"20"	"https://cindemirlaw.com/%D0%BF%D1%80%D0%B0%D0%B2%D0%B0-%D0%B8-%D0%BE%D0%B1%D1%8F%D0%B7%D0%B0%D0%BD%D0%BD%D0%BE%D1%81%D1%82%D0%B8/?lang=ru"	"Права и обязанности - Турецкая юридическая фирма"	"text/html; charset=utf-8"	"false"	"200"	"0"	"https://cindemirlaw.com/wp-content/plugins/sitepress-multilingual-cms/res/flags/en.png
https://cindemirlaw.com/wp-content/plugins/sitepress-multilingual-cms/res/flags/ru.png
https://cindemirlaw.com/wp-content/themes/enfold/images/layout/logo.png
https://cindemirlaw.com/wp-content/uploads/2020/10/white-5-copy-300x300.jpg
https://cindemirlaw.com/wp-content/uploads/flags/china-flag-xs.png
https://d.barobirlik.org.tr/amblem/tbb_amblem_60.png
https://www.aeuropea.com/wp-content/uploads/2025/09/aea-01v001-ILN-small.png
https://www.istanbulbarosu.org.tr/_next/image?url=%2Fimages%2Fbaro_logo.png&w=128&q=75"	"200
200
200
200
200
403
301"
"20"	"https://cindemirlaw.com/cisg-%D0%B2-%D1%82%D1%83%D1%80%D1%86%D0%B8%D0%B8-%D0%BC%D0%B5%D0%B6%D0%B4%D1%83%D0%BD%D0%B0%D1%80%D0%BE%D0%B4%D0%BD%D0%B0%D1%8F-%D0%BA%D1%83%D0%BF%D0%BB%D1%8F-%D0%BF%D1%80%D0%BE%D0%B4%D0%B0%D0%B6/"	"CISG в Турции | Международная купля-продажа товаров"	"text/html; charset=utf-8"	"false"	"200"	"0"	"https://cindemirlaw.com/wp-content/plugins/sitepress-multilingual-cms/res/flags/en.png
https://cindemirlaw.com/wp-content/plugins/sitepress-multilingual-cms/res/flags/ru.png
https://cindemirlaw.com/wp-content/uploads/2020/06/cropped-logoicon-1-1-300x300.jpg
https://cindemirlaw.com/wp-content/uploads/flags/china-flag-xs.png
https://d.barobirlik.org.tr/amblem/tbb_amblem_60.png
https://www.aeuropea.com/wp-content/uploads/2025/09/aea-01v001-ILN-small.png
https://www.istanbulbarosu.org.tr/_next/image?url=%2Fimages%2Fbaro_logo.png&w=128&q=75"	"200
200
200
200
403
301"
"20"	"https://cindemirlaw.com/link20/"	"土耳其能源法律和投资 | Cindemir"	"text/html; charset=utf-8"	"false"	"200"	"0"	"https://cindemirlaw.com/wp-content/plugins/sitepress-multilingual-cms/res/flags/en.png
https://cindemirlaw.com/wp-content/plugins/sitepress-multilingual-cms/res/flags/ru.png
https://cindemirlaw.com/wp-content/uploads/2020/06/cropped-logoicon-1-1-300x300.jpg
https://cindemirlaw.com/wp-content/uploads/flags/china-flag-xs.png
https://d.barobirlik.org.tr/amblem/tbb_amblem_60.png
https://www.aeuropea.com/wp-content/uploads/2025/09/aea-01v001-ILN-small.png
https://www.istanbulbarosu.org.tr/_next/image?url=%2Fimages%2Fbaro_logo.png&w=128&q=75"	"200
200
200
200
403
301"
"20"	"https://cindemirlaw.com/fde1068e3bda46a37dd24126f9ec4b09df0c999365011ec71028e1a7d4c45bfdd0fde1068e3bda46a37dd24126f9ec4b09df0c999365011ec71028e1a7d4c45bfdbdfde1068e3bda46a37dd24126f9ec4b09df0c999365011ec71028e1a7d4c45bf/?lang=ru"	"Недвижимость, Трасты - Cindemir Law Office"	"text/html; charset=utf-8"	"false"	"200"	"0"	"https://cindemirlaw.com/wp-content/plugins/sitepress-multilingual-cms/res/flags/en.png
https://cindemirlaw.com/wp-content/plugins/sitepress-multilingual-cms/res/flags/ru.png
https://cindemirlaw.com/wp-content/themes/enfold/images/layout/logo.png
https://cindemirlaw.com/wp-content/uploads/flags/china-flag-xs.png
https://d.barobirlik.org.tr/amblem/tbb_amblem_60.png
https://www.aeuropea.com/wp-content/uploads/2025/09/aea-01v001-ILN-small.png
https://www.istanbulbarosu.org.tr/_next/image?url=%2Fimages%2Fbaro_logo.png&w=128&q=75"	"200
200
200
200
403
301"
"20"	"https://cindemirlaw.com/independent-certified-public-accountant-financial-consultant-taner-cevik-2/"	"土耳其独立的注册会计师及财务顾问，Taner Cevik | Cindemir"	"text/html; charset=utf-8"	"false"	"200"	"0"	"https://cindemirlaw.com/wp-content/plugins/sitepress-multilingual-cms/res/flags/en.png
https://cindemirlaw.com/wp-content/plugins/sitepress-multilingual-cms/res/flags/ru.png
https://cindemirlaw.com/wp-content/uploads/2020/06/cropped-logoicon-1-1-300x300.jpg
https://cindemirlaw.com/wp-content/uploads/flags/china-flag-xs.png
https://d.barobirlik.org.tr/amblem/tbb_amblem_60.png
https://www.aeuropea.com/wp-content/uploads/2025/09/aea-01v001-ILN-small.png
https://www.istanbulbarosu.org.tr/_next/image?url=%2Fimages%2Fbaro_logo.png&w=128&q=75"	"200
200
200
200
403
301"
"20"	"https://cindemirlaw.com/litigation-adr/"	"Litigation & ADR in Turkey | Cindemir Law Office"	"text/html; charset=utf-8"	"false"	"200"	"0"	"https://cindemirlaw.com/wp-content/plugins/sitepress-multilingual-cms/res/flags/en.png
https://cindemirlaw.com/wp-content/plugins/sitepress-multilingual-cms/res/flags/ru.png
https://cindemirlaw.com/wp-content/uploads/2020/06/cropped-logoicon-1-1-300x300.jpg
https://cindemirlaw.com/wp-content/uploads/flags/china-flag-xs.png
https://d.barobirlik.org.tr/amblem/tbb_amblem_60.png
https://www.aeuropea.com/wp-content/uploads/2025/09/aea-01v001-ILN-small.png
https://www.istanbulbarosu.org.tr/_next/image?url=%2Fimages%2Fbaro_logo.png&w=128&q=75"	"200
200
200
200
403
301"
"20"	"https://cindemirlaw.com/accidents-on-the-road-in-turkey-car-crashes-traffic-accidents/"	"Road and Car Accidents in Turkey | Cindemir Law Office"	"text/html; charset=utf-8"	"false"	"200"	"0"	"https://cindemirlaw.com/wp-content/plugins/sitepress-multilingual-cms/res/flags/en.png
https://cindemirlaw.com/wp-content/plugins/sitepress-multilingual-cms/res/flags/ru.png
https://cindemirlaw.com/wp-content/uploads/2020/06/cropped-logoicon-1-1-300x300.jpg
https://cindemirlaw.com/wp-content/uploads/2020/06/white-1-copy-150x150-1.jpg
https://cindemirlaw.com/wp-content/uploads/flags/china-flag-xs.png
https://d.barobirlik.org.tr/amblem/tbb_amblem_60.png
https://www.aeuropea.com/wp-content/uploads/2025/09/aea-01v001-ILN-small.png
https://www.istanbulbarosu.org.tr/_next/image?url=%2Fimages%2Fbaro_logo.png&w=128&q=75"	"200
200
200
200
200
403
301"
"20"	"https://cindemirlaw.com/link13/?lang=zh-hans"	"职务调查 - Cindemir Law Office"	"text/html; charset=utf-8"	"false"	"200"	"0"	"https://cindemirlaw.com/wp-content/plugins/sitepress-multilingual-cms/res/flags/en.png
https://cindemirlaw.com/wp-content/plugins/sitepress-multilingual-cms/res/flags/ru.png
https://cindemirlaw.com/wp-content/themes/enfold/images/layout/logo.png
https://cindemirlaw.com/wp-content/uploads/flags/china-flag-xs.png
https://d.barobirlik.org.tr/amblem/tbb_amblem_60.png
https://www.aeuropea.com/wp-content/uploads/2025/09/aea-01v001-ILN-small.png
https://www.istanbulbarosu.org.tr/_next/image?url=%2Fimages%2Fbaro_logo.png&w=128&q=75"	"200
200
200
200
403
301"
"20"	"https://cindemirlaw.com/%D0%BD%D0%B0%D1%81%D0%BB%D0%B5%D0%B4%D1%81%D1%82%D0%B2%D0%B5%D0%BD%D0%BD%D0%BE%D0%B5-%D0%BF%D1%80%D0%B0%D0%B2%D0%BE-%D1%82%D1%83%D1%80%D1%86%D0%B8%D0%B8/?lang=ru"	"Наследственное Право Турции - адвокатское бюро Синдемир"	"text/html; charset=utf-8"	"false"	"200"	"0"	"https://cindemirlaw.com/wp-content/plugins/sitepress-multilingual-cms/res/flags/en.png
https://cindemirlaw.com/wp-content/plugins/sitepress-multilingual-cms/res/flags/ru.png
https://cindemirlaw.com/wp-content/themes/enfold/images/layout/logo.png
https://cindemirlaw.com/wp-content/uploads/2020/10/white-5-copy-300x300.jpg
https://cindemirlaw.com/wp-content/uploads/flags/china-flag-xs.png
https://d.barobirlik.org.tr/amblem/tbb_amblem_60.png
https://www.aeuropea.com/wp-content/uploads/2025/09/aea-01v001-ILN-small.png
https://www.istanbulbarosu.org.tr/_next/image?url=%2Fimages%2Fbaro_logo.png&w=128&q=75"	"200
200
200
200
200
403
301"
"20"	"https://cindemirlaw.com/enforcement-of-a-foreign-decision-in-turkey/"	"Enforcement of a Foreign Decision in Turkey | Cindemir Law Office"	"text/html; charset=utf-8"	"false"	"200"	"0"	"https://cindemirlaw.com/wp-content/plugins/sitepress-multilingual-cms/res/flags/en.png
https://cindemirlaw.com/wp-content/plugins/sitepress-multilingual-cms/res/flags/ru.png
https://cindemirlaw.com/wp-content/uploads/2020/06/cropped-logoicon-1-1-300x300.jpg
https://cindemirlaw.com/wp-content/uploads/2020/06/white-1-copy-150x150-1.jpg
https://cindemirlaw.com/wp-content/uploads/flags/china-flag-xs.png
https://d.barobirlik.org.tr/amblem/tbb_amblem_60.png
https://www.aeuropea.com/wp-content/uploads/2025/09/aea-01v001-ILN-small.png
https://www.istanbulbarosu.org.tr/_next/image?url=%2Fimages%2Fbaro_logo.png&w=128&q=75"	"200
200
200
200
200
403
301"
"20"	"https://cindemirlaw.com/how-to-apply-to-the-european-court-of-human-rights-echr-legal-conditions-and-procedure/"	"How to Apply to the European Court of Human Rights (ECHR) in Turkey"	"text/html; charset=utf-8"	"false"	"200"	"0"	"https://cindemirlaw.com/wp-content/plugins/sitepress-multilingual-cms/res/flags/en.png
https://cindemirlaw.com/wp-content/plugins/sitepress-multilingual-cms/res/flags/ru.png
https://cindemirlaw.com/wp-content/uploads/2020/06/cropped-logoicon-1-1-300x300.jpg
https://cindemirlaw.com/wp-content/uploads/flags/china-flag-xs.png
https://d.barobirlik.org.tr/amblem/tbb_amblem_60.png
https://www.aeuropea.com/wp-content/uploads/2025/09/aea-01v001-ILN-small.png
https://www.istanbulbarosu.org.tr/_next/image?url=%2Fimages%2Fbaro_logo.png&w=128&q=75"	"200
200
200
200
403
301"
"20"	"https://cindemirlaw.com/turkish-citizenship-law-in-english/"	"Turkish Citizenship Law in English | Cindemir Law Office"	"text/html; charset=utf-8"	"false"	"200"	"0"	"https://cindemirlaw.com/wp-content/plugins/sitepress-multilingual-cms/res/flags/en.png
https://cindemirlaw.com/wp-content/plugins/sitepress-multilingual-cms/res/flags/ru.png
https://cindemirlaw.com/wp-content/uploads/2020/06/cropped-logoicon-1-1-300x300.jpg
https://cindemirlaw.com/wp-content/uploads/flags/china-flag-xs.png
https://d.barobirlik.org.tr/amblem/tbb_amblem_60.png
https://www.aeuropea.com/wp-content/uploads/2025/09/aea-01v001-ILN-small.png
https://www.istanbulbarosu.org.tr/_next/image?url=%2Fimages%2Fbaro_logo.png&w=128&q=75"	"200
200
200
200
403
301"
"20"	"https://cindemirlaw.com/payment/"	"Payment / Ödeme / Адвокатский гонорар | Cindemir"	"text/html; charset=utf-8"	"false"	"200"	"0"	"https://cindemirlaw.com/wp-content/plugins/sitepress-multilingual-cms/res/flags/en.png
https://cindemirlaw.com/wp-content/plugins/sitepress-multilingual-cms/res/flags/ru.png
https://cindemirlaw.com/wp-content/uploads/2020/06/cropped-logoicon-1-1-300x300.jpg
https://cindemirlaw.com/wp-content/uploads/flags/china-flag-xs.png
https://d.barobirlik.org.tr/amblem/tbb_amblem_60.png
https://www.aeuropea.com/wp-content/uploads/2025/09/aea-01v001-ILN-small.png
https://www.istanbulbarosu.org.tr/_next/image?url=%2Fimages%2Fbaro_logo.png&w=128&q=75"	"200
200
200
200
403
301"
"20"	"https://cindemirlaw.com/nominee-directory-services-in-turkey/"	"Nominee Director Services in Turkey | Cindemir Law Office"	"text/html; charset=utf-8"	"false"	"200"	"0"	"https://cindemirlaw.com/wp-content/plugins/sitepress-multilingual-cms/res/flags/en.png
https://cindemirlaw.com/wp-content/plugins/sitepress-multilingual-cms/res/flags/ru.png
https://cindemirlaw.com/wp-content/uploads/2020/06/5295681199059-300x135.jpg
https://cindemirlaw.com/wp-content/uploads/2020/06/cropped-logoicon-1-1-300x300.jpg
https://cindemirlaw.com/wp-content/uploads/flags/china-flag-xs.png
https://d.barobirlik.org.tr/amblem/tbb_amblem_60.png
https://www.aeuropea.com/wp-content/uploads/2025/09/aea-01v001-ILN-small.png
https://www.istanbulbarosu.org.tr/_next/image?url=%2Fimages%2Fbaro_logo.png&w=128&q=75"	"200
200
200
200
200
403
301"
"20"	"https://cindemirlaw.com/cindemir-law-2/?lang=ru"	"Cindemir Law Office - турецкая юридическая - Cindemir Law Office"	"text/html; charset=utf-8"	"false"	"200"	"0"	"https://cindemirlaw.com/wp-content/plugins/sitepress-multilingual-cms/res/flags/en.png
https://cindemirlaw.com/wp-content/plugins/sitepress-multilingual-cms/res/flags/ru.png
https://cindemirlaw.com/wp-content/themes/enfold/images/layout/logo.png
https://cindemirlaw.com/wp-content/uploads/2014/10/health-image.png
https://cindemirlaw.com/wp-content/uploads/flags/china-flag-xs.png
https://d.barobirlik.org.tr/amblem/tbb_amblem_60.png
https://www.aeuropea.com/wp-content/uploads/2025/09/aea-01v001-ILN-small.png
https://www.istanbulbarosu.org.tr/_next/image?url=%2Fimages%2Fbaro_logo.png&w=128&q=75"	"200
200
200
200
200
403
301"
"20"	"https://cindemirlaw.com/deportation-law-in-turkey/"	"Deportation Law In Turkey | Cindemir Law Office"	"text/html; charset=utf-8"	"false"	"200"	"0"	"https://cindemirlaw.com/wp-content/plugins/sitepress-multilingual-cms/res/flags/en.png
https://cindemirlaw.com/wp-content/plugins/sitepress-multilingual-cms/res/flags/ru.png
https://cindemirlaw.com/wp-content/uploads/2020/06/cropped-logoicon-1-1-300x300.jpg
https://cindemirlaw.com/wp-content/uploads/2020/06/white-1-copy-150x150-1.jpg
https://cindemirlaw.com/wp-content/uploads/flags/china-flag-xs.png
https://d.barobirlik.org.tr/amblem/tbb_amblem_60.png
https://www.aeuropea.com/wp-content/uploads/2025/09/aea-01v001-ILN-small.png
https://www.istanbulbarosu.org.tr/_next/image?url=%2Fimages%2Fbaro_logo.png&w=128&q=75"	"200
200
200
200
200
403
301"
"20"	"https://cindemirlaw.com/resolution-in-the-course-of-litigation-proceedings-regarding-turkish-law/"	"Resolution In the Course of Litigation Proceedings Regarding Turkish Law"	"text/html; charset=utf-8"	"false"	"200"	"0"	"https://cindemirlaw.com/wp-content/plugins/sitepress-multilingual-cms/res/flags/en.png
https://cindemirlaw.com/wp-content/plugins/sitepress-multilingual-cms/res/flags/ru.png
https://cindemirlaw.com/wp-content/uploads/2020/06/cropped-logoicon-1-1-300x300.jpg
https://cindemirlaw.com/wp-content/uploads/2020/06/white-1-copy-150x150-1.jpg
https://cindemirlaw.com/wp-content/uploads/flags/china-flag-xs.png
https://d.barobirlik.org.tr/amblem/tbb_amblem_60.png
https://www.aeuropea.com/wp-content/uploads/2025/09/aea-01v001-ILN-small.png
https://www.istanbulbarosu.org.tr/_next/image?url=%2Fimages%2Fbaro_logo.png&w=128&q=75"	"200
200
200
200
200
403
301"
"20"	"https://cindemirlaw.com/paternity-suit-in-turkey-under-turkish-family-law/"	"Paternity Suit In Turkey | Cindemir Law Office"	"text/html; charset=utf-8"	"false"	"200"	"0"	"https://cindemirlaw.com/wp-content/plugins/sitepress-multilingual-cms/res/flags/en.png
https://cindemirlaw.com/wp-content/plugins/sitepress-multilingual-cms/res/flags/ru.png
https://cindemirlaw.com/wp-content/uploads/2020/06/cropped-logoicon-1-1-300x300.jpg
https://cindemirlaw.com/wp-content/uploads/2020/06/white-1-copy-150x150-1.jpg
https://cindemirlaw.com/wp-content/uploads/flags/china-flag-xs.png
https://d.barobirlik.org.tr/amblem/tbb_amblem_60.png
https://www.aeuropea.com/wp-content/uploads/2025/09/aea-01v001-ILN-small.png
https://www.istanbulbarosu.org.tr/_next/image?url=%2Fimages%2Fbaro_logo.png&w=128&q=75"	"200
200
200
200
200
403
301"
"20"	"https://cindemirlaw.com/personal-injury-liability-in-turkey/"	"Personal Injury Liability in Turkey"	"text/html; charset=utf-8"	"false"	"200"	"0"	"https://cindemirlaw.com/wp-content/plugins/sitepress-multilingual-cms/res/flags/en.png
https://cindemirlaw.com/wp-content/plugins/sitepress-multilingual-cms/res/flags/ru.png
https://cindemirlaw.com/wp-content/uploads/2020/06/cropped-logoicon-1-1-300x300.jpg
https://cindemirlaw.com/wp-content/uploads/2020/10/540664430-300x200.jpg
https://cindemirlaw.com/wp-content/uploads/flags/china-flag-xs.png
https://d.barobirlik.org.tr/amblem/tbb_amblem_60.png
https://www.aeuropea.com/wp-content/uploads/2025/09/aea-01v001-ILN-small.png
https://www.istanbulbarosu.org.tr/_next/image?url=%2Fimages%2Fbaro_logo.png&w=128&q=75"	"200
200
200
200
200
403
301"
"20"	"https://cindemirlaw.com/%D0%BF%D0%BE%D1%81%D0%B5%D1%89%D0%B5%D0%BD%D0%B8%D0%B5-%D0%B8%D0%BD%D0%BE%D1%81%D1%82%D1%80%D0%B0%D0%BD%D0%BD%D1%8B%D1%85-%D0%B7%D0%B0%D0%BA%D0%BB%D1%8E%D1%87%D1%91%D0%BD%D0%BD%D1%8B%D1%85-%D0%B2/?lang=ru"	"Посещение иностранных заключённых в тюрьмах Турции: Правила и юридическая поддержка - Cindemir Law Office"	"text/html; charset=utf-8"	"false"	"200"	"0"	"https://cindemirlaw.com/wp-content/plugins/sitepress-multilingual-cms/res/flags/en.png
https://cindemirlaw.com/wp-content/plugins/sitepress-multilingual-cms/res/flags/ru.png
https://cindemirlaw.com/wp-content/themes/enfold/images/layout/logo.png
https://cindemirlaw.com/wp-content/uploads/flags/china-flag-xs.png
https://d.barobirlik.org.tr/amblem/tbb_amblem_60.png
https://www.aeuropea.com/wp-content/uploads/2025/09/aea-01v001-ILN-small.png
https://www.istanbulbarosu.org.tr/_next/image?url=%2Fimages%2Fbaro_logo.png&w=128&q=75"	"200
200
200
200
403
301"
"20"	"https://cindemirlaw.com/administrative-law/"	"Administrative Law in Turkey | Cindemir Law Office"	"text/html; charset=utf-8"	"false"	"200"	"0"	"https://cindemirlaw.com/wp-content/plugins/sitepress-multilingual-cms/res/flags/en.png
https://cindemirlaw.com/wp-content/plugins/sitepress-multilingual-cms/res/flags/ru.png
https://cindemirlaw.com/wp-content/uploads/2020/06/cropped-logoicon-1-1-300x300.jpg
https://cindemirlaw.com/wp-content/uploads/flags/china-flag-xs.png
https://d.barobirlik.org.tr/amblem/tbb_amblem_60.png
https://www.aeuropea.com/wp-content/uploads/2025/09/aea-01v001-ILN-small.png
https://www.istanbulbarosu.org.tr/_next/image?url=%2Fimages%2Fbaro_logo.png&w=128&q=75"	"200
200
200
200
403
301"
"20"	"https://cindemirlaw.com/criminal-record-deletion-in-turkey-for-foreign-nationals/"	"Criminal Record Deletion in Turkey for Foreign Nationals | Turkish Law"	"text/html; charset=utf-8"	"false"	"200"	"0"	"https://cindemirlaw.com/wp-content/plugins/sitepress-multilingual-cms/res/flags/en.png
https://cindemirlaw.com/wp-content/plugins/sitepress-multilingual-cms/res/flags/ru.png
https://cindemirlaw.com/wp-content/uploads/2020/06/cropped-logoicon-1-1-300x300.jpg
https://cindemirlaw.com/wp-content/uploads/flags/china-flag-xs.png
https://d.barobirlik.org.tr/amblem/tbb_amblem_60.png
https://www.aeuropea.com/wp-content/uploads/2025/09/aea-01v001-ILN-small.png
https://www.istanbulbarosu.org.tr/_next/image?url=%2Fimages%2Fbaro_logo.png&w=128&q=75"	"200
200
200
200
403
301"
"20"	"https://cindemirlaw.com/%D1%81%D0%BE%D0%B7%D0%B4%D0%B0%D0%BD%D0%B8%D0%B5-%D0%BA%D0%BE%D0%BC%D0%BF%D0%B0%D0%BD%D0%B8%D0%B8-%D1%81-%D0%BE%D0%B3%D1%80%D0%B0%D0%BD%D0%B8%D1%87%D0%B5%D0%BD%D0%BD%D0%BE%D0%B9-%D0%BE%D1%82%D0%B2/?lang=ru"	"создание компании с ограниченной ответственностью в Турции"	"text/html; charset=utf-8"	"false"	"200"	"0"	"https://cindemirlaw.com/wp-content/plugins/sitepress-multilingual-cms/res/flags/en.png
https://cindemirlaw.com/wp-content/plugins/sitepress-multilingual-cms/res/flags/ru.png
https://cindemirlaw.com/wp-content/themes/enfold/images/layout/logo.png
https://cindemirlaw.com/wp-content/uploads/2020/10/portrait-5-copy-240x300.jpg
https://cindemirlaw.com/wp-content/uploads/flags/china-flag-xs.png
https://d.barobirlik.org.tr/amblem/tbb_amblem_60.png
https://www.aeuropea.com/wp-content/uploads/2025/09/aea-01v001-ILN-small.png
https://www.istanbulbarosu.org.tr/_next/image?url=%2Fimages%2Fbaro_logo.png&w=128&q=75"	"200
200
200
200
200
403
301"
"20"	"https://cindemirlaw.com/legal-services-in-sapanca/"	"Legal Services in Sapanca | Cindemir"	"text/html; charset=utf-8"	"false"	"200"	"0"	"https://cindemirlaw.com/wp-content/plugins/sitepress-multilingual-cms/res/flags/en.png
https://cindemirlaw.com/wp-content/plugins/sitepress-multilingual-cms/res/flags/ru.png
https://cindemirlaw.com/wp-content/uploads/2020/06/cropped-logoicon-1-1-300x300.jpg
https://cindemirlaw.com/wp-content/uploads/flags/china-flag-xs.png
https://d.barobirlik.org.tr/amblem/tbb_amblem_60.png
https://www.aeuropea.com/wp-content/uploads/2025/09/aea-01v001-ILN-small.png
https://www.istanbulbarosu.org.tr/_next/image?url=%2Fimages%2Fbaro_logo.png&w=128&q=75"	"200
200
200
200
403
301"
"20"	"https://cindemirlaw.com/%D0%B7%D0%B0%D0%B4%D0%B5%D1%80%D0%B6%D0%B0%D0%BD%D0%B8%D0%B5-%D0%B2-%D0%B0%D1%8D%D1%80%D0%BE%D0%BF%D0%BE%D1%80%D1%82%D1%83-%D1%82%D1%83%D1%80%D1%86%D0%B8%D0%B8-%D0%BF%D1%80%D0%B0%D0%B2%D0%BE%D0%B2/?lang=ru"	"Задержание в аэропорту Турции: правовые риски для иностранных граждан и порядок действий - Cindemir Law Office"	"text/html; charset=utf-8"	"false"	"200"	"0"	"https://cindemirlaw.com/wp-content/plugins/sitepress-multilingual-cms/res/flags/en.png
https://cindemirlaw.com/wp-content/plugins/sitepress-multilingual-cms/res/flags/ru.png
https://cindemirlaw.com/wp-content/themes/enfold/images/layout/logo.png
https://cindemirlaw.com/wp-content/uploads/flags/china-flag-xs.png
https://d.barobirlik.org.tr/amblem/tbb_amblem_60.png
https://www.aeuropea.com/wp-content/uploads/2025/09/aea-01v001-ILN-small.png
https://www.istanbulbarosu.org.tr/_next/image?url=%2Fimages%2Fbaro_logo.png&w=128&q=75"	"200
200
200
200
403
301"
"20"	"https://cindemirlaw.com/intentional-injury-resulting-in-death-under-turkish-criminal-law/"	"Intentional Injury Resulting in Death under Turkish Criminal Law"	"text/html; charset=utf-8"	"false"	"200"	"0"	"https://cindemirlaw.com/wp-content/plugins/sitepress-multilingual-cms/res/flags/en.png
https://cindemirlaw.com/wp-content/plugins/sitepress-multilingual-cms/res/flags/ru.png
https://cindemirlaw.com/wp-content/uploads/2020/06/cropped-logoicon-1-1-300x300.jpg
https://cindemirlaw.com/wp-content/uploads/flags/china-flag-xs.png
https://d.barobirlik.org.tr/amblem/tbb_amblem_60.png
https://www.aeuropea.com/wp-content/uploads/2025/09/aea-01v001-ILN-small.png
https://www.istanbulbarosu.org.tr/_next/image?url=%2Fimages%2Fbaro_logo.png&w=128&q=75"	"200
200
200
200
403
301"
"20"	"https://cindemirlaw.com/onas/"	"О нас - Cindemir Law Office"	"text/html; charset=utf-8"	"false"	"200"	"0"	"https://cindemirlaw.com/wp-content/plugins/sitepress-multilingual-cms/res/flags/en.png
https://cindemirlaw.com/wp-content/plugins/sitepress-multilingual-cms/res/flags/ru.png
https://cindemirlaw.com/wp-content/uploads/2020/06/cropped-logoicon-1-1-300x300.jpg
https://cindemirlaw.com/wp-content/uploads/flags/china-flag-xs.png
https://d.barobirlik.org.tr/amblem/tbb_amblem_60.png
https://www.aeuropea.com/wp-content/uploads/2025/09/aea-01v001-ILN-small.png
https://www.istanbulbarosu.org.tr/_next/image?url=%2Fimages%2Fbaro_logo.png&w=128&q=75"	"200
200
200
200
403
301"
"20"	"https://cindemirlaw.com/stati/"	"Статьи - Cindemir Law Office"	"text/html; charset=utf-8"	"false"	"200"	"0"	"https://cindemirlaw.com/wp-content/plugins/sitepress-multilingual-cms/res/flags/en.png
https://cindemirlaw.com/wp-content/plugins/sitepress-multilingual-cms/res/flags/ru.png
https://cindemirlaw.com/wp-content/uploads/2020/06/cropped-logoicon-1-1-300x300.jpg
https://cindemirlaw.com/wp-content/uploads/flags/china-flag-xs.png
https://d.barobirlik.org.tr/amblem/tbb_amblem_60.png
https://www.aeuropea.com/wp-content/uploads/2025/09/aea-01v001-ILN-small.png
https://www.istanbulbarosu.org.tr/_next/image?url=%2Fimages%2Fbaro_logo.png&w=128&q=75"	"200
200
200
200
403
301"
"20"	"https://cindemirlaw.com/assistance-for-foreign-families-supporting-inmates-in-turkish-prisons/"	"Foreign Inmates in Turkish Prisons | Cindemir Law Office"	"text/html; charset=utf-8"	"false"	"200"	"0"	"https://cindemirlaw.com/wp-content/plugins/sitepress-multilingual-cms/res/flags/en.png
https://cindemirlaw.com/wp-content/plugins/sitepress-multilingual-cms/res/flags/ru.png
https://cindemirlaw.com/wp-content/uploads/2020/06/cropped-logoicon-1-1-300x300.jpg
https://cindemirlaw.com/wp-content/uploads/flags/china-flag-xs.png
https://d.barobirlik.org.tr/amblem/tbb_amblem_60.png
https://www.aeuropea.com/wp-content/uploads/2025/09/aea-01v001-ILN-small.png
https://www.istanbulbarosu.org.tr/_next/image?url=%2Fimages%2Fbaro_logo.png&w=128&q=75"	"200
200
200
200
403
301"
"20"	"https://cindemirlaw.com/enforcement-of-a-foreign-ukraine-judgment-in-turkey/"	"Enforcement of Ukrainian Judgments in Turkey"	"text/html; charset=utf-8"	"false"	"200"	"0"	"https://cindemirlaw.com/wp-content/plugins/sitepress-multilingual-cms/res/flags/en.png
https://cindemirlaw.com/wp-content/plugins/sitepress-multilingual-cms/res/flags/ru.png
https://cindemirlaw.com/wp-content/uploads/2020/06/cropped-logoicon-1-1-300x300.jpg
https://cindemirlaw.com/wp-content/uploads/2020/06/white-1-copy-150x150-1.jpg
https://cindemirlaw.com/wp-content/uploads/flags/china-flag-xs.png
https://d.barobirlik.org.tr/amblem/tbb_amblem_60.png
https://www.aeuropea.com/wp-content/uploads/2025/09/aea-01v001-ILN-small.png
https://www.istanbulbarosu.org.tr/_next/image?url=%2Fimages%2Fbaro_logo.png&w=128&q=75"	"200
200
200
200
200
403
301"
"20"	"https://cindemirlaw.com/%D0%BA%D0%B0%D0%BA-%D0%BF%D0%BE%D0%BB%D1%83%D1%87%D0%B8%D1%82%D1%8C-%D1%81%D0%BF%D1%80%D0%B0%D0%B2%D0%BA%D1%83-%D0%BE-%D0%BD%D0%B0%D0%BB%D0%B8%D1%87%D0%B8%D0%B8-%D1%81%D1%83%D0%B4%D0%B8%D0%BC%D0%BE/?lang=ru"	"Как получить справку о наличии судимости в Турции - Cindemir Law Office"	"text/html; charset=utf-8"	"false"	"200"	"0"	"https://cindemirlaw.com/wp-content/plugins/sitepress-multilingual-cms/res/flags/en.png
https://cindemirlaw.com/wp-content/plugins/sitepress-multilingual-cms/res/flags/ru.png
https://cindemirlaw.com/wp-content/themes/enfold/images/layout/logo.png
https://cindemirlaw.com/wp-content/uploads/flags/china-flag-xs.png
https://d.barobirlik.org.tr/amblem/tbb_amblem_60.png
https://www.aeuropea.com/wp-content/uploads/2025/09/aea-01v001-ILN-small.png
https://www.istanbulbarosu.org.tr/_next/image?url=%2Fimages%2Fbaro_logo.png&w=128&q=75"	"200
200
200
200
403
301"
"20"	"https://cindemirlaw.com/tourism-law-in-turkey/"	"Tourism Law in Turkey - Cindemir Law Office"	"text/html; charset=utf-8"	"false"	"200"	"0"	"https://cindemirlaw.com/wp-content/plugins/sitepress-multilingual-cms/res/flags/en.png
https://cindemirlaw.com/wp-content/plugins/sitepress-multilingual-cms/res/flags/ru.png
https://cindemirlaw.com/wp-content/uploads/2020/06/cropped-logoicon-1-1-300x300.jpg
https://cindemirlaw.com/wp-content/uploads/flags/china-flag-xs.png
https://d.barobirlik.org.tr/amblem/tbb_amblem_60.png
https://www.aeuropea.com/wp-content/uploads/2025/09/aea-01v001-ILN-small.png
https://www.istanbulbarosu.org.tr/_next/image?url=%2Fimages%2Fbaro_logo.png&w=128&q=75"	"200
200
200
200
403
301"
"20"	"https://cindemirlaw.com/eu-legal-representative-services-for-ai-companies-outside-the-european-union/"	"EU Legal Representative for AI Companies in Turkey | Turkish Law"	"text/html; charset=utf-8"	"false"	"200"	"0"	"https://cindemirlaw.com/wp-content/plugins/sitepress-multilingual-cms/res/flags/en.png
https://cindemirlaw.com/wp-content/plugins/sitepress-multilingual-cms/res/flags/ru.png
https://cindemirlaw.com/wp-content/uploads/2020/06/cropped-logoicon-1-1-300x300.jpg
https://cindemirlaw.com/wp-content/uploads/flags/china-flag-xs.png
https://d.barobirlik.org.tr/amblem/tbb_amblem_60.png
https://www.aeuropea.com/wp-content/uploads/2025/09/aea-01v001-ILN-small.png
https://www.istanbulbarosu.org.tr/_next/image?url=%2Fimages%2Fbaro_logo.png&w=128&q=75"	"200
200
200
200
403
301"
"20"	"https://cindemirlaw.com/team/?lang=zh-hans"	"Attorneys at Law , Turkey , Istanbul"	"text/html; charset=utf-8"	"false"	"200"	"0"	"https://cindemirlaw.com/wp-content/plugins/sitepress-multilingual-cms/res/flags/en.png
https://cindemirlaw.com/wp-content/plugins/sitepress-multilingual-cms/res/flags/ru.png
https://cindemirlaw.com/wp-content/themes/enfold/images/layout/logo.png
https://cindemirlaw.com/wp-content/uploads/2020/06/white-1-copy-150x150-1.jpg
https://cindemirlaw.com/wp-content/uploads/2020/06/white-2-copy-300x300-1-180x180.jpg
https://cindemirlaw.com/wp-content/uploads/flags/china-flag-xs.png
https://d.barobirlik.org.tr/amblem/tbb_amblem_60.png
https://www.aeuropea.com/wp-content/uploads/2025/09/aea-01v001-ILN-small.png
https://www.istanbulbarosu.org.tr/_next/image?url=%2Fimages%2Fbaro_logo.png&w=128&q=75"	"200
200
200
200
200
200
403
301"
"20"	"https://cindemirlaw.com/legal-visits-in-prison-lawyer-services-for-detainees-and-convicts-in-turkey/"	"Legal Visits in Prison in Turkey | Legal Overview"	"text/html; charset=utf-8"	"false"	"200"	"0"	"https://cindemirlaw.com/wp-content/plugins/sitepress-multilingual-cms/res/flags/en.png
https://cindemirlaw.com/wp-content/plugins/sitepress-multilingual-cms/res/flags/ru.png
https://cindemirlaw.com/wp-content/uploads/2020/06/cropped-logoicon-1-1-300x300.jpg
https://cindemirlaw.com/wp-content/uploads/flags/china-flag-xs.png
https://d.barobirlik.org.tr/amblem/tbb_amblem_60.png
https://www.aeuropea.com/wp-content/uploads/2025/09/aea-01v001-ILN-small.png
https://www.istanbulbarosu.org.tr/_next/image?url=%2Fimages%2Fbaro_logo.png&w=128&q=75"	"200
200
200
200
403
301"
"20"	"https://cindemirlaw.com/banking-finance/"	"Banking & Finance in Turkey | Cindemir Law Office"	"text/html; charset=utf-8"	"false"	"200"	"0"	"https://cindemirlaw.com/wp-content/plugins/sitepress-multilingual-cms/res/flags/en.png
https://cindemirlaw.com/wp-content/plugins/sitepress-multilingual-cms/res/flags/ru.png
https://cindemirlaw.com/wp-content/uploads/2020/06/cropped-logoicon-1-1-300x300.jpg
https://cindemirlaw.com/wp-content/uploads/flags/china-flag-xs.png
https://d.barobirlik.org.tr/amblem/tbb_amblem_60.png
https://www.aeuropea.com/wp-content/uploads/2025/09/aea-01v001-ILN-small.png
https://www.istanbulbarosu.org.tr/_next/image?url=%2Fimages%2Fbaro_logo.png&w=128&q=75"	"200
200
200
200
403
301"
"20"	"https://cindemirlaw.com/legal-affidavit-preparation-in-turkey/"	"Legal Affidavit Preparation in Turkey | Cindemir Law Office"	"text/html; charset=utf-8"	"false"	"200"	"0"	"https://cindemirlaw.com/wp-content/plugins/sitepress-multilingual-cms/res/flags/en.png
https://cindemirlaw.com/wp-content/plugins/sitepress-multilingual-cms/res/flags/ru.png
https://cindemirlaw.com/wp-content/uploads/2020/06/cropped-logoicon-1-1-300x300.jpg
https://cindemirlaw.com/wp-content/uploads/2020/10/540664430-300x200.jpg
https://cindemirlaw.com/wp-content/uploads/flags/china-flag-xs.png
https://d.barobirlik.org.tr/amblem/tbb_amblem_60.png
https://www.aeuropea.com/wp-content/uploads/2025/09/aea-01v001-ILN-small.png
https://www.istanbulbarosu.org.tr/_next/image?url=%2Fimages%2Fbaro_logo.png&w=128&q=75"	"200
200
200
200
200
403
301"
"20"	"https://cindemirlaw.com/establishing-a-branch-in-turkey-2/"	"Establishing a Branch in Turkey | Cindemir Law Office"	"text/html; charset=utf-8"	"false"	"200"	"0"	"https://cindemirlaw.com/wp-content/plugins/sitepress-multilingual-cms/res/flags/en.png
https://cindemirlaw.com/wp-content/plugins/sitepress-multilingual-cms/res/flags/ru.png
https://cindemirlaw.com/wp-content/uploads/2020/06/cropped-logoicon-1-1-300x300.jpg
https://cindemirlaw.com/wp-content/uploads/flags/china-flag-xs.png
https://d.barobirlik.org.tr/amblem/tbb_amblem_60.png
https://www.aeuropea.com/wp-content/uploads/2025/09/aea-01v001-ILN-small.png
https://www.istanbulbarosu.org.tr/_next/image?url=%2Fimages%2Fbaro_logo.png&w=128&q=75"	"200
200
200
200
403
301"
"20"	"https://cindemirlaw.com/criminal-law/"	"Criminal Law in Turkey | Cindemir Law Office"	"text/html; charset=utf-8"	"false"	"200"	"0"	"https://cindemirlaw.com/wp-content/plugins/sitepress-multilingual-cms/res/flags/en.png
https://cindemirlaw.com/wp-content/plugins/sitepress-multilingual-cms/res/flags/ru.png
https://cindemirlaw.com/wp-content/uploads/2020/06/cropped-logoicon-1-1-300x300.jpg
https://cindemirlaw.com/wp-content/uploads/flags/china-flag-xs.png
https://d.barobirlik.org.tr/amblem/tbb_amblem_60.png
https://www.aeuropea.com/wp-content/uploads/2025/09/aea-01v001-ILN-small.png
https://www.istanbulbarosu.org.tr/_next/image?url=%2Fimages%2Fbaro_logo.png&w=128&q=75"	"200
200
200
200
403
301"
"20"	"https://cindemirlaw.com/fde1068e3bda46a37dd24126f9ec4b09df0c999365011ec71028e1a7d4c45bfdd0fde1068e3bda46a37dd24126f9ec4b09df0c999365011ec71028e1a7d4c45bfdbefde1068e3bda46a37dd24126f9ec4b09df0c999365011ec71028e1a7d4c45bf/"	"Обучение | Cindemir"	"text/html; charset=utf-8"	"false"	"200"	"0"	"https://cindemirlaw.com/wp-content/plugins/sitepress-multilingual-cms/res/flags/en.png
https://cindemirlaw.com/wp-content/plugins/sitepress-multilingual-cms/res/flags/ru.png
https://cindemirlaw.com/wp-content/uploads/2020/06/cropped-logoicon-1-1-300x300.jpg
https://cindemirlaw.com/wp-content/uploads/flags/china-flag-xs.png
https://d.barobirlik.org.tr/amblem/tbb_amblem_60.png
https://www.aeuropea.com/wp-content/uploads/2025/09/aea-01v001-ILN-small.png
https://www.istanbulbarosu.org.tr/_next/image?url=%2Fimages%2Fbaro_logo.png&w=128&q=75"	"200
200
200
200
403
301"
"20"	"https://cindemirlaw.com/fde1068e3bda46a37dd24126f9ec4b09df0c999365011ec71028e1a7d4c45bfdd1fde1068e3bda46a37dd24126f9ec4b09df0c999365011ec71028e1a7d4c45bfd83fde1068e3bda46a37dd24126f9ec4b09df0c999365011ec71028e1a7d4c45bf-2/?lang=ru"	"Услуги по депонированию / Соглашение Эскроу - Cindemir Law Office"	"text/html; charset=utf-8"	"false"	"200"	"0"	"https://cindemirlaw.com/wp-content/plugins/sitepress-multilingual-cms/res/flags/en.png
https://cindemirlaw.com/wp-content/plugins/sitepress-multilingual-cms/res/flags/ru.png
https://cindemirlaw.com/wp-content/themes/enfold/images/layout/logo.png
https://cindemirlaw.com/wp-content/uploads/flags/china-flag-xs.png
https://d.barobirlik.org.tr/amblem/tbb_amblem_60.png
https://www.aeuropea.com/wp-content/uploads/2025/09/aea-01v001-ILN-small.png
https://www.istanbulbarosu.org.tr/_next/image?url=%2Fimages%2Fbaro_logo.png&w=128&q=75"	"200
200
200
200
403
301"
"20"	"https://cindemirlaw.com/crypto-market-manipulation-and-its-legal-implications-under-turkish-law/"	"Crypto Market Manipulation in Turkey | Cindemir Law Office"	"text/html; charset=utf-8"	"false"	"200"	"0"	"https://cindemirlaw.com/wp-content/plugins/sitepress-multilingual-cms/res/flags/en.png
https://cindemirlaw.com/wp-content/plugins/sitepress-multilingual-cms/res/flags/ru.png
https://cindemirlaw.com/wp-content/uploads/2020/06/cropped-logoicon-1-1-300x300.jpg
https://cindemirlaw.com/wp-content/uploads/flags/china-flag-xs.png
https://d.barobirlik.org.tr/amblem/tbb_amblem_60.png
https://www.aeuropea.com/wp-content/uploads/2025/09/aea-01v001-ILN-small.png
https://www.istanbulbarosu.org.tr/_next/image?url=%2Fimages%2Fbaro_logo.png&w=128&q=75"	"200
200
200
200
403
301"
"20"	"https://cindemirlaw.com/enforcement-of-us-judgments-in-turkey/"	"Enforcement of US Judgments in Turkey | Cindemir Law Office"	"text/html; charset=utf-8"	"false"	"200"	"0"	"https://cindemirlaw.com/wp-content/plugins/sitepress-multilingual-cms/res/flags/en.png
https://cindemirlaw.com/wp-content/plugins/sitepress-multilingual-cms/res/flags/ru.png
https://cindemirlaw.com/wp-content/uploads/2020/06/cropped-logoicon-1-1-300x300.jpg
https://cindemirlaw.com/wp-content/uploads/2020/06/white-1-copy-150x150-1.jpg
https://cindemirlaw.com/wp-content/uploads/flags/china-flag-xs.png
https://d.barobirlik.org.tr/amblem/tbb_amblem_60.png
https://www.aeuropea.com/wp-content/uploads/2025/09/aea-01v001-ILN-small.png
https://www.istanbulbarosu.org.tr/_next/image?url=%2Fimages%2Fbaro_logo.png&w=128&q=75"	"200
200
200
200
200
403
301"
"20"	"https://cindemirlaw.com/fde1/?lang=ru"	"Методы взыскания задолженности в Турции - Cindemir Law Office"	"text/html; charset=utf-8"	"false"	"200"	"0"	"https://cindemirlaw.com/wp-content/plugins/sitepress-multilingual-cms/res/flags/en.png
https://cindemirlaw.com/wp-content/plugins/sitepress-multilingual-cms/res/flags/ru.png
https://cindemirlaw.com/wp-content/themes/enfold/images/layout/logo.png
https://cindemirlaw.com/wp-content/uploads/flags/china-flag-xs.png
https://d.barobirlik.org.tr/amblem/tbb_amblem_60.png
https://www.aeuropea.com/wp-content/uploads/2025/09/aea-01v001-ILN-small.png
https://www.istanbulbarosu.org.tr/_next/image?url=%2Fimages%2Fbaro_logo.png&w=128&q=75"	"200
200
200
200
403
301"
"20"	"https://cindemirlaw.com/%D0%B3%D1%83%D0%BC%D0%B0%D0%BD%D0%B8%D1%82%D0%B0%D1%80%D0%BD%D1%8B%D0%B9-%D0%B2%D0%B8%D0%B4-%D0%BD%D0%B0-%D0%B6%D0%B8%D1%82%D0%B5%D0%BB%D1%8C%D1%81%D1%82%D0%B2%D0%BE-%D0%B2-%D1%82%D1%83%D1%80%D1%86/?lang=ru"	"Гуманитарный Вид на Жительство в Турции Синдемир юридическа"	"text/html; charset=utf-8"	"false"	"200"	"0"	"https://cindemirlaw.com/wp-content/plugins/sitepress-multilingual-cms/res/flags/en.png
https://cindemirlaw.com/wp-content/plugins/sitepress-multilingual-cms/res/flags/ru.png
https://cindemirlaw.com/wp-content/themes/enfold/images/layout/logo.png
https://cindemirlaw.com/wp-content/uploads/2020/10/portrait-5-copy-240x300.jpg
https://cindemirlaw.com/wp-content/uploads/flags/china-flag-xs.png
https://d.barobirlik.org.tr/amblem/tbb_amblem_60.png
https://www.aeuropea.com/wp-content/uploads/2025/09/aea-01v001-ILN-small.png
https://www.istanbulbarosu.org.tr/_next/image?url=%2Fimages%2Fbaro_logo.png&w=128&q=75"	"200
200
200
200
200
403
301"
"20"	"https://cindemirlaw.com/fde1068e3bda46a37dd24126f9ec4b09df0c999365011ec71028e1a7d4c45bfdd0fde1068e3bda46a37dd24126f9ec4b09df0c999365011ec71028e1a7d4c45bfdb7fde1068e3bda46a37dd24126f9ec4b09df0c999365011ec71028e1a7d4c45bf/?lang=ru"	"Законодательство об энергетике и инвестициях - Cindemir Law Office"	"text/html; charset=utf-8"	"false"	"200"	"0"	"https://cindemirlaw.com/wp-content/plugins/sitepress-multilingual-cms/res/flags/en.png
https://cindemirlaw.com/wp-content/plugins/sitepress-multilingual-cms/res/flags/ru.png
https://cindemirlaw.com/wp-content/themes/enfold/images/layout/logo.png
https://cindemirlaw.com/wp-content/uploads/flags/china-flag-xs.png
https://d.barobirlik.org.tr/amblem/tbb_amblem_60.png
https://www.aeuropea.com/wp-content/uploads/2025/09/aea-01v001-ILN-small.png
https://www.istanbulbarosu.org.tr/_next/image?url=%2Fimages%2Fbaro_logo.png&w=128&q=75"	"200
200
200
200
403
301"
"20"	"https://cindemirlaw.com/gokhan-cindemir-attorney-at-law-2/"	"土耳其Cenker Değirmenci, Legal Advisor,General Coordinator | Cindemir"	"text/html; charset=utf-8"	"false"	"200"	"0"	"https://cindemirlaw.com/wp-content/plugins/sitepress-multilingual-cms/res/flags/en.png
https://cindemirlaw.com/wp-content/plugins/sitepress-multilingual-cms/res/flags/ru.png
https://cindemirlaw.com/wp-content/uploads/2020/06/cropped-logoicon-1-1-300x300.jpg
https://cindemirlaw.com/wp-content/uploads/flags/china-flag-xs.png
https://d.barobirlik.org.tr/amblem/tbb_amblem_60.png
https://www.aeuropea.com/wp-content/uploads/2025/09/aea-01v001-ILN-small.png
https://www.istanbulbarosu.org.tr/_next/image?url=%2Fimages%2Fbaro_logo.png&w=128&q=75"	"200
200
200
200
403
301"
"20"	"https://cindemirlaw.com/%D1%80%D0%B5%D0%BF%D0%B0%D1%82%D1%80%D0%B8%D0%B0%D1%86%D0%B8%D1%8F-%D0%B0%D0%BA%D1%82%D0%B8%D0%B2%D0%BE%D0%B2-%D0%B2-%D1%82%D1%83%D1%80%D1%86%D0%B8%D1%8E-%D0%B2-2026-%D0%B3%D0%BE%D0%B4%D1%83-%D0%BF/?lang=ru"	"Репатриация активов в Турцию в 2026 году: правовой режим перевода зарубежных активов по Закону № 7582 - Cindemir Law Office"	"text/html; charset=utf-8"	"false"	"200"	"0"	"https://cindemirlaw.com/wp-content/plugins/sitepress-multilingual-cms/res/flags/en.png
https://cindemirlaw.com/wp-content/plugins/sitepress-multilingual-cms/res/flags/ru.png
https://cindemirlaw.com/wp-content/themes/enfold/images/layout/logo.png
https://cindemirlaw.com/wp-content/uploads/flags/china-flag-xs.png
https://d.barobirlik.org.tr/amblem/tbb_amblem_60.png
https://www.aeuropea.com/wp-content/uploads/2025/09/aea-01v001-ILN-small.png
https://www.istanbulbarosu.org.tr/_next/image?url=%2Fimages%2Fbaro_logo.png&w=128&q=75"	"200
200
200
200
403
301"
"20"	"https://cindemirlaw.com/labor-contract-termination-with-just-cause/"	"labor contract termination with just cause in Turkey | Legal Overview"	"text/html; charset=utf-8"	"false"	"200"	"0"	"https://cindemirlaw.com/wp-content/plugins/sitepress-multilingual-cms/res/flags/en.png
https://cindemirlaw.com/wp-content/plugins/sitepress-multilingual-cms/res/flags/ru.png
https://cindemirlaw.com/wp-content/uploads/2020/06/cropped-logoicon-1-1-300x300.jpg
https://cindemirlaw.com/wp-content/uploads/flags/china-flag-xs.png
https://d.barobirlik.org.tr/amblem/tbb_amblem_60.png
https://www.aeuropea.com/wp-content/uploads/2025/09/aea-01v001-ILN-small.png
https://www.istanbulbarosu.org.tr/_next/image?url=%2Fimages%2Fbaro_logo.png&w=128&q=75"	"200
200
200
200
403
301"
"20"	"https://cindemirlaw.com/cindemir-law/"	"Cindemir Law Office - lawyer istanbul - turkish lawyers -"	"text/html; charset=utf-8"	"false"	"200"	"0"	"https://cindemirlaw.com/wp-content/plugins/sitepress-multilingual-cms/res/flags/en.png
https://cindemirlaw.com/wp-content/plugins/sitepress-multilingual-cms/res/flags/ru.png
https://cindemirlaw.com/wp-content/uploads/2014/10/health-image-80x80.png
https://cindemirlaw.com/wp-content/uploads/2020/06/cropped-logoicon-1-1-300x300.jpg
https://cindemirlaw.com/wp-content/uploads/flags/china-flag-xs.png
https://d.barobirlik.org.tr/amblem/tbb_amblem_60.png
https://www.aeuropea.com/wp-content/uploads/2025/09/aea-01v001-ILN-small.png
https://www.istanbulbarosu.org.tr/_next/image?url=%2Fimages%2Fbaro_logo.png&w=128&q=75"	"200
200
200
200
200
403
301"
"20"	"https://cindemirlaw.com/%D0%BA%D0%B0%D0%BA-%D0%BF%D0%BE%D0%BB%D1%83%D1%87%D0%B8%D1%82%D1%8C-%D1%81%D1%83%D0%B4%D0%B8%D0%BC%D0%BE%D1%81%D1%82%D1%8C-%D0%B2-%D1%82%D1%83%D1%80%D1%86%D0%B8%D0%B8/?lang=ru"	"как получить судимость в турции - адвокатское бюро Синдемир"	"text/html; charset=utf-8"	"false"	"200"	"0"	"https://cindemirlaw.com/wp-content/plugins/sitepress-multilingual-cms/res/flags/en.png
https://cindemirlaw.com/wp-content/plugins/sitepress-multilingual-cms/res/flags/ru.png
https://cindemirlaw.com/wp-content/themes/enfold/images/layout/logo.png
https://cindemirlaw.com/wp-content/uploads/2020/10/white-5-copy-300x300.jpg
https://cindemirlaw.com/wp-content/uploads/flags/china-flag-xs.png
https://d.barobirlik.org.tr/amblem/tbb_amblem_60.png
https://www.aeuropea.com/wp-content/uploads/2025/09/aea-01v001-ILN-small.png
https://www.istanbulbarosu.org.tr/_next/image?url=%2Fimages%2Fbaro_logo.png&w=128&q=75"	"200
200
200
200
200
403
301"
"20"	"https://cindemirlaw.com/escrow-in-turkey/"	"Escrow in Turkey | Cindemir Law Office"	"text/html; charset=utf-8"	"false"	"200"	"0"	"https://cindemirlaw.com/wp-content/plugins/sitepress-multilingual-cms/res/flags/en.png
https://cindemirlaw.com/wp-content/plugins/sitepress-multilingual-cms/res/flags/ru.png
https://cindemirlaw.com/wp-content/uploads/2020/06/cropped-logoicon-1-1-300x300.jpg
https://cindemirlaw.com/wp-content/uploads/2020/10/540664430-300x200.jpg
https://cindemirlaw.com/wp-content/uploads/flags/china-flag-xs.png
https://d.barobirlik.org.tr/amblem/tbb_amblem_60.png
https://www.aeuropea.com/wp-content/uploads/2025/09/aea-01v001-ILN-small.png
https://www.istanbulbarosu.org.tr/_next/image?url=%2Fimages%2Fbaro_logo.png&w=128&q=75"	"200
200
200
200
200
403
301"
"20"	"https://cindemirlaw.com/komanda/"	"Наша команда - Cindemir Law Office"	"text/html; charset=utf-8"	"false"	"200"	"0"	"https://cindemirlaw.com/wp-content/plugins/sitepress-multilingual-cms/res/flags/en.png
https://cindemirlaw.com/wp-content/plugins/sitepress-multilingual-cms/res/flags/ru.png
https://cindemirlaw.com/wp-content/uploads/2020/06/cropped-logoicon-1-1-300x300.jpg
https://cindemirlaw.com/wp-content/uploads/flags/china-flag-xs.png
https://d.barobirlik.org.tr/amblem/tbb_amblem_60.png
https://www.aeuropea.com/wp-content/uploads/2025/09/aea-01v001-ILN-small.png
https://www.istanbulbarosu.org.tr/_next/image?url=%2Fimages%2Fbaro_logo.png&w=128&q=75"	"200
200
200
200
403
301"
"20"	"https://cindemirlaw.com/enforcement-of-promissory-notes-bills-of-exchange-and-cheques-in-turkey/"	"Взыскание по векселям и чекам в Турции | Cindemir"	"text/html; charset=utf-8"	"false"	"200"	"0"	"https://cindemirlaw.com/wp-content/plugins/sitepress-multilingual-cms/res/flags/en.png
https://cindemirlaw.com/wp-content/plugins/sitepress-multilingual-cms/res/flags/ru.png
https://cindemirlaw.com/wp-content/uploads/2020/06/cropped-logoicon-1-1-300x300.jpg
https://cindemirlaw.com/wp-content/uploads/flags/china-flag-xs.png
https://d.barobirlik.org.tr/amblem/tbb_amblem_60.png
https://www.aeuropea.com/wp-content/uploads/2025/09/aea-01v001-ILN-small.png
https://www.istanbulbarosu.org.tr/_next/image?url=%2Fimages%2Fbaro_logo.png&w=128&q=75"	"200
200
200
200
403
301"
"20"	"https://cindemirlaw.com/%D1%87%D1%82%D0%BE-%D1%82%D0%B0%D0%BA%D0%BE%D0%B5-%D0%B7%D0%B0%D1%8F%D0%B2%D0%BB%D0%B5%D0%BD%D0%B8%D0%B5-%D0%B2-%D0%B5%D1%81%D0%BF%D1%87-%D0%BA%D1%82%D0%BE-%D0%BC%D0%BE%D0%B6%D0%B5%D1%82-%D0%BF%D0%BE/?lang=ru"	"Что такое заявление в ЕСПЧ, кто может подать, срок 4 месяца и условия приемлемости. Юридический обзор процедуры обращения в Европейский суд по правам человека. - Cindemir Law Office"	"text/html; charset=utf-8"	"false"	"200"	"0"	"https://cindemirlaw.com/wp-content/plugins/sitepress-multilingual-cms/res/flags/en.png
https://cindemirlaw.com/wp-content/plugins/sitepress-multilingual-cms/res/flags/ru.png
https://cindemirlaw.com/wp-content/themes/enfold/images/layout/logo.png
https://cindemirlaw.com/wp-content/uploads/flags/china-flag-xs.png
https://d.barobirlik.org.tr/amblem/tbb_amblem_60.png
https://www.aeuropea.com/wp-content/uploads/2025/09/aea-01v001-ILN-small.png
https://www.istanbulbarosu.org.tr/_next/image?url=%2Fimages%2Fbaro_logo.png&w=128&q=75"	"200
200
200
200
403
301"
"20"	"https://cindemirlaw.com/turk-hukukunda-kripto-varliklarin-duzenlenmesi/"	"Regulation of Crypto Assets Under Turkish Law | Cindemir Law Office"	"text/html; charset=utf-8"	"false"	"200"	"0"	"https://cindemirlaw.com/wp-content/plugins/sitepress-multilingual-cms/res/flags/en.png
https://cindemirlaw.com/wp-content/plugins/sitepress-multilingual-cms/res/flags/ru.png
https://cindemirlaw.com/wp-content/uploads/2020/06/cropped-logoicon-1-1-300x300.jpg
https://cindemirlaw.com/wp-content/uploads/flags/china-flag-xs.png
https://d.barobirlik.org.tr/amblem/tbb_amblem_60.png
https://www.aeuropea.com/wp-content/uploads/2025/09/aea-01v001-ILN-small.png
https://www.istanbulbarosu.org.tr/_next/image?url=%2Fimages%2Fbaro_logo.png&w=128&q=75"	"200
200
200
200
403
301"
"20"	"https://cindemirlaw.com/real-estate-conveyancing/"	"Real Estate & Conveyancing in Turkey | Cindemir Law Office"	"text/html; charset=utf-8"	"false"	"200"	"0"	"https://cindemirlaw.com/wp-content/plugins/sitepress-multilingual-cms/res/flags/en.png
https://cindemirlaw.com/wp-content/plugins/sitepress-multilingual-cms/res/flags/ru.png
https://cindemirlaw.com/wp-content/uploads/2020/06/cropped-logoicon-1-1-300x300.jpg
https://cindemirlaw.com/wp-content/uploads/flags/china-flag-xs.png
https://d.barobirlik.org.tr/amblem/tbb_amblem_60.png
https://www.aeuropea.com/wp-content/uploads/2025/09/aea-01v001-ILN-small.png
https://www.istanbulbarosu.org.tr/_next/image?url=%2Fimages%2Fbaro_logo.png&w=128&q=75"	"200
200
200
200
403
301"
"20"	"https://cindemirlaw.com/%D1%83%D0%B4%D0%B0%D0%BB%D0%B5%D0%BD%D0%B8%D0%B5-%D1%81%D1%83%D0%B4%D0%B8%D0%BC%D0%BE%D1%81%D1%82%D0%B8-%D0%B2-%D1%82%D1%83%D1%80%D1%86%D0%B8%D0%B8-%D0%B4%D0%BB%D1%8F-%D0%B8%D0%BD%D0%BE%D1%81%D1%82/?lang=ru"	"Удаление судимости в Турции для иностранных граждан - Cindemir Law Office"	"text/html; charset=utf-8"	"false"	"200"	"0"	"https://cindemirlaw.com/wp-content/plugins/sitepress-multilingual-cms/res/flags/en.png
https://cindemirlaw.com/wp-content/plugins/sitepress-multilingual-cms/res/flags/ru.png
https://cindemirlaw.com/wp-content/themes/enfold/images/layout/logo.png
https://cindemirlaw.com/wp-content/uploads/flags/china-flag-xs.png
https://d.barobirlik.org.tr/amblem/tbb_amblem_60.png
https://www.aeuropea.com/wp-content/uploads/2025/09/aea-01v001-ILN-small.png
https://www.istanbulbarosu.org.tr/_next/image?url=%2Fimages%2Fbaro_logo.png&w=128&q=75"	"200
200
200
200
403
301"
"20"	"https://cindemirlaw.com/the-structure-of-board-of-directors-according-to-turkish-commercial-code/"	"Board of Directors under Turkish Commercial Code | Cindemir Law Office"	"text/html; charset=utf-8"	"false"	"200"	"0"	"https://cindemirlaw.com/wp-content/plugins/sitepress-multilingual-cms/res/flags/en.png
https://cindemirlaw.com/wp-content/plugins/sitepress-multilingual-cms/res/flags/ru.png
https://cindemirlaw.com/wp-content/uploads/2020/06/cropped-logoicon-1-1-300x300.jpg
https://cindemirlaw.com/wp-content/uploads/flags/china-flag-xs.png
https://d.barobirlik.org.tr/amblem/tbb_amblem_60.png
https://www.aeuropea.com/wp-content/uploads/2025/09/aea-01v001-ILN-small.png
https://www.istanbulbarosu.org.tr/_next/image?url=%2Fimages%2Fbaro_logo.png&w=128&q=75"	"200
200
200
200
403
301"
"20"	"https://cindemirlaw.com/enforcement-of-a-foreign-romania-judgment-in-turkey/"	"Enforcement of Romanian Judgments in Turkey"	"text/html; charset=utf-8"	"false"	"200"	"0"	"https://cindemirlaw.com/wp-content/plugins/sitepress-multilingual-cms/res/flags/en.png
https://cindemirlaw.com/wp-content/plugins/sitepress-multilingual-cms/res/flags/ru.png
https://cindemirlaw.com/wp-content/uploads/2020/06/cropped-logoicon-1-1-300x300.jpg
https://cindemirlaw.com/wp-content/uploads/2020/06/white-1-copy-150x150-1.jpg
https://cindemirlaw.com/wp-content/uploads/flags/china-flag-xs.png
https://d.barobirlik.org.tr/amblem/tbb_amblem_60.png
https://www.aeuropea.com/wp-content/uploads/2025/09/aea-01v001-ILN-small.png
https://www.istanbulbarosu.org.tr/_next/image?url=%2Fimages%2Fbaro_logo.png&w=128&q=75"	"200
200
200
200
200
403
301"
"20"	"https://cindemirlaw.com/enforcement-of-a-foreign-poland-judgment-in-turkey/"	"Enforcement of polish Judgments in Turkey"	"text/html; charset=utf-8"	"false"	"200"	"0"	"https://cindemirlaw.com/wp-content/plugins/sitepress-multilingual-cms/res/flags/en.png
https://cindemirlaw.com/wp-content/plugins/sitepress-multilingual-cms/res/flags/ru.png
https://cindemirlaw.com/wp-content/uploads/2020/06/cropped-logoicon-1-1-300x300.jpg
https://cindemirlaw.com/wp-content/uploads/2020/06/white-1-copy-150x150-1.jpg
https://cindemirlaw.com/wp-content/uploads/flags/china-flag-xs.png
https://d.barobirlik.org.tr/amblem/tbb_amblem_60.png
https://www.aeuropea.com/wp-content/uploads/2025/09/aea-01v001-ILN-small.png
https://www.istanbulbarosu.org.tr/_next/image?url=%2Fimages%2Fbaro_logo.png&w=128&q=75"	"200
200
200
200
200
403
301"
"20"	"https://cindemirlaw.com/turkish-inheritance-law/"	"Inheritance Law of Turkey"	"text/html; charset=utf-8"	"false"	"200"	"0"	"https://cindemirlaw.com/wp-content/plugins/sitepress-multilingual-cms/res/flags/en.png
https://cindemirlaw.com/wp-content/plugins/sitepress-multilingual-cms/res/flags/ru.png
https://cindemirlaw.com/wp-content/uploads/2020/06/cropped-logoicon-1-1-300x300.jpg
https://cindemirlaw.com/wp-content/uploads/flags/china-flag-xs.png
https://d.barobirlik.org.tr/amblem/tbb_amblem_60.png
https://www.aeuropea.com/wp-content/uploads/2025/09/aea-01v001-ILN-small.png
https://www.istanbulbarosu.org.tr/_next/image?url=%2Fimages%2Fbaro_logo.png&w=128&q=75"	"200
200
200
200
403
301"
"20"	"https://cindemirlaw.com/%D0%B8%D1%81%D0%BA-%D0%BE%D0%B1-%D1%83%D1%81%D1%82%D0%B0%D0%BD%D0%BE%D0%B2%D0%BB%D0%B5%D0%BD%D0%B8%D0%B8-%D0%BE%D1%82%D1%86%D0%BE%D0%B2%D1%81%D1%82%D0%B2%D0%B0-%D0%B2-%D1%82%D1%83%D1%80%D1%86%D0%B8/?lang=ru"	"Иск об Установлении Отцовства в Турции - Cindemir Law Office"	"text/html; charset=utf-8"	"false"	"200"	"0"	"https://cindemirlaw.com/wp-content/plugins/sitepress-multilingual-cms/res/flags/en.png
https://cindemirlaw.com/wp-content/plugins/sitepress-multilingual-cms/res/flags/ru.png
https://cindemirlaw.com/wp-content/themes/enfold/images/layout/logo.png
https://cindemirlaw.com/wp-content/uploads/2020/10/540664430-300x200.jpg
https://cindemirlaw.com/wp-content/uploads/flags/china-flag-xs.png
https://d.barobirlik.org.tr/amblem/tbb_amblem_60.png
https://www.aeuropea.com/wp-content/uploads/2025/09/aea-01v001-ILN-small.png
https://www.istanbulbarosu.org.tr/_next/image?url=%2Fimages%2Fbaro_logo.png&w=128&q=75"	"200
200
200
200
200
403
301"
"20"	"https://cindemirlaw.com/%D0%BE%D1%82%D0%BA%D1%80%D1%8B%D1%82%D0%B8%D0%B5-%D0%B1%D0%B0%D0%BD%D0%BA%D0%BE%D0%B2%D1%81%D0%BA%D0%BE%D0%B3%D0%BE-%D1%81%D1%87%D0%B5%D1%82%D0%B0-%D0%B2-%D1%82%D1%83%D1%80%D1%86%D0%B8%D0%B8/?lang=ru"	"открытие банковского счета в турции - Cindemir Law Office"	"text/html; charset=utf-8"	"false"	"200"	"0"	"https://cindemirlaw.com/wp-content/plugins/sitepress-multilingual-cms/res/flags/en.png
https://cindemirlaw.com/wp-content/plugins/sitepress-multilingual-cms/res/flags/ru.png
https://cindemirlaw.com/wp-content/themes/enfold/images/layout/logo.png
https://cindemirlaw.com/wp-content/uploads/2020/10/white-5-copy-300x300.jpg
https://cindemirlaw.com/wp-content/uploads/flags/china-flag-xs.png
https://d.barobirlik.org.tr/amblem/tbb_amblem_60.png
https://www.aeuropea.com/wp-content/uploads/2025/09/aea-01v001-ILN-small.png
https://www.istanbulbarosu.org.tr/_next/image?url=%2Fimages%2Fbaro_logo.png&w=128&q=75"	"200
200
200
200
200
403
301"
"20"	"https://cindemirlaw.com/gokhan-cindemir-3/"	"Hakan Cindemir | Cindemir Law Office"	"text/html; charset=utf-8"	"false"	"200"	"0"	"https://cindemirlaw.com/wp-content/plugins/sitepress-multilingual-cms/res/flags/en.png
https://cindemirlaw.com/wp-content/plugins/sitepress-multilingual-cms/res/flags/ru.png
https://cindemirlaw.com/wp-content/uploads/2020/06/cropped-logoicon-1-1-300x300.jpg
https://cindemirlaw.com/wp-content/uploads/flags/china-flag-xs.png
https://d.barobirlik.org.tr/amblem/tbb_amblem_60.png
https://www.aeuropea.com/wp-content/uploads/2025/09/aea-01v001-ILN-small.png
https://www.istanbulbarosu.org.tr/_next/image?url=%2Fimages%2Fbaro_logo.png&w=128&q=75"	"200
200
200
200
403
301"
"20"	"https://cindemirlaw.com/%D0%BA%D0%B0%D0%BA-%D0%BE%D1%82%D0%BA%D1%80%D1%8B%D1%82%D1%8C-%D0%BA%D0%BE%D0%BC%D0%BF%D0%B0%D0%BD%D0%B8%D1%8E-%D0%B2-%D1%82%D1%83%D1%80%D1%86%D0%B8%D0%B8-%D0%BF%D0%BE%D1%88%D0%B0%D0%B3%D0%BE%D0%B2/?lang=ru"	"Как открыть компанию в Турции: Пошаговое руководство - Cindemir Law Office"	"text/html; charset=utf-8"	"false"	"200"	"0"	"https://cindemirlaw.com/wp-content/plugins/sitepress-multilingual-cms/res/flags/en.png
https://cindemirlaw.com/wp-content/plugins/sitepress-multilingual-cms/res/flags/ru.png
https://cindemirlaw.com/wp-content/themes/enfold/images/layout/logo.png
https://cindemirlaw.com/wp-content/uploads/flags/china-flag-xs.png
https://d.barobirlik.org.tr/amblem/tbb_amblem_60.png
https://www.aeuropea.com/wp-content/uploads/2025/09/aea-01v001-ILN-small.png
https://www.istanbulbarosu.org.tr/_next/image?url=%2Fimages%2Fbaro_logo.png&w=128&q=75"	"200
200
200
200
403
301"
"20"	"https://cindemirlaw.com/link25/?lang=zh-hans"	"公司及商业 - Cindemir Law Office"	"text/html; charset=utf-8"	"false"	"200"	"0"	"https://cindemirlaw.com/wp-content/plugins/sitepress-multilingual-cms/res/flags/en.png
https://cindemirlaw.com/wp-content/plugins/sitepress-multilingual-cms/res/flags/ru.png
https://cindemirlaw.com/wp-content/themes/enfold/images/layout/logo.png
https://cindemirlaw.com/wp-content/uploads/flags/china-flag-xs.png
https://d.barobirlik.org.tr/amblem/tbb_amblem_60.png
https://www.aeuropea.com/wp-content/uploads/2025/09/aea-01v001-ILN-small.png
https://www.istanbulbarosu.org.tr/_next/image?url=%2Fimages%2Fbaro_logo.png&w=128&q=75"	"200
200
200
200
403
301"
"20"	"https://cindemirlaw.com/pig-butchering-cryptocurrency-scam-key-risks-and-legal-considerations-for-investors-in-turkey/?lang=ru"	"pig-butchering crypto scam Turkey"	"text/html; charset=utf-8"	"false"	"200"	"0"	"https://cindemirlaw.com/wp-content/plugins/sitepress-multilingual-cms/res/flags/en.png
https://cindemirlaw.com/wp-content/plugins/sitepress-multilingual-cms/res/flags/ru.png
https://cindemirlaw.com/wp-content/themes/enfold/images/layout/logo.png
https://cindemirlaw.com/wp-content/uploads/flags/china-flag-xs.png
https://d.barobirlik.org.tr/amblem/tbb_amblem_60.png
https://www.aeuropea.com/wp-content/uploads/2025/09/aea-01v001-ILN-small.png
https://www.istanbulbarosu.org.tr/_next/image?url=%2Fimages%2Fbaro_logo.png&w=128&q=75"	"200
200
200
200
403
301"
"20"	"https://cindemirlaw.com/how-to-divorce-in-turkey/"	"How To Divorce in Turkey"	"text/html; charset=utf-8"	"false"	"200"	"0"	"https://cindemirlaw.com/wp-content/plugins/sitepress-multilingual-cms/res/flags/en.png
https://cindemirlaw.com/wp-content/plugins/sitepress-multilingual-cms/res/flags/ru.png
https://cindemirlaw.com/wp-content/uploads/2020/06/cropped-logoicon-1-1-300x300.jpg
https://cindemirlaw.com/wp-content/uploads/2020/06/white-1-copy-150x150-1.jpg
https://cindemirlaw.com/wp-content/uploads/flags/china-flag-xs.png
https://d.barobirlik.org.tr/amblem/tbb_amblem_60.png
https://www.aeuropea.com/wp-content/uploads/2025/09/aea-01v001-ILN-small.png
https://www.istanbulbarosu.org.tr/_next/image?url=%2Fimages%2Fbaro_logo.png&w=128&q=75"	"200
200
200
200
200
403
301"
"20"	"https://cindemirlaw.com/obtaining-a-criminal-record-certificate-in-turkey-a-step-by-step-guide/"	"Obtaining a Criminal Record Certificate in Turkey | Turkish Law"	"text/html; charset=utf-8"	"false"	"200"	"0"	"https://cindemirlaw.com/wp-content/plugins/sitepress-multilingual-cms/res/flags/en.png
https://cindemirlaw.com/wp-content/plugins/sitepress-multilingual-cms/res/flags/ru.png
https://cindemirlaw.com/wp-content/uploads/2020/06/cropped-logoicon-1-1-300x300.jpg
https://cindemirlaw.com/wp-content/uploads/flags/china-flag-xs.png
https://d.barobirlik.org.tr/amblem/tbb_amblem_60.png
https://www.aeuropea.com/wp-content/uploads/2025/09/aea-01v001-ILN-small.png
https://www.istanbulbarosu.org.tr/_next/image?url=%2Fimages%2Fbaro_logo.png&w=128&q=75"	"200
200
200
200
403
301"
"20"	"https://cindemirlaw.com/some-notes-about-opening-a-bank-account-for-a-foreign-company-in-turkey/"	"Bank Account for Foreign Companies in Turkey | Cindemir Law Office"	"text/html; charset=utf-8"	"false"	"200"	"0"	"https://cindemirlaw.com/wp-content/plugins/sitepress-multilingual-cms/res/flags/en.png
https://cindemirlaw.com/wp-content/plugins/sitepress-multilingual-cms/res/flags/ru.png
https://cindemirlaw.com/wp-content/uploads/2020/06/cropped-logoicon-1-1-300x300.jpg
https://cindemirlaw.com/wp-content/uploads/2020/06/white-1-copy-150x150-1.jpg
https://cindemirlaw.com/wp-content/uploads/flags/china-flag-xs.png
https://d.barobirlik.org.tr/amblem/tbb_amblem_60.png
https://www.aeuropea.com/wp-content/uploads/2025/09/aea-01v001-ILN-small.png
https://www.istanbulbarosu.org.tr/_next/image?url=%2Fimages%2Fbaro_logo.png&w=128&q=75"	"200
200
200
200
200
403
301"
"20"	"https://cindemirlaw.com/fde1068e3bda46a37dd24126f9ec4b09df0c999365011ec71028e1a7d4c45bfdd1fde1068e3bda46a37dd24126f9ec4b09df0c999365011ec71028e1a7d4c45bfd82fde1068e3bda46a37dd24126f9ec4b09df0c999365011ec71028e1a7d4c45bf-2/?lang=ru"	"Cертифицированный бухгалтер и финансовый консультант"	"text/html; charset=utf-8"	"false"	"200"	"0"	"https://cindemirlaw.com/wp-content/plugins/sitepress-multilingual-cms/res/flags/en.png
https://cindemirlaw.com/wp-content/plugins/sitepress-multilingual-cms/res/flags/ru.png
https://cindemirlaw.com/wp-content/themes/enfold/images/layout/logo.png
https://cindemirlaw.com/wp-content/uploads/flags/china-flag-xs.png
https://d.barobirlik.org.tr/amblem/tbb_amblem_60.png
https://www.aeuropea.com/wp-content/uploads/2025/09/aea-01v001-ILN-small.png
https://www.istanbulbarosu.org.tr/_next/image?url=%2Fimages%2Fbaro_logo.png&w=128&q=75"	"200
200
200
200
403
301"
"20"	"https://cindemirlaw.com/hakan-cindemir-3/"	"Cenker Değirmenci | Cindemir Law Office"	"text/html; charset=utf-8"	"false"	"200"	"0"	"https://cindemirlaw.com/wp-content/plugins/sitepress-multilingual-cms/res/flags/en.png
https://cindemirlaw.com/wp-content/plugins/sitepress-multilingual-cms/res/flags/ru.png
https://cindemirlaw.com/wp-content/uploads/2020/06/cropped-logoicon-1-1-300x300.jpg
https://cindemirlaw.com/wp-content/uploads/flags/china-flag-xs.png
https://d.barobirlik.org.tr/amblem/tbb_amblem_60.png
https://www.aeuropea.com/wp-content/uploads/2025/09/aea-01v001-ILN-small.png
https://www.istanbulbarosu.org.tr/_next/image?url=%2Fimages%2Fbaro_logo.png&w=128&q=75"	"200
200
200
200
403
301"
"20"	"https://cindemirlaw.com/link15/?lang=zh-hans"	"银行及金融 - Cindemir Law Office"	"text/html; charset=utf-8"	"false"	"200"	"0"	"https://cindemirlaw.com/wp-content/plugins/sitepress-multilingual-cms/res/flags/en.png
https://cindemirlaw.com/wp-content/plugins/sitepress-multilingual-cms/res/flags/ru.png
https://cindemirlaw.com/wp-content/themes/enfold/images/layout/logo.png
https://cindemirlaw.com/wp-content/uploads/flags/china-flag-xs.png
https://d.barobirlik.org.tr/amblem/tbb_amblem_60.png
https://www.aeuropea.com/wp-content/uploads/2025/09/aea-01v001-ILN-small.png
https://www.istanbulbarosu.org.tr/_next/image?url=%2Fimages%2Fbaro_logo.png&w=128&q=75"	"200
200
200
200
403
301"
"20"	"https://cindemirlaw.com/irish-tourist-s-attorney-gokhan-cindemir-s-press-statement/"	"Irish Tourist 's attorney Gokhan Cindemir 's press statement in Turkey"	"text/html; charset=utf-8"	"false"	"200"	"0"	"https://cindemirlaw.com/wp-content/plugins/sitepress-multilingual-cms/res/flags/en.png
https://cindemirlaw.com/wp-content/plugins/sitepress-multilingual-cms/res/flags/ru.png
https://cindemirlaw.com/wp-content/uploads/2020/06/cropped-logoicon-1-1-300x300.jpg
https://cindemirlaw.com/wp-content/uploads/flags/china-flag-xs.png
https://d.barobirlik.org.tr/amblem/tbb_amblem_60.png
https://www.aeuropea.com/wp-content/uploads/2025/09/aea-01v001-ILN-small.png
https://www.istanbulbarosu.org.tr/_next/image?url=%2Fimages%2Fbaro_logo.png&w=128&q=75"	"200
200
200
200
403
301"
"20"	"https://cindemirlaw.com/alternative-dispute-resolutions-in-turkey/"	"Alternative Dispute Resolutions In Turkey | Cindemir Law Office"	"text/html; charset=utf-8"	"false"	"200"	"0"	"https://cindemirlaw.com/wp-content/plugins/sitepress-multilingual-cms/res/flags/en.png
https://cindemirlaw.com/wp-content/plugins/sitepress-multilingual-cms/res/flags/ru.png
https://cindemirlaw.com/wp-content/uploads/2020/06/cropped-logoicon-1-1-300x300.jpg
https://cindemirlaw.com/wp-content/uploads/2020/06/white-1-copy-150x150-1.jpg
https://cindemirlaw.com/wp-content/uploads/flags/china-flag-xs.png
https://d.barobirlik.org.tr/amblem/tbb_amblem_60.png
https://www.aeuropea.com/wp-content/uploads/2025/09/aea-01v001-ILN-small.png
https://www.istanbulbarosu.org.tr/_next/image?url=%2Fimages%2Fbaro_logo.png&w=128&q=75"	"200
200
200
200
200
403
301"
"20"	"https://cindemirlaw.com/financial-rights-of-daughters-under-turkish-social-security-law/"	"Financial Rights of Daughters under Turkish Social Security Law"	"text/html; charset=utf-8"	"false"	"200"	"0"	"https://cindemirlaw.com/wp-content/plugins/sitepress-multilingual-cms/res/flags/en.png
https://cindemirlaw.com/wp-content/plugins/sitepress-multilingual-cms/res/flags/ru.png
https://cindemirlaw.com/wp-content/uploads/2020/06/cropped-logoicon-1-1-300x300.jpg
https://cindemirlaw.com/wp-content/uploads/flags/china-flag-xs.png
https://d.barobirlik.org.tr/amblem/tbb_amblem_60.png
https://www.aeuropea.com/wp-content/uploads/2025/09/aea-01v001-ILN-small.png
https://www.istanbulbarosu.org.tr/_next/image?url=%2Fimages%2Fbaro_logo.png&w=128&q=75"	"200
200
200
200
403
301"
"20"	"https://cindemirlaw.com/appointment/"	"Appointment Page - Cindemir Law Office"	"text/html; charset=utf-8"	"false"	"200"	"0"	"https://cindemirlaw.com/wp-content/plugins/sitepress-multilingual-cms/res/flags/en.png
https://cindemirlaw.com/wp-content/plugins/sitepress-multilingual-cms/res/flags/ru.png
https://cindemirlaw.com/wp-content/uploads/2020/06/cropped-logoicon-1-1-300x300.jpg
https://cindemirlaw.com/wp-content/uploads/flags/china-flag-xs.png
https://d.barobirlik.org.tr/amblem/tbb_amblem_60.png
https://www.aeuropea.com/wp-content/uploads/2025/09/aea-01v001-ILN-small.png
https://www.istanbulbarosu.org.tr/_next/image?url=%2Fimages%2Fbaro_logo.png&w=128&q=75"	"200
200
200
200
403
301"
"20"	"https://cindemirlaw.com/our-articles/"	"OUR ARTICLES in Turkey | Legal Overview"	"text/html; charset=utf-8"	"false"	"200"	"0"	"https://cindemirlaw.com/wp-content/plugins/sitepress-multilingual-cms/res/flags/en.png
https://cindemirlaw.com/wp-content/plugins/sitepress-multilingual-cms/res/flags/ru.png
https://cindemirlaw.com/wp-content/uploads/2014/10/health-image-80x80.png
https://cindemirlaw.com/wp-content/uploads/2020/06/cropped-logoicon-1-1-300x300.jpg
https://cindemirlaw.com/wp-content/uploads/flags/china-flag-xs.png
https://d.barobirlik.org.tr/amblem/tbb_amblem_60.png
https://www.aeuropea.com/wp-content/uploads/2025/09/aea-01v001-ILN-small.png
https://www.istanbulbarosu.org.tr/_next/image?url=%2Fimages%2Fbaro_logo.png&w=128&q=75"	"200
200
200
200
200
403
301"
"20"	"https://cindemirlaw.com/our-articles-3/"	"土耳其我们的服务 | Cindemir"	"text/html; charset=utf-8"	"false"	"200"	"0"	"https://cindemirlaw.com/wp-content/plugins/sitepress-multilingual-cms/res/flags/en.png
https://cindemirlaw.com/wp-content/plugins/sitepress-multilingual-cms/res/flags/ru.png
https://cindemirlaw.com/wp-content/uploads/2020/06/cropped-logoicon-1-1-300x300.jpg
https://cindemirlaw.com/wp-content/uploads/flags/china-flag-xs.png
https://d.barobirlik.org.tr/amblem/tbb_amblem_60.png
https://www.aeuropea.com/wp-content/uploads/2025/09/aea-01v001-ILN-small.png
https://www.istanbulbarosu.org.tr/_next/image?url=%2Fimages%2Fbaro_logo.png&w=128&q=75"	"200
200
200
200
403
301"
"20"	"https://cindemirlaw.com/%D1%80%D1%83%D0%BA%D0%BE%D0%B2%D0%BE%D0%B4%D1%81%D1%82%D0%B2%D0%BE-%D0%BF%D0%BE-%D0%BF%D1%80%D0%B8%D0%BE%D0%B1%D1%80%D0%B5%D1%82%D0%B5%D0%BD%D0%B8%D1%8E-%D0%B8%D0%BD%D0%BE%D1%81%D1%82%D1%80%D0%B0/?lang=ru"	"РУКОВОДСТВО ПО ПРИОБРЕТЕНИЮ ИНОСТРАННЫМИ"	"text/html; charset=utf-8"	"false"	"200"	"0"	"https://cindemirlaw.com/wp-content/plugins/sitepress-multilingual-cms/res/flags/en.png
https://cindemirlaw.com/wp-content/plugins/sitepress-multilingual-cms/res/flags/ru.png
https://cindemirlaw.com/wp-content/themes/enfold/images/layout/logo.png
https://cindemirlaw.com/wp-content/uploads/2020/10/portrait-5-copy-240x300.jpg
https://cindemirlaw.com/wp-content/uploads/flags/china-flag-xs.png
https://d.barobirlik.org.tr/amblem/tbb_amblem_60.png
https://www.aeuropea.com/wp-content/uploads/2025/09/aea-01v001-ILN-small.png
https://www.istanbulbarosu.org.tr/_next/image?url=%2Fimages%2Fbaro_logo.png&w=128&q=75"	"200
200
200
200
200
403
301"
"20"	"https://cindemirlaw.com/support/"	"Russian Speaking Law Firm in Istanbul, Turkey"	"text/html; charset=utf-8"	"false"	"200"	"0"	"https://cindemirlaw.com/wp-content/plugins/sitepress-multilingual-cms/res/flags/en.png
https://cindemirlaw.com/wp-content/plugins/sitepress-multilingual-cms/res/flags/ru.png
https://cindemirlaw.com/wp-content/uploads/2020/06/cropped-logoicon-1-1-300x300.jpg
https://cindemirlaw.com/wp-content/uploads/flags/china-flag-xs.png
https://d.barobirlik.org.tr/amblem/tbb_amblem_60.png
https://www.aeuropea.com/wp-content/uploads/2025/09/aea-01v001-ILN-small.png
https://www.istanbulbarosu.org.tr/_next/image?url=%2Fimages%2Fbaro_logo.png&w=128&q=75"	"200
200
200
200
403
301"
"20"	"https://cindemirlaw.com/services/?lang=zh-hans"	"Legal Services in Turkey - Cindemir Law Office"	"text/html; charset=utf-8"	"false"	"200"	"0"	"https://cindemirlaw.com/wp-content/plugins/sitepress-multilingual-cms/res/flags/en.png
https://cindemirlaw.com/wp-content/plugins/sitepress-multilingual-cms/res/flags/ru.png
https://cindemirlaw.com/wp-content/themes/enfold/images/layout/logo.png
https://cindemirlaw.com/wp-content/uploads/flags/china-flag-xs.png
https://d.barobirlik.org.tr/amblem/tbb_amblem_60.png
https://www.aeuropea.com/wp-content/uploads/2025/09/aea-01v001-ILN-small.png
https://www.istanbulbarosu.org.tr/_next/image?url=%2Fimages%2Fbaro_logo.png&w=128&q=75"	"200
200
200
200
403
301"
"20"	"https://cindemirlaw.com/irish-boxer-acquitted-in-epic-brawl-case/"	"Irish 'boxer' acquitted in epic brawl case in Turkey | Legal Overview"	"text/html; charset=utf-8"	"false"	"200"	"0"	"https://cindemirlaw.com/wp-content/plugins/sitepress-multilingual-cms/res/flags/en.png
https://cindemirlaw.com/wp-content/plugins/sitepress-multilingual-cms/res/flags/ru.png
https://cindemirlaw.com/wp-content/uploads/2020/06/cropped-logoicon-1-1-300x300.jpg
https://cindemirlaw.com/wp-content/uploads/flags/china-flag-xs.png
https://d.barobirlik.org.tr/amblem/tbb_amblem_60.png
https://idsb.tmgrup.com.tr/site/v1/i/daily-sabah-kategori-logo.svg
https://www.aeuropea.com/wp-content/uploads/2025/09/aea-01v001-ILN-small.png
https://www.istanbulbarosu.org.tr/_next/image?url=%2Fimages%2Fbaro_logo.png&w=128&q=75"	"200
200
200
200
403
403
301"
"20"	"https://cindemirlaw.com/eu-representative-services-for-non-eu-companies-under-the-gdpr/"	"EU Representative Services under GDPR in Turkey | Cindemir Law Office"	"text/html; charset=utf-8"	"false"	"200"	"0"	"https://cindemirlaw.com/wp-content/plugins/sitepress-multilingual-cms/res/flags/en.png
https://cindemirlaw.com/wp-content/plugins/sitepress-multilingual-cms/res/flags/ru.png
https://cindemirlaw.com/wp-content/uploads/2020/06/cropped-logoicon-1-1-300x300.jpg
https://cindemirlaw.com/wp-content/uploads/flags/china-flag-xs.png
https://d.barobirlik.org.tr/amblem/tbb_amblem_60.png
https://www.aeuropea.com/wp-content/uploads/2025/09/aea-01v001-ILN-small.png
https://www.istanbulbarosu.org.tr/_next/image?url=%2Fimages%2Fbaro_logo.png&w=128&q=75"	"200
200
200
200
403
301"
"20"	"https://cindemirlaw.com/news-events/"	"News &amp; Events - Cindemir Law Office"	"text/html; charset=utf-8"	"false"	"200"	"0"	"https://cindemirlaw.com/wp-content/plugins/sitepress-multilingual-cms/res/flags/en.png
https://cindemirlaw.com/wp-content/plugins/sitepress-multilingual-cms/res/flags/ru.png
https://cindemirlaw.com/wp-content/uploads/2020/06/cropped-logoicon-1-1-300x300.jpg
https://cindemirlaw.com/wp-content/uploads/flags/china-flag-xs.png
https://d.barobirlik.org.tr/amblem/tbb_amblem_60.png
https://www.aeuropea.com/wp-content/uploads/2025/09/aea-01v001-ILN-small.png
https://www.istanbulbarosu.org.tr/_next/image?url=%2Fimages%2Fbaro_logo.png&w=128&q=75"	"200
200
200
200
403
301"
"20"	"https://cindemirlaw.com/fde1068e3bda46a37dd24126f9ec4b09df0c999365011ec71028e1a7d4c45bfdd0fde1068e3bda46a37dd24126f9ec4b09df0c999365011ec71028e1a7d4c45bfdb3fde1068e3bda46a37dd24126f9ec4b09df0c999365011ec71028e1a7d4c45bf/?lang=ru"	"Гокхан Синдемир, Адокат в суде - Cindemir Law Office"	"text/html; charset=utf-8"	"false"	"200"	"0"	"https://cindemirlaw.com/wp-content/plugins/sitepress-multilingual-cms/res/flags/en.png
https://cindemirlaw.com/wp-content/plugins/sitepress-multilingual-cms/res/flags/ru.png
https://cindemirlaw.com/wp-content/themes/enfold/images/layout/logo.png
https://cindemirlaw.com/wp-content/uploads/flags/china-flag-xs.png
https://d.barobirlik.org.tr/amblem/tbb_amblem_60.png
https://www.aeuropea.com/wp-content/uploads/2025/09/aea-01v001-ILN-small.png
https://www.istanbulbarosu.org.tr/_next/image?url=%2Fimages%2Fbaro_logo.png&w=128&q=75"	"200
200
200
200
403
301"
"20"	"https://cindemirlaw.com/turkish-procedural-law/"	"Turkish Procedural Law"	"text/html; charset=utf-8"	"false"	"200"	"0"	"https://cindemirlaw.com/wp-content/plugins/sitepress-multilingual-cms/res/flags/en.png
https://cindemirlaw.com/wp-content/plugins/sitepress-multilingual-cms/res/flags/ru.png
https://cindemirlaw.com/wp-content/uploads/2020/06/cropped-logoicon-1-1-300x300.jpg
https://cindemirlaw.com/wp-content/uploads/2020/06/white-1-copy-150x150-1.jpg
https://cindemirlaw.com/wp-content/uploads/flags/china-flag-xs.png
https://d.barobirlik.org.tr/amblem/tbb_amblem_60.png
https://www.aeuropea.com/wp-content/uploads/2025/09/aea-01v001-ILN-small.png
https://www.istanbulbarosu.org.tr/_next/image?url=%2Fimages%2Fbaro_logo.png&w=128&q=75"	"200
200
200
200
200
403
301"
"20"	"https://cindemirlaw.com/starting-a-company-in-turkey-a-comprehensive-guide-for-entrepreneurs/"	"Starting a Company in Turkey | Cindemir Law Office"	"text/html; charset=utf-8"	"false"	"200"	"0"	"https://cindemirlaw.com/wp-content/plugins/sitepress-multilingual-cms/res/flags/en.png
https://cindemirlaw.com/wp-content/plugins/sitepress-multilingual-cms/res/flags/ru.png
https://cindemirlaw.com/wp-content/uploads/2020/06/cropped-logoicon-1-1-300x300.jpg
https://cindemirlaw.com/wp-content/uploads/flags/china-flag-xs.png
https://d.barobirlik.org.tr/amblem/tbb_amblem_60.png
https://www.aeuropea.com/wp-content/uploads/2025/09/aea-01v001-ILN-small.png
https://www.istanbulbarosu.org.tr/_next/image?url=%2Fimages%2Fbaro_logo.png&w=128&q=75"	"200
200
200
200
403
301"
"20"	"https://cindemirlaw.com/new-crypto-asset-regulation-of-turkey-and-understanding-provisions-related-to-crypto-asset-service-providers-casps/"	"New Crypto Asset Regulation in Turkey | Cindemir Law Office"	"text/html; charset=utf-8"	"false"	"200"	"0"	"https://cindemirlaw.com/wp-content/plugins/sitepress-multilingual-cms/res/flags/en.png
https://cindemirlaw.com/wp-content/plugins/sitepress-multilingual-cms/res/flags/ru.png
https://cindemirlaw.com/wp-content/uploads/2020/06/5295681199059-300x135.jpg
https://cindemirlaw.com/wp-content/uploads/2020/06/cropped-logoicon-1-1-300x300.jpg
https://cindemirlaw.com/wp-content/uploads/flags/china-flag-xs.png
https://d.barobirlik.org.tr/amblem/tbb_amblem_60.png
https://www.aeuropea.com/wp-content/uploads/2025/09/aea-01v001-ILN-small.png
https://www.istanbulbarosu.org.tr/_next/image?url=%2Fimages%2Fbaro_logo.png&w=128&q=75"	"200
200
200
200
200
403
301"
"20"	"https://cindemirlaw.com/privacy-policy-in-turkish-law/"	"Privacy Policy in Turkish Law | Cindemir Law Office"	"text/html; charset=utf-8"	"false"	"200"	"0"	"https://cindemirlaw.com/wp-content/plugins/sitepress-multilingual-cms/res/flags/en.png
https://cindemirlaw.com/wp-content/plugins/sitepress-multilingual-cms/res/flags/ru.png
https://cindemirlaw.com/wp-content/uploads/2020/06/cropped-logoicon-1-1-300x300.jpg
https://cindemirlaw.com/wp-content/uploads/flags/china-flag-xs.png
https://d.barobirlik.org.tr/amblem/tbb_amblem_60.png
https://www.aeuropea.com/wp-content/uploads/2025/09/aea-01v001-ILN-small.png
https://www.istanbulbarosu.org.tr/_next/image?url=%2Fimages%2Fbaro_logo.png&w=128&q=75"	"200
200
200
200
403
301"
"20"	"https://cindemirlaw.com/inheritance-investigation-in-turkey-guiding-international-heirs-through-a-complex-process/"	"Inheritance Investigation in Turkey | Cindemir Law Office"	"text/html; charset=utf-8"	"false"	"200"	"0"	"https://cindemirlaw.com/wp-content/plugins/sitepress-multilingual-cms/res/flags/en.png
https://cindemirlaw.com/wp-content/plugins/sitepress-multilingual-cms/res/flags/ru.png
https://cindemirlaw.com/wp-content/uploads/2020/06/cropped-logoicon-1-1-300x300.jpg
https://cindemirlaw.com/wp-content/uploads/flags/china-flag-xs.png
https://d.barobirlik.org.tr/amblem/tbb_amblem_60.png
https://www.aeuropea.com/wp-content/uploads/2025/09/aea-01v001-ILN-small.png
https://www.istanbulbarosu.org.tr/_next/image?url=%2Fimages%2Fbaro_logo.png&w=128&q=75"	"200
200
200
200
403
301"
"20"	"https://cindemirlaw.com/fde1068e3bda46a37dd24126f9ec4b09df0c999365011ec71028e1a7d4c45bfdd1fde1068e3bda46a37dd24126f9ec4b09df0c999365011ec71028e1a7d4c45bfd81fde1068e3bda46a37dd24126f9ec4b09df0c999365011ec71028e1a7d4c45bf-2/?lang=ru"	"Семейное право - Cindemir Law Office"	"text/html; charset=utf-8"	"false"	"200"	"0"	"https://cindemirlaw.com/wp-content/plugins/sitepress-multilingual-cms/res/flags/en.png
https://cindemirlaw.com/wp-content/plugins/sitepress-multilingual-cms/res/flags/ru.png
https://cindemirlaw.com/wp-content/themes/enfold/images/layout/logo.png
https://cindemirlaw.com/wp-content/uploads/flags/china-flag-xs.png
https://d.barobirlik.org.tr/amblem/tbb_amblem_60.png
https://www.aeuropea.com/wp-content/uploads/2025/09/aea-01v001-ILN-small.png
https://www.istanbulbarosu.org.tr/_next/image?url=%2Fimages%2Fbaro_logo.png&w=128&q=75"	"200
200
200
200
403
301"
"20"	"https://cindemirlaw.com/%D1%82%D1%83%D1%80%D0%B8%D1%81%D1%82%D0%B8%D1%87%D0%B5%D1%81%D0%BA%D0%BE%D0%B5-%D0%BF%D1%80%D0%B0%D0%B2%D0%BE-%D0%B2-%D1%82%D1%83%D1%80%D1%86%D0%B8%D0%B8/"	"Туристическое право в Турции - Cindemir Law Office"	"text/html; charset=utf-8"	"false"	"200"	"0"	"https://cindemirlaw.com/wp-content/plugins/sitepress-multilingual-cms/res/flags/en.png
https://cindemirlaw.com/wp-content/plugins/sitepress-multilingual-cms/res/flags/ru.png
https://cindemirlaw.com/wp-content/uploads/2020/06/cropped-logoicon-1-1-300x300.jpg
https://cindemirlaw.com/wp-content/uploads/flags/china-flag-xs.png
https://d.barobirlik.org.tr/amblem/tbb_amblem_60.png
https://www.aeuropea.com/wp-content/uploads/2025/09/aea-01v001-ILN-small.png
https://www.istanbulbarosu.org.tr/_next/image?url=%2Fimages%2Fbaro_logo.png&w=128&q=75"	"200
200
200
200
403
301"
"20"	"https://cindemirlaw.com/definition-regarding-conflict-of-laws-in-turkey/"	"Definition Regarding Conflict of Laws in Turkey | Cindemir Law Office"	"text/html; charset=utf-8"	"false"	"200"	"0"	"https://cindemir.av.tr/wp-content/uploads/2020/01/health-image-300x200.jpg
https://cindemirlaw.com/wp-content/plugins/sitepress-multilingual-cms/res/flags/en.png
https://cindemirlaw.com/wp-content/plugins/sitepress-multilingual-cms/res/flags/ru.png
https://cindemirlaw.com/wp-content/uploads/2020/06/cropped-logoicon-1-1-300x300.jpg
https://cindemirlaw.com/wp-content/uploads/flags/china-flag-xs.png
https://d.barobirlik.org.tr/amblem/tbb_amblem_60.png
https://www.aeuropea.com/wp-content/uploads/2025/09/aea-01v001-ILN-small.png
https://www.istanbulbarosu.org.tr/_next/image?url=%2Fimages%2Fbaro_logo.png&w=128&q=75"	"200
200
200
200
200
403
301"
"20"	"https://cindemirlaw.com/hakan-cindemir-2/"	"Hakan Cindemir Profile in Turkey | Legal Overview"	"text/html; charset=utf-8"	"false"	"200"	"0"	"https://cindemirlaw.com/wp-content/plugins/sitepress-multilingual-cms/res/flags/en.png
https://cindemirlaw.com/wp-content/plugins/sitepress-multilingual-cms/res/flags/ru.png
https://cindemirlaw.com/wp-content/uploads/2020/06/cropped-logoicon-1-1-300x300.jpg
https://cindemirlaw.com/wp-content/uploads/flags/china-flag-xs.png
https://d.barobirlik.org.tr/amblem/tbb_amblem_60.png
https://www.aeuropea.com/wp-content/uploads/2025/09/aea-01v001-ILN-small.png
https://www.istanbulbarosu.org.tr/_next/image?url=%2Fimages%2Fbaro_logo.png&w=128&q=75"	"200
200
200
200
403
301"
"20"	"https://cindemirlaw.com/fde1068e3bda46a37dd24126f9ec4b09df0c999365011ec71028e1a7d4c45bfdd0fde1068e3bda46a37dd24126f9ec4b09df0c999365011ec71028e1a7d4c45bfdbdfde1068e3bda46a37dd24126f9ec4b09df0c999365011ec71028e1a7d4c45bf-2/?lang=ru"	"Недвижимость и Передача прав на имущество - Cindemir Law Office"	"text/html; charset=utf-8"	"false"	"200"	"0"	"https://cindemirlaw.com/wp-content/plugins/sitepress-multilingual-cms/res/flags/en.png
https://cindemirlaw.com/wp-content/plugins/sitepress-multilingual-cms/res/flags/ru.png
https://cindemirlaw.com/wp-content/themes/enfold/images/layout/logo.png
https://cindemirlaw.com/wp-content/uploads/flags/china-flag-xs.png
https://d.barobirlik.org.tr/amblem/tbb_amblem_60.png
https://www.aeuropea.com/wp-content/uploads/2025/09/aea-01v001-ILN-small.png
https://www.istanbulbarosu.org.tr/_next/image?url=%2Fimages%2Fbaro_logo.png&w=128&q=75"	"200
200
200
200
403
301"
"20"	"https://cindemirlaw.com/understanding-spks-introduction-guide-for-information-systems-independent-audit/"	"SPK Information Systems Audit Guide in Turkey | Legal Overview"	"text/html; charset=utf-8"	"false"	"200"	"0"	"https://cindemirlaw.com/wp-content/plugins/sitepress-multilingual-cms/res/flags/en.png
https://cindemirlaw.com/wp-content/plugins/sitepress-multilingual-cms/res/flags/ru.png
https://cindemirlaw.com/wp-content/uploads/2020/06/cropped-logoicon-1-1-300x300.jpg
https://cindemirlaw.com/wp-content/uploads/flags/china-flag-xs.png
https://d.barobirlik.org.tr/amblem/tbb_amblem_60.png
https://www.aeuropea.com/wp-content/uploads/2025/09/aea-01v001-ILN-small.png
https://www.istanbulbarosu.org.tr/_next/image?url=%2Fimages%2Fbaro_logo.png&w=128&q=75"	"200
200
200
200
403
301"
"20"	"https://cindemirlaw.com/enforcement-of-uk-judgments-in-turkey/"	"Enforcement of UK judgments in Turkey"	"text/html; charset=utf-8"	"false"	"200"	"0"	"https://cindemirlaw.com/wp-content/plugins/sitepress-multilingual-cms/res/flags/en.png
https://cindemirlaw.com/wp-content/plugins/sitepress-multilingual-cms/res/flags/ru.png
https://cindemirlaw.com/wp-content/uploads/2020/06/cropped-logoicon-1-1-300x300.jpg
https://cindemirlaw.com/wp-content/uploads/2020/06/white-1-copy-150x150-1.jpg
https://cindemirlaw.com/wp-content/uploads/flags/china-flag-xs.png
https://d.barobirlik.org.tr/amblem/tbb_amblem_60.png
https://www.aeuropea.com/wp-content/uploads/2025/09/aea-01v001-ILN-small.png
https://www.istanbulbarosu.org.tr/_next/image?url=%2Fimages%2Fbaro_logo.png&w=128&q=75"	"200
200
200
200
200
403
301"
"20"	"https://cindemirlaw.com/paternity-in-turkish-law-under-new-turkish-constitution-court-decision/"	"Paternity in Turkish Law"	"text/html; charset=utf-8"	"false"	"200"	"0"	"https://cindemirlaw.com/wp-content/plugins/sitepress-multilingual-cms/res/flags/en.png
https://cindemirlaw.com/wp-content/plugins/sitepress-multilingual-cms/res/flags/ru.png
https://cindemirlaw.com/wp-content/uploads/2020/06/cropped-logoicon-1-1-300x300.jpg
https://cindemirlaw.com/wp-content/uploads/2020/06/white-1-copy-150x150-1.jpg
https://cindemirlaw.com/wp-content/uploads/flags/china-flag-xs.png
https://d.barobirlik.org.tr/amblem/tbb_amblem_60.png
https://www.aeuropea.com/wp-content/uploads/2025/09/aea-01v001-ILN-small.png
https://www.istanbulbarosu.org.tr/_next/image?url=%2Fimages%2Fbaro_logo.png&w=128&q=75"	"200
200
200
200
200
403
301"
"20"	"https://cindemirlaw.com/%D1%82%D0%B8%D0%BF%D1%8B-%D0%BA%D0%BE%D0%BC%D0%BF%D0%B0%D0%BD%D0%B8%D0%B9-%D0%B2-%D1%82%D1%83%D1%80%D1%86%D0%B8%D0%B8/?lang=ru"	"типы компаний в Турции - Cindemir Law Office"	"text/html; charset=utf-8"	"false"	"200"	"0"	"https://cindemirlaw.com/wp-content/plugins/sitepress-multilingual-cms/res/flags/en.png
https://cindemirlaw.com/wp-content/plugins/sitepress-multilingual-cms/res/flags/ru.png
https://cindemirlaw.com/wp-content/themes/enfold/images/layout/logo.png
https://cindemirlaw.com/wp-content/uploads/2020/10/white-5-copy-300x300.jpg
https://cindemirlaw.com/wp-content/uploads/flags/china-flag-xs.png
https://d.barobirlik.org.tr/amblem/tbb_amblem_60.png
https://www.aeuropea.com/wp-content/uploads/2025/09/aea-01v001-ILN-small.png
https://www.istanbulbarosu.org.tr/_next/image?url=%2Fimages%2Fbaro_logo.png&w=128&q=75"	"200
200
200
200
200
403
301"
"20"	"https://cindemirlaw.com/ottoman-title-deeds-in-turkiye-inheritance-registration-and-land-search/"	"Land Search Ottoman Title Deeds Explained"	"text/html; charset=utf-8"	"false"	"200"	"0"	"https://cindemirlaw.com/wp-content/plugins/sitepress-multilingual-cms/res/flags/en.png
https://cindemirlaw.com/wp-content/plugins/sitepress-multilingual-cms/res/flags/ru.png
https://cindemirlaw.com/wp-content/uploads/2020/06/cropped-logoicon-1-1-300x300.jpg
https://cindemirlaw.com/wp-content/uploads/flags/china-flag-xs.png
https://d.barobirlik.org.tr/amblem/tbb_amblem_60.png
https://www.aeuropea.com/wp-content/uploads/2025/09/aea-01v001-ILN-small.png
https://www.istanbulbarosu.org.tr/_next/image?url=%2Fimages%2Fbaro_logo.png&w=128&q=75"	"200
200
200
200
403
301"
"20"	"https://cindemirlaw.com/fde1068e3bda46a37dd24126f9ec4b09df0c999365011ec71028e1a7d4c45bfdd0fde1068e3bda46a37dd24126f9ec4b09df0c999365011ec71028e1a7d4c45bfdb1fde1068e3bda46a37dd24126f9ec4b09df0c999365011ec71028e1a7d4c45bf/?lang=ru"	"Банковское дело и финансы - Cindemir Law Office"	"text/html; charset=utf-8"	"false"	"200"	"0"	"https://cindemirlaw.com/wp-content/plugins/sitepress-multilingual-cms/res/flags/en.png
https://cindemirlaw.com/wp-content/plugins/sitepress-multilingual-cms/res/flags/ru.png
https://cindemirlaw.com/wp-content/themes/enfold/images/layout/logo.png
https://cindemirlaw.com/wp-content/uploads/flags/china-flag-xs.png
https://d.barobirlik.org.tr/amblem/tbb_amblem_60.png
https://www.aeuropea.com/wp-content/uploads/2025/09/aea-01v001-ILN-small.png
https://www.istanbulbarosu.org.tr/_next/image?url=%2Fimages%2Fbaro_logo.png&w=128&q=75"	"200
200
200
200
403
301"
"20"	"https://cindemirlaw.com/%D1%81%D1%82%D0%B0%D1%82%D1%83%D1%81-%D1%83%D1%81%D0%BB%D0%BE%D0%B2%D0%BD%D0%BE%D0%B3%D0%BE-%D0%B1%D0%B5%D0%B6%D0%B5%D0%BD%D1%86%D0%B0/?lang=ru"	"Статус Условного Беженца - Cindemir Law Office"	"text/html; charset=utf-8"	"false"	"200"	"0"	"https://cindemirlaw.com/wp-content/plugins/sitepress-multilingual-cms/res/flags/en.png
https://cindemirlaw.com/wp-content/plugins/sitepress-multilingual-cms/res/flags/ru.png
https://cindemirlaw.com/wp-content/themes/enfold/images/layout/logo.png
https://cindemirlaw.com/wp-content/uploads/flags/china-flag-xs.png
https://d.barobirlik.org.tr/amblem/tbb_amblem_60.png
https://www.aeuropea.com/wp-content/uploads/2025/09/aea-01v001-ILN-small.png
https://www.istanbulbarosu.org.tr/_next/image?url=%2Fimages%2Fbaro_logo.png&w=128&q=75"	"200
200
200
200
403
301"
"20"	"https://cindemirlaw.com/crypto-asset-issuers-under-turkish-law/"	"Crypto Asset Issuers under Turkish Law | Cindemir Law Office"	"text/html; charset=utf-8"	"false"	"200"	"0"	"https://cindemirlaw.com/wp-content/plugins/sitepress-multilingual-cms/res/flags/en.png
https://cindemirlaw.com/wp-content/plugins/sitepress-multilingual-cms/res/flags/ru.png
https://cindemirlaw.com/wp-content/uploads/2020/06/5295681199059-300x135.jpg
https://cindemirlaw.com/wp-content/uploads/2020/06/cropped-logoicon-1-1-300x300.jpg
https://cindemirlaw.com/wp-content/uploads/flags/china-flag-xs.png
https://d.barobirlik.org.tr/amblem/tbb_amblem_60.png
https://www.aeuropea.com/wp-content/uploads/2025/09/aea-01v001-ILN-small.png
https://www.istanbulbarosu.org.tr/_next/image?url=%2Fimages%2Fbaro_logo.png&w=128&q=75"	"200
200
200
200
200
403
301"
"20"	"https://cindemirlaw.com/team/?lang=ru"	"Наша команда"	"text/html; charset=utf-8"	"false"	"200"	"0"	"https://cindemirlaw.com/wp-content/plugins/sitepress-multilingual-cms/res/flags/en.png
https://cindemirlaw.com/wp-content/plugins/sitepress-multilingual-cms/res/flags/ru.png
https://cindemirlaw.com/wp-content/themes/enfold/images/layout/logo.png
https://cindemirlaw.com/wp-content/uploads/2020/08/IMG_0876-kopya-741x1024-1-217x300.jpg
https://cindemirlaw.com/wp-content/uploads/2020/10/white-1-copy-300x300.jpg
https://cindemirlaw.com/wp-content/uploads/2020/10/white-2-copy-300x300.jpg
https://cindemirlaw.com/wp-content/uploads/2020/10/white-5-copy-300x300.jpg
https://cindemirlaw.com/wp-content/uploads/2020/10/white3-copy-300x300.jpg
https://cindemirlaw.com/wp-content/uploads/2025/09/levant-300x300.webp
https://cindemirlaw.com/wp-content/uploads/flags/china-flag-xs.png
https://d.barobirlik.org.tr/amblem/tbb_amblem_60.png
https://www.aeuropea.com/wp-content/uploads/2025/09/aea-01v001-ILN-small.png
https://www.istanbulbarosu.org.tr/_next/image?url=%2Fimages%2Fbaro_logo.png&w=128&q=75"	"200
200
200
200
200
200
200
200
200
200
403
301"
"20"	"https://cindemirlaw.com/yabanci-uyruklu-hukumlu-ve-tutuklularin-ziyareti-hakkinda-bilgilendirme/"	"Yabancı Uyruklu Hükümlü ve Tutukluların Ziyareti Hakkında in Turkey"	"text/html; charset=utf-8"	"false"	"200"	"0"	"https://cindemirlaw.com/wp-content/plugins/sitepress-multilingual-cms/res/flags/en.png
https://cindemirlaw.com/wp-content/plugins/sitepress-multilingual-cms/res/flags/ru.png
https://cindemirlaw.com/wp-content/uploads/2020/06/cropped-logoicon-1-1-300x300.jpg
https://cindemirlaw.com/wp-content/uploads/flags/china-flag-xs.png
https://d.barobirlik.org.tr/amblem/tbb_amblem_60.png
https://www.aeuropea.com/wp-content/uploads/2025/09/aea-01v001-ILN-small.png
https://www.istanbulbarosu.org.tr/_next/image?url=%2Fimages%2Fbaro_logo.png&w=128&q=75"	"200
200
200
200
403
301"
"20"	"https://cindemirlaw.com/child-abduction-and-retention-under-turkish-law/"	"Child Abduction and Retention Under Turkish Law | Cindemir Law Office"	"text/html; charset=utf-8"	"false"	"200"	"0"	"https://cindemirlaw.com/wp-content/plugins/sitepress-multilingual-cms/res/flags/en.png
https://cindemirlaw.com/wp-content/plugins/sitepress-multilingual-cms/res/flags/ru.png
https://cindemirlaw.com/wp-content/uploads/2020/06/cropped-logoicon-1-1-300x300.jpg
https://cindemirlaw.com/wp-content/uploads/flags/china-flag-xs.png
https://d.barobirlik.org.tr/amblem/tbb_amblem_60.png
https://www.aeuropea.com/wp-content/uploads/2025/09/aea-01v001-ILN-small.png
https://www.istanbulbarosu.org.tr/_next/image?url=%2Fimages%2Fbaro_logo.png&w=128&q=75"	"200
200
200
200
403
301"
"20"	"https://cindemirlaw.com/crypto-asset-fraud-in-turkey-legal-perspective/"	"Crypto Asset Fraud in Turkey: Legal Perspective | Cindemir Law Office"	"text/html; charset=utf-8"	"false"	"200"	"0"	"https://cindemirlaw.com/wp-content/plugins/sitepress-multilingual-cms/res/flags/en.png
https://cindemirlaw.com/wp-content/plugins/sitepress-multilingual-cms/res/flags/ru.png
https://cindemirlaw.com/wp-content/uploads/2020/06/cropped-logoicon-1-1-300x300.jpg
https://cindemirlaw.com/wp-content/uploads/flags/china-flag-xs.png
https://d.barobirlik.org.tr/amblem/tbb_amblem_60.png
https://www.aeuropea.com/wp-content/uploads/2025/09/aea-01v001-ILN-small.png
https://www.istanbulbarosu.org.tr/_next/image?url=%2Fimages%2Fbaro_logo.png&w=128&q=75"	"200
200
200
200
403
301"
"20"	"https://cindemirlaw.com/independent-certified-public-accountant-financial-consultant-taner-cevik/"	"Taner Çevik, Independent Certified Public Accountant & Financial"	"text/html; charset=utf-8"	"false"	"200"	"0"	"https://cindemirlaw.com/wp-content/plugins/sitepress-multilingual-cms/res/flags/en.png
https://cindemirlaw.com/wp-content/plugins/sitepress-multilingual-cms/res/flags/ru.png
https://cindemirlaw.com/wp-content/uploads/2020/06/cropped-logoicon-1-1-300x300.jpg
https://cindemirlaw.com/wp-content/uploads/flags/china-flag-xs.png
https://d.barobirlik.org.tr/amblem/tbb_amblem_60.png
https://www.aeuropea.com/wp-content/uploads/2025/09/aea-01v001-ILN-small.png
https://www.istanbulbarosu.org.tr/_next/image?url=%2Fimages%2Fbaro_logo.png&w=128&q=75"	"200
200
200
200
403
301"
"20"	"https://cindemirlaw.com/fde1068e3bda46a37dd24126f9ec4b09df0c999365011ec71028e1a7d4c45bfdd1fde1068e3bda46a37dd24126f9ec4b09df0c999365011ec71028e1a7d4c45bfd81fde1068e3bda46a37dd24126f9ec4b09df0c999365011ec71028e1a7d4c45bf/?lang=ru"	"Страхование - Cindemir Law Office"	"text/html; charset=utf-8"	"false"	"200"	"0"	"https://cindemirlaw.com/wp-content/plugins/sitepress-multilingual-cms/res/flags/en.png
https://cindemirlaw.com/wp-content/plugins/sitepress-multilingual-cms/res/flags/ru.png
https://cindemirlaw.com/wp-content/themes/enfold/images/layout/logo.png
https://cindemirlaw.com/wp-content/uploads/2014/10/health-image-80x80.png
https://cindemirlaw.com/wp-content/uploads/flags/china-flag-xs.png
https://d.barobirlik.org.tr/amblem/tbb_amblem_60.png
https://www.aeuropea.com/wp-content/uploads/2025/09/aea-01v001-ILN-small.png
https://www.istanbulbarosu.org.tr/_next/image?url=%2Fimages%2Fbaro_logo.png&w=128&q=75"	"200
200
200
200
200
403
301"
"20"	"https://cindemirlaw.com/getting-criminal-record-in-turkey/"	"Getting Criminal Record in Turkey"	"text/html; charset=utf-8"	"false"	"200"	"0"	"https://cindemirlaw.com/wp-content/plugins/sitepress-multilingual-cms/res/flags/en.png
https://cindemirlaw.com/wp-content/plugins/sitepress-multilingual-cms/res/flags/ru.png
https://cindemirlaw.com/wp-content/uploads/2020/06/cropped-logoicon-1-1-300x300.jpg
https://cindemirlaw.com/wp-content/uploads/flags/china-flag-xs.png
https://d.barobirlik.org.tr/amblem/tbb_amblem_60.png
https://www.aeuropea.com/wp-content/uploads/2025/09/aea-01v001-ILN-small.png
https://www.istanbulbarosu.org.tr/_next/image?url=%2Fimages%2Fbaro_logo.png&w=128&q=75"	"200
200
200
200
403
301"
"20"	"https://cindemirlaw.com/family/"	"Family in Turkey | Cindemir Law Office"	"text/html; charset=utf-8"	"false"	"200"	"0"	"https://cindemirlaw.com/wp-content/plugins/sitepress-multilingual-cms/res/flags/en.png
https://cindemirlaw.com/wp-content/plugins/sitepress-multilingual-cms/res/flags/ru.png
https://cindemirlaw.com/wp-content/uploads/2020/06/cropped-logoicon-1-1-300x300.jpg
https://cindemirlaw.com/wp-content/uploads/flags/china-flag-xs.png
https://d.barobirlik.org.tr/amblem/tbb_amblem_60.png
https://www.aeuropea.com/wp-content/uploads/2025/09/aea-01v001-ILN-small.png
https://www.istanbulbarosu.org.tr/_next/image?url=%2Fimages%2Fbaro_logo.png&w=128&q=75"	"200
200
200
200
403
301"
"20"	"https://cindemirlaw.com/gokhan-cindemir/"	"Gökhan Cindemir, LLM | Cindemir Law Office"	"text/html; charset=utf-8"	"false"	"200"	"0"	"https://cindemirlaw.com/wp-content/plugins/sitepress-multilingual-cms/res/flags/en.png
https://cindemirlaw.com/wp-content/plugins/sitepress-multilingual-cms/res/flags/ru.png
https://cindemirlaw.com/wp-content/uploads/2020/06/cropped-logoicon-1-1-300x300.jpg
https://cindemirlaw.com/wp-content/uploads/flags/china-flag-xs.png
https://d.barobirlik.org.tr/amblem/tbb_amblem_60.png
https://www.aeuropea.com/wp-content/uploads/2025/09/aea-01v001-ILN-small.png
https://www.istanbulbarosu.org.tr/_next/image?url=%2Fimages%2Fbaro_logo.png&w=128&q=75"	"200
200
200
200
403
301"
"20"	"https://cindemirlaw.com/%D0%BA%D0%B0%D0%BA-%D0%BE%D1%82%D0%BA%D1%80%D1%8B%D1%82%D1%8C-%D1%84%D0%B8%D0%BB%D0%B8%D0%B0%D0%BB-%D0%B2-%D1%82%D1%83%D1%80%D1%86%D0%B8%D0%B8/?lang=ru"	"адвокатское бюро Синдемир % как открыть филиал в турции"	"text/html; charset=utf-8"	"false"	"200"	"0"	"https://cindemirlaw.com/wp-content/plugins/sitepress-multilingual-cms/res/flags/en.png
https://cindemirlaw.com/wp-content/plugins/sitepress-multilingual-cms/res/flags/ru.png
https://cindemirlaw.com/wp-content/themes/enfold/images/layout/logo.png
https://cindemirlaw.com/wp-content/uploads/2020/10/white-5-copy-300x300.jpg
https://cindemirlaw.com/wp-content/uploads/flags/china-flag-xs.png
https://d.barobirlik.org.tr/amblem/tbb_amblem_60.png
https://www.aeuropea.com/wp-content/uploads/2025/09/aea-01v001-ILN-small.png
https://www.istanbulbarosu.org.tr/_next/image?url=%2Fimages%2Fbaro_logo.png&w=128&q=75"	"200
200
200
200
200
403
301"
"20"	"https://cindemirlaw.com/energy-law-and-investment/"	"Energy Law and Investment in Turkey | Cindemir Law Office"	"text/html; charset=utf-8"	"false"	"200"	"0"	"https://cindemirlaw.com/wp-content/plugins/sitepress-multilingual-cms/res/flags/en.png
https://cindemirlaw.com/wp-content/plugins/sitepress-multilingual-cms/res/flags/ru.png
https://cindemirlaw.com/wp-content/uploads/2020/06/cropped-logoicon-1-1-300x300.jpg
https://cindemirlaw.com/wp-content/uploads/flags/china-flag-xs.png
https://d.barobirlik.org.tr/amblem/tbb_amblem_60.png
https://www.aeuropea.com/wp-content/uploads/2025/09/aea-01v001-ILN-small.png
https://www.istanbulbarosu.org.tr/_next/image?url=%2Fimages%2Fbaro_logo.png&w=128&q=75"	"200
200
200
200
403
301"
"20"	"https://cindemirlaw.com/gokhan-cindemir-attorney-at-law-2-2/?lang=zh-hans"	"Gökhan Cindemir , Attorney At Law - Cindemir Law Office"	"text/html; charset=utf-8"	"false"	"200"	"0"	"https://cindemirlaw.com/chinese/wp-content/uploads/2014/11/white-1-copy-150x150.jpg
https://cindemirlaw.com/wp-content/plugins/sitepress-multilingual-cms/res/flags/en.png
https://cindemirlaw.com/wp-content/plugins/sitepress-multilingual-cms/res/flags/ru.png
https://cindemirlaw.com/wp-content/themes/enfold/images/layout/logo.png
https://cindemirlaw.com/wp-content/uploads/flags/china-flag-xs.png
https://d.barobirlik.org.tr/amblem/tbb_amblem_60.png
https://www.aeuropea.com/wp-content/uploads/2025/09/aea-01v001-ILN-small.png
https://www.istanbulbarosu.org.tr/_next/image?url=%2Fimages%2Fbaro_logo.png&w=128&q=75"	"404
200
200
200
200
403
301"
"20"	"https://cindemirlaw.com/%D1%80%D0%B0%D1%81%D1%81%D0%BB%D0%B5%D0%B4%D0%BE%D0%B2%D0%B0%D0%BD%D0%B8%D0%B5-%D0%BD%D0%B0%D1%81%D0%BB%D0%B5%D0%B4%D1%81%D1%82%D0%B2%D0%B0-%D0%B2-%D1%82%D1%83%D1%80%D1%86%D0%B8%D0%B8-%D1%8E%D1%80/"	"Расследование наследства в Турции | Cindemir"	"text/html; charset=utf-8"	"false"	"200"	"0"	"https://cindemirlaw.com/wp-content/plugins/sitepress-multilingual-cms/res/flags/en.png
https://cindemirlaw.com/wp-content/plugins/sitepress-multilingual-cms/res/flags/ru.png
https://cindemirlaw.com/wp-content/uploads/2020/06/cropped-logoicon-1-1-300x300.jpg
https://cindemirlaw.com/wp-content/uploads/flags/china-flag-xs.png
https://d.barobirlik.org.tr/amblem/tbb_amblem_60.png
https://www.aeuropea.com/wp-content/uploads/2025/09/aea-01v001-ILN-small.png
https://www.istanbulbarosu.org.tr/_next/image?url=%2Fimages%2Fbaro_logo.png&w=128&q=75"	"200
200
200
200
403
301"
"20"	"https://cindemirlaw.com/kontak/"	"Контакты - Cindemir Law Office"	"text/html; charset=utf-8"	"false"	"200"	"0"	"https://cindemirlaw.com/wp-content/plugins/sitepress-multilingual-cms/res/flags/en.png
https://cindemirlaw.com/wp-content/plugins/sitepress-multilingual-cms/res/flags/ru.png
https://cindemirlaw.com/wp-content/uploads/2020/06/cropped-logoicon-1-1-300x300.jpg
https://cindemirlaw.com/wp-content/uploads/flags/china-flag-xs.png
https://d.barobirlik.org.tr/amblem/tbb_amblem_60.png
https://www.aeuropea.com/wp-content/uploads/2025/09/aea-01v001-ILN-small.png
https://www.istanbulbarosu.org.tr/_next/image?url=%2Fimages%2Fbaro_logo.png&w=128&q=75"	"200
200
200
200
403
301"
"20"	"https://cindemirlaw.com/fde1068e3bda46a37dd24126f9ec4b09df0c999365011ec71028e1a7d4c45bfdd1fde1068e3bda46a37dd24126f9ec4b09df0c999365011ec71028e1a7d4c45bfd82fde1068e3bda46a37dd24126f9ec4b09df0c999365011ec71028e1a7d4c45bf/?lang=ru"	"Трудовое право - Cindemir Law Office"	"text/html; charset=utf-8"	"false"	"200"	"0"	"https://cindemirlaw.com/wp-content/plugins/sitepress-multilingual-cms/res/flags/en.png
https://cindemirlaw.com/wp-content/plugins/sitepress-multilingual-cms/res/flags/ru.png
https://cindemirlaw.com/wp-content/themes/enfold/images/layout/logo.png
https://cindemirlaw.com/wp-content/uploads/flags/china-flag-xs.png
https://d.barobirlik.org.tr/amblem/tbb_amblem_60.png
https://www.aeuropea.com/wp-content/uploads/2025/09/aea-01v001-ILN-small.png
https://www.istanbulbarosu.org.tr/_next/image?url=%2Fimages%2Fbaro_logo.png&w=128&q=75"	"200
200
200
200
403
301"
"20"	"https://cindemirlaw.com/what-are-the-limitations-of-a-will-under-turkish-law/"	"What Are the Limitations of a Will under Turkish Law? | Turkish Law"	"text/html; charset=utf-8"	"false"	"200"	"0"	"https://cindemirlaw.com/wp-content/plugins/sitepress-multilingual-cms/res/flags/en.png
https://cindemirlaw.com/wp-content/plugins/sitepress-multilingual-cms/res/flags/ru.png
https://cindemirlaw.com/wp-content/uploads/2020/06/cropped-logoicon-1-1-300x300.jpg
https://cindemirlaw.com/wp-content/uploads/flags/china-flag-xs.png
https://d.barobirlik.org.tr/amblem/tbb_amblem_60.png
https://www.aeuropea.com/wp-content/uploads/2025/09/aea-01v001-ILN-small.png
https://www.istanbulbarosu.org.tr/_next/image?url=%2Fimages%2Fbaro_logo.png&w=128&q=75"	"200
200
200
200
403
301"
"20"	"https://cindemirlaw.com/%D0%BA%D0%BE%D0%BC%D0%BF%D0%B5%D0%BD%D1%81%D0%B0%D1%86%D0%B8%D0%B8-%D0%BF%D0%BE%D0%BB%D0%BE%D0%B6%D0%B5%D0%BD%D0%BD%D1%8B%D0%B5-%D0%B2-%D1%80%D0%B5%D0%B7%D1%83%D0%BB%D1%8C%D1%82%D0%B0%D1%82%D0%B5/?lang=ru"	"Компенсации дорожно-транспортных происшествий( ДТП )"	"text/html; charset=utf-8"	"false"	"200"	"0"	"https://cindemirlaw.com/wp-content/plugins/sitepress-multilingual-cms/res/flags/en.png
https://cindemirlaw.com/wp-content/plugins/sitepress-multilingual-cms/res/flags/ru.png
https://cindemirlaw.com/wp-content/themes/enfold/images/layout/logo.png
https://cindemirlaw.com/wp-content/uploads/flags/china-flag-xs.png
https://d.barobirlik.org.tr/amblem/tbb_amblem_60.png
https://www.aeuropea.com/wp-content/uploads/2025/09/aea-01v001-ILN-small.png
https://www.istanbulbarosu.org.tr/_next/image?url=%2Fimages%2Fbaro_logo.png&w=128&q=75"	"200
200
200
200
403
301"
"20"	"https://cindemirlaw.com/fde1068e3bda46a37dd24126f9ec4b09df0c999365011ec71028e1a7d4c45bfdd0fde1068e3bda46a37dd24126f9ec4b09df0c999365011ec71028e1a7d4c45bfdb4fde1068e3bda46a37dd24126f9ec4b09df0c999365011ec71028e1a7d4c45bf/?lang=ru"	"Дью-дилидженс - Cindemir Law Office"	"text/html; charset=utf-8"	"false"	"200"	"0"	"https://cindemirlaw.com/wp-content/plugins/sitepress-multilingual-cms/res/flags/en.png
https://cindemirlaw.com/wp-content/plugins/sitepress-multilingual-cms/res/flags/ru.png
https://cindemirlaw.com/wp-content/themes/enfold/images/layout/logo.png
https://cindemirlaw.com/wp-content/uploads/flags/china-flag-xs.png
https://d.barobirlik.org.tr/amblem/tbb_amblem_60.png
https://www.aeuropea.com/wp-content/uploads/2025/09/aea-01v001-ILN-small.png
https://www.istanbulbarosu.org.tr/_next/image?url=%2Fimages%2Fbaro_logo.png&w=128&q=75"	"200
200
200
200
403
301"
"20"	"https://cindemirlaw.com/personal-injury-and-car-accidents-under-turkish-law/"	"Personal Injury and Car Accidents in Turkey | Cindemir Law Office"	"text/html; charset=utf-8"	"false"	"200"	"0"	"https://cindemirlaw.com/wp-content/plugins/sitepress-multilingual-cms/res/flags/en.png
https://cindemirlaw.com/wp-content/plugins/sitepress-multilingual-cms/res/flags/ru.png
https://cindemirlaw.com/wp-content/uploads/2020/06/cropped-logoicon-1-1-300x300.jpg
https://cindemirlaw.com/wp-content/uploads/flags/china-flag-xs.png
https://d.barobirlik.org.tr/amblem/tbb_amblem_60.png
https://www.aeuropea.com/wp-content/uploads/2025/09/aea-01v001-ILN-small.png
https://www.istanbulbarosu.org.tr/_next/image?url=%2Fimages%2Fbaro_logo.png&w=128&q=75"	"200
200
200
200
403
301"
"20"	"https://cindemirlaw.com/cisg-in-turkey-international-sale-of-goods-disputes-and-legal-framework/"	"CISG in Turkey | International Sale of Goods Disputes"	"text/html; charset=utf-8"	"false"	"200"	"0"	"https://cindemirlaw.com/wp-content/plugins/sitepress-multilingual-cms/res/flags/en.png
https://cindemirlaw.com/wp-content/plugins/sitepress-multilingual-cms/res/flags/ru.png
https://cindemirlaw.com/wp-content/uploads/2020/06/cropped-logoicon-1-1-300x300.jpg
https://cindemirlaw.com/wp-content/uploads/flags/china-flag-xs.png
https://d.barobirlik.org.tr/amblem/tbb_amblem_60.png
https://www.aeuropea.com/wp-content/uploads/2025/09/aea-01v001-ILN-small.png
https://www.istanbulbarosu.org.tr/_next/image?url=%2Fimages%2Fbaro_logo.png&w=128&q=75"	"200
200
200
200
403
301"
"20"	"https://cindemirlaw.com/contacts/?lang=ru"	"Cindemir law Office, maltepe ,istanbul"	"text/html; charset=utf-8"	"false"	"200"	"0"	"https://cindemirlaw.com/wp-content/plugins/sitepress-multilingual-cms/res/flags/en.png
https://cindemirlaw.com/wp-content/plugins/sitepress-multilingual-cms/res/flags/ru.png
https://cindemirlaw.com/wp-content/themes/enfold/images/layout/logo.png
https://cindemirlaw.com/wp-content/uploads/flags/china-flag-xs.png
https://d.barobirlik.org.tr/amblem/tbb_amblem_60.png
https://www.aeuropea.com/wp-content/uploads/2025/09/aea-01v001-ILN-small.png
https://www.istanbulbarosu.org.tr/_next/image?url=%2Fimages%2Fbaro_logo.png&w=128&q=75"	"200
200
200
200
403
301"
"20"	"https://cindemirlaw.com/link9/"	"招聘信息 - Cindemir Law Office"	"text/html; charset=utf-8"	"false"	"200"	"0"	"https://cindemirlaw.com/wp-content/plugins/sitepress-multilingual-cms/res/flags/en.png
https://cindemirlaw.com/wp-content/plugins/sitepress-multilingual-cms/res/flags/ru.png
https://cindemirlaw.com/wp-content/uploads/2020/06/cropped-logoicon-1-1-300x300.jpg
https://cindemirlaw.com/wp-content/uploads/flags/china-flag-xs.png
https://d.barobirlik.org.tr/amblem/tbb_amblem_60.png
https://www.aeuropea.com/wp-content/uploads/2025/09/aea-01v001-ILN-small.png
https://www.istanbulbarosu.org.tr/_next/image?url=%2Fimages%2Fbaro_logo.png&w=128&q=75"	"200
200
200
200
403
301"
"20"	"https://cindemirlaw.com/articles/?lang=ru"	"статьи"	"text/html; charset=utf-8"	"false"	"200"	"0"	"https://cindemirlaw.com/wp-content/plugins/sitepress-multilingual-cms/res/flags/en.png
https://cindemirlaw.com/wp-content/plugins/sitepress-multilingual-cms/res/flags/ru.png
https://cindemirlaw.com/wp-content/themes/enfold/images/layout/logo.png
https://cindemirlaw.com/wp-content/uploads/flags/china-flag-xs.png
https://d.barobirlik.org.tr/amblem/tbb_amblem_60.png
https://www.aeuropea.com/wp-content/uploads/2025/09/aea-01v001-ILN-small.png
https://www.istanbulbarosu.org.tr/_next/image?url=%2Fimages%2Fbaro_logo.png&w=128&q=75"	"200
200
200
200
403
301"
"20"	"https://cindemirlaw.com/fde1068e3bda46a37dd24126f9ec4b09df0c999365011ec71028e1a7d4c45bfdd1fde1068e3bda46a37dd24126f9ec4b09df0c999365011ec71028e1a7d4c45bfd83fde1068e3bda46a37dd24126f9ec4b09df0c999365011ec71028e1a7d4c45bf-3/?lang=ru"	"Услуги по взысканию долгов - Cindemir Law Office"	"text/html; charset=utf-8"	"false"	"200"	"0"	"https://cindemirlaw.com/wp-content/plugins/sitepress-multilingual-cms/res/flags/en.png
https://cindemirlaw.com/wp-content/plugins/sitepress-multilingual-cms/res/flags/ru.png
https://cindemirlaw.com/wp-content/themes/enfold/images/layout/logo.png
https://cindemirlaw.com/wp-content/uploads/flags/china-flag-xs.png
https://d.barobirlik.org.tr/amblem/tbb_amblem_60.png
https://www.aeuropea.com/wp-content/uploads/2025/09/aea-01v001-ILN-small.png
https://www.istanbulbarosu.org.tr/_next/image?url=%2Fimages%2Fbaro_logo.png&w=128&q=75"	"200
200
200
200
403
301"
"20"	"https://cindemirlaw.com/gokhan-cindemir-2/"	"Gökhan Cindemir in Turkey | Legal Overview"	"text/html; charset=utf-8"	"false"	"200"	"0"	"https://cindemirlaw.com/wp-content/plugins/sitepress-multilingual-cms/res/flags/en.png
https://cindemirlaw.com/wp-content/plugins/sitepress-multilingual-cms/res/flags/ru.png
https://cindemirlaw.com/wp-content/uploads/2020/06/cropped-logoicon-1-1-300x300.jpg
https://cindemirlaw.com/wp-content/uploads/flags/china-flag-xs.png
https://d.barobirlik.org.tr/amblem/tbb_amblem_60.png
https://www.aeuropea.com/wp-content/uploads/2025/09/aea-01v001-ILN-small.png
https://www.istanbulbarosu.org.tr/_next/image?url=%2Fimages%2Fbaro_logo.png&w=128&q=75"	"200
200
200
200
403
301"
"20"	"https://cindemirlaw.com/gokhan-cindemir-attorney-at-law/"	"Mr. Gökhan Cindemir, PhD, Senior Partner | Cindemir Law Office"	"text/html; charset=utf-8"	"false"	"200"	"0"	"https://cindemirlaw.com/wp-content/plugins/sitepress-multilingual-cms/res/flags/en.png
https://cindemirlaw.com/wp-content/plugins/sitepress-multilingual-cms/res/flags/ru.png
https://cindemirlaw.com/wp-content/uploads/2020/06/cropped-logoicon-1-1-300x300.jpg
https://cindemirlaw.com/wp-content/uploads/2020/10/white-1-copy-300x300.jpg
https://cindemirlaw.com/wp-content/uploads/2020/10/white3-copy-300x300.jpg
https://cindemirlaw.com/wp-content/uploads/flags/china-flag-xs.png
https://d.barobirlik.org.tr/amblem/tbb_amblem_60.png
https://www.aeuropea.com/wp-content/uploads/2025/09/aea-01v001-ILN-small.png
https://www.istanbulbarosu.org.tr/_next/image?url=%2Fimages%2Fbaro_logo.png&w=128&q=75"	"200
200
200
200
200
200
403
301"
"20"	"https://cindemirlaw.com/%D1%81%D1%82%D0%B0%D1%82%D1%83%D1%81-%D0%B1%D0%B5%D0%B6%D0%B5%D0%BD%D1%86%D0%B0-%D0%B2-%D1%82%D1%83%D1%80%D1%86%D0%B8%D0%B8/?lang=ru"	"Статус Беженца в Турции - Адвокатское бюро Джиндемир"	"text/html; charset=utf-8"	"false"	"200"	"0"	"https://cindemirlaw.com/wp-content/plugins/sitepress-multilingual-cms/res/flags/en.png
https://cindemirlaw.com/wp-content/plugins/sitepress-multilingual-cms/res/flags/ru.png
https://cindemirlaw.com/wp-content/themes/enfold/images/layout/logo.png
https://cindemirlaw.com/wp-content/uploads/flags/china-flag-xs.png
https://d.barobirlik.org.tr/amblem/tbb_amblem_60.png
https://www.aeuropea.com/wp-content/uploads/2025/09/aea-01v001-ILN-small.png
https://www.istanbulbarosu.org.tr/_next/image?url=%2Fimages%2Fbaro_logo.png&w=128&q=75"	"200
200
200
200
403
301"
"20"	"https://cindemirlaw.com/exit-bans-in-turkey-a-critical-exploration-of-judicial-control/"	"Exit Bans in Turkey: A Critical Exploration of Judicial Control"	"text/html; charset=utf-8"	"false"	"200"	"0"	"https://cindemirlaw.com/wp-content/plugins/sitepress-multilingual-cms/res/flags/en.png
https://cindemirlaw.com/wp-content/plugins/sitepress-multilingual-cms/res/flags/ru.png
https://cindemirlaw.com/wp-content/uploads/2020/06/cropped-logoicon-1-1-300x300.jpg
https://cindemirlaw.com/wp-content/uploads/2020/10/540664430-300x200.jpg
https://cindemirlaw.com/wp-content/uploads/flags/china-flag-xs.png
https://d.barobirlik.org.tr/amblem/tbb_amblem_60.png
https://www.aeuropea.com/wp-content/uploads/2025/09/aea-01v001-ILN-small.png
https://www.istanbulbarosu.org.tr/_next/image?url=%2Fimages%2Fbaro_logo.png&w=128&q=75"	"200
200
200
200
200
403
301"
"20"	"https://cindemirlaw.com/legal-support-for-visiting-foreign-nationals-in-turkish-prisons/"	"Legal Support for Visiting Foreign Nationals in Turkish Prisons"	"text/html; charset=utf-8"	"false"	"200"	"0"	"https://cindemirlaw.com/wp-content/plugins/sitepress-multilingual-cms/res/flags/en.png
https://cindemirlaw.com/wp-content/plugins/sitepress-multilingual-cms/res/flags/ru.png
https://cindemirlaw.com/wp-content/uploads/2020/06/cropped-logoicon-1-1-300x300.jpg
https://cindemirlaw.com/wp-content/uploads/flags/china-flag-xs.png
https://d.barobirlik.org.tr/amblem/tbb_amblem_60.png
https://www.aeuropea.com/wp-content/uploads/2025/09/aea-01v001-ILN-small.png
https://www.istanbulbarosu.org.tr/_next/image?url=%2Fimages%2Fbaro_logo.png&w=128&q=75"	"200
200
200
200
403
301"
"20"	"https://cindemirlaw.com/our-articles-2/"	"Наши статьи | Cindemir"	"text/html; charset=utf-8"	"false"	"200"	"0"	"https://cindemirlaw.com/wp-content/plugins/sitepress-multilingual-cms/res/flags/en.png
https://cindemirlaw.com/wp-content/plugins/sitepress-multilingual-cms/res/flags/ru.png
https://cindemirlaw.com/wp-content/uploads/2020/06/cropped-logoicon-1-1-300x300.jpg
https://cindemirlaw.com/wp-content/uploads/flags/china-flag-xs.png
https://d.barobirlik.org.tr/amblem/tbb_amblem_60.png
https://www.aeuropea.com/wp-content/uploads/2025/09/aea-01v001-ILN-small.png
https://www.istanbulbarosu.org.tr/_next/image?url=%2Fimages%2Fbaro_logo.png&w=128&q=75"	"200
200
200
200
403
301"
"20"	"https://cindemirlaw.com/%D0%BF%D1%80%D0%B5%D1%81%D1%82%D1%83%D0%BF%D0%BB%D0%B5%D0%BD%D0%B8%D1%8F-%D1%81-%D0%BA%D1%80%D0%B8%D0%BF%D1%82%D0%BE%D0%B2%D0%B0%D0%BB%D1%8E%D1%82%D0%BE%D0%B9-%D0%B2-%D1%82%D1%83%D1%80%D1%86%D0%B8/"	"Преступления с криптовалютой в Турции | Cindemir"	"text/html; charset=utf-8"	"false"	"200"	"0"	"https://cindemirlaw.com/wp-content/plugins/sitepress-multilingual-cms/res/flags/en.png
https://cindemirlaw.com/wp-content/plugins/sitepress-multilingual-cms/res/flags/ru.png
https://cindemirlaw.com/wp-content/uploads/2020/06/cropped-logoicon-1-1-300x300.jpg
https://cindemirlaw.com/wp-content/uploads/flags/china-flag-xs.png
https://d.barobirlik.org.tr/amblem/tbb_amblem_60.png
https://www.aeuropea.com/wp-content/uploads/2025/09/aea-01v001-ILN-small.png
https://www.istanbulbarosu.org.tr/_next/image?url=%2Fimages%2Fbaro_logo.png&w=128&q=75"	"200
200
200
200
403
301"
"20"	"https://cindemirlaw.com/anti-dumping-measures/"	"Anti-dumping measures in Turkey | Legal Overview"	"text/html; charset=utf-8"	"false"	"200"	"0"	"https://cindemirlaw.com/wp-content/plugins/sitepress-multilingual-cms/res/flags/en.png
https://cindemirlaw.com/wp-content/plugins/sitepress-multilingual-cms/res/flags/ru.png
https://cindemirlaw.com/wp-content/uploads/2020/06/cropped-logoicon-1-1-300x300.jpg
https://cindemirlaw.com/wp-content/uploads/2020/06/white-1-copy-150x150-1.jpg
https://cindemirlaw.com/wp-content/uploads/flags/china-flag-xs.png
https://d.barobirlik.org.tr/amblem/tbb_amblem_60.png
https://www.aeuropea.com/wp-content/uploads/2025/09/aea-01v001-ILN-small.png
https://www.istanbulbarosu.org.tr/_next/image?url=%2Fimages%2Fbaro_logo.png&w=128&q=75"	"200
200
200
200
200
403
301"
"20"	"https://cindemirlaw.com/%D0%BD%D0%B0%D1%81%D0%BB%D0%B5%D0%B4%D1%81%D1%82%D0%B2%D0%B5%D0%BD%D0%BD%D0%BE%D0%B5-%D0%BF%D1%80%D0%B0%D0%B2%D0%BE-%D1%82%D1%83%D1%80%D1%86%D0%B8%D0%B8-2/?lang=ru"	"Наследственное Право Турции - Cindemir Law - адвокатское бюро Синдемир"	"text/html; charset=utf-8"	"false"	"200"	"0"	"https://cindemirlaw.com/wp-content/plugins/sitepress-multilingual-cms/res/flags/en.png
https://cindemirlaw.com/wp-content/plugins/sitepress-multilingual-cms/res/flags/ru.png
https://cindemirlaw.com/wp-content/themes/enfold/images/layout/logo.png
https://cindemirlaw.com/wp-content/uploads/2020/10/white-5-copy-300x300.jpg
https://cindemirlaw.com/wp-content/uploads/flags/china-flag-xs.png
https://d.barobirlik.org.tr/amblem/tbb_amblem_60.png
https://www.aeuropea.com/wp-content/uploads/2025/09/aea-01v001-ILN-small.png
https://www.istanbulbarosu.org.tr/_next/image?url=%2Fimages%2Fbaro_logo.png&w=128&q=75"	"200
200
200
200
200
403
301"
"20"	"https://cindemirlaw.com/cindemir-law-3/"	"土耳其Cindemir Law | Cindemir"	"text/html; charset=utf-8"	"false"	"200"	"0"	"https://cindemirlaw.com/wp-content/plugins/sitepress-multilingual-cms/res/flags/en.png
https://cindemirlaw.com/wp-content/plugins/sitepress-multilingual-cms/res/flags/ru.png
https://cindemirlaw.com/wp-content/uploads/2020/06/cropped-logoicon-1-1-300x300.jpg
https://cindemirlaw.com/wp-content/uploads/flags/china-flag-xs.png
https://d.barobirlik.org.tr/amblem/tbb_amblem_60.png
https://www.aeuropea.com/wp-content/uploads/2025/09/aea-01v001-ILN-small.png
https://www.istanbulbarosu.org.tr/_next/image?url=%2Fimages%2Fbaro_logo.png&w=128&q=75"	"200
200
200
200
403
301"
"20"	"https://cindemirlaw.com/enforcement-of-a-chinese-foreign-judgment-in-turkey/"	"Enforcement of Chinese Judgments in Turkey"	"text/html; charset=utf-8"	"false"	"200"	"0"	"https://cindemirlaw.com/wp-content/plugins/sitepress-multilingual-cms/res/flags/en.png
https://cindemirlaw.com/wp-content/plugins/sitepress-multilingual-cms/res/flags/ru.png
https://cindemirlaw.com/wp-content/uploads/2020/06/cropped-logoicon-1-1-300x300.jpg
https://cindemirlaw.com/wp-content/uploads/2020/06/white-1-copy-150x150-1.jpg
https://cindemirlaw.com/wp-content/uploads/flags/china-flag-xs.png
https://d.barobirlik.org.tr/amblem/tbb_amblem_60.png
https://www.aeuropea.com/wp-content/uploads/2025/09/aea-01v001-ILN-small.png
https://www.istanbulbarosu.org.tr/_next/image?url=%2Fimages%2Fbaro_logo.png&w=128&q=75"	"200
200
200
200
200
403
301"
"20"	"https://cindemirlaw.com/private-international-law-rules/"	"Private International Law Rules in Turkey | Legal Overview"	"text/html; charset=utf-8"	"false"	"200"	"0"	"https://cindemirlaw.com/wp-content/plugins/sitepress-multilingual-cms/res/flags/en.png
https://cindemirlaw.com/wp-content/plugins/sitepress-multilingual-cms/res/flags/ru.png
https://cindemirlaw.com/wp-content/uploads/2020/06/cropped-logoicon-1-1-300x300.jpg
https://cindemirlaw.com/wp-content/uploads/flags/china-flag-xs.png
https://d.barobirlik.org.tr/amblem/tbb_amblem_60.png
https://www.aeuropea.com/wp-content/uploads/2025/09/aea-01v001-ILN-small.png
https://www.istanbulbarosu.org.tr/_next/image?url=%2Fimages%2Fbaro_logo.png&w=128&q=75"	"200
200
200
200
403
301"
"20"	"https://cindemirlaw.com/new-spk-decision-on-crypto-assets-a-comprehensive-overview-of-regulatory-amendments/"	"New SPK Decision on Crypto Assets | Cindemir"	"text/html; charset=utf-8"	"false"	"200"	"0"	"https://cindemirlaw.com/wp-content/plugins/sitepress-multilingual-cms/res/flags/en.png
https://cindemirlaw.com/wp-content/plugins/sitepress-multilingual-cms/res/flags/ru.png
https://cindemirlaw.com/wp-content/uploads/2020/06/cropped-logoicon-1-1-300x300.jpg
https://cindemirlaw.com/wp-content/uploads/flags/china-flag-xs.png
https://d.barobirlik.org.tr/amblem/tbb_amblem_60.png
https://www.aeuropea.com/wp-content/uploads/2025/09/aea-01v001-ILN-small.png
https://www.istanbulbarosu.org.tr/_next/image?url=%2Fimages%2Fbaro_logo.png&w=128&q=75"	"200
200
200
200
403
301"
"20"	"https://cindemirlaw.com/%D1%8E%D1%80%D0%B8%D0%B4%D0%B8%D1%87%D0%B5%D1%81%D0%BA%D0%B0%D1%8F-%D0%BF%D0%BE%D0%BC%D0%BE%D1%89%D1%8C-%D0%BF%D1%80%D0%B8-%D0%BE%D1%82%D0%BF%D1%80%D0%B0%D0%B2%D0%BA%D0%B5-%D0%B2%D0%B5%D1%89%D0%B5/?lang=ru"	"Юридическая помощь при отправке вещей и денег иностранным заключённым в Турции - Cindemir Law Office"	"text/html; charset=utf-8"	"false"	"200"	"0"	"https://cindemirlaw.com/wp-content/plugins/sitepress-multilingual-cms/res/flags/en.png
https://cindemirlaw.com/wp-content/plugins/sitepress-multilingual-cms/res/flags/ru.png
https://cindemirlaw.com/wp-content/themes/enfold/images/layout/logo.png
https://cindemirlaw.com/wp-content/uploads/flags/china-flag-xs.png
https://d.barobirlik.org.tr/amblem/tbb_amblem_60.png
https://www.aeuropea.com/wp-content/uploads/2025/09/aea-01v001-ILN-small.png
https://www.istanbulbarosu.org.tr/_next/image?url=%2Fimages%2Fbaro_logo.png&w=128&q=75"	"200
200
200
200
403
301"
"20"	"https://cindemirlaw.com/fde1068e3bda46a37dd24126f9ec4b09df0c999365011ec71028e1a7d4c45bfdd0fde1068e3bda46a37dd24126f9ec4b09df0c999365011ec71028e1a7d4c45bfdb6fde1068e3bda46a37dd24126f9ec4b09df0c999365011ec71028e1a7d4c45bf/?lang=ru"	"Женкер Дегирманчи, юрисконсультант, Общий координатор - Cindemir Law Office"	"text/html; charset=utf-8"	"false"	"200"	"0"	"https://cindemirlaw.com/wp-content/plugins/sitepress-multilingual-cms/res/flags/en.png
https://cindemirlaw.com/wp-content/plugins/sitepress-multilingual-cms/res/flags/ru.png
https://cindemirlaw.com/wp-content/themes/enfold/images/layout/logo.png
https://cindemirlaw.com/wp-content/uploads/flags/china-flag-xs.png
https://d.barobirlik.org.tr/amblem/tbb_amblem_60.png
https://www.aeuropea.com/wp-content/uploads/2025/09/aea-01v001-ILN-small.png
https://www.istanbulbarosu.org.tr/_next/image?url=%2Fimages%2Fbaro_logo.png&w=128&q=75"	"200
200
200
200
403
301"
"20"	"https://cindemirlaw.com/%D0%BF%D1%80%D0%BE%D1%84%D0%B5%D1%81%D1%81%D0%B8%D0%BE%D0%BD%D0%B0%D0%BB%D1%8C%D0%BD%D1%8B%D0%B5-%D1%8E%D1%80%D0%B8%D0%B4%D0%B8%D1%87%D0%B5%D1%81%D0%BA%D0%B8%D0%B5-%D0%BA%D0%BE%D0%BD%D1%81%D1%83%D0%BB/?lang=ru"	"Профессиональные юридические консультации для заключённых в тюрьмах Турции - Cindemir Law Office"	"text/html; charset=utf-8"	"false"	"200"	"0"	"https://cindemirlaw.com/wp-content/plugins/sitepress-multilingual-cms/res/flags/en.png
https://cindemirlaw.com/wp-content/plugins/sitepress-multilingual-cms/res/flags/ru.png
https://cindemirlaw.com/wp-content/themes/enfold/images/layout/logo.png
https://cindemirlaw.com/wp-content/uploads/flags/china-flag-xs.png
https://d.barobirlik.org.tr/amblem/tbb_amblem_60.png
https://www.aeuropea.com/wp-content/uploads/2025/09/aea-01v001-ILN-small.png
https://www.istanbulbarosu.org.tr/_next/image?url=%2Fimages%2Fbaro_logo.png&w=128&q=75"	"200
200
200
200
403
301"
"20"	"https://cindemirlaw.com/cindemir/"	"Cindemir Hukuk Bürosu / Cindemir Law Office | Cindemir Law Office"	"text/html; charset=utf-8"	"false"	"200"	"0"	"https://cindemirlaw.com/wp-content/plugins/sitepress-multilingual-cms/res/flags/en.png
https://cindemirlaw.com/wp-content/plugins/sitepress-multilingual-cms/res/flags/ru.png
https://cindemirlaw.com/wp-content/uploads/2020/06/cropped-logoicon-1-1-300x300.jpg
https://cindemirlaw.com/wp-content/uploads/flags/china-flag-xs.png
https://d.barobirlik.org.tr/amblem/tbb_amblem_60.png
https://www.aeuropea.com/wp-content/uploads/2025/09/aea-01v001-ILN-small.png
https://www.istanbulbarosu.org.tr/_next/image?url=%2Fimages%2Fbaro_logo.png&w=128&q=75"	"200
200
200
200
403
301"
"20"	"https://cindemirlaw.com/pod/"	"Поддержка - Cindemir Law Office"	"text/html; charset=utf-8"	"false"	"200"	"0"	"https://cindemirlaw.com/wp-content/plugins/sitepress-multilingual-cms/res/flags/en.png
https://cindemirlaw.com/wp-content/plugins/sitepress-multilingual-cms/res/flags/ru.png
https://cindemirlaw.com/wp-content/uploads/2020/06/cropped-logoicon-1-1-300x300.jpg
https://cindemirlaw.com/wp-content/uploads/flags/china-flag-xs.png
https://d.barobirlik.org.tr/amblem/tbb_amblem_60.png
https://www.aeuropea.com/wp-content/uploads/2025/09/aea-01v001-ILN-small.png
https://www.istanbulbarosu.org.tr/_next/image?url=%2Fimages%2Fbaro_logo.png&w=128&q=75"	"200
200
200
200
403
301"
"20"	"https://cindemirlaw.com/fde1068e3bda46a37dd24126f9ec4b09df0c999365011ec71028e1a7d4c45bfdd0fde1068e3bda46a37dd24126f9ec4b09df0c999365011ec71028e1a7d4c45bfdb0fde1068e3bda46a37dd24126f9ec4b09df0c999365011ec71028e1a7d4c45bf-2/"	"Адвокат Хакан Синдемир, Адвокат в суде - Cindemir Law Office"	"text/html; charset=utf-8"	"false"	"200"	"0"	"https://cindemirlaw.com/russian/wp-content/uploads/2014/11/white-2-copy-150x150.jpg
https://cindemirlaw.com/russian/wp-content/uploads/2014/11/white-5-copy-150x150.jpg
https://cindemirlaw.com/wp-content/plugins/sitepress-multilingual-cms/res/flags/en.png
https://cindemirlaw.com/wp-content/plugins/sitepress-multilingual-cms/res/flags/ru.png
https://cindemirlaw.com/wp-content/uploads/2020/06/cropped-logoicon-1-1-300x300.jpg
https://cindemirlaw.com/wp-content/uploads/flags/china-flag-xs.png
https://d.barobirlik.org.tr/amblem/tbb_amblem_60.png
https://www.aeuropea.com/wp-content/uploads/2025/09/aea-01v001-ILN-small.png
https://www.istanbulbarosu.org.tr/_next/image?url=%2Fimages%2Fbaro_logo.png&w=128&q=75"	"404
404
200
200
200
200
403
301"
"20"	"https://cindemirlaw.com/survivor-pension-for-spouses-of-deceased-turkish-citizens/"	"Survivor Pension for Spouses of Deceased Turkish Citizens"	"text/html; charset=utf-8"	"false"	"200"	"0"	"https://cindemirlaw.com/wp-content/plugins/sitepress-multilingual-cms/res/flags/en.png
https://cindemirlaw.com/wp-content/plugins/sitepress-multilingual-cms/res/flags/ru.png
https://cindemirlaw.com/wp-content/uploads/2020/06/cropped-logoicon-1-1-300x300.jpg
https://cindemirlaw.com/wp-content/uploads/flags/china-flag-xs.png
https://d.barobirlik.org.tr/amblem/tbb_amblem_60.png
https://www.aeuropea.com/wp-content/uploads/2025/09/aea-01v001-ILN-small.png
https://www.istanbulbarosu.org.tr/_next/image?url=%2Fimages%2Fbaro_logo.png&w=128&q=75"	"200
200
200
200
403
301"
"20"	"https://cindemirlaw.com/hakan/?lang=zh-hans"	"在LinkedInHakan查看Hakan Cindemir的资料。Cindemir，律师，律师事务所资深律师 - Cindemir Law Office"	"text/html; charset=utf-8"	"false"	"200"	"0"	"https://cindemirlaw.com/chinese/wp-content/uploads/2014/11/white-2-copy-150x150.jpg
https://cindemirlaw.com/wp-content/plugins/sitepress-multilingual-cms/res/flags/en.png
https://cindemirlaw.com/wp-content/plugins/sitepress-multilingual-cms/res/flags/ru.png
https://cindemirlaw.com/wp-content/themes/enfold/images/layout/logo.png
https://cindemirlaw.com/wp-content/uploads/flags/china-flag-xs.png
https://d.barobirlik.org.tr/amblem/tbb_amblem_60.png
https://www.aeuropea.com/wp-content/uploads/2025/09/aea-01v001-ILN-small.png
https://www.istanbulbarosu.org.tr/_next/image?url=%2Fimages%2Fbaro_logo.png&w=128&q=75"	"404
200
200
200
200
403
301"
"20"	"https://cindemirlaw.com/%D0%BE%D1%82%D0%BA%D1%80%D1%8B%D1%82%D0%B8%D0%B5-%D0%B1%D0%B0%D0%BD%D0%BA%D0%BE%D0%B2%D1%81%D0%BA%D0%BE%D0%B3%D0%BE-%D1%81%D1%87%D0%B5%D1%82%D0%B0-%D0%B4%D0%BB%D1%8F-%D1%80%D0%BE%D1%81%D1%81%D0%B8/?lang=ru"	"открытие банковского счета для российской компании в Турции"	"text/html; charset=utf-8"	"false"	"200"	"0"	"https://cindemirlaw.com/wp-content/plugins/sitepress-multilingual-cms/res/flags/en.png
https://cindemirlaw.com/wp-content/plugins/sitepress-multilingual-cms/res/flags/ru.png
https://cindemirlaw.com/wp-content/themes/enfold/images/layout/logo.png
https://cindemirlaw.com/wp-content/uploads/2020/10/white-5-copy-300x300.jpg
https://cindemirlaw.com/wp-content/uploads/flags/china-flag-xs.png
https://d.barobirlik.org.tr/amblem/tbb_amblem_60.png
https://www.aeuropea.com/wp-content/uploads/2025/09/aea-01v001-ILN-small.png
https://www.istanbulbarosu.org.tr/_next/image?url=%2Fimages%2Fbaro_logo.png&w=128&q=75"	"200
200
200
200
200
403
301"
"20"	"https://cindemirlaw.com/cenker-degirmenci-legal-advisorgeneral-coordinator/"	"Cenker Değirmenci, Of Counsel | Cindemir Law Office"	"text/html; charset=utf-8"	"false"	"200"	"0"	"https://cindemirlaw.com/wp-content/plugins/sitepress-multilingual-cms/res/flags/en.png
https://cindemirlaw.com/wp-content/plugins/sitepress-multilingual-cms/res/flags/ru.png
https://cindemirlaw.com/wp-content/uploads/2020/06/cropped-logoicon-1-1-300x300.jpg
https://cindemirlaw.com/wp-content/uploads/flags/china-flag-xs.png
https://d.barobirlik.org.tr/amblem/tbb_amblem_60.png
https://www.aeuropea.com/wp-content/uploads/2025/09/aea-01v001-ILN-small.png
https://www.istanbulbarosu.org.tr/_next/image?url=%2Fimages%2Fbaro_logo.png&w=128&q=75"	"200
200
200
200
403
301"
"20"	"https://cindemirlaw.com/humanitarian-residence-permit-in-turkey-legal-insights-by-cindemir-law-office/"	"Humanitarian Residence Permit in Turkey | Cindemir Law Office"	"text/html; charset=utf-8"	"false"	"200"	"0"	"https://cindemirlaw.com/wp-content/plugins/sitepress-multilingual-cms/res/flags/en.png
https://cindemirlaw.com/wp-content/plugins/sitepress-multilingual-cms/res/flags/ru.png
https://cindemirlaw.com/wp-content/uploads/2020/06/cropped-logoicon-1-1-300x300.jpg
https://cindemirlaw.com/wp-content/uploads/flags/china-flag-xs.png
https://d.barobirlik.org.tr/amblem/tbb_amblem_60.png
https://www.aeuropea.com/wp-content/uploads/2025/09/aea-01v001-ILN-small.png
https://www.istanbulbarosu.org.tr/_next/image?url=%2Fimages%2Fbaro_logo.png&w=128&q=75"	"200
200
200
200
403
301"
"20"	"https://cindemirlaw.com/legal-opinion-and-expert-opinion-in-turkey-why-the-distinction-matters/"	"Legal Opinion and Expert Opinion in Turkey | Cindemir Law Office"	"text/html; charset=utf-8"	"false"	"200"	"0"	"https://cindemirlaw.com/wp-content/plugins/sitepress-multilingual-cms/res/flags/en.png
https://cindemirlaw.com/wp-content/plugins/sitepress-multilingual-cms/res/flags/ru.png
https://cindemirlaw.com/wp-content/uploads/2020/06/cropped-logoicon-1-1-300x300.jpg
https://cindemirlaw.com/wp-content/uploads/flags/china-flag-xs.png
https://d.barobirlik.org.tr/amblem/tbb_amblem_60.png
https://www.aeuropea.com/wp-content/uploads/2025/09/aea-01v001-ILN-small.png
https://www.istanbulbarosu.org.tr/_next/image?url=%2Fimages%2Fbaro_logo.png&w=128&q=75"	"200
200
200
200
403
301"
"20"	"https://cindemirlaw.com/corporate-commercial/"	"Corporate & Commercial in Turkey | Cindemir Law Office"	"text/html; charset=utf-8"	"false"	"200"	"0"	"https://cindemirlaw.com/wp-content/plugins/sitepress-multilingual-cms/res/flags/en.png
https://cindemirlaw.com/wp-content/plugins/sitepress-multilingual-cms/res/flags/ru.png
https://cindemirlaw.com/wp-content/uploads/2020/06/cropped-logoicon-1-1-300x300.jpg
https://cindemirlaw.com/wp-content/uploads/flags/china-flag-xs.png
https://d.barobirlik.org.tr/amblem/tbb_amblem_60.png
https://www.aeuropea.com/wp-content/uploads/2025/09/aea-01v001-ILN-small.png
https://www.istanbulbarosu.org.tr/_next/image?url=%2Fimages%2Fbaro_logo.png&w=128&q=75"	"200
200
200
200
403
301"
"20"	"https://cindemirlaw.com/our-press-statement-regarding-keshia-handa/"	"Our press statement regarding Keshia Handa in Turkey | Legal Overview"	"text/html; charset=utf-8"	"false"	"200"	"0"	"https://cindemirlaw.com/wp-content/plugins/sitepress-multilingual-cms/res/flags/en.png
https://cindemirlaw.com/wp-content/plugins/sitepress-multilingual-cms/res/flags/ru.png
https://cindemirlaw.com/wp-content/uploads/2020/06/cropped-logoicon-1-1-300x300.jpg
https://cindemirlaw.com/wp-content/uploads/flags/china-flag-xs.png
https://d.barobirlik.org.tr/amblem/tbb_amblem_60.png
https://www.aeuropea.com/wp-content/uploads/2025/09/aea-01v001-ILN-small.png
https://www.istanbulbarosu.org.tr/_next/image?url=%2Fimages%2Fbaro_logo.png&w=128&q=75"	"200
200
200
200
403
301"
"20"	"https://cindemirlaw.com/%D0%BE%D1%82%D0%BA%D1%80%D1%8B%D1%82%D0%B8%D0%B5-%D0%B1%D0%B0%D0%BD%D0%BA%D0%BE%D0%B2%D1%81%D0%BA%D0%BE%D0%B3%D0%BE-%D1%81%D1%87%D0%B5%D1%82%D0%B0-%D1%80%D1%83%D1%81%D1%81%D0%BA%D0%B8%D0%BC%D0%B8/?lang=ru"	"ОТКРЫТИЕ БАНКОВСКОГО СЧЕТА РУССКИМИ ГРАЖДАНАМИ"	"text/html; charset=utf-8"	"false"	"200"	"0"	"https://cindemirlaw.com/wp-content/plugins/sitepress-multilingual-cms/res/flags/en.png
https://cindemirlaw.com/wp-content/plugins/sitepress-multilingual-cms/res/flags/ru.png
https://cindemirlaw.com/wp-content/themes/enfold/images/layout/logo.png
https://cindemirlaw.com/wp-content/uploads/flags/china-flag-xs.png
https://d.barobirlik.org.tr/amblem/tbb_amblem_60.png
https://www.aeuropea.com/wp-content/uploads/2025/09/aea-01v001-ILN-small.png
https://www.istanbulbarosu.org.tr/_next/image?url=%2Fimages%2Fbaro_logo.png&w=128&q=75"	"200
200
200
200
403
301"
"20"	"https://cindemirlaw.com/eu-ai-act-compliance-for-non-eu-companies-legal-requirements-under-the-destination-principle/?lang=ru"	"Регламент ЕС об ИИ и компании из третьих стран: что необходимо знать - Cindemir Law Office"	"text/html; charset=utf-8"	"false"	"200"	"0"	"https://cindemirlaw.com/wp-content/plugins/sitepress-multilingual-cms/res/flags/en.png
https://cindemirlaw.com/wp-content/plugins/sitepress-multilingual-cms/res/flags/ru.png
https://cindemirlaw.com/wp-content/themes/enfold/images/layout/logo.png
https://cindemirlaw.com/wp-content/uploads/flags/china-flag-xs.png
https://d.barobirlik.org.tr/amblem/tbb_amblem_60.png
https://www.aeuropea.com/wp-content/uploads/2025/09/aea-01v001-ILN-small.png
https://www.istanbulbarosu.org.tr/_next/image?url=%2Fimages%2Fbaro_logo.png&w=128&q=75"	"200
200
200
200
403
301"
"20"	"https://cindemirlaw.com/privacy-policy/"	"Privacy Policy - Cindemir Law Office"	"text/html; charset=utf-8"	"false"	"200"	"0"	"https://cindemirlaw.com/wp-content/plugins/sitepress-multilingual-cms/res/flags/en.png
https://cindemirlaw.com/wp-content/plugins/sitepress-multilingual-cms/res/flags/ru.png
https://cindemirlaw.com/wp-content/uploads/2020/06/cropped-logoicon-1-1-300x300.jpg
https://cindemirlaw.com/wp-content/uploads/flags/china-flag-xs.png
https://d.barobirlik.org.tr/amblem/tbb_amblem_60.png
https://www.aeuropea.com/wp-content/uploads/2025/09/aea-01v001-ILN-small.png
https://www.istanbulbarosu.org.tr/_next/image?url=%2Fimages%2Fbaro_logo.png&w=128&q=75"	"200
200
200
200
403
301"
"20"	"https://cindemirlaw.com/antimanual-assistant/"	"antimanual-assistant - Cindemir Law Office"	"text/html; charset=utf-8"	"false"	"200"	"0"	"https://cindemirlaw.com/wp-content/plugins/sitepress-multilingual-cms/res/flags/en.png
https://cindemirlaw.com/wp-content/plugins/sitepress-multilingual-cms/res/flags/ru.png
https://cindemirlaw.com/wp-content/uploads/2020/06/cropped-logoicon-1-1-300x300.jpg
https://cindemirlaw.com/wp-content/uploads/flags/china-flag-xs.png
https://d.barobirlik.org.tr/amblem/tbb_amblem_60.png
https://www.aeuropea.com/wp-content/uploads/2025/09/aea-01v001-ILN-small.png
https://www.istanbulbarosu.org.tr/_next/image?url=%2Fimages%2Fbaro_logo.png&w=128&q=75"	"200
200
200
200
403
301"
"20"	"https://cindemirlaw.com/fde1068e3bda46a37dd24126f9ec4b09df0c999365011ec71028e1a7d4c45bfdd0fde1068e3bda46a37dd24126f9ec4b09df0c999365011ec71028e1a7d4c45bfdb0fde1068e3bda46a37dd24126f9ec4b09df0c999365011ec71028e1a7d4c45bf/?lang=ru"	"Административное Право - Cindemir Law Office"	"text/html; charset=utf-8"	"false"	"200"	"0"	"https://cindemirlaw.com/wp-content/plugins/sitepress-multilingual-cms/res/flags/en.png
https://cindemirlaw.com/wp-content/plugins/sitepress-multilingual-cms/res/flags/ru.png
https://cindemirlaw.com/wp-content/themes/enfold/images/layout/logo.png
https://cindemirlaw.com/wp-content/uploads/flags/china-flag-xs.png
https://d.barobirlik.org.tr/amblem/tbb_amblem_60.png
https://www.aeuropea.com/wp-content/uploads/2025/09/aea-01v001-ILN-small.png
https://www.istanbulbarosu.org.tr/_next/image?url=%2Fimages%2Fbaro_logo.png&w=128&q=75"	"200
200
200
200
403
301"
"20"	"https://cindemirlaw.com/about-us/?lang=zh-hans"	"International Trade Lawyer in istanbul - Cindemir Law Office"	"text/html; charset=utf-8"	"false"	"200"	"0"	"https://cindemirlaw.com/wp-content/plugins/sitepress-multilingual-cms/res/flags/en.png
https://cindemirlaw.com/wp-content/plugins/sitepress-multilingual-cms/res/flags/ru.png
https://cindemirlaw.com/wp-content/themes/enfold/images/layout/logo.png
https://cindemirlaw.com/wp-content/uploads/flags/china-flag-xs.png
https://d.barobirlik.org.tr/amblem/tbb_amblem_60.png
https://www.aeuropea.com/wp-content/uploads/2025/09/aea-01v001-ILN-small.png
https://www.istanbulbarosu.org.tr/_next/image?url=%2Fimages%2Fbaro_logo.png&w=128&q=75"	"200
200
200
200
403
301"
"20"	"https://cindemirlaw.com/turkish-companies-before-the-court-of-justice-of-the-european-union/"	"Turkish companies before the Court of Justice of the European Union"	"text/html; charset=utf-8"	"false"	"200"	"0"	"https://cindemirlaw.com/wp-content/plugins/sitepress-multilingual-cms/res/flags/en.png
https://cindemirlaw.com/wp-content/plugins/sitepress-multilingual-cms/res/flags/ru.png
https://cindemirlaw.com/wp-content/uploads/2020/06/cropped-logoicon-1-1-300x300.jpg
https://cindemirlaw.com/wp-content/uploads/flags/china-flag-xs.png
https://d.barobirlik.org.tr/amblem/tbb_amblem_60.png
https://www.aeuropea.com/wp-content/uploads/2025/09/aea-01v001-ILN-small.png
https://www.istanbulbarosu.org.tr/_next/image?url=%2Fimages%2Fbaro_logo.png&w=128&q=75"	"200
200
200
200
403
301"
"20"	"https://cindemirlaw.com/cautio-judicatum-solvi-security-payment-under-turkish-international-private-law/"	"Cautio Judicatum Solvi- Security Payment under Turkish International"	"text/html; charset=utf-8"	"false"	"200"	"0"	"https://cindemirlaw.com/wp-content/plugins/sitepress-multilingual-cms/res/flags/en.png
https://cindemirlaw.com/wp-content/plugins/sitepress-multilingual-cms/res/flags/ru.png
https://cindemirlaw.com/wp-content/uploads/2020/06/cropped-logoicon-1-1-300x300.jpg
https://cindemirlaw.com/wp-content/uploads/flags/china-flag-xs.png
https://d.barobirlik.org.tr/amblem/tbb_amblem_60.png
https://www.aeuropea.com/wp-content/uploads/2025/09/aea-01v001-ILN-small.png
https://www.istanbulbarosu.org.tr/_next/image?url=%2Fimages%2Fbaro_logo.png&w=128&q=75"	"200
200
200
200
403
301"
"20"	"https://cindemirlaw.com/sales-of-real-estate-to-foreigners-in-turkey/"	"Sales of Real Estate to Foreigners In Turkey? | Cindemir Law Office"	"text/html; charset=utf-8"	"false"	"200"	"0"	"https://cindemirlaw.com/wp-content/plugins/sitepress-multilingual-cms/res/flags/en.png
https://cindemirlaw.com/wp-content/plugins/sitepress-multilingual-cms/res/flags/ru.png
https://cindemirlaw.com/wp-content/uploads/2020/06/cropped-logoicon-1-1-300x300.jpg
https://cindemirlaw.com/wp-content/uploads/2020/06/white-1-copy-150x150-1.jpg
https://cindemirlaw.com/wp-content/uploads/flags/china-flag-xs.png
https://d.barobirlik.org.tr/amblem/tbb_amblem_60.png
https://www.aeuropea.com/wp-content/uploads/2025/09/aea-01v001-ILN-small.png
https://www.istanbulbarosu.org.tr/_next/image?url=%2Fimages%2Fbaro_logo.png&w=128&q=75"	"200
200
200
200
200
403
301"
"20"	"https://cindemirlaw.com/turkish-law-of-torts/"	"Turkish Law of Torts | Cindemir Law Office"	"text/html; charset=utf-8"	"false"	"200"	"0"	"https://cindemirlaw.com/wp-content/plugins/sitepress-multilingual-cms/res/flags/en.png
https://cindemirlaw.com/wp-content/plugins/sitepress-multilingual-cms/res/flags/ru.png
https://cindemirlaw.com/wp-content/uploads/2020/06/cropped-logoicon-1-1-300x300.jpg
https://cindemirlaw.com/wp-content/uploads/flags/china-flag-xs.png
https://d.barobirlik.org.tr/amblem/tbb_amblem_60.png
https://www.aeuropea.com/wp-content/uploads/2025/09/aea-01v001-ILN-small.png
https://www.istanbulbarosu.org.tr/_next/image?url=%2Fimages%2Fbaro_logo.png&w=128&q=75"	"200
200
200
200
403
301"
"20"	"https://cindemirlaw.com/migrant-smuggling-and-human-trafficking-under-turkish-law/"	"Migrant Smuggling and Human Trafficking under Turkish Law"	"text/html; charset=utf-8"	"false"	"200"	"0"	"https://cindemirlaw.com/wp-content/plugins/sitepress-multilingual-cms/res/flags/en.png
https://cindemirlaw.com/wp-content/plugins/sitepress-multilingual-cms/res/flags/ru.png
https://cindemirlaw.com/wp-content/uploads/2020/06/cropped-logoicon-1-1-300x300.jpg
https://cindemirlaw.com/wp-content/uploads/flags/china-flag-xs.png
https://d.barobirlik.org.tr/amblem/tbb_amblem_60.png
https://www.aeuropea.com/wp-content/uploads/2025/09/aea-01v001-ILN-small.png
https://www.istanbulbarosu.org.tr/_next/image?url=%2Fimages%2Fbaro_logo.png&w=128&q=75"	"200
200
200
200
403
301"
"20"	"https://cindemirlaw.com/legal-risks-in-token-launches-how-crypto-startups-can-stay-compliant-across-jurisdictions/"	"Legal Risks in Token Launches in Turkey | Legal Overview"	"text/html; charset=utf-8"	"false"	"200"	"0"	"https://cindemirlaw.com/wp-content/plugins/sitepress-multilingual-cms/res/flags/en.png
https://cindemirlaw.com/wp-content/plugins/sitepress-multilingual-cms/res/flags/ru.png
https://cindemirlaw.com/wp-content/uploads/2020/06/cropped-logoicon-1-1-300x300.jpg
https://cindemirlaw.com/wp-content/uploads/flags/china-flag-xs.png
https://d.barobirlik.org.tr/amblem/tbb_amblem_60.png
https://www.aeuropea.com/wp-content/uploads/2025/09/aea-01v001-ILN-small.png
https://www.istanbulbarosu.org.tr/_next/image?url=%2Fimages%2Fbaro_logo.png&w=128&q=75"	"200
200
200
200
403
301"
"20"	"https://cindemirlaw.com/fde1068e3bda46a37dd24126f9ec4b09df0c999365011ec71028e1a7d4c45bfdd1fde1068e3bda46a37dd24126f9ec4b09df0c999365011ec71028e1a7d4c45bfd83fde1068e3bda46a37dd24126f9ec4b09df0c999365011ec71028e1a7d4c45bf/?lang=ru"	"Уголовное право - Cindemir Law Office"	"text/html; charset=utf-8"	"false"	"200"	"0"	"https://cindemirlaw.com/wp-content/plugins/sitepress-multilingual-cms/res/flags/en.png
https://cindemirlaw.com/wp-content/plugins/sitepress-multilingual-cms/res/flags/ru.png
https://cindemirlaw.com/wp-content/themes/enfold/images/layout/logo.png
https://cindemirlaw.com/wp-content/uploads/flags/china-flag-xs.png
https://d.barobirlik.org.tr/amblem/tbb_amblem_60.png
https://www.aeuropea.com/wp-content/uploads/2025/09/aea-01v001-ILN-small.png
https://www.istanbulbarosu.org.tr/_next/image?url=%2Fimages%2Fbaro_logo.png&w=128&q=75"	"200
200
200
200
403
301"
"20"	"https://cindemirlaw.com/%D0%B2%D1%82%D0%BE%D1%80%D0%B8%D1%87%D0%BD%D0%B0%D1%8F-%D0%B7%D0%B0%D1%89%D0%B8%D1%82%D0%B0/?lang=ru"	"Вторичная Защита - Турецкая юридическая фирма"	"text/html; charset=utf-8"	"false"	"200"	"0"	"https://cindemirlaw.com/wp-content/plugins/sitepress-multilingual-cms/res/flags/en.png
https://cindemirlaw.com/wp-content/plugins/sitepress-multilingual-cms/res/flags/ru.png
https://cindemirlaw.com/wp-content/themes/enfold/images/layout/logo.png
https://cindemirlaw.com/wp-content/uploads/flags/china-flag-xs.png
https://d.barobirlik.org.tr/amblem/tbb_amblem_60.png
https://www.aeuropea.com/wp-content/uploads/2025/09/aea-01v001-ILN-small.png
https://www.istanbulbarosu.org.tr/_next/image?url=%2Fimages%2Fbaro_logo.png&w=128&q=75"	"200
200
200
200
403
301"
"20"	"https://cindemirlaw.com/articles/?lang=zh-hans"	"Legal Articles about Turkish Law"	"text/html; charset=utf-8"	"false"	"200"	"0"	"https://cindemirlaw.com/wp-content/plugins/sitepress-multilingual-cms/res/flags/en.png
https://cindemirlaw.com/wp-content/plugins/sitepress-multilingual-cms/res/flags/ru.png
https://cindemirlaw.com/wp-content/themes/enfold/images/layout/logo.png
https://cindemirlaw.com/wp-content/uploads/flags/china-flag-xs.png
https://d.barobirlik.org.tr/amblem/tbb_amblem_60.png
https://www.aeuropea.com/wp-content/uploads/2025/09/aea-01v001-ILN-small.png
https://www.istanbulbarosu.org.tr/_next/image?url=%2Fimages%2Fbaro_logo.png&w=128&q=75"	"200
200
200
200
403
301"
"20"	"https://cindemirlaw.com/legal-status-of-late-registered-turkish-citizens-concerning-military-service-obligations-under-law-no-7179/"	"Legal Status of Late-Registered Turkish Citizens Concerning Military"	"text/html; charset=utf-8"	"false"	"200"	"0"	"https://cindemirlaw.com/wp-content/plugins/sitepress-multilingual-cms/res/flags/en.png
https://cindemirlaw.com/wp-content/plugins/sitepress-multilingual-cms/res/flags/ru.png
https://cindemirlaw.com/wp-content/uploads/2020/06/cropped-logoicon-1-1-300x300.jpg
https://cindemirlaw.com/wp-content/uploads/flags/china-flag-xs.png
https://d.barobirlik.org.tr/amblem/tbb_amblem_60.png
https://www.aeuropea.com/wp-content/uploads/2025/09/aea-01v001-ILN-small.png
https://www.istanbulbarosu.org.tr/_next/image?url=%2Fimages%2Fbaro_logo.png&w=128&q=75"	"200
200
200
200
403
301"
"20"	"https://cindemirlaw.com/institutionalized-nominee-director/"	"Institutionalized Nominee Director Services in Turkey | Turkish Law"	"text/html; charset=utf-8"	"false"	"200"	"0"	"https://cindemirlaw.com/wp-content/plugins/sitepress-multilingual-cms/res/flags/en.png
https://cindemirlaw.com/wp-content/plugins/sitepress-multilingual-cms/res/flags/ru.png
https://cindemirlaw.com/wp-content/uploads/2020/06/cropped-logoicon-1-1-300x300.jpg
https://cindemirlaw.com/wp-content/uploads/2020/10/540664430-300x200.jpg
https://cindemirlaw.com/wp-content/uploads/flags/china-flag-xs.png
https://d.barobirlik.org.tr/amblem/tbb_amblem_60.png
https://www.aeuropea.com/wp-content/uploads/2025/09/aea-01v001-ILN-small.png
https://www.istanbulbarosu.org.tr/_next/image?url=%2Fimages%2Fbaro_logo.png&w=128&q=75"	"200
200
200
200
200
403
301"
"20"	"https://cindemirlaw.com/legal-assistance-for-foreign-lawyers-visiting-prisoners-in-turkey/"	"Legal Assistance for Foreign Lawyers Visiting Prisoners in Turkey"	"text/html; charset=utf-8"	"false"	"200"	"0"	"https://cindemirlaw.com/wp-content/plugins/sitepress-multilingual-cms/res/flags/en.png
https://cindemirlaw.com/wp-content/plugins/sitepress-multilingual-cms/res/flags/ru.png
https://cindemirlaw.com/wp-content/uploads/2020/06/cropped-logoicon-1-1-300x300.jpg
https://cindemirlaw.com/wp-content/uploads/flags/china-flag-xs.png
https://d.barobirlik.org.tr/amblem/tbb_amblem_60.png
https://www.aeuropea.com/wp-content/uploads/2025/09/aea-01v001-ILN-small.png
https://www.istanbulbarosu.org.tr/_next/image?url=%2Fimages%2Fbaro_logo.png&w=128&q=75"	"200
200
200
200
403
301"
"20"	"https://cindemirlaw.com/icsid/"	"ICSID Decisions given in favor of Turkmenistan is enforced in Turkey."	"text/html; charset=utf-8"	"false"	"200"	"0"	"https://cindemirlaw.com/wp-content/plugins/sitepress-multilingual-cms/res/flags/en.png
https://cindemirlaw.com/wp-content/plugins/sitepress-multilingual-cms/res/flags/ru.png
https://cindemirlaw.com/wp-content/uploads/2020/06/cropped-logoicon-1-1-300x300.jpg
https://cindemirlaw.com/wp-content/uploads/2020/06/white-1-copy-150x150-1.jpg
https://cindemirlaw.com/wp-content/uploads/flags/china-flag-xs.png
https://d.barobirlik.org.tr/amblem/tbb_amblem_60.png
https://www.aeuropea.com/wp-content/uploads/2025/09/aea-01v001-ILN-small.png
https://www.istanbulbarosu.org.tr/_next/image?url=%2Fimages%2Fbaro_logo.png&w=128&q=75"	"200
200
200
200
200
403
301"
"20"	"https://cindemirlaw.com/international-private-law-and-conventions-that-turkey-is-party/"	"Turkish Private International Law Conventions | Cindemir Law Office"	"text/html; charset=utf-8"	"false"	"200"	"0"	"https://cindemirlaw.com/wp-content/plugins/sitepress-multilingual-cms/res/flags/en.png
https://cindemirlaw.com/wp-content/plugins/sitepress-multilingual-cms/res/flags/ru.png
https://cindemirlaw.com/wp-content/uploads/2020/06/cropped-logoicon-1-1-300x300.jpg
https://cindemirlaw.com/wp-content/uploads/flags/china-flag-xs.png
https://d.barobirlik.org.tr/amblem/tbb_amblem_60.png
https://www.aeuropea.com/wp-content/uploads/2025/09/aea-01v001-ILN-small.png
https://www.istanbulbarosu.org.tr/_next/image?url=%2Fimages%2Fbaro_logo.png&w=128&q=75"	"200
200
200
200
403
301"
"20"	"https://cindemirlaw.com/market-abuse-in-the-crypto-asset-market-in-turkey/"	"Market Abuse in the Crypto Asset Market in Turkey | Turkish Law"	"text/html; charset=utf-8"	"false"	"200"	"0"	"https://cindemirlaw.com/wp-content/plugins/sitepress-multilingual-cms/res/flags/en.png
https://cindemirlaw.com/wp-content/plugins/sitepress-multilingual-cms/res/flags/ru.png
https://cindemirlaw.com/wp-content/uploads/2020/06/cropped-logoicon-1-1-300x300.jpg
https://cindemirlaw.com/wp-content/uploads/2020/10/540664430-300x200.jpg
https://cindemirlaw.com/wp-content/uploads/flags/china-flag-xs.png
https://d.barobirlik.org.tr/amblem/tbb_amblem_60.png
https://www.aeuropea.com/wp-content/uploads/2025/09/aea-01v001-ILN-small.png
https://www.istanbulbarosu.org.tr/_next/image?url=%2Fimages%2Fbaro_logo.png&w=128&q=75"	"200
200
200
200
200
403
301"
"20"	"https://cindemirlaw.com/how-to-establish-a-limited-partnership-in-turkey/"	"How to Establish a Limited Partnership in Turkey | Cindemir Law Office"	"text/html; charset=utf-8"	"false"	"200"	"0"	"https://cindemirlaw.com/wp-content/plugins/sitepress-multilingual-cms/res/flags/en.png
https://cindemirlaw.com/wp-content/plugins/sitepress-multilingual-cms/res/flags/ru.png
https://cindemirlaw.com/wp-content/uploads/2020/06/cropped-logoicon-1-1-300x300.jpg
https://cindemirlaw.com/wp-content/uploads/flags/china-flag-xs.png
https://d.barobirlik.org.tr/amblem/tbb_amblem_60.png
https://www.aeuropea.com/wp-content/uploads/2025/09/aea-01v001-ILN-small.png
https://www.istanbulbarosu.org.tr/_next/image?url=%2Fimages%2Fbaro_logo.png&w=128&q=75"	"200
200
200
200
403
301"
"20"	"https://cindemirlaw.com/verdict-rendered-for-the-unbelievable-accident-killing-a-tour-guide-hurriyet-newspaper/"	"Tour Guide Accident Verdict in Turkey | Cindemir Law Office"	"text/html; charset=utf-8"	"false"	"200"	"0"	"https://cindemirlaw.com/wp-content/plugins/sitepress-multilingual-cms/res/flags/en.png
https://cindemirlaw.com/wp-content/plugins/sitepress-multilingual-cms/res/flags/ru.png
https://cindemirlaw.com/wp-content/uploads/2020/06/cropped-logoicon-1-1-300x300.jpg
https://cindemirlaw.com/wp-content/uploads/flags/china-flag-xs.png
https://d.barobirlik.org.tr/amblem/tbb_amblem_60.png
https://www.aeuropea.com/wp-content/uploads/2025/09/aea-01v001-ILN-small.png
https://www.istanbulbarosu.org.tr/_next/image?url=%2Fimages%2Fbaro_logo.png&w=128&q=75"	"200
200
200
200
403
301"
"20"	"https://cindemirlaw.com/a-practical-overview-of-crypto-asset-service-providers-and-platforms-in-turkiye/"	"Crypto Asset Service Providers in Türkiye | Cindemir Law Office"	"text/html; charset=utf-8"	"false"	"200"	"0"	"https://cindemirlaw.com/wp-content/plugins/sitepress-multilingual-cms/res/flags/en.png
https://cindemirlaw.com/wp-content/plugins/sitepress-multilingual-cms/res/flags/ru.png
https://cindemirlaw.com/wp-content/uploads/2020/06/cropped-logoicon-1-1-300x300.jpg
https://cindemirlaw.com/wp-content/uploads/flags/china-flag-xs.png
https://d.barobirlik.org.tr/amblem/tbb_amblem_60.png
https://www.aeuropea.com/wp-content/uploads/2025/09/aea-01v001-ILN-small.png
https://www.istanbulbarosu.org.tr/_next/image?url=%2Fimages%2Fbaro_logo.png&w=128&q=75"	"200
200
200
200
403
301"
"20"	"https://cindemirlaw.com/about-us/?lang=ru"	"О НАС"	"text/html; charset=utf-8"	"false"	"200"	"0"	"https://cindemirlaw.com/wp-content/plugins/sitepress-multilingual-cms/res/flags/en.png
https://cindemirlaw.com/wp-content/plugins/sitepress-multilingual-cms/res/flags/ru.png
https://cindemirlaw.com/wp-content/themes/enfold/images/layout/logo.png
https://cindemirlaw.com/wp-content/uploads/2020/10/540664430-300x200.jpg
https://cindemirlaw.com/wp-content/uploads/flags/china-flag-xs.png
https://d.barobirlik.org.tr/amblem/tbb_amblem_60.png
https://www.aeuropea.com/wp-content/uploads/2025/09/aea-01v001-ILN-small.png
https://www.istanbulbarosu.org.tr/_next/image?url=%2Fimages%2Fbaro_logo.png&w=128&q=75"	"200
200
200
200
200
403
301"
"20"	"https://cindemirlaw.com/to-file-a-case-in-turkey-petition/"	"To file a case in Turkey (Petition) | Cindemir Law Office"	"text/html; charset=utf-8"	"false"	"200"	"0"	"https://cindemirlaw.com/wp-content/plugins/sitepress-multilingual-cms/res/flags/en.png
https://cindemirlaw.com/wp-content/plugins/sitepress-multilingual-cms/res/flags/ru.png
https://cindemirlaw.com/wp-content/uploads/2020/06/cropped-logoicon-1-1-300x300.jpg
https://cindemirlaw.com/wp-content/uploads/2020/06/white-1-copy-150x150-1.jpg
https://cindemirlaw.com/wp-content/uploads/flags/china-flag-xs.png
https://d.barobirlik.org.tr/amblem/tbb_amblem_60.png
https://www.aeuropea.com/wp-content/uploads/2025/09/aea-01v001-ILN-small.png
https://www.istanbulbarosu.org.tr/_next/image?url=%2Fimages%2Fbaro_logo.png&w=128&q=75"	"200
200
200
200
200
403
301"
"20"	"https://cindemirlaw.com/employment/"	"Employment in Turkey | Cindemir Law Office"	"text/html; charset=utf-8"	"false"	"200"	"0"	"https://cindemirlaw.com/wp-content/plugins/sitepress-multilingual-cms/res/flags/en.png
https://cindemirlaw.com/wp-content/plugins/sitepress-multilingual-cms/res/flags/ru.png
https://cindemirlaw.com/wp-content/uploads/2020/06/cropped-logoicon-1-1-300x300.jpg
https://cindemirlaw.com/wp-content/uploads/flags/china-flag-xs.png
https://d.barobirlik.org.tr/amblem/tbb_amblem_60.png
https://www.aeuropea.com/wp-content/uploads/2025/09/aea-01v001-ILN-small.png
https://www.istanbulbarosu.org.tr/_next/image?url=%2Fimages%2Fbaro_logo.png&w=128&q=75"	"200
200
200
200
403
301"
"20"	"https://cindemirlaw.com/establishing-a-commercial-enterprise-in-turkey/"	"Setting up a company in Turkey | Cindemir Law Office"	"text/html; charset=utf-8"	"false"	"200"	"0"	"https://cindemirlaw.com/wp-content/plugins/sitepress-multilingual-cms/res/flags/en.png
https://cindemirlaw.com/wp-content/plugins/sitepress-multilingual-cms/res/flags/ru.png
https://cindemirlaw.com/wp-content/uploads/2020/06/cropped-logoicon-1-1-300x300.jpg
https://cindemirlaw.com/wp-content/uploads/2020/10/540664430-300x200.jpg
https://cindemirlaw.com/wp-content/uploads/flags/china-flag-xs.png
https://d.barobirlik.org.tr/amblem/tbb_amblem_60.png
https://www.aeuropea.com/wp-content/uploads/2025/09/aea-01v001-ILN-small.png
https://www.istanbulbarosu.org.tr/_next/image?url=%2Fimages%2Fbaro_logo.png&w=128&q=75"	"200
200
200
200
200
403
301"
"20"	"https://cindemirlaw.com/debt-collection-service/"	"Debt Collection Service in Turkey | Cindemir Law Office"	"text/html; charset=utf-8"	"false"	"200"	"0"	"https://cindemirlaw.com/wp-content/plugins/sitepress-multilingual-cms/res/flags/en.png
https://cindemirlaw.com/wp-content/plugins/sitepress-multilingual-cms/res/flags/ru.png
https://cindemirlaw.com/wp-content/uploads/2020/06/cropped-logoicon-1-1-300x300.jpg
https://cindemirlaw.com/wp-content/uploads/flags/china-flag-xs.png
https://d.barobirlik.org.tr/amblem/tbb_amblem_60.png
https://www.aeuropea.com/wp-content/uploads/2025/09/aea-01v001-ILN-small.png
https://www.istanbulbarosu.org.tr/_next/image?url=%2Fimages%2Fbaro_logo.png&w=128&q=75"	"200
200
200
200
403
301"
"20"	"https://cindemirlaw.com/european-law-rights-concerning-ankara-agreement/"	"European Law & Rights Concerning Ankara Agreement in Turkey"	"text/html; charset=utf-8"	"false"	"200"	"0"	"https://cindemirlaw.com/wp-content/plugins/sitepress-multilingual-cms/res/flags/en.png
https://cindemirlaw.com/wp-content/plugins/sitepress-multilingual-cms/res/flags/ru.png
https://cindemirlaw.com/wp-content/uploads/2020/06/cropped-logoicon-1-1-300x300.jpg
https://cindemirlaw.com/wp-content/uploads/flags/china-flag-xs.png
https://d.barobirlik.org.tr/amblem/tbb_amblem_60.png
https://www.aeuropea.com/wp-content/uploads/2025/09/aea-01v001-ILN-small.png
https://www.istanbulbarosu.org.tr/_next/image?url=%2Fimages%2Fbaro_logo.png&w=128&q=75"	"200
200
200
200
403
301"
"20"	"https://cindemirlaw.com/fde1068e/?lang=ru"	"Как развестись в Турции -"	"text/html; charset=utf-8"	"false"	"200"	"0"	"https://cindemirlaw.com/wp-content/plugins/sitepress-multilingual-cms/res/flags/en.png
https://cindemirlaw.com/wp-content/plugins/sitepress-multilingual-cms/res/flags/ru.png
https://cindemirlaw.com/wp-content/themes/enfold/images/layout/logo.png
https://cindemirlaw.com/wp-content/uploads/flags/china-flag-xs.png
https://d.barobirlik.org.tr/amblem/tbb_amblem_60.png
https://www.aeuropea.com/wp-content/uploads/2025/09/aea-01v001-ILN-small.png
https://www.istanbulbarosu.org.tr/_next/image?url=%2Fimages%2Fbaro_logo.png&w=128&q=75"	"200
200
200
200
403
301"
"20"	"https://cindemirlaw.com/administration-of-crypto-assets-under-turkish-law/"	"Administration of Crypto Assets under Turkish Law | Turkish Law"	"text/html; charset=utf-8"	"false"	"200"	"0"	"https://cindemirlaw.com/wp-content/plugins/sitepress-multilingual-cms/res/flags/en.png
https://cindemirlaw.com/wp-content/plugins/sitepress-multilingual-cms/res/flags/ru.png
https://cindemirlaw.com/wp-content/uploads/2020/06/cropped-logoicon-1-1-300x300.jpg
https://cindemirlaw.com/wp-content/uploads/2020/10/540664430-300x200.jpg
https://cindemirlaw.com/wp-content/uploads/flags/china-flag-xs.png
https://d.barobirlik.org.tr/amblem/tbb_amblem_60.png
https://www.aeuropea.com/wp-content/uploads/2025/09/aea-01v001-ILN-small.png
https://www.istanbulbarosu.org.tr/_next/image?url=%2Fimages%2Fbaro_logo.png&w=128&q=75"	"200
200
200
200
200
403
301"
"20"	"https://cindemirlaw.com/notice-of-termination-for-employment-contracts-in-turkish-labor-law/"	"Termination Notice , Turkish Labor Law"	"text/html; charset=utf-8"	"false"	"200"	"0"	"https://cindemirlaw.com/wp-content/plugins/sitepress-multilingual-cms/res/flags/en.png
https://cindemirlaw.com/wp-content/plugins/sitepress-multilingual-cms/res/flags/ru.png
https://cindemirlaw.com/wp-content/uploads/2020/06/cropped-logoicon-1-1-300x300.jpg
https://cindemirlaw.com/wp-content/uploads/2020/06/white-1-copy-150x150-1.jpg
https://cindemirlaw.com/wp-content/uploads/flags/china-flag-xs.png
https://d.barobirlik.org.tr/amblem/tbb_amblem_60.png
https://www.aeuropea.com/wp-content/uploads/2025/09/aea-01v001-ILN-small.png
https://www.istanbulbarosu.org.tr/_next/image?url=%2Fimages%2Fbaro_logo.png&w=128&q=75"	"200
200
200
200
200
403
301"
"20"	"https://cindemirlaw.com/airport-customs-seizures-and-smuggling-offences-under-turkish-law/"	"Airport Customs Seizures and Smuggling Offences under Turkish Law"	"text/html; charset=utf-8"	"false"	"200"	"0"	"https://cindemirlaw.com/wp-content/plugins/sitepress-multilingual-cms/res/flags/en.png
https://cindemirlaw.com/wp-content/plugins/sitepress-multilingual-cms/res/flags/ru.png
https://cindemirlaw.com/wp-content/uploads/2020/06/cropped-logoicon-1-1-300x300.jpg
https://cindemirlaw.com/wp-content/uploads/flags/china-flag-xs.png
https://d.barobirlik.org.tr/amblem/tbb_amblem_60.png
https://www.aeuropea.com/wp-content/uploads/2025/09/aea-01v001-ILN-small.png
https://www.istanbulbarosu.org.tr/_next/image?url=%2Fimages%2Fbaro_logo.png&w=128&q=75"	"200
200
200
200
403
301"
"20"	"https://cindemirlaw.com/services/?lang=ru"	"Наши Услуги"	"text/html; charset=utf-8"	"false"	"200"	"0"	"https://cindemirlaw.com/wp-content/plugins/sitepress-multilingual-cms/res/flags/en.png
https://cindemirlaw.com/wp-content/plugins/sitepress-multilingual-cms/res/flags/ru.png
https://cindemirlaw.com/wp-content/themes/enfold/images/layout/logo.png
https://cindemirlaw.com/wp-content/uploads/flags/china-flag-xs.png
https://d.barobirlik.org.tr/amblem/tbb_amblem_60.png
https://www.aeuropea.com/wp-content/uploads/2025/09/aea-01v001-ILN-small.png
https://www.istanbulbarosu.org.tr/_next/image?url=%2Fimages%2Fbaro_logo.png&w=128&q=75"	"200
200
200
200
403
301"
"20"	"https://cindemirlaw.com/%D0%B2%D0%B8%D0%B4%D1%8B-%D0%BA%D0%BE%D0%BC%D0%BF%D0%B0%D0%BD%D0%B8%D0%B8-%D0%B2-%D1%82%D1%83%D1%80%D1%86%D0%B8%D0%B8/?lang=ru"	"открытие фирмы в турции - Адвокатское бюро Джиндемир"	"text/html; charset=utf-8"	"false"	"200"	"0"	"https://cindemirlaw.com/wp-content/plugins/sitepress-multilingual-cms/res/flags/en.png
https://cindemirlaw.com/wp-content/plugins/sitepress-multilingual-cms/res/flags/ru.png
https://cindemirlaw.com/wp-content/themes/enfold/images/layout/logo.png
https://cindemirlaw.com/wp-content/uploads/2020/10/portrait-5-copy-240x300.jpg
https://cindemirlaw.com/wp-content/uploads/flags/china-flag-xs.png
https://d.barobirlik.org.tr/amblem/tbb_amblem_60.png
https://www.aeuropea.com/wp-content/uploads/2025/09/aea-01v001-ILN-small.png
https://www.istanbulbarosu.org.tr/_next/image?url=%2Fimages%2Fbaro_logo.png&w=128&q=75"	"200
200
200
200
200
403
301"
"20"	"https://cindemirlaw.com/embed-list/"	"Embed List - Cindemir Law Office"	"text/html; charset=utf-8"	"false"	"200"	"0"	"https://cindemirlaw.com/wp-content/plugins/sitepress-multilingual-cms/res/flags/en.png
https://cindemirlaw.com/wp-content/plugins/sitepress-multilingual-cms/res/flags/ru.png
https://cindemirlaw.com/wp-content/uploads/2020/06/cropped-logoicon-1-1-300x300.jpg
https://cindemirlaw.com/wp-content/uploads/flags/china-flag-xs.png
https://d.barobirlik.org.tr/amblem/tbb_amblem_60.png
https://www.aeuropea.com/wp-content/uploads/2025/09/aea-01v001-ILN-small.png
https://www.istanbulbarosu.org.tr/_next/image?url=%2Fimages%2Fbaro_logo.png&w=128&q=75"	"200
200
200
200
403
301"
"20"	"https://cindemirlaw.com/testamentary-disposition-and-testaments-in-turkish-inheritance-law/"	"Testamentary Disposition and Testaments in Turkish Inheritance Law"	"text/html; charset=utf-8"	"false"	"200"	"0"	"https://cindemirlaw.com/wp-content/plugins/sitepress-multilingual-cms/res/flags/en.png
https://cindemirlaw.com/wp-content/plugins/sitepress-multilingual-cms/res/flags/ru.png
https://cindemirlaw.com/wp-content/uploads/2020/06/cropped-logoicon-1-1-300x300.jpg
https://cindemirlaw.com/wp-content/uploads/2020/06/white-1-copy-150x150-1.jpg
https://cindemirlaw.com/wp-content/uploads/flags/china-flag-xs.png
https://d.barobirlik.org.tr/amblem/tbb_amblem_60.png
https://www.aeuropea.com/wp-content/uploads/2025/09/aea-01v001-ILN-small.png
https://www.istanbulbarosu.org.tr/_next/image?url=%2Fimages%2Fbaro_logo.png&w=128&q=75"	"200
200
200
200
200
403
301"
"20"	"https://cindemirlaw.com/hakan-cindemir-attorney-at-law-senior-attorney-of-the-law-office/"	"Mr. Hakan Cindemir, PhD, Senior Partner | Cindemir Law Office"	"text/html; charset=utf-8"	"false"	"200"	"0"	"https://cindemirlaw.com/wp-content/plugins/sitepress-multilingual-cms/res/flags/en.png
https://cindemirlaw.com/wp-content/plugins/sitepress-multilingual-cms/res/flags/ru.png
https://cindemirlaw.com/wp-content/uploads/2020/06/cropped-logoicon-1-1-300x300.jpg
https://cindemirlaw.com/wp-content/uploads/flags/china-flag-xs.png
https://d.barobirlik.org.tr/amblem/tbb_amblem_60.png
https://www.aeuropea.com/wp-content/uploads/2025/09/aea-01v001-ILN-small.png
https://www.istanbulbarosu.org.tr/_next/image?url=%2Fimages%2Fbaro_logo.png&w=128&q=75"	"200
200
200
200
403
301"
"20"	"https://cindemirlaw.com/legal-alert-new-regulation-on-timeshare-rights-in-turkey-7-day-minimum-period-introduced/"	"Legal Alert: New Regulation on Timeshare Rights in Turkey"	"text/html; charset=utf-8"	"false"	"200"	"0"	"https://cindemirlaw.com/wp-content/plugins/sitepress-multilingual-cms/res/flags/en.png
https://cindemirlaw.com/wp-content/plugins/sitepress-multilingual-cms/res/flags/ru.png
https://cindemirlaw.com/wp-content/uploads/2020/06/cropped-logoicon-1-1-300x300.jpg
https://cindemirlaw.com/wp-content/uploads/flags/china-flag-xs.png
https://d.barobirlik.org.tr/amblem/tbb_amblem_60.png
https://www.aeuropea.com/wp-content/uploads/2025/09/aea-01v001-ILN-small.png
https://www.istanbulbarosu.org.tr/_next/image?url=%2Fimages%2Fbaro_logo.png&w=128&q=75"	"200
200
200
200
403
301"
"20"	"https://cindemirlaw.com/%D0%BA%D0%B0%D0%BA-%D1%80%D0%B0%D0%B7%D0%B2%D0%B5%D1%81%D1%82%D0%B8%D1%81%D1%8C-%D0%B2-%D1%82%D1%83%D1%80%D1%86%D0%B8%D0%B8/?lang=ru"	"Развод и раздел имущества по семейному праву Турции - Cindemir Law Office"	"text/html; charset=utf-8"	"false"	"200"	"0"	"https://cindemirlaw.com/wp-content/plugins/sitepress-multilingual-cms/res/flags/en.png
https://cindemirlaw.com/wp-content/plugins/sitepress-multilingual-cms/res/flags/ru.png
https://cindemirlaw.com/wp-content/themes/enfold/images/layout/logo.png
https://cindemirlaw.com/wp-content/uploads/flags/china-flag-xs.png
https://d.barobirlik.org.tr/amblem/tbb_amblem_60.png
https://www.aeuropea.com/wp-content/uploads/2025/09/aea-01v001-ILN-small.png
https://www.istanbulbarosu.org.tr/_next/image?url=%2Fimages%2Fbaro_logo.png&w=128&q=75"	"200
200
200
200
403
301"
"20"	"https://cindemirlaw.com/direct-foreign-invesment-law-in-turkey/"	"Direct Foreign Invesment Law in Turkey | Cindemir Law Office"	"text/html; charset=utf-8"	"false"	"200"	"0"	"https://cindemirlaw.com/wp-content/plugins/sitepress-multilingual-cms/res/flags/en.png
https://cindemirlaw.com/wp-content/plugins/sitepress-multilingual-cms/res/flags/ru.png
https://cindemirlaw.com/wp-content/uploads/2020/06/cropped-logoicon-1-1-300x300.jpg
https://cindemirlaw.com/wp-content/uploads/2020/06/white-1-copy-150x150-1.jpg
https://cindemirlaw.com/wp-content/uploads/flags/china-flag-xs.png
https://d.barobirlik.org.tr/amblem/tbb_amblem_60.png
https://www.aeuropea.com/wp-content/uploads/2025/09/aea-01v001-ILN-small.png
https://www.istanbulbarosu.org.tr/_next/image?url=%2Fimages%2Fbaro_logo.png&w=128&q=75"	"200
200
200
200
200
403
301"
"20"	"https://cindemirlaw.com/trade-law-of-turkey/"	"Turkish Commercial Law | Cindemir Law Office"	"text/html; charset=utf-8"	"false"	"200"	"0"	"https://cindemir.av.tr/wp-content/uploads/2020/01/health-image-300x200.jpg
https://cindemirlaw.com/wp-content/plugins/sitepress-multilingual-cms/res/flags/en.png
https://cindemirlaw.com/wp-content/plugins/sitepress-multilingual-cms/res/flags/ru.png
https://cindemirlaw.com/wp-content/uploads/2020/06/cropped-logoicon-1-1-300x300.jpg
https://cindemirlaw.com/wp-content/uploads/flags/china-flag-xs.png
https://d.barobirlik.org.tr/amblem/tbb_amblem_60.png
https://www.aeuropea.com/wp-content/uploads/2025/09/aea-01v001-ILN-small.png
https://www.istanbulbarosu.org.tr/_next/image?url=%2Fimages%2Fbaro_logo.png&w=128&q=75"	"200
200
200
200
200
403
301"
"20"	"https://cindemirlaw.com/link11/?lang=zh-hans"	"债务催收服务 - Cindemir Law Office"	"text/html; charset=utf-8"	"false"	"200"	"0"	"https://cindemirlaw.com/wp-content/plugins/sitepress-multilingual-cms/res/flags/en.png
https://cindemirlaw.com/wp-content/plugins/sitepress-multilingual-cms/res/flags/ru.png
https://cindemirlaw.com/wp-content/themes/enfold/images/layout/logo.png
https://cindemirlaw.com/wp-content/uploads/flags/china-flag-xs.png
https://d.barobirlik.org.tr/amblem/tbb_amblem_60.png
https://www.aeuropea.com/wp-content/uploads/2025/09/aea-01v001-ILN-small.png
https://www.istanbulbarosu.org.tr/_next/image?url=%2Fimages%2Fbaro_logo.png&w=128&q=75"	"200
200
200
200
403
301"
"20"	"https://cindemirlaw.com/training/"	"Training in Turkey | Cindemir Law Office"	"text/html; charset=utf-8"	"false"	"200"	"0"	"https://cindemirlaw.com/wp-content/plugins/sitepress-multilingual-cms/res/flags/en.png
https://cindemirlaw.com/wp-content/plugins/sitepress-multilingual-cms/res/flags/ru.png
https://cindemirlaw.com/wp-content/uploads/2020/06/cropped-logoicon-1-1-300x300.jpg
https://cindemirlaw.com/wp-content/uploads/flags/china-flag-xs.png
https://d.barobirlik.org.tr/amblem/tbb_amblem_60.png
https://www.aeuropea.com/wp-content/uploads/2025/09/aea-01v001-ILN-small.png
https://www.istanbulbarosu.org.tr/_next/image?url=%2Fimages%2Fbaro_logo.png&w=128&q=75"	"200
200
200
200
403
301"
"20"	"https://cindemirlaw.com/nft-law-in-turkey/"	"Nft Law in Turkey | Cindemir Law Office"	"text/html; charset=utf-8"	"false"	"200"	"0"	"https://cindemirlaw.com/wp-content/plugins/sitepress-multilingual-cms/res/flags/en.png
https://cindemirlaw.com/wp-content/plugins/sitepress-multilingual-cms/res/flags/ru.png
https://cindemirlaw.com/wp-content/uploads/2020/06/cropped-logoicon-1-1-300x300.jpg
https://cindemirlaw.com/wp-content/uploads/2020/10/540664430-300x200.jpg
https://cindemirlaw.com/wp-content/uploads/flags/china-flag-xs.png
https://d.barobirlik.org.tr/amblem/tbb_amblem_60.png
https://www.aeuropea.com/wp-content/uploads/2025/09/aea-01v001-ILN-small.png
https://www.istanbulbarosu.org.tr/_next/image?url=%2Fimages%2Fbaro_logo.png&w=128&q=75"	"200
200
200
200
200
403
301"
"20"	"https://cindemirlaw.com/escrow-agency-escrow-agreement/"	"Escrow Agency / Escrow Agreement in Turkey | Cindemir Law Office"	"text/html; charset=utf-8"	"false"	"200"	"0"	"https://cindemirlaw.com/wp-content/plugins/sitepress-multilingual-cms/res/flags/en.png
https://cindemirlaw.com/wp-content/plugins/sitepress-multilingual-cms/res/flags/ru.png
https://cindemirlaw.com/wp-content/uploads/2020/06/cropped-logoicon-1-1-300x300.jpg
https://cindemirlaw.com/wp-content/uploads/flags/china-flag-xs.png
https://d.barobirlik.org.tr/amblem/tbb_amblem_60.png
https://www.aeuropea.com/wp-content/uploads/2025/09/aea-01v001-ILN-small.png
https://www.istanbulbarosu.org.tr/_next/image?url=%2Fimages%2Fbaro_logo.png&w=128&q=75"	"200
200
200
200
403
301"
"20"	"https://cindemirlaw.com/fde1068e3bda46a37dd24126f9ec4b09df0c999365011ec71028e1a7d4c45bfdd0fde1068e3bda46a37dd24126f9ec4b09df0c999365011ec71028e1a7d4c45bfdb5fde1068e3bda46a37dd24126f9ec4b09df0c999365011ec71028e1a7d4c45bf/?lang=ru"	"юридическая помощь онлайн в турции Европейское"	"text/html; charset=utf-8"	"false"	"200"	"0"	"https://cindemirlaw.com/wp-content/plugins/sitepress-multilingual-cms/res/flags/en.png
https://cindemirlaw.com/wp-content/plugins/sitepress-multilingual-cms/res/flags/ru.png
https://cindemirlaw.com/wp-content/themes/enfold/images/layout/logo.png
https://cindemirlaw.com/wp-content/uploads/flags/china-flag-xs.png
https://d.barobirlik.org.tr/amblem/tbb_amblem_60.png
https://www.aeuropea.com/wp-content/uploads/2025/09/aea-01v001-ILN-small.png
https://www.istanbulbarosu.org.tr/_next/image?url=%2Fimages%2Fbaro_logo.png&w=128&q=75"	"200
200
200
200
403
301"
"20"	"https://cindemirlaw.com/crypto-asset-fraud-common-schemes-legal-analysis-what-victims-should-do/"	"Crypto Asset Fraud in Turkey | Legal Overview"	"text/html; charset=utf-8"	"false"	"200"	"0"	"https://cindemirlaw.com/wp-content/plugins/sitepress-multilingual-cms/res/flags/en.png
https://cindemirlaw.com/wp-content/plugins/sitepress-multilingual-cms/res/flags/ru.png
https://cindemirlaw.com/wp-content/uploads/2020/06/cropped-logoicon-1-1-300x300.jpg
https://cindemirlaw.com/wp-content/uploads/flags/china-flag-xs.png
https://d.barobirlik.org.tr/amblem/tbb_amblem_60.png
https://www.aeuropea.com/wp-content/uploads/2025/09/aea-01v001-ILN-small.png
https://www.istanbulbarosu.org.tr/_next/image?url=%2Fimages%2Fbaro_logo.png&w=128&q=75"	"200
200
200
200
403
301"
"20"	"https://cindemirlaw.com/nashiyurist/"	"Услуги - Cindemir Law Office"	"text/html; charset=utf-8"	"false"	"200"	"0"	"https://cindemirlaw.com/wp-content/plugins/sitepress-multilingual-cms/res/flags/en.png
https://cindemirlaw.com/wp-content/plugins/sitepress-multilingual-cms/res/flags/ru.png
https://cindemirlaw.com/wp-content/uploads/2020/06/cropped-logoicon-1-1-300x300.jpg
https://cindemirlaw.com/wp-content/uploads/flags/china-flag-xs.png
https://d.barobirlik.org.tr/amblem/tbb_amblem_60.png
https://www.aeuropea.com/wp-content/uploads/2025/09/aea-01v001-ILN-small.png
https://www.istanbulbarosu.org.tr/_next/image?url=%2Fimages%2Fbaro_logo.png&w=128&q=75"	"200
200
200
200
403
301"
"20"	"https://cindemirlaw.com/consequences-of-a-divorce-decision-in-turkey/"	"Divorce Decision in Turkey and the Results | Cindemir Law Office"	"text/html; charset=utf-8"	"false"	"200"	"0"	"https://cindemirlaw.com/wp-content/plugins/sitepress-multilingual-cms/res/flags/en.png
https://cindemirlaw.com/wp-content/plugins/sitepress-multilingual-cms/res/flags/ru.png
https://cindemirlaw.com/wp-content/uploads/2020/06/cropped-logoicon-1-1-300x300.jpg
https://cindemirlaw.com/wp-content/uploads/flags/china-flag-xs.png
https://d.barobirlik.org.tr/amblem/tbb_amblem_60.png
https://www.aeuropea.com/wp-content/uploads/2025/09/aea-01v001-ILN-small.png
https://www.istanbulbarosu.org.tr/_next/image?url=%2Fimages%2Fbaro_logo.png&w=128&q=75"	"200
200
200
200
403
301"
"20"	"https://cindemirlaw.com/regulatory-landscape-for-crypto-asset-trading-platforms-in-turkey/"	"Crypto Asset Trading Platforms in Turkey | Cindemir Law Office"	"text/html; charset=utf-8"	"false"	"200"	"0"	"https://cindemirlaw.com/wp-content/plugins/sitepress-multilingual-cms/res/flags/en.png
https://cindemirlaw.com/wp-content/plugins/sitepress-multilingual-cms/res/flags/ru.png
https://cindemirlaw.com/wp-content/uploads/2020/06/5295681199059-300x135.jpg
https://cindemirlaw.com/wp-content/uploads/2020/06/cropped-logoicon-1-1-300x300.jpg
https://cindemirlaw.com/wp-content/uploads/flags/china-flag-xs.png
https://d.barobirlik.org.tr/amblem/tbb_amblem_60.png
https://www.aeuropea.com/wp-content/uploads/2025/09/aea-01v001-ILN-small.png
https://www.istanbulbarosu.org.tr/_next/image?url=%2Fimages%2Fbaro_logo.png&w=128&q=75"	"200
200
200
200
200
403
301"
"20"	"https://cindemirlaw.com/plastic-surgery-malpractice-in-turkish-law/"	"Plastic Surgery Malpractice in Turkish Law"	"text/html; charset=utf-8"	"false"	"200"	"0"	"https://cindemirlaw.com/wp-content/plugins/sitepress-multilingual-cms/res/flags/en.png
https://cindemirlaw.com/wp-content/plugins/sitepress-multilingual-cms/res/flags/ru.png
https://cindemirlaw.com/wp-content/uploads/2020/06/cropped-logoicon-1-1-300x300.jpg
https://cindemirlaw.com/wp-content/uploads/2020/06/white-1-copy-150x150-1.jpg
https://cindemirlaw.com/wp-content/uploads/flags/china-flag-xs.png
https://d.barobirlik.org.tr/amblem/tbb_amblem_60.png
https://www.aeuropea.com/wp-content/uploads/2025/09/aea-01v001-ILN-small.png
https://www.istanbulbarosu.org.tr/_next/image?url=%2Fimages%2Fbaro_logo.png&w=128&q=75"	"200
200
200
200
200
403
301"
"20"	"https://cindemirlaw.com/insurance/"	"Insurance in Turkey | Cindemir Law Office"	"text/html; charset=utf-8"	"false"	"200"	"0"	"https://cindemirlaw.com/wp-content/plugins/sitepress-multilingual-cms/res/flags/en.png
https://cindemirlaw.com/wp-content/plugins/sitepress-multilingual-cms/res/flags/ru.png
https://cindemirlaw.com/wp-content/uploads/2020/06/cropped-logoicon-1-1-300x300.jpg
https://cindemirlaw.com/wp-content/uploads/flags/china-flag-xs.png
https://d.barobirlik.org.tr/amblem/tbb_amblem_60.png
https://www.aeuropea.com/wp-content/uploads/2025/09/aea-01v001-ILN-small.png
https://www.istanbulbarosu.org.tr/_next/image?url=%2Fimages%2Fbaro_logo.png&w=128&q=75"	"200
200
200
200
403
301"
"20"	"https://cindemirlaw.com/hakan-cindemir/"	"Hakan Cindemir, PhD | Cindemir Law Office"	"text/html; charset=utf-8"	"false"	"200"	"0"	"https://cindemirlaw.com/wp-content/plugins/sitepress-multilingual-cms/res/flags/en.png
https://cindemirlaw.com/wp-content/plugins/sitepress-multilingual-cms/res/flags/ru.png
https://cindemirlaw.com/wp-content/uploads/2020/06/cropped-logoicon-1-1-300x300.jpg
https://cindemirlaw.com/wp-content/uploads/flags/china-flag-xs.png
https://d.barobirlik.org.tr/amblem/tbb_amblem_60.png
https://www.aeuropea.com/wp-content/uploads/2025/09/aea-01v001-ILN-small.png
https://www.istanbulbarosu.org.tr/_next/image?url=%2Fimages%2Fbaro_logo.png&w=128&q=75"	"200
200
200
200
403
301"
"20"	"https://cindemirlaw.com/electric-distribution-and-transmission-in-turkey/"	"ELECTRIC DISTRIBUTION AND TRANSMISSION IN TURKEY (renewable energy law turkey)"	"text/html; charset=utf-8"	"false"	"200"	"0"	"https://cindemirlaw.com/wp-content/plugins/sitepress-multilingual-cms/res/flags/en.png
https://cindemirlaw.com/wp-content/plugins/sitepress-multilingual-cms/res/flags/ru.png
https://cindemirlaw.com/wp-content/uploads/2020/06/cropped-logoicon-1-1-300x300.jpg
https://cindemirlaw.com/wp-content/uploads/2020/06/white-1-copy-150x150-1.jpg
https://cindemirlaw.com/wp-content/uploads/flags/china-flag-xs.png
https://d.barobirlik.org.tr/amblem/tbb_amblem_60.png
https://www.aeuropea.com/wp-content/uploads/2025/09/aea-01v001-ILN-small.png
https://www.istanbulbarosu.org.tr/_next/image?url=%2Fimages%2Fbaro_logo.png&w=128&q=75"	"200
200
200
200
200
403
301"
"0"	"https://cindemirlaw.com/tag/injury/"	"injury Archives - Cindemir Law Office"	"text/html; charset=utf-8"	"false"	"200"	"0"	"https://cindemirlaw.com/wp-content/plugins/sitepress-multilingual-cms/res/flags/en.png
https://cindemirlaw.com/wp-content/plugins/sitepress-multilingual-cms/res/flags/ru.png
https://cindemirlaw.com/wp-content/uploads/2020/06/cropped-logoicon-1-1-300x300.jpg
https://cindemirlaw.com/wp-content/uploads/flags/china-flag-xs.png
https://d.barobirlik.org.tr/amblem/tbb_amblem_60.png
https://www.aeuropea.com/wp-content/uploads/2025/09/aea-01v001-ILN-small.png
https://www.istanbulbarosu.org.tr/_next/image?url=%2Fimages%2Fbaro_logo.png&w=128&q=75"	"200
200
200
200
403
301"
"0"	"https://cindemirlaw.com/tag/damage/"	"damage Archives - Cindemir Law Office"	"text/html; charset=utf-8"	"false"	"200"	"0"	"https://cindemirlaw.com/wp-content/plugins/sitepress-multilingual-cms/res/flags/en.png
https://cindemirlaw.com/wp-content/plugins/sitepress-multilingual-cms/res/flags/ru.png
https://cindemirlaw.com/wp-content/uploads/2020/06/cropped-logoicon-1-1-300x300.jpg
https://cindemirlaw.com/wp-content/uploads/flags/china-flag-xs.png
https://d.barobirlik.org.tr/amblem/tbb_amblem_60.png
https://www.aeuropea.com/wp-content/uploads/2025/09/aea-01v001-ILN-small.png
https://www.istanbulbarosu.org.tr/_next/image?url=%2Fimages%2Fbaro_logo.png&w=128&q=75"	"200
200
200
200
403
301"
"0"	"https://cindemirlaw.com/tag/turkish/"	"turkish Archives - Cindemir Law Office"	"text/html; charset=utf-8"	"false"	"200"	"0"	"https://cindemirlaw.com/wp-content/plugins/sitepress-multilingual-cms/res/flags/en.png
https://cindemirlaw.com/wp-content/plugins/sitepress-multilingual-cms/res/flags/ru.png
https://cindemirlaw.com/wp-content/uploads/2020/06/cropped-logoicon-1-1-300x300.jpg
https://cindemirlaw.com/wp-content/uploads/flags/china-flag-xs.png
https://d.barobirlik.org.tr/amblem/tbb_amblem_60.png
https://www.aeuropea.com/wp-content/uploads/2025/09/aea-01v001-ILN-small.png
https://www.istanbulbarosu.org.tr/_next/image?url=%2Fimages%2Fbaro_logo.png&w=128&q=75"	"200
200
200
200
403
301"
"0"	"https://cindemirlaw.com/tag/prescription/"	"prescription Archives - Cindemir Law Office"	"text/html; charset=utf-8"	"false"	"200"	"0"	"https://cindemirlaw.com/wp-content/plugins/sitepress-multilingual-cms/res/flags/en.png
https://cindemirlaw.com/wp-content/plugins/sitepress-multilingual-cms/res/flags/ru.png
https://cindemirlaw.com/wp-content/uploads/2020/06/cropped-logoicon-1-1-300x300.jpg
https://cindemirlaw.com/wp-content/uploads/flags/china-flag-xs.png
https://d.barobirlik.org.tr/amblem/tbb_amblem_60.png
https://www.aeuropea.com/wp-content/uploads/2025/09/aea-01v001-ILN-small.png
https://www.istanbulbarosu.org.tr/_next/image?url=%2Fimages%2Fbaro_logo.png&w=128&q=75"	"200
200
200
200
403
301"
"0"	"https://cindemirlaw.com/contacts/?lang=zh-hans"	"Contact Legal Lawyers in Istanbul | Cindemir Law Office"	"text/html; charset=utf-8"	"false"	"200"	"0"	"https://cindemirlaw.com/wp-content/plugins/sitepress-multilingual-cms/res/flags/en.png
https://cindemirlaw.com/wp-content/plugins/sitepress-multilingual-cms/res/flags/ru.png
https://cindemirlaw.com/wp-content/themes/enfold/images/layout/logo.png
https://cindemirlaw.com/wp-content/uploads/flags/china-flag-xs.png
https://d.barobirlik.org.tr/amblem/tbb_amblem_60.png
https://www.aeuropea.com/wp-content/uploads/2025/09/aea-01v001-ILN-small.png
https://www.istanbulbarosu.org.tr/_next/image?url=%2Fimages%2Fbaro_logo.png&w=128&q=75"	"200
200
200
200
403
301"
